Class_0,Class_1,Class_2,Class_3,Class_4
0.004236719180170696,0.5595457377918186,0.41713695356994646,0.018938419855934606,0.00014216960212980832
0.00018831672719896367,0.00041515413877260966,0.26428164619159045,0.7345417432911502,0.0005731396512879597
0.00013177671117138798,0.0001287867451470778,0.6857539639510102,0.31397152143924006,1.3951153431280816e-05
9.520160796839836e-05,6.667093441744535e-05,0.00903001862181289,0.9907910402355117,1.7068600289541426e-05
0.0001524532576673341,0.0006145475633199445,0.08575188393709096,0.9067490720763354,0.006732043165586546
0.008679604204950767,0.09741609069611222,0.37553337325119346,0.5155985682005556,0.0027723636471879537
0.8001856503889839,0.18140829279733744,0.017856927917300938,0.0005257894627067466,2.333943367076152e-05
0.0021443403454980154,0.95708192800019,0.040310440366637605,0.00044313787617345987,2.0153411500791072e-05
0.00037823885469061405,0.8385044064488482,0.16093702079077563,0.00017774605230583165,2.587853379969541e-06
0.01418922568227117,0.9269894755415327,0.058519603039942004,0.00029688343918527323,4.812297068723456e-06
0.00107116323727144,0.6214580413211835,0.3767103404441307,0.0007506133681444954,9.841629269801258e-06
0.059028164310753695,0.8597005256753276,0.07917461044749048,0.0017587091708226655,0.00033799039560523887
0.25638291615001596,0.5072461983351008,0.23490948554726315,0.0013423380601982917,0.00011906190742183622
0.0003439479304277847,0.16123087800402036,0.8355403428243305,0.0028379864136355223,4.6844827585730374e-05
0.6513624227315906,0.34466756195381526,0.003795945252450933,7.765070051769044e-05,9.641936162538346e-05
0.8307488483256892,0.1659637871137328,0.003218812626839858,5.106647569544353e-05,1.748545804273749e-05
0.7655107935613221,0.2188243619321203,0.015484899099159522,0.000165679057410284,1.4266349987751927e-05
0.939054951288145,0.06019770253839002,0.0005933658426739552,0.00014586760449035718,8.112726300588294e-06
0.9513258360447208,0.04259444641908476,0.005915605875919318,0.0001558660746674959,8.245585607853818e-06
0.03890245703334458,0.9187344613960645,0.04234063154016112,2.1099096501032323e-05,1.3509339289192439e-06
0.6285269587369023,0.35331928381911915,0.01784534979314743,0.00029317570261404573,1.5231948217006574e-05
0.9730438662616647,0.02534104582358561,0.0014544196629657166,0.00015272425270392189,7.943999079829775e-06
0.0001589115668429993,0.000995874196464447,0.2552860813756228,0.7430431964555356,0.0005159364055340128
0.0006022286283263828,0.010187180426115435,0.47055800195762854,0.5185111925075929,0.00014139648033670784
5.326899138011334e-06,7.312201575975601e-06,0.00013890708799731605,0.007971679639736384,0.9918767741715523
0.00045862548998345897,0.00903243629550132,0.7055849004046847,0.2848923055251933,3.173228463736203e-05
4.1013275325238176e-05,0.0030270131049945407,0.9940181995542058,0.0029116001350263463,2.173930448203943e-06
0.00011310071264685034,0.0033563508767265604,0.0042541985128226835,0.9920524663213002,0.0002238835765037321
0.7527871294928924,0.2465385253951424,0.0006096093934004197,5.824107520470741e-05,6.49464336010251e-06
0.00011453053622193673,0.00027907958236846205,0.9558819639927999,0.04370675706046221,1.7668828147485674e-05
0.004922157715143359,0.9844815862229341,0.010508623395740194,8.293744392900102e-05,4.69522225327467e-06
0.0037148896352475853,0.009410345733976743,0.9837245666023011,0.0030813105766396114,6.888745183495394e-05
0.9306432242857045,0.06667874347814409,0.002630285757401877,2.568517529585627e-05,2.206130345369341e-05
0.6099514936543526,0.38634270617242783,0.003416915495972488,0.00021750547171083792,7.13792055362351e-05
0.0053893852532684895,0.8314390196746053,0.16032332254205006,0.002813780683763676,3.449184631251998e-05
0.0004914099890068512,0.9564303199799076,0.042131190040448976,0.0009457446574681284,1.3353331683420355e-06
0.9991421210059885,0.0007972331271650143,4.0389544664077955e-05,1.9311671204569096e-05,9.446509779117348e-07
0.9995357806065611,0.0004522660482605916,9.297224355243923e-06,2.5110498290482195e-06,1.450709938598031e-07
0.00014265902046979516,0.0005885921359558252,0.9913938707179746,0.007873107490045867,1.7706355539037748e-06
0.4630366912816419,0.5353911931611389,0.0015426257045101967,2.538742470735211e-05,4.10242800164235e-06
0.2989191613433783,0.696082198543422,0.004590614042786917,0.000372484239403314,3.55418310093444e-05
2.6050060985757615e-07,5.941611777036599e-07,8.715999526797018e-06,0.0002097677225075531,0.9997806616161782
0.000125930210039435,0.00026913939380493685,0.07904320809117392,0.9205149550213393,4.676728364246309e-05
0.00016089185849122624,0.41880192190204263,0.5806209492329595,0.0004144509882390725,1.7860182675931437e-06
0.00012689460272344443,0.0001790141180388718,0.016856415318055963,0.9192552071209419,0.06358246884023978
0.9992432638582354,0.0006435494235165363,9.92820671928818e-05,6.379579260773818e-06,7.5250717940513574e-06
0.9996601628291442,0.0003243623050872806,1.250190357462726e-05,2.0846368791979766e-06,8.883253147446124e-07
0.00015651093072562903,0.0015221931846740723,0.6916114429930802,0.30656841052980793,0.0001414423617122396
1.1498278515431579e-06,2.6564472788250654e-06,1.7445473998494795e-05,0.0004245328815789018,0.9995542153692921
0.0012223640249999295,0.06802925890735419,0.9305669379615673,9.039144735052111e-05,9.104765872818072e-05
0.9996175950098953,0.0003517730692546009,2.7324626892383583e-05,2.059546620243259e-06,1.2477473376099334e-06
0.01852821108856039,0.9664522081282568,0.011947847640777439,0.003047971097363648,2.3762045041729648e-05
0.003380957919332196,0.04354543012156539,0.9487724757450462,0.004206454410025112,9.468180403108121e-05
0.00014894847074629767,0.00220483977906325,0.9690965867563881,0.028545244778901666,4.380214900735872e-06
0.999487938761012,0.000495683860393648,1.5328129650836792e-05,9.675139546097634e-07,8.17349886548294e-08
0.8920666383338798,0.10715663720266891,0.0007269797155257097,3.577291710534261e-05,1.3971830820117594e-05
4.320764032217614e-05,1.6753047966414535e-05,4.509257074328951e-05,0.0035911724794182674,0.9963037742615499
0.5871579109861038,0.4099876480419925,0.0026538830259892135,0.000149610914160325,5.0947031754085396e-05
0.9998738698397892,0.000122024865435248,3.2429046766298956e-06,6.86773394345699e-07,1.7561670450892226e-07
0.00019957581137905445,0.06422389026561699,0.9317770079389027,0.0037798453271240726,1.968065697716735e-05
0.9913291381189975,0.008283312519715143,0.0003609441682913906,2.4908233935336152e-05,1.6969590606789013e-06
0.00012418908358287912,0.0001546979665540489,0.008694179339326256,0.4231092390433699,0.5679176945671669
0.999869456500292,0.00012825218676408768,1.9573520866059523e-06,2.684179195576105e-07,6.55429377246038e-08
2.395740195063118e-05,7.697604432460696e-05,0.0007682979607185812,0.9990066405589746,0.00012412803403155894
0.00018384476377716346,0.0007607807816480706,0.1207423321518215,0.8663713077710375,0.011941734531715709
0.00011247470885983789,0.015441767343016437,0.9799863617061112,0.004453949444110135,5.446797902345487e-06
0.007628847266189669,0.9870204806436023,0.005293473623357915,5.4512947989739025e-05,2.6855188603466162e-06
0.9994322022031079,0.0004662955593106233,5.718057166505184e-05,4.3444208908298707e-05,8.774570081976509e-07
0.5947270617382137,0.39693875957887276,0.008090201267701446,0.00011775009087640405,0.00012622732433556564
0.6866258520515961,0.30733958052708094,0.005911810316671592,0.00011267270505027938,1.008439960101403e-05
0.08938864096755093,0.7812603482394521,0.12918354632768106,0.00013316086095340634,3.4303604362358214e-05
6.17002974876452e-05,0.00022360764338486008,0.01726070300579434,0.9674038608574936,0.01505012819583954
8.874914750004381e-05,0.006496888464111133,0.9190916679093495,0.0742172452738517,0.00010544920518769748
2.9774861573799778e-05,2.7645953220586405e-05,0.036033652229081614,0.9638645452221174,4.4381734006626734e-05
0.19482112022945455,0.8030313872429793,0.00213311589911021,1.356536862231835e-05,8.112598336402484e-07
0.9997400673902619,0.00024129245191627672,1.6443579723003728e-05,1.5573757364994366e-06,6.392023625664912e-07
6.225323782357759e-05,0.0001174172448473315,0.007861118980520169,0.9918796260684912,7.958446831756209e-05
0.5424069480029395,0.4437914817865784,0.013662402145003269,0.00013010057215476404,9.067493323915757e-06
0.000122449111784399,0.0008844278516932458,0.04757479228946468,0.9512914842672121,0.00012684647984559757
0.00016477497301585327,0.0007042334136240945,0.9572777786962123,0.04180582484403958,4.7388073108101435e-05
0.00047809308067745833,0.0012906295888243887,0.05279241623691505,0.9378937233070171,0.007545137786565982
0.9994137997578297,0.0004782511674828548,8.003148660585558e-05,2.1619412148349775e-05,6.2981759330342235e-06
0.005244898031533312,0.4226659099424185,0.5534618012029041,0.018176063521126867,0.0004513273020172494
0.011059230924982373,0.8465020265401252,0.1406679822843083,0.0017079455922840562,6.281465830026948e-05
0.00012165163324720445,0.00023498437763587302,0.907360132989441,0.09221948244077151,6.374855890451639e-05
0.00013607997172712826,0.0006084578315041382,0.006972709751344174,0.6151110178479408,0.3771717345974839
0.9985101766200832,0.0013647973572038367,0.00010997024263799878,6.463464713397119e-06,8.5923153613868e-06
0.907159118430046,0.0919890471733093,0.0008004414089390868,3.784886167250621e-05,1.3544126033059732e-05
0.9351015108866273,0.06454816906770047,0.00029083935914304455,5.657174396885805e-05,2.90894256046727e-06
0.9989618121697978,0.00096420578044326,5.701696816595262e-05,8.59664381109176e-06,8.368437781626809e-06
0.9991720826295619,0.0007194040001014763,9.20973865096155e-05,1.0786001497202984e-05,5.629982329938199e-06
0.00011789964639901388,0.0008270734529567623,0.0997221667402411,0.8613939989535814,0.03793886120682179
0.001223447443463906,0.5918626783364951,0.4066361034132606,0.00027429614150442004,3.474665276048206e-06
0.0002728263582227129,0.5334120656386833,0.4620202049831741,0.004284029369428638,1.0873650491196196e-05
0.9997468059877349,0.0002107878617213139,3.387643975965776e-05,4.7379355664768444e-06,3.791775217625281e-06
0.6104336022358636,0.3852518629413866,0.004081093176906771,0.00019674057474271912,3.670107110041853e-05
0.9910999604548905,0.008878480650040092,1.78596891166548e-05,3.181290523373236e-06,5.179154292929887e-07
0.9996294870165569,0.0003481050787533312,1.8359333928666736e-05,2.931803575016385e-06,1.1167671862117716e-06
0.001119878429632275,0.09397303214281796,0.6768183153334091,0.22760348840200714,0.00048528569213352526
0.9844170518323243,0.01523473404680519,0.00030181608827155857,4.271793793343087e-05,3.6800946652690547e-06
0.006560389204984592,0.818445519639044,0.17337019804522522,0.001569492878598481,5.440023214773417e-05
7.923318893039129e-05,0.0023040767934240304,0.9933941079470048,0.004218178110849005,4.403959791906166e-06
0.9994709434616192,0.00045013368365514326,5.465212619961039e-05,1.777187401952304e-05,6.4988545066869315e-06
0.01998935221631156,0.9765532954932321,0.0033696987889921294,8.606026794874284e-05,1.5932335155791136e-06
0.07082970099367257,0.9094476526364444,0.018976320330062007,0.0007216318019890212,2.469423783218737e-05
2.969753825475873e-05,9.992015898227943e-05,0.015209453384675675,0.9833115769386012,0.001349351979486183
6.772397850006842e-05,7.747665074842006e-05,0.002746386683960145,0.9293730645695653,0.06773534811722605
3.2481069104172725e-05,9.923490279819271e-05,0.08494317177286165,0.9149181599635154,6.952291720650388e-06
0.015737295885047086,0.8850240572428403,0.09733417366782489,0.001657808151838247,0.00024666505244959883
0.00021240389679480078,0.028805539168412858,0.9608313433108324,0.010080608486197915,7.010513776198003e-05
0.27446327630886397,0.6987640584651275,0.026454738699811766,0.0002812125416861305,3.671398451054739e-05
3.199797157581986e-05,9.507706853345856e-05,0.0006804434412347657,0.9896201971870251,0.0095722843316308
0.010219210701820962,0.8432473885692676,0.14181407765240892,0.004705795133070543,1.352794343195212e-05
0.0005285724546321825,0.8708260229124632,0.1285903999666256,5.2930223275696004e-05,2.0744430031002652e-06
0.7895781577282784,0.20449982450390283,0.005748825191706062,0.00015270036131273805,2.0492214799885608e-05
0.40150365704668856,0.5928635031047722,0.005574465400289045,5.024639525677469e-05,8.12805299333065e-06
0.00011672829941160872,0.0012083122573332983,0.9904639493943793,0.008207122417523652,3.887631352150544e-06
1.1062428176167087e-05,1.9332322290909388e-05,0.0002004762741575051,0.09914203274454111,0.9006270962308343
0.00019083486194806945,0.0029613148600978324,0.06492315212287914,0.9281232908619202,0.003801407293154507
0.043948968648630626,0.9422062751284208,0.013662748626446885,0.0001712517199675267,1.0755876534182305e-05
0.008875001826048093,0.9893334094375879,0.001640514632574272,9.40260447023802e-05,5.7048059087215684e-05
3.388573186797353e-05,0.00010371891341363469,0.007614446791480757,0.9913309297964699,0.0009170187667677188
0.8117119815909316,0.18277014470126943,0.005484471966075244,2.661501778472131e-05,6.786723939114198e-06
0.9997294974218821,0.00026206217999776677,6.443195149575531e-06,1.7985677800764628e-06,1.9863519046252065e-07
0.22925409167854813,0.6988283443980445,0.07116001476905746,0.0007387634250959671,1.8785729253974994e-05
4.8620377686542616e-05,7.03449218974202e-05,0.4130423513615384,0.5868002977723179,3.8385566559783855e-05
0.002103910622960886,0.26956478170584813,0.7081408498654023,0.020094394805648393,9.60630001401975e-05
0.0001325709998496583,0.15468404855375867,0.841671788970108,0.0034549317536667445,5.665972261702163e-05
0.008617614412342533,0.8447634008953478,0.14505565996378797,0.0014454273130453674,0.00011789741547629134
0.0003461931398397816,0.054337112490750565,0.94331105461464,0.002003226730069767,2.4130246997829396e-06
3.603342168696625e-05,0.0007908661681401313,0.9869066341122515,0.012257286116740792,9.180181180664383e-06
0.999449607116365,0.0005144993122022134,3.1211604894730635e-05,3.190723392062298e-06,1.491243145896321e-06
0.9996646918132631,0.00031858565953539464,1.2679518566745949e-05,2.919056138439719e-06,1.1239524960708151e-06
0.8302271263037108,0.16314700331526316,0.006420731725988634,0.00016000851272676684,4.513014231065433e-05
0.9190601169255733,0.07772276442849482,0.0029883723388536942,0.00020710132731511867,2.1644979762954966e-05
0.0001901435817681882,0.010125046769545811,0.9847569896759221,0.004919890548933282,7.929423830506345e-06
0.3332379619071512,0.6460944096956766,0.020048123712405542,0.0006134108796448237,6.093805121934894e-06
0.9952369697387304,0.004691364864454348,6.936036091354418e-05,1.9189632001568854e-06,3.86072701805009e-07
8.152708090193383e-05,0.0015014626682164386,0.9825565199757312,0.01583742937828984,2.3060896860604113e-05
7.286352238140541e-05,0.000178749093913759,0.046357387089830185,0.9522364017499108,0.0011545985439639394
0.8875894593114867,0.1103894931154035,0.0018485779637290867,0.0001416810271602476,3.078858222047156e-05
0.00010973371470342908,0.0003726249209584386,0.007758870636506255,0.936775369543343,0.05498340118448905
0.9989962308545353,0.0009873272282248215,1.2387487740705764e-05,3.0746555136583787e-06,9.797739853791085e-07
0.9883724418727412,0.011345889338403182,0.00027365321207877983,7.605961063419094e-06,4.096157135178549e-07
8.050516318689443e-07,1.0305967539617321e-06,1.4624516881143282e-05,0.002343624624805979,0.9976399152099271
3.8001686534210806e-05,2.969471517100763e-05,0.002848200354942549,0.024190213043902148,0.9728938901994502
0.00031640333588884786,0.9704026421400219,0.029174404845401458,0.00010504455193288359,1.5051267550612159e-06
0.013788382094690696,0.917471398175765,0.05665127077833742,0.011896569065408863,0.00019237988579797486
0.007349094885621889,0.9794093040835485,0.01312154537811757,0.00011735375768407238,2.7018950278392637e-06
0.006212339984689143,0.9848530340412576,0.00890714969189195,2.3831454681164263e-05,3.6448274802279005e-06
0.11820580693719114,0.8112900489035444,0.06943302934266653,0.0009953042757860446,7.58105408117408e-05
0.0004009057922589061,0.8524164736717722,0.14712116718181212,6.0289968062811884e-05,1.1633860939111544e-06
1.8466162029569912e-05,2.8248320255785735e-05,0.0034719686711530513,0.21887339534578168,0.77760792150078
0.9995323152596233,0.00045050435702556407,1.3283652117812178e-05,2.237469451833272e-06,1.6592617815636103e-06
0.00033004214092701063,0.19792668794828275,0.8001341275189783,0.0016064514613364327,2.6909304756495752e-06
0.00016846998109663544,0.003033670580439939,0.7729265179545364,0.22385295306365527,1.8388420271694227e-05
0.08020543609664225,0.90554810369433,0.013963994370306194,0.0002397553495286685,4.271048919277331e-05
8.285624903394831e-05,0.0006252975822564407,0.571346376150202,0.42793546962042844,1.0000398079192318e-05
6.148824076670211e-05,0.05975823116889223,0.9388664759091018,0.0013114825847139581,2.322096525337753e-06
0.0007906334010398078,0.4292593165632093,0.5690312113738808,0.0009124076118971385,6.431049972821833e-06
0.9997110983609687,0.00027604495917757333,9.66453129280928e-06,1.448765678116192e-06,1.7433828827291027e-06
7.667327605198364e-05,0.0038031726729171843,0.9940555791356973,0.002060101116767464,4.473798566104833e-06
0.9302986379168109,0.0688263491792012,0.0008573925083213271,1.5993988321941645e-05,1.6264073446507576e-06
0.0001848957436959389,0.04783113181821718,0.9504187364320198,0.00155848632240265,6.749683664432912e-06
0.0001404921983022632,0.05135990068739398,0.9476593596676394,0.0008371941893085391,3.053257355872105e-06
0.5648596798483352,0.3388878331149244,0.09586062245473344,0.0002793992444652241,0.00011246533754178507
0.0019566447531350756,0.8996576875394954,0.09826596433686376,0.00010654533643675719,1.3158034069093451e-05
0.2853057820997825,0.7132699958037801,0.0013756439836563425,4.380396456547593e-05,4.774148215408224e-06
0.00012791928824516964,0.0001634889282811336,0.12125548489510286,0.8780872832851501,0.00036582360322078326
0.16944622453860705,0.8116208733300001,0.018726722461365822,0.00017030906455766287,3.5870605469341704e-05
0.9972665173766796,0.0023570184617500486,0.0003388053525358937,2.944517431125364e-05,8.213634723212848e-06
0.9982015867285082,0.0017148198742334942,6.719750631927095e-05,1.4127750331170443e-05,2.2681406078514125e-06
0.00029752129676805395,0.001333641947354257,0.3249310822142321,0.6719115136324746,0.0015262409091709105
0.002311980820197292,0.9675928837687996,0.029843039618701196,0.0002475614223210444,4.534369980837376e-06
0.2823646706533712,0.7024922659277453,0.015100893659705536,3.39092657862347e-05,8.260493391788023e-06
6.704387605131277e-05,0.00044125775566603877,0.0028155095210145873,0.6963110716020932,0.300365117245175
0.09271337307809621,0.9062533123008254,0.0009758957023436296,5.2610626206165345e-05,4.8082925286180005e-06
0.05346812258098682,0.3211808050088536,0.6251958133600134,5.581432861175447e-05,9.944472153434545e-05
0.00047563793394373203,0.002816767654934177,0.9320981600704474,0.06458029548656478,2.9138854109837077e-05
0.000434094736845497,0.0009276254537987551,0.13128471620870974,0.8644274941332664,0.0029260694673795356
0.002069578494563381,0.144970462697144,0.849020242694612,0.003897567304857111,4.214880882367811e-05
0.00017360537714566693,0.0003924715473990935,0.005863452095035092,0.7404510986762547,0.2531193723041653
0.05074142934126291,0.9171972708712833,0.031527791747280466,0.0003557598143881205,0.00017774822578522502
8.07023625237582e-05,0.00018230306604047542,0.014661949705756563,0.9764282546763704,0.008646790189308744
0.989994723873365,0.009831633188905084,0.00015090977957698282,1.647338691746006e-05,6.259771235581063e-06
6.559966575575526e-05,0.00023762685810957236,0.6098244101071066,0.3898568705406386,1.549282838951084e-05
0.0014332001465354291,0.40426526997017437,0.5872217875236548,0.006982030099394681,9.771226024069208e-05
7.267935700596082e-05,0.0002557057863851627,0.004578749672636282,0.994972394941639,0.0001204702423334636
0.0006855143935892486,0.15039810128644934,0.8463145006301143,0.0025535032651702785,4.8380424676897165e-05
0.00015914182000150787,0.021711330500506793,0.9774932163794083,0.000630724850791199,5.586449292136635e-06
0.00013471656704361088,0.0006596673481313761,0.031874671173579026,0.966899393680218,0.0004315512310278941
0.6864743467098499,0.3109712827065649,0.0024173611361845734,0.00013179769855304694,5.211748847677746e-06
3.098436479942915e-05,0.00046645846579234084,0.9863767316259585,0.013122296343753238,3.529199696635309e-06
6.7091378714711e-05,0.0005659499279299764,0.9781827284725393,0.02117662703759447,7.603183221513461e-06
0.26396656575538013,0.6721060411902156,0.06371377647888188,0.0002086678258083351,4.948749714059229e-06
0.21401222801346953,0.7853707648533548,0.00043000848062570846,7.877804912274528e-05,0.00010822060342718856
0.002860038081043518,0.07128225847686862,0.8810244816493097,0.04456060838815292,0.0002726134046250948
0.9909222946564084,0.006342249673886865,0.002518080961416502,0.00017362193440270893,4.375277388578592e-05
0.9994869424090145,0.00043735685199700644,6.856451772091914e-05,5.004875548529601e-06,2.1313457190303307e-06
7.020503533183831e-07,1.1350996020503034e-06,4.062133283091165e-06,0.00010456403671031962,0.9998895366800513
0.008187194705617377,0.9029375469418455,0.08825931129251692,0.00058619395712799,2.9753102892071377e-05
0.9997545801312387,0.0002365916464282627,7.122295777494742e-06,1.1554977051119096e-06,5.504288503406797e-07
0.048207272182441065,0.8441923990489006,0.10711815422920459,0.000454402827146352,2.7771712307169437e-05
0.003072149330968902,0.4317493507718392,0.5055984827519437,0.05952638195040241,5.3635194845810924e-05
0.9998894714486446,9.865259975489148e-05,7.243429929706676e-06,3.4876756154740257e-06,1.1448460551383975e-06
0.9997478829730989,0.0002462536704697774,3.969883263956463e-06,1.6337398418001009e-06,2.597333255081238e-07
0.06945875628096383,0.9183718611793242,0.011703501315388781,0.0003740563035807513,9.18249207424303e-05
8.661818486440952e-05,0.00015925913203203938,0.002254573802253477,0.8946665765701258,0.1028329723107244
0.7872223126250211,0.21181099568223524,0.0009455451131521524,1.7779923103213176e-05,3.366656488239107e-06
0.0003093383246254686,0.7544387046486709,0.24486660796465476,0.000382749813996683,2.5992480521784875e-06
0.00017407099240246545,0.0003956186394028256,0.00892704290457415,0.9745711951327751,0.01593207233084536
0.999392653720561,0.0005960042681732401,6.992254341785648e-06,3.445900644485927e-06,9.038562795733471e-07
0.0001929750357853947,0.0002450092741022063,0.0015548296138026335,0.8784232543727237,0.11958393170358603
0.00012073518343152773,0.01607765280099563,0.9804968408810077,0.0032686724210436056,3.6098713521460346e-05
8.932371198799124e-05,0.2669994017647877,0.6975846707785547,0.03531034617651659,1.6257568153151506e-05
2.0601075039380015e-06,3.4297592419704374e-07,1.600452206576444e-05,7.123901638837252e-05,0.9999103533781177
0.9997002472889863,0.0002900016426075764,7.994060730675312e-06,1.2648776840880324e-06,4.921299914670947e-07
0.7856989154495423,0.21047469675185393,0.003562324797213091,0.0002461636882448696,1.78993131457301e-05
0.00017533258373927918,0.0006662616166800744,0.10822879350020857,0.8908324296534127,9.718264595954737e-05
0.00012612760481631898,0.0005074443915576395,0.1531193280473274,0.8428917123005983,0.003355387655700307
0.29927880306862703,0.6110304120084192,0.08815098607830821,0.0015088039581796961,3.099488646581872e-05
0.9997974844265184,0.00018968470031528582,1.0295731988301954e-05,2.303256809639749e-06,2.318843685245737e-07
0.9928723663264222,0.007038237154931628,8.360346127938503e-05,3.842838962452018e-06,1.950218404337232e-06
0.9993589606163013,0.0005321648415779339,0.00010430664051980676,1.4580716465523406e-06,3.1098299542964885e-06
0.00028660509178482095,0.3964781091263179,0.6028036920860068,0.00041908316187212855,1.2510534018372447e-05
0.9997158433500105,0.000231961491893085,4.2902193466726895e-05,6.621201820351538e-06,2.671762809200143e-06
0.00017303216875421554,0.0002784560243564474,0.0056019015481377984,0.96352713665981,0.030419473598941357
0.00011089780644735489,0.0003790378475452403,0.003307505126991909,0.9959423217663854,0.00026023745263008036
0.0001352034790618698,0.00046865544384001265,0.013073329706457327,0.9860707527476601,0.00025205862298071985
0.819200273509803,0.17148595147889734,0.008695968826508763,0.0002922224322355965,0.00032558375255525634
0.00018920238025480905,0.03418369389675758,0.9241241013040101,0.041417397395218276,8.560502375910358e-05
0.33389353463118143,0.6146994388760728,0.049311394450781636,0.0020824560775344917,1.3175964429603243e-05
0.000288704511112302,0.00028208755951336347,0.8523988914618841,0.14701526725791317,1.5049209577116366e-05
8.564730763938736e-05,0.0021549743588421748,0.995368023955337,0.002389305003803224,2.049374378428908e-06
0.9995619336240862,0.0003942152101148797,3.737425440910082e-05,4.782421322391151e-06,1.6944900675228494e-06
0.9996539538017367,0.00031615813648802973,2.455384133239034e-05,5.096765010936952e-06,2.374554322245736e-07
0.9995442356767015,0.00041431258035605847,3.7265109269313836e-05,2.91255079849037e-06,1.2740828746631372e-06
0.00010591898962375767,0.00028227833105024447,0.8591194102861642,0.14047606369104676,1.6328702114969737e-05
3.697987752877798e-05,0.00018475719384246489,0.01059349686282481,0.9889632611308913,0.00022150493491278738
7.668220726452031e-05,0.0006537276037664025,0.47695376415123053,0.5222936377408013,2.218829693718933e-05
6.754051306291012e-05,0.0004884836251818814,0.8674569714719383,0.13184902392108108,0.00013798046873582216
0.9994288246885763,0.0005289726423841933,3.245174903388361e-05,7.614734544286557e-06,2.1361854614131527e-06
0.0005097177658331749,0.020748791139306905,0.8879195543698077,0.09072252740071994,9.940932433228052e-05
0.017934764774238374,0.5693164073297208,0.412389149608852,0.00022362611895129447,0.00013605216823755318
0.9853916707778474,0.014447168398779355,0.00015179839992776275,6.447552006770509e-06,2.9148714387852882e-06
0.9147314578464503,0.08516677163311545,7.188381381804319e-05,1.732593806440482e-05,1.256076855188507e-05
6.753993921561899e-05,0.03290587178726426,0.963080011244944,0.003928314201561299,1.826282701475961e-05
0.9997189419340801,0.00025181151421715313,2.188900620371941e-05,5.899536033846643e-06,1.4580094649411308e-06
0.00010709202940927884,0.007210058138537861,0.9714044560830473,0.021270737792596806,7.655956408635344e-06
4.019711113148392e-06,6.308337204867085e-06,0.00013891222755479994,0.0007465768347582191,0.9991041828893691
2.5640910914400277e-05,0.0003203957116116502,0.9398387073352835,0.05980939436028682,5.8616819036094e-06
0.020513519569335253,0.9485940339964638,0.026740417799611966,0.004110848100841536,4.118053374760333e-05
0.0002790249740501763,0.03599556379788258,0.9627671276735357,0.0009539319889093412,4.351565622257595e-06
0.9995563224577421,0.0003993461098569507,3.617405833230058e-05,4.532490343512918e-06,3.6248837250285784e-06
0.9993654958922316,0.0006096103517999438,2.183393593654434e-05,2.037259015200077e-06,1.0225610167868206e-06
9.851948731248165e-05,0.0002245608130677321,0.6192225579180206,0.3803642999408802,9.006184071899169e-05
0.035732514664835804,0.9620429432829173,0.0021994589118680442,2.3353146243077796e-05,1.729994135709297e-06
0.700748802665057,0.2928930447238512,0.0063055954725558605,3.94936314058677e-05,1.3063507130085377e-05
0.9679502553288983,0.031848369305280864,0.00015557778518097962,3.500388876265749e-05,1.0793691877171967e-05
0.002299265837432081,0.3901750119199414,0.604859206915534,0.002642497343379931,2.4017983712516712e-05
0.2600906191991648,0.738263295501135,0.0014801151058764616,0.0001465839036888766,1.93862901349035e-05
0.9998671507713398,0.00011669311896110841,8.866951317274867e-06,6.813835987871626e-06,4.7532239382147685e-07
0.0020474223857592064,0.2836578606740467,0.5787614653993403,0.13524767450358852,0.0002855770372651332
0.04221305858364151,0.9442720314389491,0.012301065708651731,0.0007731055373440703,0.0004407387314135574
0.9831869216722472,0.01654668193622062,0.00024265976442070642,2.032292213163201e-05,3.413704979957443e-06
0.0014901442656377825,0.11083257358497557,0.613421031142588,0.27388950017333924,0.00036675083345933534
0.00020091561788583876,0.0003734105884923689,0.03113943691034446,0.9675048338711467,0.0007814030121306903
0.06548677704236479,0.09883745187142845,0.8300321414314061,0.003340983518721279,0.002302646136079404
0.9991696005765398,0.0008039855947571408,2.0339741684131035e-05,4.083110675710522e-06,1.990976343179605e-06
0.999367097881906,0.0005647661239253143,4.739804198052933e-05,1.3200954875594419e-05,7.536997312608033e-06
0.08368170119454763,0.2603817403304569,0.6556780555308019,0.0002299616760981966,2.854126809511129e-05
0.00011203862187294901,0.0004293526920185867,0.03440981603706897,0.8033614663211838,0.16168732632785565
0.0005969619740144745,0.004987741529939827,0.9607861233840241,0.033611436981148136,1.7736130873480728e-05
0.00017276728114767594,0.000827011567519224,0.011745843218094904,0.9756379746216004,0.011616403311637874
0.70382165716983,0.2952125992290275,0.0008715852474333283,6.750929286939538e-05,2.664906083977969e-05
0.0013319869448708247,0.9936686241559055,0.004962267854739001,3.532725672500664e-05,1.793787759624343e-06
3.455060742515202e-05,0.12896472456910935,0.8709523271902498,4.675348090986758e-05,1.6441523057509038e-06
0.9995211317853113,0.0004683848636162471,8.741176821367886e-06,1.074834886322337e-06,6.67339364742613e-07
0.00017556093325271887,0.0005084045558863117,0.04557448387635653,0.9529466121280195,0.0007949385064851354
0.8829896936454721,0.11421780239538495,0.0025621138597327576,0.00019741215328384547,3.297794612636337e-05
1.6008511490983235e-05,0.0023270447889440953,0.9960985732385029,0.0015567614101368846,1.612050925013293e-06
0.5369997899524632,0.45986351885854587,0.0030892421367314325,3.9256134675494706e-05,8.192917583813638e-06
3.144438265216988e-05,5.009170241840699e-05,0.014066524328088465,0.9856189391102214,0.00023300047661948203
1.0469189270435358e-05,2.5332566589392652e-05,0.0004567582358925477,0.03760292688161885,0.9619045131266288
0.22798163790050038,0.6860435298796494,0.0856236318243892,0.00024270470810536875,0.00010849568735541064
5.637492173266617e-05,0.00874653393859172,0.9911145457285179,8.16386941396914e-05,9.067170180991174e-07
0.0007751487836265938,0.6500672187094128,0.3471832398833495,0.0019565929850853987,1.7799638525871117e-05
0.016716485658764057,0.9193494100506556,0.06330103009916319,0.00033022720844612196,0.00030284698297100614
4.182626555760584e-05,5.6907255722549685e-05,0.0002731031866261577,0.01398723250514365,0.98564093078695
0.12305585542422896,0.8128609483221984,0.060134680791699736,0.0038025961509641497,0.00014591931090906813
3.238338897392952e-05,0.0002027496651998165,0.9203815939276857,0.07937923007926254,4.04293887819679e-06
4.1942205733234064e-05,0.00016950323848082048,0.7059296378596333,0.29385037940809383,8.53728805888878e-06
7.80827894698708e-05,0.00015064977497594172,0.001290681217950194,0.9979870293141768,0.000493556903427216
0.8325522737023167,0.1657084383847475,0.0016544782837930238,6.205903619694947e-05,2.2750592945988547e-05
0.008105565199614364,0.13928083762347018,0.845539857826151,0.006337861984006013,0.0007358773667583236
0.0015889504530100418,0.49576247331311507,0.5024067690741995,0.0002363251039018316,5.482055773447901e-06
0.2300075190105874,0.7617745813936526,0.007917601639051012,0.00022457355715893338,7.57243995498726e-05
0.03066362879891043,0.9210697544836698,0.047298055178653396,0.0009485936930960922,1.9967845670360613e-05
0.9945468211321172,0.00541893672036247,2.5154303155043064e-05,7.432819334438894e-06,1.6550250307649374e-06
8.16361912000913e-05,0.0008998575781273705,0.013706669287797039,0.9852647543183238,4.708262455183773e-05
1.853666929630264e-06,5.149127163622926e-06,4.913063108078364e-05,0.020418689666706676,0.9795251769081194
0.0005272888834700544,0.06324811541492563,0.9343144149414634,0.0018901720715079518,2.0008688633004307e-05
0.5225100454409478,0.4709437400515386,0.006151807720167528,0.0003851738326059132,9.232954740183328e-06
0.9991861730333615,0.0006310736016078254,0.0001693696165762966,7.013373820438959e-06,6.37037463371745e-06
3.3353895388717665e-06,3.914761123107752e-06,1.3746825056782299e-05,0.0008319697849802996,0.999147033239301
0.6993602255066684,0.2965003503628242,0.004092110705658911,4.370282817769293e-05,3.610596670869007e-06
0.0002366103524013774,0.0004971060304671414,0.3870101041329791,0.6121219834593139,0.0001341960248385405
0.011688436520285518,0.4520285075138333,0.5098663583515177,0.026347455441690173,6.924217267324061e-05
0.9008482623182152,0.09901022848741024,0.00012791516970022182,9.94421549793411e-06,3.6498091762815694e-06
0.018627252037453218,0.01625495973835638,0.9623111853574291,0.0017973018254363498,0.0010093010413249023
0.05743407868449533,0.9335299641882548,0.008232511054505703,0.0007690347781237528,3.441129462034727e-05
0.18417502362909388,0.8112367640486826,0.004524502333455808,5.8984851817990936e-05,4.7251369497287075e-06
8.199499583529223e-05,0.0003136303814786099,0.3066388716558737,0.6929437316527496,2.1771314062874444e-05
2.60974984626097e-05,4.468902602491805e-05,0.031607692781842125,0.9682999590596845,2.1561633985827685e-05
0.5116498192804627,0.482167875647135,0.0058619284675909475,0.00020770460813898924,0.00011267199667234084
0.9994182191092763,0.0004468735891411522,0.00011610990778224333,1.1103175792613026e-05,7.694218007552543e-06
8.783606354744379e-05,0.047844077864802624,0.9515934814863879,0.00046945543955604767,5.149145706043618e-06
0.0012696614686765987,0.21855302474463498,0.7786936109977536,0.0010203309336048515,0.00046337185532987894
0.9992854298928622,0.0006563619110863802,4.515860600359547e-05,1.0396905217113763e-05,2.6526848306001324e-06
0.9994762968619342,0.0004785688760623236,2.151456516278852e-05,2.2012053441419213e-05,1.6076433992960703e-06
0.6603325622231346,0.3381252294889007,0.001488528888841564,4.973702061476163e-05,3.942378508206454e-06
0.9997487297821694,0.00022640952164524318,2.209948090106137e-05,2.1876319022417884e-06,5.735833819295468e-07
0.8093840024528783,0.18917142063410788,0.0011033105186085902,0.00033159003237941137,9.676362025721606e-06
0.029056875364672687,0.9451781427634061,0.02564094336742625,0.00011335027485874498,1.0688229636251683e-05
0.07281637598585063,0.9037175057342893,0.023206081179599655,0.0002550903829781717,4.9467172823704035e-06
0.00013657307984544278,0.0006122656762262342,0.6560631806878553,0.34310963082517193,7.834973090102038e-05
0.9983196327610928,0.0015687471129775799,0.00010148427828924968,7.2822114253377e-06,2.853636215201126e-06
0.0005848158461035066,0.5211066420371673,0.47473070918892424,0.0035653245801984283,1.2508347606634934e-05
0.9996211040964434,0.00036752368909762035,7.847695207350646e-06,1.8818689784029226e-06,1.6426502730773935e-06
0.00029701458390525755,0.733679430175031,0.26588228968255667,0.00013952565914868953,1.7398993581420204e-06
0.00018222456840618582,0.00040661302810847297,0.017597409782627478,0.9817885539933535,2.5198627504520772e-05
1.2419417521197376e-06,2.7285236354021455e-06,7.421001295087955e-05,0.0004092561537367428,0.9995125633679247
0.00014227436546658187,0.027476155441303468,0.9604002156454782,0.011924960641981711,5.63939057702378e-05
0.0001805988603618096,0.003055569307532804,0.9858791425126109,0.010875619476226051,9.069843268479061e-06
0.7961985106108007,0.20219630135129568,0.0015212942102617137,5.245436139102787e-05,3.143946625081699e-05
0.08456533621954371,0.44476381375939095,0.46784316411117244,0.002800502639435553,2.718327045760509e-05
4.1527208677296265e-05,0.005902461806621896,0.9780804049900572,0.015965255034294898,1.0350960348631751e-05
6.361818258251931e-05,0.00014168659525046572,0.04113295831137344,0.9584107886935783,0.00025094821721534654
2.801578497711486e-05,4.1876071327418734e-05,0.006744983232588941,0.9921987749642458,0.0009863499468607427
0.05926022240807259,0.8610523752935595,0.07943279769562714,0.00021032484089612363,4.4279761844608904e-05
0.001446244463982997,0.8207282187124834,0.1769747563181965,0.00084005599143906,1.0724513898329214e-05
0.9994979988508583,0.000485461066405891,1.4182254562325362e-05,1.843027622701468e-06,5.148005508431782e-07
0.9997966084467179,0.00018167066375151421,1.813344382318814e-05,3.192232771249379e-06,3.9521293627256134e-07
0.922463462454018,0.07725377632754221,0.00023829182037808438,3.572126791844836e-05,8.748130143356646e-06
0.0005841734574547062,0.0013612731063921209,0.5273916896362478,0.4633422127320704,0.007320651067834969
0.9747365109935343,0.024984448728495433,0.0002693891297083819,7.167709801071597e-06,2.483438460855711e-06
0.5848536649158856,0.41331988877905174,0.0017968993997600719,1.869182718723089e-05,1.0855078115218633e-05
0.0017555810065473397,0.8546752420827856,0.1411328925248234,0.0024161141196525327,2.017026619143677e-05
0.999539935661804,0.0004339849317128546,2.1996122652627015e-05,2.6400273120551343e-06,1.4432565186517224e-06
0.9992645805139019,0.0006085425030703719,0.00011819235157823618,4.439225644634837e-06,4.245405804834025e-06
0.5091283750847025,0.4893076913538288,0.0009325909884141962,0.0005670193256349977,6.432324741940299e-05
3.791082375448938e-05,7.427408305840942e-05,0.0006664687377882533,0.13586824180958612,0.8633531045458128
0.8573817613908696,0.13694252812965907,0.005621716317985459,3.987343300171581e-05,1.4120728484176762e-05
2.0011587733812443e-05,9.322390134809336e-05,0.0030689771366604127,0.9966758781955044,0.00014190917875324594
0.9999021254483625,6.971774034343213e-05,2.4345186994047886e-05,3.0921019988921708e-06,7.195223010959876e-07
0.9995585340216676,0.00040506038429012365,2.9667654995549815e-05,4.640190746561183e-06,2.0977483003162517e-06
0.9995839756836182,0.00039724535480155517,1.3673004551342307e-05,3.799525790520491e-06,1.3064312383749687e-06
1.295828874934416e-06,8.766729971529153e-06,4.9493931721008236e-05,0.002084641944323853,0.9978558015651087
0.00011259738111942728,0.003947606541455351,0.9529394174563292,0.042992444062528924,7.934558567110219e-06
0.462577178871311,0.5274179034298919,0.009579884369332844,0.00039025011638499634,3.478321307922037e-05
0.9992969460053915,0.0006726676109756309,2.167802045023949e-05,6.5324396335559895e-06,2.175923548996621e-06
0.0003333756228077975,0.02600270915164946,0.9503572277344886,0.02326745351610248,3.9233974951519455e-05
0.9996304506506308,0.00033967736049091184,1.8505264507358094e-05,1.0804495882351198e-05,5.622284883366881e-07
0.00020209093674523806,0.0009159763823406927,0.9838788579607288,0.014997804689929558,5.270030255595607e-06
3.3217116814080236e-05,6.10587554358885e-05,0.009796857759591287,0.7800164012692723,0.21009246509888657
0.9984797336869297,0.0012136056612848465,0.0001358406579973313,0.00016006292921109624,1.0757064577316981e-05
0.007320678620607348,0.510293252191898,0.4607123450655085,0.02153320099551781,0.00014052312646810867
0.0028689749599453526,0.39366511696608086,0.6021089972426068,0.0013315478598231853,2.536297154395722e-05
0.0005491267293866042,0.46824796630276927,0.5301200435563154,0.0010802836960721743,2.579715456580984e-06
0.12013115052193081,0.8775702010570227,0.0021034712376319007,0.00018126421229758022,1.3912971116989825e-05
2.3620181629972695e-06,5.658995311684679e-06,9.303224804699607e-05,0.001221605004999371,0.9986773417334789
6.440225890735966e-05,0.004253256740014892,0.9906981875413297,0.00498202216783592,2.131291912334832e-06
0.00014371107356150935,0.0018314809726306786,0.7015169527077451,0.29648221271751085,2.564252855184109e-05
0.0001741541306810451,0.00024707963894844036,0.0645170645537252,0.9346681579491276,0.00039354372751783156
0.7908062192485927,0.20628201814254005,0.0027027876983432785,0.00012359584996199586,8.537906056174531e-05
0.999502009509981,0.00048002079249750046,1.3769593296364912e-05,3.3441260709728912e-06,8.559781542205887e-07
0.0011883069589240828,0.6141007981603072,0.36703918559378274,0.017627148094443264,4.456119254267448e-05
8.475606783777332e-05,0.0012087165169025129,0.958707322503064,0.03998454721429508,1.4657697900684289e-05
0.052776006681961134,0.9358360571923275,0.011277762934923006,0.0001076284391470723,2.544751641401651e-06
0.01091054699138394,0.6677583656018333,0.3208539870228442,0.0003953860784035579,8.171430553503504e-05
0.002546301970287449,0.8726751424802017,0.12394772759424977,0.0007083593822533704,0.00012246857300792725
0.9236892388853386,0.07606662329952095,0.00018443633513802042,3.893423993426734e-05,2.076724006807622e-05
0.9993850273244674,0.0005344720985282253,7.153246516223143e-05,3.3746045036516154e-06,5.593507338474666e-06
7.397891136597633e-05,0.0020535598669209703,0.9875240591681443,0.010343833720250186,4.568333318724542e-06
0.9990237478700016,0.0008996319185729248,5.2254328748737513e-05,1.434816665228069e-05,1.001771602453266e-05
4.136271530513888e-05,9.142023717986249e-05,0.004648092410809105,0.9912322097690457,0.00398691486766036
0.0007100160966009763,0.3017237181723357,0.6850481700630907,0.0114199122006208,0.00109818346735189
0.9170924252512387,0.08209517400127737,0.0006361345523983075,0.00010565697181961604,7.06092232660073e-05
0.011512724956638146,0.2852842631076541,0.5009477208153004,0.20211511096846946,0.00014018015193780677
0.674487629237922,0.3219981302590328,0.0034237936556933473,8.701479433524111e-05,3.432053016783475e-06
0.9704810683692123,0.029411853910115356,6.711320138126597e-05,2.5896026576424252e-05,1.4068492714465212e-05
0.00028040042125321405,0.000837514625398771,0.6923826130435332,0.3060673609181999,0.00043211099161496715
0.9997792794101886,0.00021032389133686459,9.104179261715699e-06,1.0330432747687154e-06,2.5947593803684845e-07
0.785516811569771,0.21209529564326376,0.002356631116270809,1.9384402900301927e-05,1.187726779404181e-05
0.9997779531553178,0.00018851030326921822,3.123663595001649e-05,1.5265969636507604e-06,7.73308499495484e-07
0.007510697170328432,0.8710055865831731,0.12112559873804411,0.00034375515687945057,1.4362351574976558e-05
0.002912502168441931,0.4369496739556011,0.5521704502260002,0.007952265530914479,1.510811904233982e-05
1.9428338275491554e-06,1.9744695218505123e-06,6.745834107174432e-05,0.00845339473901222,0.9914752296165665
0.9982988876585094,0.0005384556531047891,0.0008663005859198338,0.0002809180338058788,1.5438068660160982e-05
0.0004321043431192446,0.20354516434522202,0.794081683091318,0.0019346785126353892,6.369707705176703e-06
0.0008433608904472248,0.11409045656455409,0.19013458102419464,0.6942655132350559,0.0006660882857481237
0.06844267939148456,0.9273536755642477,0.004098111706073348,8.946396758471703e-05,1.606937060946823e-05
0.9993405127024897,0.0006247302838259039,2.983376741660008e-05,4.071018259509329e-06,8.522280082237188e-07
0.07375984050222828,0.8149773337669193,0.10827117070341193,0.0015761179171276643,0.0014155371103129733
8.496323828137176e-07,7.856728827110882e-07,3.471545305404356e-06,0.00046800731358677915,0.9995268858358423
0.00012974872084893543,0.010525719322236953,0.9888882566619126,0.0004532344055809441,3.0408894203146407e-06
0.9970239051233339,0.002939139514408119,3.231350840930971e-05,3.5300010956449228e-06,1.1118527528133331e-06
0.5211169087003816,0.47763973581082275,0.000840212633118878,0.00037264608102183006,3.0496774654838178e-05
3.7889220943998986e-05,0.0013879649256433538,0.9940916899431435,0.004476714648252597,5.74126201663792e-06
0.9996253886027289,0.00034999419130756474,2.2733179251274072e-05,1.6637403423510544e-06,2.2028636977688748e-07
3.063252192576064e-05,7.227961626212497e-05,0.002630213066974974,0.9879389716738585,0.009327903120978774
0.000296793878092776,0.0007788464805738185,0.14387745976595367,0.7795427221790773,0.07550417769630241
0.0019778361954798647,0.06756279189642275,0.9216295939417736,0.00879685066804705,3.29272982767784e-05
5.686438082390841e-05,0.0009467486935142503,0.946973458338548,0.05199753516513488,2.5393421979071818e-05
0.9998350647842574,0.0001455864497666601,1.530941895063239e-05,2.9634768878346898e-06,1.0758701374775414e-06
3.9210695869391785e-05,0.0001254772162584706,0.07548357243448812,0.9243256467547528,2.6092898631414636e-05
5.900482839370391e-05,0.00012249245044842116,0.016411784921113292,0.981616621437457,0.0017900963625876653
0.015572039976886767,0.9452820996801089,0.037638731901534446,0.001319825171793719,0.0001873032696760184
0.0022840539768723754,0.9600817060781067,0.03741789407066216,0.00020973364060813883,6.612233750451731e-06
0.14256378645769208,0.7902883186046098,0.06578985247800952,0.001288204251391475,6.983820829718861e-05
0.9998318240531552,0.00012380259518760675,3.795333525597136e-05,6.020245857171896e-06,3.9977054409706246e-07
0.9163779632129531,0.08335575411632348,0.00020217011040418468,5.2760680122237564e-05,1.1351880197110265e-05
0.00019237362014786082,0.0008980571950286643,0.5837116153131027,0.4151783176448154,1.963622690549007e-05
7.52174002772769e-05,0.00025622498600560224,0.006241292881596621,0.16751632072683292,0.8259109440052875
0.00026352269201495714,0.06833244333099994,0.9309173241092537,0.00048464525384124064,2.0646138901204696e-06
0.9988240194660202,0.0011241729674350204,4.130356619804948e-05,8.922987834664882e-06,1.5810125121285623e-06
0.00019041507898494344,0.0006331718276888814,0.6453412519621629,0.3536565974705319,0.00017856366063150546
0.0039056803100532087,0.7971629486164806,0.1960586882729135,0.002825766139557257,4.6916660995514626e-05
0.8100981999509547,0.18878609210934014,0.0011103749895384767,4.4193432429804e-06,9.136069237846149e-07
0.999841884196217,0.00015084776842750868,6.463208937890885e-06,6.554713460301743e-07,1.4935507155211418e-07
0.7343168697560158,0.2634664363365211,0.00211198048070817,7.799554403714064e-05,2.6717882717827962e-05
0.8899639638283636,0.10338810654160638,0.00657885247107383,4.1409791716185364e-05,2.766736724005322e-05
3.2321494208461316e-05,0.00015868068641054114,0.006061552668725171,0.993725854219069,2.159093158682898e-05
0.005549718840658031,0.9819485854243166,0.012050483676830268,0.00043284314683507576,1.8368911359979045e-05
0.00019430100740329588,0.0011929113941503188,0.5266440991409106,0.4718712421173942,9.744634014167115e-05
0.9997254774540332,0.000267314295352023,5.328240703152002e-06,1.6253345892509372e-06,2.5467532237249123e-07
8.855722827737357e-05,0.0005194284074285237,0.8686497810175359,0.13073154395106773,1.068939569052882e-05
0.009577602446358777,0.4573134969206809,0.5313417453808974,0.0016860722041948768,8.108304786800605e-05
0.999536625409506,0.00042311859104053075,3.727432716983065e-05,2.526621404348089e-06,4.550508793462535e-07
0.9993216323270233,0.0006342350811990783,3.295329886119037e-05,1.0727896263342125e-05,4.51396653125608e-07
0.00014932045713073023,0.0612426134687945,0.9374985507226238,0.0011038812743116694,5.6340771393652255e-06
0.12164556346586221,0.5349438937765624,0.3360787252711434,0.00603825703750264,0.001293560448929517
0.0036997450468023493,0.7377463867111069,0.25688228070049257,0.0016601245392976422,1.1463002300598131e-05
0.9982527557410809,0.001643337506092229,6.930271774700743e-05,1.9686369694119746e-05,1.4917665385654308e-05
3.811301949995316e-05,6.600156713381546e-05,0.026899579800342247,0.9669564384902911,0.006039867122732726
0.00011513512579377598,0.000575685819649938,0.0781761027506657,0.9211021974971503,3.087880674034729e-05
0.9993317317881947,0.0006502602507925006,1.0129977660314414e-05,5.135568620400861e-06,2.7424147319234853e-06
0.9979468515646581,0.0019323873742958522,0.00010914327878768443,8.093351082743175e-06,3.524431175761911e-06
0.3434151600643694,0.6459870303434295,0.010375827349371158,0.00019198409596521293,2.9998146864730568e-05
0.9943318289369283,0.005605476957644515,5.6478087253551407e-05,5.994487752938477e-06,2.2153042059857318e-07
1.4447978858777645e-05,1.4675521228636277e-05,0.0006028361858169512,0.024465443773250495,0.9749025965408452
0.00011000334564647657,0.0012029259051800803,0.32649947980179383,0.672160021276453,2.756967092656638e-05
0.9331969355835129,0.06650864500981697,0.0002698101251224552,1.536340641345581e-05,9.245875134141054e-06
0.0004265713125147761,0.0008815729479010228,0.012992922086923335,0.961150585538023,0.024548348114637842
0.00010144113341460263,0.005992221010376184,0.9924985867695555,0.001400478821176985,7.272265476602579e-06
0.9952396812328093,0.00450498523374805,0.00022164427872401913,3.304247562256627e-05,6.467790962274566e-07
0.7492117975164311,0.24973376917895176,0.0010085997189452362,4.262078593465539e-05,3.212799737430025e-06
0.00047137215082907114,0.04979055320866757,0.9493738485675393,0.00027636663782259536,8.785943514146691e-05
0.05626048596148594,0.5540621764838002,0.37122807508203437,0.017917741257198517,0.0005315212154811365
0.03901265097150565,0.9489743855531125,0.00962450146066475,0.0022727855535101924,0.00011567646120675858
0.9994885697557351,0.00043424311899321693,6.852270904302932e-05,8.143985059099016e-06,5.204311694440817e-07
0.05394734179020572,0.9350655818986402,0.01057023665645437,0.00028095947727293244,0.00013588017742679486
0.40945472220312434,0.5875494340866184,0.0026385818299518096,0.00022991828076192496,0.00012734359954354426
3.3241068861122957e-07,7.489348373737108e-07,9.697050831992868e-06,0.00012889335211507631,0.999860328251527
0.9988939578141105,0.0007915264473138074,0.0002937402623175377,1.750166557068867e-05,3.273810687397151e-06
0.07508401588236266,0.7209269947171567,0.1938202417583062,0.009916939792518798,0.0002518078496555429
4.5878921621862265e-05,8.174188958598727e-06,0.00023266617826138837,0.008608381183670312,0.9911048995274878
0.10811380901849871,0.5744705570322014,0.3167373194154441,0.0005676481015778612,0.00011066643227800602
0.9950354026276323,0.0048955497127780405,6.349070972385917e-05,4.560627392979743e-06,9.963224726828617e-07
0.0007219226680660149,0.5012421022032357,0.4910183135184405,0.006989180831237395,2.8480779020337193e-05
0.00011754228350774668,0.009244584326108519,0.9125731438792105,0.07801785884438006,4.6870666792994934e-05
0.9995761560291546,0.00040035857358804687,2.2054312466154804e-05,1.1032161252016394e-06,3.278686660522992e-07
0.9990738401025886,0.0009106180418693974,1.282343057594171e-05,1.9552513477339337e-06,7.63173618670736e-07
0.9989551348457244,0.0009715832015903803,6.573446733201372e-05,5.914090953363612e-06,1.6333943996780486e-06
0.017256337895136264,0.9296787527287924,0.0526278493991747,0.0003104256283467216,0.00012663434854984394
1.6462997542016023e-06,3.5174234480119676e-06,4.858936075862557e-05,0.002205794495810206,0.9977404524202289
0.676569839549979,0.3101960264926671,0.01284705896645606,0.00023091519760650627,0.00015615979329141333
0.00016229319146665531,0.0002980144092848283,0.002209173890844356,0.6754512533702017,0.3218792651382025
0.0005615938205409434,0.7352267873511034,0.26363423251352386,0.0005582474501236133,1.9138864708205357e-05
0.0001408322329710318,0.09065680881574692,0.9082999269065826,0.0008963131746675267,6.118870031828154e-06
0.00012892856612896513,0.0006487300663906104,0.0026712741692253364,0.19595327097774184,0.8005977962205133
9.972652275467807e-05,0.00020021911926158196,0.003325201158829768,0.7763918172241758,0.21998303597497823
6.915924237347644e-05,0.0009690317195581294,0.9656929565933822,0.03326254120244059,6.311242245551134e-06
0.17922115265019975,0.7913671053388163,0.028540687951565155,0.0008168034050082541,5.4250654410668833e-05
0.00023332664535057092,0.0002114212161004505,0.5790919659120879,0.420426063909884,3.72223165770836e-05
0.00029387387317072685,0.00850905660362983,0.7212145329439658,0.2698675023645404,0.00011503421469319559
0.0016445914899103696,0.8678577077012573,0.13016928169826864,0.0003202272995529634,8.191811010858256e-06
8.901599844207964e-05,0.22388408201516224,0.775155736501408,0.0008684652039114011,2.7002810761984037e-06
0.0001118736581643933,0.0004594781847451374,0.8535406626281251,0.14587241302964554,1.5572499319894614e-05
0.9992410754778053,0.0006753087189038961,7.470703782100593e-05,5.705011484832355e-06,3.2037539848923366e-06
0.9987182447940426,0.0011072720440355923,0.00016824105406652566,3.1452264273157707e-06,3.0968814282084988e-06
0.22149732849747975,0.7753485680887198,0.0031221929947814254,3.0546107525872946e-05,1.3643114932516235e-06
0.0682785570560201,0.7708610143468441,0.15987798271767026,0.0009269692670790822,5.547661238655838e-05
0.00048066628266875937,0.3052288740819127,0.6937948774790539,0.00048690979560923306,8.672360755505583e-06
0.0007654090547133097,0.08928792782103069,0.8109957332625202,0.09649677864267288,0.0024541512190628394
1.122617354692645e-05,1.2910348440785135e-05,0.00017695010056982408,0.020767998693686215,0.9790309146837562
0.00022849059378634692,0.011228885980243472,0.9659350622635609,0.02256020711351817,4.7354048891181774e-05
0.00023679463334149497,0.0010906048076683064,0.9225933376805473,0.076042318623811,3.6944254631916244e-05
0.9993797334271027,0.0005775353690392674,3.543164216352517e-05,4.512672851901771e-06,2.786888842749436e-06
0.00010240845368748042,0.0002588374487841853,0.011439701987142859,0.9825792509387095,0.005619801171675897
0.0018480653864189412,0.3182129468384376,0.5392581545496092,0.14051668347381657,0.0001641497517176844
0.9371132353133153,0.06253377805913499,0.0003054172780236609,3.511888125919981e-05,1.2450468266727724e-05
0.00041792661922090615,0.0008234754690493971,0.0030813848925874835,0.8223965380801262,0.17328067493901592
0.6340610107659242,0.361867034083896,0.003267069401090557,0.0003308045127880287,0.0004740812363011407
0.00011874646664545758,0.0006293973497331751,0.24910828483387903,0.7500659197953594,7.765155438300484e-05
9.833020239927047e-05,0.11403998454845198,0.8851235320459026,0.0007360247855134915,2.1284177327691493e-06
2.3551591607687032e-05,3.251194507088758e-05,0.00011865513179566139,0.007623023167990597,0.9922022581635352
0.007159416621712664,0.9755229490594799,0.01665862131483111,0.0006461429929156209,1.2870011060720116e-05
0.014535216040870104,0.68926592341274,0.28166712041836517,0.014486110308202335,4.562981982238772e-05
0.00020422738116733117,0.0002294663607850227,0.054686764143199035,0.9327724721266952,0.012107069988153443
0.0010481723401662276,0.4756003740778106,0.5167891070835496,0.00651914710155451,4.319939691900173e-05
0.0007234919040692147,0.029512782795832786,0.9541698546911246,0.015573548431381893,2.0322177591564985e-05
0.0009949098972924242,0.05464014925047773,0.9382923483874603,0.006066243783665093,6.348681104440138e-06
0.000492620652935401,0.0016523357147082058,0.9950253115138674,0.0028272476427538325,2.4844757350895367e-06
4.2165102315138384e-05,8.476472506887017e-05,0.0022527247315716416,0.22670683205906486,0.7709135133819794
0.0718953962557394,0.7679019906696627,0.15716527044439574,0.003022833695273806,1.4508934928314392e-05
0.007832507448519235,0.4183625698927669,0.5675896661218192,0.006199137953199564,1.6118583695003932e-05
9.277295306493246e-05,0.00024141317243214498,0.035023106180465315,0.9589843706978964,0.005658336996141134
0.5728995805440085,0.4251810271283697,0.0013747747924332753,0.00035052823624336034,0.0001940892989450967
8.134487697959514e-07,1.1166830406994819e-06,1.4979992984044905e-06,8.744112319987973e-05,0.9999091307456912
3.329097513322713e-05,0.0001008450725298693,0.006353329742132437,0.6821442781388057,0.31136825607139884
0.00017086748775481687,0.0005452593966476602,0.3856922221502631,0.613426350231266,0.0001653007340684186
0.0003659799648902755,0.0007991814573855597,0.23114707371812726,0.7648542378270837,0.002833527032513297
0.00032881810024730366,0.9471536490560418,0.05228989339904156,0.00022301361971721617,4.625824952164281e-06
0.9932774734163479,0.006653376563924623,6.043115697562784e-05,7.351639587592814e-06,1.367223164184115e-06
0.9987810445576213,0.0011197952852460503,6.767294277924344e-05,9.952085778394491e-06,2.1535128575118203e-05
0.1383488381536492,0.8483797439393189,0.013070072522653561,0.00014991529048342578,5.1430093894878554e-05
0.0013597179441856028,0.16417273701198212,0.8286586175103388,0.005780521190851827,2.8406342641788327e-05
8.247278099041238e-05,0.0004925447011182236,0.7307452217447706,0.26863405795566186,4.57028174588145e-05
1.4367847480563589e-05,2.4200450776004044e-05,8.42530256360577e-05,0.0402842192368853,0.9595929594392221
0.9995576926781217,0.0004078557163099529,2.959248468317284e-05,3.03402927440345e-06,1.8250916108892492e-06
5.325327027531807e-06,7.468641838438192e-06,5.7243364343807695e-05,0.01730976445728606,0.9826201982095042
0.24151142612324886,0.7444856214602131,0.013876614187223092,9.877915509792806e-05,2.755907421686461e-05
0.00027709241215882107,0.00033762768060440753,0.8420262790106783,0.15712300026687115,0.00023600062968734316
0.27306784324471634,0.7163787799409491,0.009985675756397304,0.00042979811129004045,0.00013790294664710236
0.0002638093826523101,0.3365580512357815,0.6612815502681632,0.0018539278586202673,4.266125478275245e-05
3.395578649517054e-05,0.0008158893864075842,0.9815102799036292,0.017635917254381028,3.957669087312198e-06
0.9133946666776305,0.08486433185337788,0.0014004764036647129,8.822008024736993e-05,0.0002523049850793021
0.2914038206053749,0.6651473152547213,0.042255017620724596,0.0010571906646712783,0.00013665585450800544
0.00013687217181947324,0.00035625353150201846,0.8406460008184459,0.15883901700563585,2.185647259678238e-05
0.0004461719367062176,0.0019139094439212052,0.951123025053206,0.04650177331110556,1.5120255061175667e-05
0.9687690525140032,0.030766061004092016,0.0003918495778770291,4.5690289749605614e-05,2.734661427810401e-05
4.1587498570498654e-05,5.824488844302576e-05,0.0005547262722722989,0.9992029523417393,0.00014248899897505117
0.00022558347133160519,0.2765539151864161,0.7230336371766202,0.00018488101495162427,1.9831506804838724e-06
0.6624408164449035,0.33655583352327273,0.0009893350361064215,1.2351807480441184e-05,1.6631882370669088e-06
0.9997357925467512,0.00021572251497443338,3.242051395586544e-05,1.258511088566322e-05,3.479313432844344e-06
0.9212398924519518,0.07852480076976731,0.00021091263621398715,2.327249505489074e-05,1.121647011821431e-06
6.454744196154649e-05,0.00011199502082965994,0.0577586653472955,0.9417229630860365,0.0003418291038768222
9.408844931185438e-06,1.2877365837275513e-05,5.002906406610639e-05,0.00411245434177636,0.9958152303833891
0.003954970533797786,0.565434303731581,0.43003915747994703,0.0002796937069864581,0.00029187454768777937
0.00028972992014912065,0.0004401198391697337,0.002411315103853908,0.829070768715121,0.16778806642170627
9.230509620802778e-05,0.029453956797237828,0.9669306498593464,0.003511649229305459,1.1439017902131622e-05
8.750911739573347e-05,0.00047363990630085097,0.0763944253139975,0.9225389281450028,0.0005054975173031154
0.0001338995465486235,0.012257440507961383,0.9569346343693163,0.03066509288877853,8.932687395379079e-06
0.9998210182687333,0.0001629145039502894,1.1953757480417104e-05,3.17078778699924e-06,9.426820491009068e-07
0.9997635938235981,0.0002217768070657161,1.2768399561314497e-05,1.3985055226156487e-06,4.624642520579587e-07
0.9947801219126502,0.005163215716072696,5.103709668186209e-05,4.861297733956301e-06,7.639768610391848e-07
8.529898394401086e-05,0.00019213800393210384,0.21611319660681597,0.78168267788267,0.0019266885226378817
0.0001180799916575598,0.0010099102528962295,0.9379312062017222,0.060921664134083384,1.913941964072607e-05
4.409220483523014e-05,5.9564139865430064e-05,0.0006519537783337764,0.36500625841114454,0.634238131465821
0.9997208955583498,0.0002526568267630455,2.1821049319903318e-05,2.8133279241324204e-06,1.8132376430552263e-06
0.11461551208611426,0.8826314604938357,0.0025605024029302227,7.099530900921122e-05,0.00012152970811050962
8.109698094126684e-05,0.00012406509485471019,0.003958305389929317,0.9636569095512971,0.032179622982977725
0.007072002265011732,0.018155259717112324,0.43767305914635185,0.5365336984401434,0.0005659804313807883
0.9996836399134512,0.00029999334001543055,1.0811570107119684e-05,3.836471976173831e-06,1.7187044502105184e-06
9.714321136279075e-07,1.2060427841786885e-06,9.826043700071968e-06,0.00018056355849203792,0.9998074329229102
0.03249934706734538,0.672910708780437,0.29023799184259697,0.0043039497709190955,4.80025387017546e-05
0.00011822094843364437,7.316530225231306e-05,0.0021141266322696195,0.1804452990655838,0.8172491880514606
0.7884731402732205,0.17678988911697963,0.034353435190512364,0.00035653106020335927,2.7004359084328113e-05
0.9996485941778255,0.0003129324227028073,3.49396366070427e-05,3.343769316183903e-06,1.8999354851360552e-07
0.00021699234571585153,0.005868660718573243,0.981565898244757,0.012265513096542112,8.293559441160806e-05
6.865464701930656e-05,0.00043639193469149115,0.7279563885089266,0.27152803569924183,1.0529210120708902e-05
4.729552826263457e-05,0.005595835598195577,0.9685016493522238,0.02584858866504326,6.630856274614847e-06
0.7133128502786008,0.2733500994687089,0.01295649628648702,0.0003675882078148179,1.2965758388410777e-05
0.00043187042196245814,0.09365183804128936,0.8400967907534647,0.06573854878639117,8.095199689218519e-05
3.6205126664097725e-05,0.002232070343542437,0.9975289109082501,0.00020123364394401393,1.5799775994500117e-06
0.0003615423443216849,0.038148228940423225,0.9537109524242549,0.007772557728226341,6.7185627738859735e-06
0.8659387871961156,0.12416207649890534,0.00787806961295234,0.001916910056894077,0.00010415663513246509
0.00014743682101917742,0.001276507009138734,0.9684140403607976,0.030156282590935744,5.7332181087617855e-06
0.010520325618422434,0.7473273119831679,0.2418991481400963,0.00024902977360493093,4.184484708285185e-06
0.0007947893628353967,0.659474122921657,0.3373319553268545,0.002385707029992014,1.3425358661095392e-05
0.0004182471513534737,0.0002571062797103078,0.016885744470453996,0.9352027806274575,0.047236121471024586
0.37579774105015396,0.5538694542165625,0.0594823212589888,0.008401207624866104,0.0024492758494287143
0.9948110787021713,0.005119175406914087,6.0716780513613315e-05,4.720890002779936e-06,4.30822039834057e-06
0.00017546484889461973,0.19473350623340643,0.8036741571896092,0.001406101121965725,1.0770606123864484e-05
0.9794718063479094,0.020454991585961497,6.982193856530503e-05,2.9037881577018707e-06,4.763394061328698e-07
0.00019701703526132897,0.05970988506926337,0.9342295863751832,0.0058524049134304305,1.1106606861576535e-05
1.4746199698306383e-05,8.029971770004528e-06,5.876863545727656e-05,0.014809290354933845,0.9851091648381406
0.9444112468772892,0.05404323714411143,0.0012676400380869425,0.0002354400279453283,4.243591256716896e-05
0.8920289357395697,0.1007946588904942,0.007057730377067793,0.0001128118466426747,5.863146225658579e-06
0.99953354121749,0.0004352853240445932,2.5879446812088675e-05,4.735082010414587e-06,5.589296427839398e-07
2.9678436624612462e-05,7.024150210735264e-05,0.0008275671270154346,0.5553669504606747,0.4437055624735779
0.9996296191833932,0.00035399633348492335,1.432323771352445e-05,1.3274467695931561e-06,7.337986386272909e-07
7.863094223210211e-05,0.006793565587911845,0.9915793270042358,0.0015460289635772346,2.4475020430182546e-06
0.04315961140226183,0.9480061821303246,0.008433591318294967,0.0003893996669064337,1.1215482212323537e-05
0.3205760429355617,0.674757167578882,0.004032025960013454,0.00048215096764290123,0.00015261255790002416
0.39882185920605834,0.59346808666095,0.007569711909885673,0.00012616731042204975,1.417491268385007e-05
0.0012185648899619924,0.575244579267952,0.42337137754946275,0.00016169743567679524,3.78085694642756e-06
0.03446882596011262,0.9526596495480045,0.012030357550619694,0.00037278486528512163,0.0004683820759779601
1.699531051485785e-07,3.957600443352496e-07,6.5000602889333555e-06,8.457120420532614e-05,0.9999083630223563
0.21589143127543486,0.777425288561962,0.005555912951163337,0.0010969758828432918,3.0391328596626455e-05
0.00013414690236479755,0.00013364102297192475,0.0008232959104972868,0.03053505791277323,0.9683738582513928
0.000720990323119232,0.8731592714878909,0.12497938324755106,0.0011288375991034068,1.1517342335576421e-05
0.9978484037490316,0.001175219283696493,0.0009460270220255582,2.649167075372172e-05,3.858274492724513e-06
0.9997349488370662,0.00019719984617114978,5.384080750390794e-05,1.363529949549187e-05,3.7520976327925016e-07
0.00042500733763097405,0.28176035109990805,0.7138429232417332,0.0038951773650876026,7.654095564029706e-05
0.9995482903821544,0.0004384603330734968,1.1989472496790088e-05,1.0348680072195593e-06,2.2494426813492854e-07
2.151459727164973e-05,0.000134720806426437,0.05614524710211432,0.9429424531990916,0.0007560642950958494
9.410153001403278e-06,7.256713367452475e-06,6.937838950634867e-05,0.0032967423291781943,0.9966172124149466
5.2451472373944976e-05,0.00042827863540171186,0.28713486771177593,0.7123747997195012,9.602460947068528e-06
0.9731577035558465,0.02453626543858165,0.002231654477535521,4.60867512035336e-05,2.828977683292424e-05
0.0002027862502500591,0.0013608272325344145,0.6624259947548886,0.33597293055029,3.746121203703695e-05
0.9384180493469659,0.06133912836843589,0.00022022616819479199,1.837535281580094e-05,4.220763587697893e-06
4.172168916592124e-05,7.493337483183592e-05,0.0007923112552703339,0.12950334052979928,0.8695876931509327
8.942726081491384e-05,0.00030082660142994276,0.11135775027465764,0.8872235644878305,0.0010284313752668586
0.5356041834583123,0.4449290161799115,0.013673520889626742,0.005000414393866423,0.0007928650782831103
0.0002892079425003561,0.3337423571572979,0.6606413180836936,0.005313824421341359,1.3292395166842132e-05
0.00019651380518298725,0.22553439821042998,0.7731892233995253,0.001073593932954222,6.270651907632432e-06
0.00015908290783585462,0.0001717032759854671,0.19120961780773918,0.8082855199096425,0.0001740760987969808
0.9995279048683682,0.00045505502463407034,1.4880235471086778e-05,1.6541262979645198e-06,5.057452285890316e-07
0.0003982527404812115,0.01499502228614867,0.9309719376819715,0.053604530646685696,3.0256644713073668e-05
0.29319419359257665,0.7009719174159427,0.0056033471829034535,0.0001282034255284014,0.00010233838304882279
0.3415901570430426,0.6162026397171797,0.04082603971636072,0.0011216951117916875,0.00025946841162521585
0.10927492014005667,0.8196597013944046,0.06950468796269024,0.0015196485176542697,4.104198519433902e-05
0.9993763971153178,0.0005309936397965791,6.156346310312168e-05,2.8368556558064182e-05,2.677225224456069e-06
0.9208310319308797,0.07720977874722072,0.0019152952098136112,4.041830409634013e-05,3.475807989562018e-06
0.9993881026345277,0.0005738646449216372,2.45606354465118e-05,1.0143903397905971e-05,3.3281817064243716e-06
0.999827709258228,0.00011750494370470816,4.360063938462659e-05,1.064065784705977e-05,5.445008355509012e-07
0.9989588452448213,0.0009526948739899187,8.23088768076352e-05,4.920228207855961e-06,1.2307761732344862e-06
0.9805624996645688,0.01928583607618939,0.00011608685493349506,3.170896143264474e-05,3.868442875830469e-06
0.9920720021328855,0.007644649123459247,0.00020173310400379343,7.810312066231943e-05,3.5125189890526126e-06
5.338128269344853e-07,1.024560601558837e-06,3.0762058445460384e-06,8.198094020786856e-05,0.999913384480519
0.9993975539902487,0.000569060242629577,2.8465803256640923e-05,4.4963956748621246e-06,4.2356819014079517e-07
0.981737272599615,0.017988179871987333,0.00024611323114660306,2.245931641421695e-05,5.974980837056054e-06
0.5976751607483916,0.38204343639437294,0.019617951803761736,0.0005925779093810753,7.087314409268845e-05
6.950792943026692e-05,0.00019114696327636075,0.015072262027332212,0.9807729196194469,0.003894163460514245
0.00713767925650519,0.9674731885219309,0.025222702961567006,0.00015922118919616202,7.2080708007667245e-06
0.0045964928815032235,0.9743799147374793,0.02099484654060317,2.6231487181152455e-05,2.514353232947582e-06
0.20095982072546106,0.7351568806045041,0.06378732281843906,8.141693523471509e-05,1.4558916360940233e-05
0.7611778852173587,0.2368215500895745,0.0019642006803676487,2.7057524509450736e-05,9.306488189634975e-06
0.9975721144214881,0.0013675897239168058,0.0008552012724321013,0.0001938074497987834,1.1287132364195912e-05
0.9956436558525162,0.003823771965516709,0.0004802815267194488,5.0961772008493295e-05,1.3288832389374318e-06
0.00010488269428958064,0.0019912593875651644,0.6495559298853557,0.3483225142075806,2.541382520900651e-05
0.00021037303057657176,0.0019292743513050314,0.39885682743704276,0.5988149164490026,0.00018860873207304348
0.9996746944749177,0.00029938685231782516,2.3398957693651398e-05,1.7417274967432574e-06,7.779875740445698e-07
0.00029987169073527426,0.0008350918133162579,0.04542278219983027,0.3184789010509397,0.6349633532451785
0.0007450290659837348,0.0011978202270425788,0.10285525119305061,0.8085125638157378,0.08668933569818539
0.00020236354092469726,0.0027080238003724757,0.3131840713557274,0.6837370872229683,0.0001684540800070217
0.00010732069731908271,0.014768650805677332,0.9768370468260137,0.008280498107244376,6.48356374543556e-06
3.51329668459761e-05,0.0002354510864771864,0.015823598483568256,0.9838982910457639,7.526417344733491e-06
0.9996241955699838,0.0003499273345250951,2.057044635125742e-05,3.2133700869460864e-06,2.09327905282227e-06
0.9431584194806594,0.05516242233145828,0.0015864986949250728,8.641623872801607e-05,6.243254229092866e-06
0.6407011870916264,0.35789840496964903,0.0013483655648811647,4.0183138688315374e-05,1.1859235154933699e-05
0.824657113570697,0.16881115065308,0.006406812445796902,9.761047948024787e-05,2.731285094590961e-05
0.0006003122845315826,0.6170461185177252,0.3789969100199133,0.0033494515585726367,7.207619257266932e-06
0.4396681850846151,0.5534240111711856,0.00636580003972269,0.0003802193260791221,0.00016178437839742805
0.00021611707317017824,0.00017741711050455977,0.6977353293033343,0.30172646113196233,0.00014467538102877058
8.605861091764759e-05,0.002963543385773532,0.945558569636686,0.05138499533722424,6.833029398441353e-06
0.9987427625196846,0.0011690103705777975,7.478335317337166e-05,8.390536556443298e-06,5.053220007555028e-06
0.0003893425481487427,0.00042222533897826324,0.4712030422588153,0.5279012439954224,8.414585863532757e-05
0.7716901678762516,0.2223260541250267,0.005801396269379167,0.00013899198091108859,4.338974843143812e-05
0.0003269195970219331,0.29857561150635553,0.6995393776223818,0.0015429089730550547,1.5182301185752753e-05
0.9994528234609446,0.0005183110723092953,2.5217801783017396e-05,3.360497353531829e-06,2.871676095056022e-07
0.9449859947176125,0.053646054273578575,0.0011424666039403899,0.0002100754249413727,1.5408979927345403e-05
4.918442718208286e-06,3.6917936172743734e-06,0.00012035958896324627,0.0009444478003210476,0.9989265823743803
0.9646255914198618,0.03483976079379022,0.0004748355816934194,5.08482732200294e-05,8.963931434641005e-06
5.128584612469173e-05,0.00011192016110538278,0.008008005978435833,0.42496747089403736,0.5668613171202967
0.14583880317199893,0.6216555562933953,0.23056128502739417,0.0018016416110809693,0.000142713896130668
0.7960076058906046,0.19532548010010709,0.007909462950997256,0.0007249215458490961,3.252951244190077e-05
0.9802006740506154,0.019203589637322254,0.000560346511798585,3.208820855515542e-05,3.3015917087626285e-06
0.0008801934157642628,0.0023667518652384805,0.42976533244091814,0.5669016183238358,8.610395424334447e-05
0.5041158907056759,0.47618766088534503,0.019542265765222402,9.822833565180897e-05,5.595430810480216e-05
0.00825449166072857,0.972859335592428,0.01880079131641375,7.519614139162573e-05,1.018528903801126e-05
0.0036710898787941453,0.9509219746492539,0.04527467404385602,0.00012462855080187487,7.632877293979606e-06
0.817785117584251,0.18029503067404248,0.001820482909017169,9.122595868109575e-05,8.14287400826453e-06
9.433723233311127e-05,0.000301915864672112,0.05795820926886736,0.9412254813966385,0.00042005623748886384
6.071876467190985e-05,6.21937284970128e-05,0.00832728051977476,0.9914527717493605,9.703523769576258e-05
0.050311533714978256,0.9447174565044155,0.00482444053599643,9.490428683132326e-05,5.1664957778565956e-05
1.5705662530069214e-05,0.00011144657217925447,0.0004906253749626615,0.2097941687390615,0.7895880536512666
4.3335059075571947e-05,0.0008643684693581391,0.9911013804899137,0.00798629839525137,4.617586401233224e-06
0.9778729646587379,0.022036039097027574,8.727069620465218e-05,3.169555640907705e-06,5.559923889562082e-07
0.0005284830386431886,0.010764051169817766,0.77741594886667,0.21122148878002525,7.002814484381254e-05
4.9944827111896593e-05,0.0010197822554850544,0.9933147173074697,0.005610851688506446,4.703921426820245e-06
0.9549990997524339,0.04395632741534963,0.0010101364718097595,3.171613745428754e-05,2.7202229524183767e-06
0.0001053783598509828,0.4546151457392534,0.544923592194116,0.0003535519940220148,2.331712757502296e-06
9.763244340487788e-05,0.0005297606691255988,0.3865636911441929,0.6127668756140182,4.204012925839032e-05
2.9492912316912068e-05,0.00011789340661873283,0.0065718682265257225,0.9932261812626646,5.456419187407724e-05
0.999180675408899,0.0007641989546496983,4.699988867664865e-05,7.015417965304814e-06,1.1103298094578368e-06
0.9999335506536942,6.457140991413539e-05,1.6621518825237502e-06,1.5243146687264648e-07,6.335304251765228e-08
0.00014730147932012322,0.0004513305539533534,0.7468451723135499,0.25246808246160696,8.811319156966466e-05
0.0018840350078492226,0.8982739353295541,0.09977192944196323,5.734249791098724e-05,1.2757722722297217e-05
0.00041388721826935435,0.14907400833068546,0.8448931875848116,0.005590109166027288,2.880770020636362e-05
0.0018099001239493756,0.299438565568264,0.6971594421076751,0.0015674313756464198,2.4660824465271652e-05
3.0050417102408912e-05,0.00010495613784456708,0.5059563993720687,0.49388135053118826,2.7243541796114002e-05
0.009598387200396023,0.902803909301711,0.08487904714948821,0.0025933294959409807,0.0001253268524638838
0.9992674152362951,0.0007018041099042023,2.740761318694971e-05,2.2191538474391623e-06,1.153886766346538e-06
0.9993210986226208,0.0006617357607650394,1.4021713311953267e-05,2.232162144806404e-06,9.117411575958101e-07
0.993807948938035,0.006145210219620365,3.5324375452155174e-05,7.972203218809943e-06,3.544263673762512e-06
9.88730929872914e-05,0.0004502344449221772,0.874107421992809,0.12533768533143905,5.785137842547558e-06
4.639054214594934e-05,9.117561381165273e-05,0.00894321220201792,0.9293408914960473,0.06157833014597725
0.02547373944416451,0.183021983570603,0.7533609858609879,0.03809470523493433,4.858588931048448e-05
0.00018271291825993252,0.079684197364952,0.9108139766128402,0.009278637730159946,4.047537378791208e-05
0.0003185693693359,0.07544442267127108,0.9220825116991967,0.0021495129075473265,4.983352649015776e-06
2.481710308375877e-05,4.687647320365514e-05,0.010683438785155965,0.9892308882267477,1.3979411809105936e-05
0.9996547725753313,0.0003212799870494331,1.9649545985375446e-05,4.034869629654296e-06,2.6302200409500766e-07
0.6625768131759758,0.3362864170233878,0.0010568794930887642,6.761479581662166e-05,1.2275511731027047e-05
8.953706661817203e-05,0.00022228126123860313,0.5230115270842212,0.47659071251016727,8.594207775467799e-05
0.0072955922479772065,0.9748496996841425,0.017804057237706828,4.576371723283999e-05,4.8871129406545414e-06
0.036508846538633656,0.8817316492237027,0.08087623596081298,0.0008123318374226991,7.093643942788691e-05
5.930872957647537e-05,0.00010868203038911847,0.0004784865868918653,0.04522139143607766,0.954132131217065
0.0016807389017881186,0.9125723753029045,0.08514760456974936,0.0005887426836920353,1.053854186613388e-05
0.5408832723685837,0.44966551302046354,0.0077067920922619096,0.001698702395835654,4.572012285508494e-05
0.0015742925420030997,0.9657830964630907,0.031924024541246945,0.0007085892321268949,9.997221532401411e-06
4.254059061081228e-05,6.317626162062179e-05,0.029011083069234573,0.9707056614380494,0.00017753864048460254
0.6191065259579657,0.37070869967419573,0.009713753141125802,0.0003403663305675989,0.00013065489614503818
0.00232556897616035,0.23772611139692007,0.7580274855328535,0.0018987465373531659,2.208755671282005e-05
0.9990605114452055,0.0009173504900615919,1.8526011187987665e-05,2.588650136847629e-06,1.0234034079384115e-06
0.7505381695623503,0.24786697193785714,0.0015423203982659237,4.116823310794526e-05,1.1369868418477012e-05
0.001098040576511342,0.07446862159637598,0.9239259304597912,0.0005000256441818408,7.381723139806562e-06
0.056498305604562024,0.8323386895190727,0.11104244878993912,9.044050130127852e-05,3.0115585124732468e-05
0.9962558363071258,0.0037192566660061593,2.137233492688571e-05,2.3439457972627104e-06,1.1907461440299288e-06
0.8866106781522917,0.11262031366003619,0.0007114870674086648,4.61642817505625e-05,1.1356838513084272e-05
0.03563163005426169,0.9559092519068378,0.008341286964526084,0.00010371648634049718,1.4114588033927679e-05
0.28210208603766446,0.7122815314219488,0.005527480361416772,8.639505800395991e-05,2.5071209660788564e-06
5.091621937403602e-05,0.001842874273419411,0.9916866574509197,0.006417446382117001,2.1056741698303835e-06
0.14377326083144598,0.8540357461298212,0.0017820696796590919,0.0002336678172306388,0.00017525554184286897
0.9987067119390822,0.001003108766654389,0.00021276667395958497,7.307155306947754e-05,4.341067234194319e-06
1.3764059398939227e-05,3.1446814122700214e-05,0.0010692939263379124,0.9988769334878143,8.561712326178789e-06
0.9780474211995431,0.0216462814238518,0.0002658065103974327,3.69230310293542e-05,3.5678351782244378e-06
0.9998390700478832,0.00013760801817627258,2.0065828787392263e-05,2.8940735504617e-06,3.6203160274228277e-07
0.9696681267781746,0.030133476801326192,0.0001704888368911967,2.4070207733854036e-05,3.837375874378389e-06
0.9882382443987522,0.011636068469252706,0.00010512714303743185,1.5429760115228844e-05,5.130228842473386e-06
0.9971504812421926,0.0024593815890631295,0.0003362463115654201,5.051502950887198e-05,3.375827669752635e-06
0.9998426390344504,0.00014773350212711784,6.199880427848383e-06,3.266015208620133e-06,1.6156778622399135e-07
0.00012118955552265062,0.0010032572333141085,0.7184093604620996,0.28038552175802206,8.06709910416803e-05
0.0002529903988372355,0.03206637132514216,0.9661454223434545,0.0015316787253134374,3.5372072528999118e-06
0.003474949343889181,0.35927025999173756,0.6335238824116444,0.003695193714716383,3.5714538012410214e-05
0.013420719566226416,0.6557836330963036,0.3293245547063194,0.001442051042293376,2.9041588857136143e-05
0.06811564378962431,0.9216576994498541,0.0085443389425434,0.0016531064334924853,2.9211384485551573e-05
9.614699341083326e-05,0.0009015017210622211,0.5761607735030551,0.42281642662881025,2.5151153661690224e-05
6.126123985709241e-05,0.00016233945307940042,0.3302092522725656,0.6694315195788397,0.00013562745565818215
5.888664753546989e-06,1.3407338549467539e-05,0.00021030368167473688,0.018003288248254798,0.9817671120667674
0.0001664988393976355,0.0003829491897160435,0.9881626767625151,0.011279789058055701,8.086150315626056e-06
0.9809874187540213,0.018779361523945326,0.0001532201839360939,7.826614361496947e-05,1.7333944823581555e-06
0.5830719308202812,0.4139032669763123,0.0029336615180986336,7.992761818987252e-05,1.1213067118201941e-05
6.132225958214672e-05,0.00035230765920112283,0.15555528703921567,0.8440025397051618,2.8543336839357196e-05
0.765765222419639,0.23302208700223226,0.0010936978176686806,7.218915232454458e-05,4.6803608135592704e-05
0.9754767173311548,0.02440622469237474,9.850547888211394e-05,1.4540643194880745e-05,4.01185439358223e-06
1.1511702320136943e-07,6.671112147969215e-07,3.6507356021873435e-05,0.00031284890554196564,0.9996498615101982
0.0006513807064723545,0.5080332975443976,0.4910660826531113,0.00023502833837177564,1.4210757646898627e-05
7.840035643779071e-05,0.00014916362355338596,0.001430920247674315,0.2434123035364752,0.7549292122358594
0.4112334671350091,0.5811984225591393,0.00563541969447224,0.0018661661948008485,6.6524416578514e-05
3.509308231793496e-05,0.00013588592193864533,0.05626889256489426,0.943547066247581,1.3062183268341412e-05
3.549924195925236e-05,0.0001673706254886986,0.8266863711671635,0.1730930480555089,1.771090987951631e-05
5.888721990969457e-05,0.00014464260953716418,0.20413441869427632,0.795187731486106,0.00047431999017088816
0.0002969822005045808,0.0024545482161324812,0.4317769930808398,0.5634387022222221,0.0020327742803010534
0.00010771844669435711,0.00012195750613554976,0.009737864035605264,0.9077766846855051,0.08225577532605961
0.24401126433670056,0.7222229033938671,0.033535359142770164,0.00011612298372488319,0.0001143501429373801
2.0765171478766755e-05,6.239617897970098e-05,0.04861546142201689,0.951230775495996,7.060173152858118e-05
0.7178411634750491,0.2732163773178101,0.008013638436130066,0.0005849932529870283,0.00034382751802366563
0.11935891413019242,0.8143266715377496,0.06606930194504153,0.00023604182172673742,9.070565289791798e-06
0.3052131164020361,0.6822017060985391,0.01232040059397549,0.0001603559276857268,0.00010442097776371668
5.1095938121142276e-05,0.00012525846221115206,0.03576828838013804,0.9640097575895296,4.559963000009986e-05
0.9989960629270908,0.0009816888737689542,1.3404616811773914e-05,8.268868035733058e-06,5.747142927468799e-07
4.095148941655209e-05,0.00018635208913819634,0.02100197199627975,0.9764600324834783,0.0023106919416871112
0.5127336948819838,0.47960858109643556,0.007037036287150104,0.0005712099476207962,4.9477786809795506e-05
0.0002350345528441952,0.0008134328817435331,0.40573226666709544,0.5932033205894308,1.594530888602442e-05
0.008707847773680133,0.6807720020283746,0.31020283777639324,0.0003094908234344632,7.821598117825482e-06
0.00028013652809554836,0.00391547564511905,0.9872990474979724,0.008499478077886799,5.862250926194777e-06
0.9820067380302285,0.017856443659035943,0.00012888969756549075,6.777536583485329e-06,1.1510765866966796e-06
0.625380915087941,0.36248848453642124,0.01176916122119004,0.0003309857408845944,3.0453413563142816e-05
0.9993133839988303,0.000635917803590268,3.882673766164338e-05,1.030919712343445e-05,1.5622627944301187e-06
0.7256923716558142,0.2705365108416898,0.0035263393806164002,0.00021474629675121906,3.0031825128224797e-05
0.00022446393803007093,0.009924181240697041,0.9891070067750685,0.000742397030924826,1.9510152795230277e-06
5.7195075443581094e-05,0.00016401657754089378,0.01857973996382658,0.9810321158697441,0.00016693251344491208
0.0003924994592415184,0.00035182761839522476,0.26711979273382525,0.7318455698257482,0.00029031036278971163
0.00023287887999979073,0.0008637614249562932,0.005700563354257239,0.8424751477737701,0.15072764856701648
0.11742735277465809,0.8765791680055397,0.005662985967196156,0.000225107504719349,0.00010538574788698366
4.3406480254748666e-05,0.00014959399501812982,0.007889043526417614,0.9909846852328572,0.0009332707654523286
0.01431047544120116,0.9571519450538301,0.02837287741512495,0.00016340141052849965,1.3006793155086635e-06
0.999739228208216,0.000249346089411689,1.0472913965728252e-05,6.816782207913472e-07,2.7111018556312495e-07
0.07853399243121482,0.7798561066056781,0.14116093586751022,0.0003204015766919128,0.0001285635189049718
0.6867962641850539,0.31103116943690645,0.002116062469726565,4.174129882402984e-05,1.4762609489019682e-05
0.00020110014945097304,0.000595262236449661,0.14850265141459967,0.849599393502572,0.001101592696927757
0.339348511690928,0.6555598439198852,0.004583131431969013,0.0004895866082440932,1.8926348973725363e-05
0.9994608249956503,0.00044441386202612344,8.830417248316248e-05,3.792960228599634e-06,2.6640096118333174e-06
0.9996726226719157,0.00031655302057660587,9.682056230382145e-06,7.570060867638876e-07,3.8524519034571725e-07
0.997078413422959,0.0027545488179034168,0.00014248009977676243,2.3349814908459732e-05,1.2078444521671437e-06
0.9903978645080425,0.009567456963217336,3.0439626681935523e-05,3.3760198955641e-06,8.628821629081564e-07
2.0504066851933744e-05,5.2832945537999194e-05,0.0019278641901276708,0.2133616778676402,0.7846371209298421
0.9997105153574914,0.0002513622949674687,3.314319490008384e-05,3.676929292487301e-06,1.3022233484899412e-06
0.0003987492751641341,0.707406144126059,0.29172953289815706,0.0004634067055689662,2.1669950508188566e-06
0.8511130668023428,0.14512649175114117,0.003683010938887751,7.454320791863002e-05,2.8872997095664003e-06
0.9998900934626923,9.920396726690037e-05,9.007760145418404e-06,1.055311323431217e-06,6.394985718962111e-07
0.9596890811301764,0.035992508713820065,0.004266392410188955,2.8295333984127517e-05,2.3722411830610966e-05
2.5391957757618336e-05,6.565845246609165e-05,0.010678082208765377,0.9891923182522461,3.854912876476629e-05
0.061769433759979224,0.8679445618777345,0.06999687041526995,0.00028254457791397245,6.589369102301401e-06
0.000201308181399861,0.000534697708462135,0.3150889028945602,0.6839882427195912,0.00018684849598643225
0.9859845565408913,0.013911518290201333,6.685253139550092e-05,3.614488843336662e-05,9.277490783974491e-07
0.8885181500922773,0.09733915667711884,0.014011075935017233,0.00010719970763936933,2.441758794712922e-05
0.013036343277446003,0.9852616345203077,0.0016122655093394858,8.284905754890559e-05,6.907635357955528e-06
5.266787623560522e-05,0.0001498654824556201,0.967031050576947,0.03276310669919739,3.3093651642302103e-06
0.999547669755555,0.00042134510777770977,2.3985065362568153e-05,4.47527679657463e-06,2.524794508439299e-06
0.4591697290839846,0.5319454489011828,0.007274727383529606,0.0013981645115626084,0.00021193011974035282
0.11753051370773432,0.75786476121043,0.11824222818379776,0.006209167014271758,0.00015332988376619516
0.9567545748350025,0.04312383486256802,0.00010882224191873717,9.329821211988212e-06,3.4382392985888336e-06
9.4109164374933e-05,6.936582400128341e-05,0.0008760957567792829,0.9065676108262777,0.09239281842856666
0.010642837899763483,0.8952665427908391,0.09316357429811024,0.0006515068224930015,0.0002755381887941414
9.948743339601229e-05,0.0001465211228969997,0.003245105788670034,0.9427055849011747,0.05380330075386214
0.0007628319892838689,0.5018992759909218,0.4930061577411142,0.004300698118245355,3.103616043484182e-05
1.9692443296496652e-05,6.633639809556431e-05,0.024712597597625594,0.975007606170989,0.00019376738999334663
0.00016779865342035304,0.003268632650938685,0.3292516405668611,0.6668812235804087,0.000430704548371299
9.583459828847592e-05,0.01538218346803991,0.9828392156066552,0.0016760107552586357,6.755571757699403e-06
8.863142099412618e-07,2.716387157329875e-06,7.812018740650387e-05,0.0012495606526162703,0.99866871645861
0.994002000078071,0.005884937399169821,0.0001006345588930949,7.919782269607911e-06,4.508181596540726e-06
0.9996766242816271,0.00029672333178870907,2.059863859608902e-05,4.77686434550782e-06,1.2768836424817713e-06
0.00018821531224518087,0.00031144480247828697,0.04691304767898509,0.8879376173545468,0.06464967485174472
0.9661583339000388,0.033420886379388844,0.00035417700115938016,3.953390768378465e-05,2.7068811729083553e-05
5.3450500614484374e-05,0.0016925530496596992,0.010391562902371037,0.9876731524123243,0.00018928113503043916
0.5624837565211657,0.4318297402773896,0.005617666351119123,3.823394514596669e-05,3.06029051796743e-05
7.151567767606592e-07,8.308378122903744e-07,4.461357659465195e-05,0.0004087193971252338,0.999545121031691
0.26781845344215466,0.72305064147055,0.00909367262676696,2.8936261121522678e-05,8.296199406877984e-06
0.00010335830762753348,0.0004831360332997804,0.002367906232020907,0.8457165441924522,0.15132905523459955
0.6839004734670454,0.31016734369714616,0.005228757183405306,0.0005597530283304286,0.00014367262407274491
0.6547187186648512,0.3434474934948387,0.0017798678153485626,4.425506060211328e-05,9.66496435927214e-06
0.9997391475307692,0.00024659614785452145,1.0700084668937301e-05,2.6214936979375144e-06,9.347430094201292e-07
0.0012664310232815557,0.8545214708680029,0.1436843260255486,0.0005081299725799735,1.964211058688782e-05
0.00031460095338382794,0.016629190268013235,0.9790746398980543,0.0039600156041421745,2.1553276406581653e-05
0.8192789094389475,0.1555499272325225,0.02417482017511548,0.0009832497902866452,1.3093363127818516e-05
0.676342626831676,0.3214206467701037,0.001980981410363531,0.00020166388796869733,5.4081099888205494e-05
2.0299650731280838e-05,5.561206833970194e-05,0.17863868488828152,0.8212741339977456,1.1269394901754187e-05
2.1059240278560194e-05,0.00029494485328503475,0.11597871671217848,0.8836871564760134,1.8122718244692092e-05
0.025159651755090138,0.9242138990183273,0.05017834467416356,0.0004192144808694722,2.8890071549605612e-05
0.9995794003494536,0.0004086091534492408,9.624234409265258e-06,1.7204821221502825e-06,6.457805658880884e-07
0.00018991568217235804,0.005793505995595631,0.030131815619692536,0.9637703208589643,0.00011444184357501447
0.9939125861200313,0.006034050881746117,4.840074615687168e-05,4.215252547864411e-06,7.469995178246818e-07
0.3995248998981216,0.5953210324774348,0.004569585943803799,0.00023231238259995558,0.00035216929803998976
0.2819999393829926,0.6019966300797694,0.11565654728619874,0.00032047569977604405,2.6407551263107675e-05
0.9997620290013314,0.0002024130065843501,3.1311573017907814e-05,3.6480960059920938e-06,5.983230605061302e-07
0.9894520142656219,0.010260542003654284,0.00024305737574763277,2.574103539818727e-05,1.864531957790645e-05
0.9994688426801066,0.00046803586736110454,2.837211991352777e-05,3.3572540739788005e-05,1.176791878950926e-06
0.017197548983198353,0.9381249732467651,0.04457160589424248,0.00010303356288893686,2.838312905129206e-06
0.9955543749228253,0.004402245302316965,3.654159246154959e-05,5.868378729887743e-06,9.69803666257385e-07
0.0017874315078181722,0.9631230801209422,0.034940337259994035,0.00013931094673607394,9.840164509469793e-06
0.0003548441851243199,0.006359292249061705,0.962963235420724,0.030234994665470426,8.763347961953118e-05
0.9998765382707865,9.915775981399097e-05,2.2235848626863598e-05,1.5291167118120768e-06,5.390040611466619e-07
0.9991370888281751,0.0007999518460552364,5.381749278349263e-05,7.6067895730293445e-06,1.5350434130075468e-06
0.00033413154272602644,0.018410487406734136,0.981082475643875,5.2204989158952945e-05,0.00012070041750578454
0.9722483856558551,0.02724900844361983,0.0004357446953933354,6.46305081498985e-05,2.2306969818598727e-06
6.923338044227421e-05,0.000893200884943688,0.03976123167633921,0.9426912858888868,0.016585048169387842
0.0057616113596758315,0.8853093263200127,0.10863254612289241,0.00028504525080905743,1.1470946610261934e-05
0.1310909097381267,0.6561949939974917,0.20991593492087546,0.0017195763655024794,0.0010785849780035497
0.05507602579423949,0.8582886670586586,0.08648442452998023,0.00014286175358667444,8.020863535231573e-06
6.109979314220003e-06,6.286869325322274e-06,0.0001443737301183122,0.004635991228038648,0.9952072381932036
0.0004407022941262187,0.1399244391606609,0.8558048865708622,0.003729537378804143,0.00010043459554655377
0.019769665402358905,0.9309778695818752,0.04917815996048971,6.370284692594991e-05,1.0602208350243287e-05
0.6427108446654761,0.3534543073179367,0.003783466479652772,4.843179514914673e-05,2.9497417854444197e-06
4.651142143602216e-05,0.0002702207366493265,0.6581381690776215,0.3415363889008623,8.7098634309184e-06
0.04078858340530727,0.9220680028178332,0.036894551842827396,0.0001987646827917733,5.0097251240563766e-05
0.0001242729198446549,0.0006736253878315221,0.0899287176713702,0.8965264752238935,0.012746908797060015
0.00017950189447123413,0.00023345882230446787,0.3120032649617849,0.6875272945928808,5.647972855881899e-05
0.0001459913604581885,0.0003154642475402991,0.18396327881120034,0.8154800559320824,9.520964871878865e-05
0.02203343323316344,0.9741139707817243,0.0037596118592565617,8.832225839080318e-05,4.661867465039626e-06
0.00028807397567327505,0.9262066761395249,0.07192105529808424,0.001575733208417531,8.461378300085604e-06
0.0018307442349977685,0.008009236624529535,0.24050410215824905,0.7473502388748056,0.0023056781074182325
0.007894330788767775,0.9735847856025137,0.01781711149474543,0.0006977580706105232,6.014043362718437e-06
0.00021741689738775068,0.0009691288814816335,0.9200251611786061,0.07877868215880567,9.610883719055878e-06
0.9964561435427022,0.0035050645742135743,3.502870279619782e-05,2.80452025850411e-06,9.586600298562169e-07
7.241917027545477e-05,0.0010374081196127733,0.9428312503475392,0.056045221725928254,1.3700636644205603e-05
7.514133411666362e-05,5.3136230332324266e-05,0.016564617426435852,0.9819803029613622,0.0013268020477528828
0.002828085608242533,0.8277385834662375,0.16822877389762367,0.001138145189991692,6.641183790454212e-05
0.9993786380355341,0.0005136007977085626,9.230769167135929e-05,1.4286004951831027e-05,1.1674701339562161e-06
0.053701219726467804,0.9338743801079384,0.011704306944235727,0.0007100192576799677,1.007396367817814e-05
2.4041025623149723e-05,7.149389496396875e-05,0.0010499250374197476,0.9987957189402185,5.882110177477832e-05
0.9143298578571764,0.08450511381525726,0.0010769195301924498,7.824949293818047e-05,9.85930443592953e-06
0.02160688054324842,0.8804712895531437,0.09735635278714896,0.0005416426792767561,2.3834437181969695e-05
0.00035503430159064623,0.023342745956243798,0.9051176642142,0.07025429638167037,0.0009302591462952197
0.00021788335001640596,0.000522899788492111,0.05415005114627366,0.9441576569785227,0.0009515087366951846
3.180495626375315e-05,5.8560086846651156e-05,0.006918066825471781,0.9900424388595613,0.002949129271856421
1.1207381336657614e-05,0.00010284343722913861,0.00057730008369277,0.037258810544182196,0.9620498385535593
0.7268475110257571,0.27180459450722416,0.001329250364278827,1.6206536558943106e-05,2.4375661809469607e-06
1.431632196840191e-07,2.6538968466102154e-07,1.5492346764908898e-05,4.761808978996908e-05,0.9999364810105408
7.487057057887592e-05,0.0002169827142969326,0.3911201903515036,0.6085298876882886,5.806867533192299e-05
0.9998441640285304,0.00015132394439581787,3.607833613866855e-06,6.632834601268577e-07,2.4090999969864024e-07
0.014695690732004413,0.6418949916833642,0.33961748961514326,0.003528554978115858,0.0002632729913723339
0.05617578054674681,0.6124938775868956,0.33075173203912134,0.0005425570914873894,3.605273574889496e-05
0.0931844072895645,0.9023764840736553,0.004233113683699725,0.00017042095473809326,3.5573998342354295e-05
7.117944629286341e-05,0.00020825393216456175,0.02801067969493996,0.9573522972637348,0.014357589662867789
1.660204076542356e-05,2.034988357445779e-05,0.0003384305110872422,0.9995678065949143,5.681096965853162e-05
3.5018056478438357e-05,5.694397868293246e-05,0.04439774882700175,0.955473699719279,3.6589418557957036e-05
0.3188064070517876,0.6701437630825743,0.010954206197195669,8.837408057814136e-05,7.249587864351448e-06
0.8540841132391823,0.13979384102307554,0.005992011916454302,9.761461434669369e-05,3.2419206941167574e-05
0.9799183236658219,0.01989244640327005,0.00014643959383219376,3.604160726340926e-05,6.7487298125602755e-06
5.254883565367237e-05,0.0005228313944063011,0.8847441299594112,0.11465607522015663,2.4414590372093772e-05
0.0005393961377583378,0.8956249642630908,0.10373424082908837,0.0001000533974607613,1.345372601854399e-06
0.0011255565373895758,0.974236221778521,0.02454839849377057,8.470309024985967e-05,5.12010006900223e-06
0.0848830691600349,0.8859042063418403,0.02846741203382338,0.000723611040397218,2.1701423904041204e-05
0.9997864246726618,0.00020624509165433872,6.58973577771354e-06,5.52709374976964e-07,1.877905309492369e-07
0.00022052451390686508,0.0015036950742246932,0.26944636943717315,0.7282821972451616,0.0005472137295337618
0.00017186611518397446,0.00029341182941059385,0.12216138569616083,0.8773130186273274,6.0317731917173284e-05
0.0009223746619693594,0.28106924685347806,0.7155220827896118,0.00247566306023418,1.0632634706530376e-05
0.00012893146191202075,0.0006224533284163744,0.9801276338407192,0.019113238608647443,7.742760304938e-06
0.024649452664964506,0.5890820600414588,0.38497903234319303,0.0009729208104341508,0.00031653413994949453
0.18258018010784408,0.7944920559984292,0.022478837020337258,0.0004336857605829069,1.5241112806493827e-05
0.9975815977674919,0.0020745494076574553,0.0003156274656746216,1.762238829651162e-05,1.0602970879333171e-05
9.314974947678863e-05,0.011764088587040918,0.6711501082003816,0.31684808701612754,0.00014456644697315727
0.005443523759368795,0.5445970739882355,0.44449416740830794,0.005428507394087012,3.67274500008003e-05
0.00026134587381059984,0.1695000106588457,0.8246664702626858,0.005560228551309082,1.1944653348848643e-05
9.323268432399362e-05,7.009729452821261e-05,0.008515151463842999,0.9822453538410404,0.009076164716264361
0.00013602395599984974,0.001041179940518997,0.6056646284392592,0.39305440161720173,0.00010376604702016816
0.00010840836603008738,0.0007797000174641642,0.9692820470032352,0.029824427731219943,5.4168820507329966e-06
0.0006063087014184641,0.15404194980815855,0.8421836636687364,0.0031220172956684996,4.606052601821183e-05
0.04702571750429584,0.9374437219588609,0.013717799196662772,0.0015770368001779363,0.00023572454000265472
0.9996524166205009,0.0003267540086334641,1.7520739746060477e-05,2.676323168408163e-06,6.32307951413722e-07
1.777339265369038e-05,7.173456474134187e-05,0.010264949354219498,0.9892289504146325,0.00041659227375279606
0.9996492014755719,0.00029512364342380306,4.4217346260840334e-05,4.961389347847751e-06,6.496145395822685e-06
0.0001904203088772474,0.0005404339855848758,0.8343421529300168,0.16491788690686357,9.105868657446868e-06
0.00013387340652126322,0.0015144254963380015,0.13754286176772781,0.8522088152768036,0.008600024052609467
0.15336709887483715,0.7459759153524674,0.09928849268454915,0.0011023261238428854,0.0002661669643032973
2.045229076863476e-05,7.817942429874841e-05,0.006490562415156731,0.938599963197941,0.05481084267183498
0.011722665796851564,0.6416815890928164,0.34637963709502095,0.00019752801652564908,1.857999878544446e-05
0.007200503755215531,0.624677315165842,0.36757111322308045,0.0005326182075253437,1.844964833669964e-05
3.628198910679953e-05,0.00012521596346883016,0.0012940468142237473,0.9979869879360564,0.0005574672971444161
7.917042477016001e-05,7.158242084403664e-05,0.014950634852858335,0.9621248828480263,0.022773729453501118
0.9998496350709836,0.0001407260329775711,8.558652520541547e-06,6.799313713210481e-07,4.0031214692051297e-07
0.9854931596701333,0.014304737713242035,0.00012205555968078533,7.297168858737251e-05,7.075368356497734e-06
0.9998643548550584,0.00012236237819134157,1.062284119313721e-05,2.5765075783231354e-06,8.341797869723967e-08
0.9992496958503435,0.0007357373979696278,1.1144137855258925e-05,3.0155813033843124e-06,4.070325284460083e-07
0.00951024013187117,0.4348739912101619,0.34473853775121505,0.21080128543434568,7.59454724061041e-05
0.011069724632157203,0.9203052080446726,0.06384284733037501,0.004645393986173334,0.0001368260066216933
0.9988019301495762,0.0010699047940563745,0.0001224699092391116,5.117983865879868e-06,5.771632622832536e-07
0.9997654196411221,0.00021827220136115175,1.420257810194505e-05,1.4205552511703707e-06,6.850241637499336e-07
0.10021076389366204,0.8214691150665989,0.07071454956220094,0.007275635102127806,0.0003299363754103002
0.9998651091577285,0.00012852772953610026,4.819024922365061e-06,1.122107535943072e-06,4.21980277198682e-07
1.496110552606356e-05,2.0275159004980242e-05,0.00044050767148208535,0.05015673748642968,0.9493675185775571
0.12205333677147133,0.8685195086095633,0.009318705644418253,0.00010436769423365463,4.081280313547467e-06
0.0003803005472104641,0.671311129056427,0.3229621854859204,0.005320393116001,2.5991794441131514e-05
0.9996003211112096,0.000390349457561611,8.43919656868981e-06,7.7247824286238e-07,1.1775641729835993e-07
0.3295633946773641,0.6561243633786518,0.013849914565516167,0.0004364083915271722,2.591898694078915e-05
0.659860692834515,0.33800927967611677,0.0020182838025965206,9.107751444573624e-05,2.066617232590675e-05
0.004024349689995553,0.5072510784009754,0.4681037197496024,0.020581180810729474,3.9671348697199906e-05
0.8360572670036902,0.1473586266200101,0.016456850770682104,9.369335235802417e-05,3.3562253259653126e-05
0.9999201719229468,6.819787502397621e-05,9.08664033446029e-06,1.0322744434145457e-06,1.5112872514792558e-06
0.000795559611194463,0.002511681994632604,0.9700241335531922,0.026629049204464704,3.95756365160647e-05
0.0005832780646518492,0.2370808289930978,0.7487262495504087,0.01359725480405923,1.238858778239788e-05
0.00016576685626057484,0.0009121160208357713,0.10073243690954485,0.7786994885555257,0.11949019165783305
3.856919202423753e-05,0.00010542847833924389,0.017137916053903458,0.9826969978700054,2.108840572763715e-05
0.9997557684077975,0.00021086877409185026,2.6808009671171285e-05,4.399872512402433e-06,2.1549359270539343e-06
0.9995895278854278,0.00039491473532002824,1.0892946256245701e-05,2.189614808721637e-06,2.4748181872818418e-06
0.007503892388350417,0.4005017158300683,0.5901490435952121,0.0017519628910237278,9.338529534539993e-05
0.999744271929891,0.0001609875575929637,8.862339280838878e-05,3.989987836998922e-06,2.127131870479169e-06
0.9997637589559112,0.00022818751205345368,5.599229645794095e-06,1.8547376524780476e-06,5.99564737370243e-07
0.00028016556418193817,0.9006274580959928,0.09842534129572116,0.0006602860588753419,6.748985228772399e-06
0.9999340193787603,6.222235610071439e-05,3.158129703693423e-06,3.8403126522985426e-07,2.1610416988114248e-07
0.00020698009557487308,0.0002679057453646735,0.009362724420199645,0.9027202084791943,0.0874421812596664
0.00035153275638433087,0.526964381968144,0.4689323569179629,0.0037421236167723857,9.60474073649024e-06
2.1469032379048574e-05,2.647091210512162e-05,0.0011697405618482017,0.06503124539594077,0.9337510740977268
0.9524285356778623,0.04700135239928676,0.0005350508635920722,2.5318536394282626e-05,9.742522864392061e-06
0.9991569281697708,0.0008171317735821684,2.0770814488336144e-05,3.27603141606359e-06,1.8932107427617134e-06
4.166121847886425e-05,0.00011427827310980843,0.06661802102863647,0.9331279120607487,9.812741902624872e-05
0.07736505673483554,0.9017216493625735,0.01958080957632688,0.0011700425039782776,0.0001624418222855871
0.00759280495320128,0.9704355543439176,0.021755697506679265,0.00018317337326020778,3.276982294172035e-05
0.11578131552041722,0.8744230268120907,0.00946614054622669,0.0002674367210018178,6.208040026350916e-05
0.7769590693032934,0.22126458957030606,0.0017025198013356471,6.937695116048948e-05,4.444373904322182e-06
0.06310962703548895,0.859618291279214,0.07640965737734158,0.0008341720312025727,2.82522767530696e-05
0.10445315254059737,0.8897639225222318,0.005073193337953812,0.0003928607525299272,0.00031687084668713427
0.9989550305220475,0.0010191629654114033,2.4283289180332672e-05,1.3286285310801659e-06,1.945948297427627e-07
0.9231944279677904,0.0763086343346886,0.00031819632491381425,0.00016327483498110675,1.5466537626132463e-05
0.00035342342111330824,0.0270594011438248,0.9692685296270891,0.003317154473610909,1.4913343617644413e-06
0.0003376571554388115,0.2549983719126826,0.7445561807056624,0.00010009813501078573,7.692091205548814e-06
0.9443411089714338,0.05460153445321062,0.0009601124129500106,7.440829960525839e-05,2.2835862800338462e-05
2.763087033006837e-05,4.9167565570099704e-05,0.05775558768020624,0.9421581081876661,9.505696227558818e-06
0.0005587126659030044,0.5408299300436782,0.45676996386674606,0.0018273958095746774,1.3997614098044021e-05
2.7082077804437553e-07,4.155342796165845e-07,2.1496203111818366e-06,9.075142178346946e-05,0.9999064126028477
0.00029253663854241266,0.0014914620035539187,0.954877507359346,0.04332038777806958,1.8106220488122862e-05
0.0012257200493863234,0.9056043595161107,0.09296458773322629,0.00020375141039460522,1.581290881913622e-06
0.944169184085021,0.0544485439356634,0.0013645991654200457,1.165151071606919e-05,6.02130317950346e-06
0.9998162798041685,0.0001471861880282328,2.594227247495227e-05,1.0390682920059535e-05,2.010524080539982e-07
0.9998906531346938,0.00010255899379524034,5.8310841302155705e-06,7.664926412388904e-07,1.9029473962402016e-07
6.37172906074755e-05,0.001001887950210031,0.994143088128858,0.004788020671315837,3.2859590086945187e-06
8.239815140034045e-06,1.8900796318073614e-05,0.0002300337414387745,0.009833919427537757,0.9899089062195653
0.00019642278327419406,0.0004062311428546909,0.20089348292527887,0.798203256483169,0.00030060666542317823
0.0016905655349713714,0.3017939779705658,0.6958765617616295,0.0006330956257633643,5.799107070180354e-06
0.5330158759448637,0.466124429942207,0.000677534404236048,0.00012626595008473747,5.589375860857141e-05
0.00013180565536689034,0.014968732856640958,0.97285507722111,0.011912246165617707,0.00013213810126474384
0.9988477927140357,0.0010855376527124597,6.526362032440864e-05,9.841356493107985e-07,4.2187727811871303e-07
1.7318468675372367e-06,2.4788980053194068e-06,1.991989177478247e-05,0.0016942853587218506,0.9982815840046306
0.4339806615991173,0.4692570773113173,0.09427778655259679,0.0023385865725966933,0.00014588796437175363
5.835058236337616e-05,0.00011808086894684534,0.00794430214119426,0.5334449856634014,0.45843428074409415
0.9995102123232384,0.0004502463584683354,2.3190958733160173e-05,1.4944471379492065e-05,1.4058881806112519e-06
0.00018017093107135348,0.0009995488643289915,0.7305767068568332,0.2682080306660355,3.5542681730895544e-05
0.9994579094709691,0.0005080720060270525,2.993428888284058e-05,3.023129315570723e-06,1.061104805388758e-06
0.19452336563471037,0.7741571207691886,0.030793670107995927,0.0002749095934292131,0.0002509338946757107
0.999474845792348,0.00048671886787780757,2.9599721863106524e-05,6.00444486884986e-06,2.831173042145157e-06
0.5000166095425376,0.49651134739688657,0.003311603013860031,0.00014553539686008605,1.490464985574322e-05
0.9999135307094507,8.107405974493556e-05,4.222676218845647e-06,7.978963137052999e-07,3.7465827189592863e-07
0.9113552986132334,0.0880357230590339,0.000466788461588283,6.467044266192636e-05,7.751942348238012e-05
0.9998760619315892,0.00010309040754658879,1.8912486715684084e-05,1.658392675292193e-06,2.767814732596452e-07
0.9989192731217332,0.000979494880738758,7.902512127357524e-05,1.8728483147390606e-05,3.478393106954631e-06
5.412541313904348e-06,7.896477855983531e-06,8.444531341958488e-05,0.006460904116255463,0.9934413415511552
0.999491832322797,0.0004068065572415575,6.146576938986753e-05,3.8711470780236086e-05,1.1838797914546954e-06
0.9983854857847381,0.001532022775604354,5.4708705029830515e-05,2.6892135441477955e-05,8.905991862743615e-07
0.9989906110940378,0.0008905043824438085,7.760114628010736e-05,2.431742871980874e-05,1.6965948518375494e-05
0.9629866957040549,0.03594970163319853,0.000991121005234044,6.851288317052704e-05,3.968774341843048e-06
6.882089207108267e-05,0.0001133747207063008,0.9834391957010181,0.016299497783965382,7.911090223921023e-05
0.3323916826694451,0.6522541682814417,0.015078816216837791,0.00022711051469417214,4.822231758123634e-05
0.9995247848503805,0.00045271583845606485,1.6692182242296617e-05,4.8800906104700555e-06,9.270383105880119e-07
0.18831508628728477,0.7703217857773952,0.04060940717884287,0.0006322714151310845,0.00012144934134617947
0.07570492307130995,0.9189897526690819,0.0052838949653603706,1.949478234470905e-05,1.9345119031443577e-06
0.00018683789982811743,0.09803330730212947,0.9001637489414588,0.001608681667825569,7.424188758161196e-06
0.23085159231414926,0.7651482117699252,0.0038321588396018976,0.00015751330665192756,1.0523769671735085e-05
0.16733048410364054,0.8147047391633522,0.01764050201691183,0.00030308405981610006,2.1190656279452514e-05
0.3609169968476579,0.6291741248226683,0.009633171203452695,0.0001464022437167379,0.00012930488250445784
4.810088055643006e-05,0.00013024006342000072,0.010006501539023575,0.9895559883062246,0.00025916921077536885
6.742236045353921e-05,0.0005550069310340851,0.7544537043342074,0.24491217944387914,1.1686930425612853e-05
0.00038262683659722087,0.9700489252338632,0.02926349560859015,0.0002973746830778045,7.577637871674127e-06
6.848547127137028e-05,0.00012550365050729712,0.006001348826192383,0.23176698899545875,0.7620376730565702
0.000494726430155754,0.005857727609284868,0.939456775020651,0.05417186378124964,1.890715865886144e-05
0.00018534059508332705,0.020984294900664675,0.9335119429771923,0.04510695892380038,0.00021146260325948657
0.00013905623072422372,0.0012191077329033767,0.12132339756124881,0.8724267810902312,0.004891657384892443
0.9623326286515599,0.03708547556430639,0.0005616208448055358,1.2681115405410686e-05,7.593823923038746e-06
0.00033225962896337233,0.0016977670871585167,0.40075825309096724,0.5958452089579,0.0013665112350109221
2.5452523312611682e-05,0.00048168977537259153,0.9379747299863994,0.061509419834200635,8.707880714733665e-06
0.3662036981420319,0.6112471978556262,0.02174725737157347,0.0007656571108981937,3.618951987012451e-05
0.00012263296324082124,0.0005602043745005083,0.9257958762346742,0.07351482299742948,6.463430154807737e-06
5.15430448114888e-05,0.00015494498746235392,0.4095278790979367,0.5902502423481851,1.5390521604421486e-05
0.9997913211831307,0.00018503918944649182,2.078383489082994e-05,2.52337722751904e-06,3.3241530458469786e-07
0.9187679405421948,0.07982438107474424,0.0013695707239507835,3.082918638916382e-05,7.278472721115729e-06
0.997373266233541,0.002586359924063871,2.6441214431384995e-05,1.1278879807360728e-05,2.6537481562895594e-06
0.9974399260757172,0.002538969115440963,1.5664523281955386e-05,3.8810295002591544e-06,1.5592560596774102e-06
0.0002890801161840497,0.8343104431671288,0.1649052917051856,0.0004818003860718409,1.3384625429716674e-05
0.016714808322591847,0.4117277499638331,0.5682412903185897,0.003192278219009147,0.00012387317597627222
0.0003537290061243767,0.0010035408716239777,0.09017922270250438,0.7526990012905095,0.15576450612923773
4.923377712279365e-05,0.0008503968512874473,0.9645771999248167,0.0345194574533264,3.7119934467018235e-06
0.00021922025009552944,0.0011498466864622232,0.6606722048153173,0.33794665110958666,1.2077138538409109e-05
0.7050671125171843,0.239181084700701,0.04450265457173861,0.011105587052994212,0.0001435611573816907
1.5076746379609941e-05,1.5713803952159596e-05,0.00019176601219366893,0.0347805792617213,0.9649968641757534
7.92009139890913e-08,2.2293300468445044e-07,2.8295755369963087e-06,5.525917283881642e-05,0.9999416091177055
0.9994699440871837,0.0003400309735916405,0.00016388034953195444,1.6559457619399326e-05,9.585132073309685e-06
1.3578653187344757e-05,8.61851376705237e-05,0.0030350013769850606,0.9968326645278067,3.257030435026985e-05
5.0515503628153246e-05,0.0001318641659986089,0.0836967879377333,0.9160778637949356,4.296859770446725e-05
6.857562757173834e-05,0.000118100734919095,0.93848870111563,0.06131823719867795,6.385323201285611e-06
0.9997449350204783,0.00023165835397128196,1.783907664012934e-05,3.3507446223977817e-06,2.2168042877541745e-06
0.08927369622341681,0.908678928187796,0.0019561055539318688,7.709558060296419e-05,1.4174454252432336e-05
0.6717157894020096,0.321589205976886,0.006499734986731959,0.00018175408506135394,1.3515549311072007e-05
2.1242270131737723e-05,5.045731884518088e-05,0.00787201149790905,0.9916839376398473,0.0003723512732667545
0.9992443515779807,0.0007214154157396652,2.7858370650360268e-05,4.390230456678121e-06,1.984405172609539e-06
0.0001099390198332148,0.0006690378347684971,0.9590790342421789,0.04013838679434402,3.602108875302685e-06
0.0026083351098406043,0.9007979055293098,0.09594231616752354,0.0006405413415398783,1.0901851786216325e-05
0.9993410706765258,0.0006193355161950184,3.066311176180347e-05,7.642003465669975e-06,1.2886920518770697e-06
9.633518077844857e-05,0.010387583510357071,0.9860980803269982,0.003410470228391615,7.530753474642595e-06
3.277979282388058e-05,8.398155378308735e-05,0.0068092716021815715,0.895339976141543,0.09773399090966833
0.00041302454358554497,0.00013588304599230767,0.9531374487906806,0.046295441766785295,1.820185295624624e-05
0.08109395065998795,0.9075253078374778,0.011169185477582293,0.00019002225240917424,2.1533772542891185e-05
5.957823946645476e-05,0.00011413491879128344,0.0026990035805544406,0.05056069590207469,0.9465665873591131
0.0008247959631540969,0.25683110063984743,0.7414863502140628,0.0008540460091457381,3.707173789781961e-06
0.00011403913896678408,0.0006539298714721881,0.3180440269366303,0.6810624695230627,0.00012553452986800148
0.4408354277503834,0.5470160882248628,0.011994590795292295,0.0001349599983841874,1.893323107728254e-05
0.09585486883439845,0.8917382662439081,0.012281018271508454,0.00011023429312937859,1.5612357055685493e-05
0.00015014098376929698,0.00014045221493486835,0.9076746409175108,0.092025044777189,9.721106595937876e-06
0.9993958107218726,0.000564267331261822,2.981391431850714e-05,5.26784725157501e-06,4.8401852955779e-06
0.8347016841043087,0.16067012075584383,0.004585274750982831,2.725077454509916e-05,1.566961431960461e-05
4.9335024574336944e-05,0.000316197427090084,0.015316349171360063,0.9843084244971012,9.693879874245103e-06
1.0603338548973345e-05,1.6560090493171012e-05,0.00046732269726774533,0.027223211514776118,0.972282302358914
0.00034100238969144976,0.0006881490770497523,0.967100600521385,0.03186344787915313,6.800132720582909e-06
0.00012052900209741034,0.015342526514695776,0.9639213899527493,0.02060853695231383,7.017578143580588e-06
0.00010968058909126505,0.0003497748942690564,0.11243229780183016,0.8864446536583392,0.0006635930564701676
0.7347158040065502,0.2630504227759574,0.002023747246306486,0.00020525996297156713,4.766008214311854e-06
9.049046947765338e-05,0.000206670550843498,0.6884307137263155,0.3112264904488431,4.563480452026243e-05
0.00020018013260192122,0.0008640205205102189,0.17295769575495465,0.8243536728944975,0.0016244306974358524
2.947945181566462e-05,5.00284577806062e-05,0.005941779871974689,0.7423304436607127,0.25164826855771627
0.9996144984007453,0.0003113872467091082,7.121916241069088e-05,1.969109209689128e-06,9.260809251444311e-07
0.9998902784459427,9.059238887402698e-05,1.4495129858037762e-05,3.973838911544378e-06,6.601964135533032e-07
0.035816032523555655,0.8521396928743095,0.11195811632746892,7.61531508326764e-05,1.0005123833285321e-05
0.50369004690794,0.4317695187060581,0.061693889173433644,0.0028049581202351523,4.1587092333161516e-05
0.9997404473409596,0.00019298754042568322,6.184223265253668e-05,4.263915656667305e-06,4.589703053951591e-07
0.9997400286831335,0.000245113770496567,9.827910181634767e-06,2.767661215320504e-06,2.261974972962556e-06
0.9996218729512516,0.00035773970991030126,1.7751225582580254e-05,2.2381461302500874e-06,3.9796712533517105e-07
1.6141190769588494e-05,1.2715609228555112e-05,7.446350560827959e-05,0.008813514494349122,0.9910831652000446
0.9998522744801995,0.0001271635770623538,1.787933207055114e-05,1.747756646921771e-06,9.348540206837005e-07
0.00013482239201288417,0.00035427846588407993,0.4994971908756023,0.4999702951000975,4.3413166403297716e-05
0.005059175159786276,0.9741740401621527,0.020692781417546317,7.190161952544371e-05,2.101640989364449e-06
0.9982766482507252,0.0014249595779456765,0.0002894549486031068,4.949862608605875e-06,3.98736011751182e-06
0.00038813169352194387,0.061373633515711554,0.9356121790095009,0.002619890186463934,6.165594801740744e-06
0.1615851056382573,0.8362623987483122,0.002068933175085759,7.585681821619697e-05,7.70562012874167e-06
0.1275733911481689,0.793077278730738,0.07747471949434401,0.0018140979532040853,6.0512673545058885e-05
1.5777867040483035e-05,5.370085555972591e-05,0.0022158790597936085,0.1092717417359593,0.8884429004816468
0.00010381703471144045,0.00035247530762872673,0.006534564690853083,0.9865000572352355,0.006509085731571214
6.48029364672842e-05,0.0023432787392179888,0.9512403285268634,0.04632838307423604,2.3206723215506902e-05
0.9998380219984471,0.00013887594941031813,2.1800219881423698e-05,8.320299913018457e-07,4.698022697792519e-07
0.0006283935688862524,0.13950863999365695,0.8592233260214804,0.0004958699697807212,0.0001437704461956473
0.9996147202693817,0.00035098221466903706,3.10660523705066e-05,2.524925412171033e-06,7.065381666704773e-07
9.936751476558994e-05,0.0005510576688747785,0.8053242453738172,0.19401599698179575,9.332460746664271e-06
0.7844068464020144,0.21353778584038255,0.0016995500656733446,0.000353543420045359,2.274271884398957e-06
0.19922251853902,0.6730157143543345,0.1268922704776318,0.0006120777769066927,0.0002574188521070412
0.009298575343744874,0.9422524099767209,0.047893425228836946,0.0005279583116436943,2.7631139053419096e-05
0.0007271576939200776,0.7067881521400975,0.29189313429464314,0.0005708060938281788,2.0749777510860058e-05
0.8730709568358291,0.12644116140525355,0.00045303522486751655,2.9495371040303938e-05,5.351163009320023e-06
0.0002531840469716779,0.00027171023662686837,0.004414743331045962,0.8296343343923833,0.16542602799297224
0.0003199292646974255,0.4417435089283877,0.5577446419307336,0.0001884722471619854,3.4476290192428513e-06
0.00010970830512555435,0.0017817439675239732,0.7328510647487991,0.26523692763963813,2.0555338913295478e-05
0.00031239468106971334,0.3285308647735228,0.6686301233026483,0.002509989350903695,1.6627891855680092e-05
7.679302912826922e-05,0.022283927024096702,0.9773126363663527,0.0003243867893716828,2.2567910507019206e-06
0.9992110282738641,0.0007397052139481922,3.6272975467148464e-05,1.083653387923682e-05,2.1570028412387124e-06
3.492821752142785e-05,0.0020156368585082488,0.9888488177575178,0.009093988160266695,6.6290061859274455e-06
0.9991282197285036,0.0008171175068448548,4.626254059302562e-05,6.3616706506570575e-06,2.038553408026469e-06
0.998627648527997,0.0011315427103045033,0.00021541823077939908,1.588307297562767e-05,9.507457943459795e-06
0.00012380599983812077,0.00557226213103457,0.9917712499991513,0.0025221457846349594,1.053608534094353e-05
0.0001495109533359386,0.00017309535030777927,0.03467050012464089,0.9627320012188045,0.002274892352910974
0.9980459594331539,0.0019440155660204973,8.751145102837233e-06,7.864169411579448e-07,4.87438781590226e-07
9.839124068573133e-05,0.0007615328426702042,0.7665782100313036,0.23238980328219702,0.00017206260314355158
0.9982285644064982,0.0014474775278083018,0.00025738890851467565,6.421017252732627e-05,2.3589846514205405e-06
4.394478564955959e-05,0.00010353471029144365,0.012611364533485062,0.984650150686005,0.0025910052845686906
0.9995880318806295,0.0003790344903453344,2.2600322174025804e-05,7.035637741178011e-06,3.297669109786023e-06
0.9661562928067234,0.03369599532909654,0.00011765490257960448,2.705047127645478e-05,3.006490323883409e-06
1.809314142687372e-05,0.000194699266106439,0.05389949250458158,0.9458439516100089,4.37634778761612e-05
0.0022496033015368907,0.6726600156861329,0.32303470302806525,0.001877124276895638,0.0001785537073694179
0.00017204818309092074,0.6297016071754289,0.36986590924125756,0.000258548146431044,1.8872537915115066e-06
0.00015889860256092285,0.0001641914677371335,0.24626588943410743,0.7529533604507522,0.00045766004484236716
0.0281936533122505,0.9672656403706121,0.004493958370616324,2.154761796349802e-05,2.5200328557408964e-05
0.0011246864500915079,0.6460439206691122,0.3396630847937456,0.013130535400719361,3.777268633124044e-05
0.05715949205364726,0.9395593872019737,0.0029259931474219093,0.0002793698926929048,7.575770426435362e-05
0.4617043234284403,0.5229719033412469,0.015226439331211957,8.622538122064851e-05,1.1108517880148512e-05
0.8530325299450372,0.14541786915564256,0.0014609542236076619,6.128815770068324e-05,2.735851801193579e-05
0.00011855346778223984,6.510375390002668e-05,0.18969442635985684,0.8101068777860368,1.5038632423999973e-05
0.01258493912734802,0.9823592400395554,0.004568751434981683,0.00047885791169982687,8.211486414997476e-06
1.1739636471053803e-05,1.5056615548055908e-05,0.0030494675857263825,0.9960356004962507,0.0008881356660039576
4.302029418064506e-05,8.605843907118274e-05,0.0009956131825922742,0.9982946224071308,0.0005806856770252004
0.007920334933814568,0.9361338211988957,0.049725347777019896,0.006183589230688869,3.690685958124904e-05
0.0002939263682688261,0.00047812284300373495,0.06372274077495887,0.9133710133708924,0.02213419664287629
0.00031939598692339017,0.00042465836359919764,0.005607734785264383,0.6174349832184648,0.3762132276457482
0.0004986241859758036,0.18989113332253157,0.7231585504747516,0.0864280919387102,2.360007803075572e-05
3.1063466808283736e-05,8.067770485912403e-05,0.007765277726293075,0.9555994471408477,0.036523533961191734
0.06287031777360608,0.8663030161226383,0.07047927746512661,0.0002657641811897795,8.162445743938549e-05
0.9996320701329778,0.00028764057864231996,5.8964488312148787e-05,2.020502109576168e-05,1.1197789718307522e-06
0.9995122493187533,0.00047576559578582373,1.1135616186402034e-05,7.453865093093791e-07,1.0408276533222258e-07
0.939604080754927,0.059677995503759004,0.0006934790058088202,1.4412731135556281e-05,1.0032004369623703e-05
5.5547585822265455e-05,0.0025186097753566155,0.9914796880400497,0.005937169664781461,8.984933990045136e-06
0.000308622681647128,0.00047347688376286835,0.013922042034736059,0.5626252236243051,0.422670634775549
7.10909258549647e-05,5.3148258796328057e-05,0.0020344111408838,0.42501377322676787,0.572827576447697
0.0002485543199416214,0.658988755806696,0.3406059551798736,0.00015163847224900545,5.096221239685991e-06
0.0011785949517602065,0.19237909308030074,0.7915487798440652,0.014878097460065125,1.543466380873228e-05
0.00014230290893029338,0.0016695201754645575,0.9859745133909242,0.012207957015293624,5.706509387515258e-06
0.9958841811948389,0.003181750844030705,0.0008537695730450809,6.310601784789307e-05,1.719237023750444e-05
0.9997560550525836,0.00018258280235047014,4.652400041689596e-05,1.4328525087327998e-05,5.096195618822308e-07
0.9993890857331521,0.0005857323329112353,2.035655436447147e-05,2.9573595558388974e-06,1.8680200165193417e-06
0.00029176671626249663,0.3055010021460051,0.6936830259491757,0.0005175499701952108,6.655218361462069e-06
0.0011316582707972939,0.7166949806072428,0.2512119436868363,0.03089442466389796,6.699277122565494e-05
0.000213089932547802,0.06692391948316052,0.926579062128284,0.006281581557291353,2.346898716289383e-06
0.00010008805127996993,0.0002592012428451762,0.005874677091642066,0.9936375057848718,0.00012852782936089092
0.00010322445512488563,0.00030755131112180495,0.512513363793912,0.486794262610181,0.0002815978296603218
0.13706185248309571,0.849568144106266,0.013140113910632389,0.0002231535291563129,6.7359708496395175e-06
0.05708522041387308,0.9101837588466349,0.03237018998062048,0.0002506949352087181,0.0001101358236626963
3.739381460139869e-06,1.206015702629826e-05,2.1312700810082135e-05,0.003962281665619966,0.9960006060950835
0.00044191239244402956,0.4112782858051785,0.5850447728726984,0.0032177123297163126,1.7316599962744096e-05
0.7098143688466981,0.2875120091208383,0.0015359378596045703,0.0011113512608802343,2.6332911978644845e-05
0.007448702162844132,0.9130260630929798,0.07932062849787709,0.00019906500825338152,5.541238045484701e-06
0.9983376160857703,0.001434712951272551,0.00019420453242753605,2.3744488633740286e-05,9.721941895898186e-06
0.014673833191083018,0.9791069005274612,0.005783944364549495,0.0003313681070307477,0.00010395380987559782
8.489592006410774e-05,0.0003553375811208878,0.08632155728099603,0.8589532368804511,0.054284972337367794
0.0028483163549498968,0.5711483090735533,0.40069569150443274,0.025263559612234813,4.412345482906776e-05
0.9992067878018165,0.0007264713697926624,4.497788332934522e-05,2.1133803889285064e-05,6.291411722972149e-07
0.05334870961544909,0.9292784496453317,0.01724661920040587,0.00011822575421440983,7.995784598698447e-06
0.9998752905271204,0.00011716717126523727,6.109319219770981e-06,1.1005578154593907e-06,3.3242457903983283e-07
0.9999300539339153,5.8311509970480515e-05,9.78124314541418e-06,1.6758173822139811e-06,1.7749558662886778e-07
0.17603009328072336,0.8215418722432105,0.0023550324718285597,4.1102803731180996e-05,3.189920050634935e-05
7.942956541177132e-05,0.009171456354439925,0.9761204542945132,0.014598040698060494,3.061908757470629e-05
0.006242055156565982,0.9130620076707973,0.07988676779929803,0.0007874765456713107,2.169282766749284e-05
0.9621843183854834,0.037625282454694514,0.00017013339558854217,1.574452747439102e-05,4.521236759278541e-06
0.00023036131939537568,0.03519119207175832,0.9570943877929708,0.007481397835902287,2.6609799732648305e-06
0.00025009644696542507,0.00039665547238620566,0.41187200437793303,0.5873360537639277,0.0001451899387875623
0.1232545545047764,0.864219281613008,0.012396161932048223,0.00010491703653320246,2.5084913634145097e-05
0.3094958372709853,0.6799371694848559,0.010411973321895609,0.00014667536680823453,8.344555454900572e-06
0.06107427884894887,0.5110139777774134,0.42679074945091755,0.0010351870991056526,8.580682361459795e-05
0.7817778367568925,0.21615186778988346,0.0019068686529817086,0.00014184927707918332,2.1577523163146878e-05
0.0003238964999819322,0.18036670911470612,0.7673086230344082,0.05198760945424126,1.3161896662462788e-05
0.0001962354977210297,0.047160090577771666,0.5830972961422779,0.36929890099541185,0.0002474767868175118
0.010695727625967677,0.9589558807883026,0.02995207371896475,0.000390679949636207,5.637917128563341e-06
0.8681898282067434,0.13068788121015673,0.0010097943546138002,7.737524761132009e-05,3.512098087488183e-05
0.0003764428602670971,0.0010207785387968459,0.632716921434982,0.3584447764519448,0.00744108071400935
0.999771554140028,0.00020597146990136288,1.901316603753749e-05,2.680774398471349e-06,7.804496345750721e-07
0.44566577656593986,0.5523563611349086,0.0017623630271546694,0.00017414202068568,4.1357251311215006e-05
0.00022144657106773217,0.0006444918074400511,0.41322487238542754,0.5858827828765992,2.640635946537111e-05
5.5970145520121616e-05,0.0005280399458487366,0.9679894344024819,0.031416426778097625,1.0128728051754853e-05
8.807609213029917e-05,0.00025577653293673824,0.00776681474292544,0.8703789589930543,0.12151037363895315
0.0004063030343763259,0.013417324807439797,0.7355962556754897,0.2505565950787692,2.352140392500702e-05
0.0001242397213928679,0.00012079661970993712,0.6937079118917018,0.30600437389201746,4.267787517784079e-05
0.05185760526287382,0.9091818342039183,0.03786286670495996,0.0010591985087194003,3.849531952838623e-05
0.7242939309774238,0.26813937304868685,0.0072762141679853405,0.000165497618141487,0.00012498418776258794
7.741765560492961e-07,6.437876363087032e-07,3.371610114383787e-05,0.0006438003028050367,0.9993210656318589
0.9998678415871534,0.00011735808265555074,1.0917403442975036e-05,1.5955431736272917e-06,2.2873835746483807e-06
0.14363063920740318,0.8184805135543258,0.03202664098994728,0.005595071105737164,0.0002671351425864356
0.9997741731653275,0.00020796869420646214,1.643051358587696e-05,1.1815299827737294e-06,2.4609689744178907e-07
8.381382850208831e-05,0.01913972224224712,0.9700272292462042,0.010722317105840096,2.6917577206451306e-05
1.0167579600063376e-05,2.4966365447049983e-05,0.0028274933499193877,0.016123905622206097,0.9810134670828276
0.005380840251643915,0.03519742291682624,0.9494658597933245,0.009731295307595363,0.0002245817306097948
9.717805099895988e-05,0.0005380365922610521,0.8264704482586448,0.17287403432426934,2.0302773825768742e-05
0.0010612180100143408,0.06509676424928434,0.9306001368117355,0.0032120876978225265,2.979323114317529e-05
0.00016237915570769247,0.03245992755368592,0.9659014978263232,0.0014640330856960475,1.216237858715039e-05
0.8324201167714586,0.1662749452748063,0.0012675372232316185,2.9461488551511934e-05,7.93924195199537e-06
6.744181976372696e-05,0.03487156609418635,0.9622386999093676,0.00280453247171914,1.775970496327674e-05
0.9999386011906842,5.456438991164103e-05,6.319168818870771e-06,3.6449655472084056e-07,1.507540307750983e-07
0.13565642807120262,0.8552922923193471,0.008929815068214159,7.956599299174828e-05,4.189854824428642e-05
0.00016787430995826653,0.0018802997131234065,0.9934563769422028,0.0044824446226211685,1.3004412094357485e-05
0.9994065441220092,0.0005781028787084495,1.0153458604535707e-05,4.669753086589167e-06,5.297875911714189e-07
0.0006164090302486748,0.278913334935113,0.7194736426904568,0.00097758796628085,1.9025377900698186e-05
0.0018095599467552281,0.3005641660756197,0.6922318659868494,0.005347474574943369,4.6933415832267186e-05
0.9987415645874613,0.001154667525014974,9.161900820533338e-05,4.8673769548664175e-06,7.281502363580291e-06
0.1648798634466816,0.8307356849525882,0.004112476452022336,0.0002503496662504483,2.1625482457420654e-05
0.037283014624546196,0.9245139156748914,0.0372579387237248,0.0008417833852575742,0.00010334759158010685
0.00017064818950809235,0.05557604927326426,0.9436909611342349,0.0005604765576265497,1.8648453662300892e-06
0.34928479297498904,0.6400369043295808,0.009636653228792346,0.0002193821884137357,0.0008222672782240826
0.00026755613780867356,0.144562316749374,0.7718452160875138,0.08329719448516568,2.7716540137936955e-05
7.392418917456392e-05,0.0001198074875370604,0.20750591553797898,0.7922741915657747,2.616121953463784e-05
0.052785371460763474,0.8908160758864356,0.056306985359116546,7.831234965542219e-05,1.3254944028865327e-05
0.9996643475554481,0.00032254550680781315,9.545116565477513e-06,3.0979732567035936e-06,4.638479219188185e-07
2.9566253756066145e-06,5.166835867391908e-06,7.871775950543855e-05,0.001322091150746424,0.9985910676285051
1.7140891819863786e-06,1.2772118090561602e-06,8.96376488471284e-06,0.00024919401178626267,0.9997388509223379
0.0001855039578213873,0.01549191008912,0.9786157412469663,0.0056990832928036144,7.761413288753498e-06
0.02537430992168861,0.6380696522767391,0.3340768482015127,0.0023680496799487424,0.00011113992011082967
0.00027236082819498126,0.00613966882586986,0.9799786537080344,0.013534652792895362,7.466384500526899e-05
0.9996898834733471,0.0002997764845192933,8.144246213289552e-06,1.5589940808744895e-06,6.368018395061212e-07
8.818676815788477e-05,0.0005311730308290936,0.9252098756397571,0.07411905905610518,5.170550515097693e-05
7.759397901365625e-05,0.011355984303803702,0.9882665965940731,0.00029770784002606414,2.1172830832300344e-06
0.999611412045478,0.0003673839861359457,1.4203686528650172e-05,5.7817343664341844e-06,1.2185474911415092e-06
0.9990511300207705,0.0008560074670427052,8.56656081822275e-05,5.445862248764706e-06,1.7510417558432535e-06
0.9905852741715933,0.009248474012791894,0.00012112423620432203,4.313945167638373e-05,1.9881277341421936e-06
0.0008779215174261479,0.00303334118984914,0.7683792722203016,0.22765761387609457,5.185119632849271e-05
0.9997270400080184,0.00017663007491365004,5.049308210880701e-05,4.4441923552126414e-05,1.3949114070274498e-06
3.5956634109239695e-07,1.0638748913817376e-06,1.912846440075004e-05,0.00012230144375885522,0.9998571466506079
0.0002675742301789436,0.0021270650357567422,0.989776013939649,0.007826666072315773,2.6807220992948867e-06
0.999706978343773,0.0002785763280644167,1.2550203656143253e-05,1.5565805426190786e-06,3.385439636717815e-07
0.0012195013664896724,0.9636774458034062,0.03497161710985591,0.0001225183073220769,8.917412926185828e-06
0.00019022031853216457,0.0007480384819243999,0.4377497640032895,0.5592078231771783,0.0021041540190755823
0.00011312612754587905,0.0004561217044502924,0.9631331662153425,0.036283538970929355,1.4046981731973714e-05
9.500350129757004e-05,0.08805140525399036,0.888403242150644,0.023362468496368836,8.788059769913684e-05
0.0003680935570236609,0.0005016334660197184,0.1865772227952636,0.8001517606116969,0.01240128956999612
0.680703496864753,0.31398330110919004,0.004565267998139549,0.00040255055059524133,0.00034538347732227274
0.0050504271271737495,0.9132641050912187,0.08138309057194161,0.0002192422634725921,8.313494619324597e-05
0.00029359320996525425,0.1755816663829012,0.8205995123490772,0.003512039631371194,1.31884266851028e-05
4.4181021859874014e-05,9.75225699005238e-05,0.007646176212827985,0.9901605781716875,0.002051542023724325
0.9998018524311483,0.00019123680111229828,4.97764346570262e-06,1.5320883573447186e-06,4.0103591631574334e-07
7.414299467824218e-05,0.0004642732952808875,0.37274914805121345,0.626659028111415,5.340754741229278e-05
0.006057937026059993,0.9147567629876906,0.07842231035642844,0.0005674332072407357,0.00019555642258021474
0.00885054939700612,0.8926708884520073,0.09783732659403979,0.0006200173085343277,2.1218248412583102e-05
5.16735340041625e-05,0.0002185136965576079,0.9851647699269666,0.014553631414115663,1.1411428355786967e-05
0.9529938728564886,0.04666589492000979,0.00028676085386881485,5.0790021185603036e-05,2.681348447246436e-06
0.6250174715292021,0.3711464703123339,0.0037105938877260627,9.179585013838524e-05,3.3668420599460124e-05
0.9763495836667192,0.023597500511419862,4.021714438411139e-05,1.2088392607673695e-05,6.102848689590532e-07
0.9356695812062324,0.0637456046033847,0.0004256998979619201,8.041288014808735e-05,7.87014122726775e-05
0.929822586373403,0.07002513398989123,9.608949781502292e-05,2.4767811022339546e-05,3.142232786836579e-05
0.004251966564466199,0.8551480658454939,0.14016284200864063,0.00043366534448533833,3.460236913995657e-06
0.5179264223727886,0.48096808805211594,0.0008145251463656195,0.00023125178539421012,5.971264333560555e-05
0.9969325642456947,0.002790376670716661,0.00024954229910272333,1.9574063050741317e-05,7.942721435086109e-06
0.8723728800105253,0.12365409864559777,0.0038469210340993268,8.007929903359284e-05,4.6021010744223015e-05
0.8204478400934145,0.17827514433783162,0.0011786474900232617,8.333307116784165e-05,1.5035007562889301e-05
0.0006086246287890401,0.006569145874824403,0.7119476719739195,0.28064258088447835,0.00023197663798867784
0.0001666653914534276,0.0018686548606818695,0.9647108228277828,0.033244676422535785,9.180497546260235e-06
0.7729943904149011,0.20371367423955228,0.017561730366050073,0.005431124284423726,0.00029908069507267006
0.00035146593274914287,0.04105431011124205,0.8267456171817501,0.13167195993647957,0.0001766468377792194
0.9771034567957624,0.0226273916109961,0.00025314611078184837,1.4372483009006339e-05,1.632999450608886e-06
0.0005102740423490505,0.6063094288517846,0.3902837616234919,0.0028876144438356797,8.921038538695989e-06
0.015383399050795795,0.4138347306640022,0.5702452207257264,0.00043272463382549014,0.0001039249256499656
0.13360179100085515,0.7993433184065172,0.06640826105912294,0.0003688160905214448,0.00027781344298339136
0.8048372141034069,0.1923662817353999,0.002420578732693924,0.00029994653572085715,7.597889277819956e-05
0.9998422085402262,0.00013050944253412635,2.257778835080641e-05,3.998375830999227e-06,7.05853058029575e-07
0.00020452243906735946,0.0057382700683762215,0.9935701547280218,0.0004829902665866366,4.06249794796291e-06
0.14034681024167467,0.8083497270725638,0.05079548759995521,0.00047643578012069004,3.153930568555042e-05
0.005572753136358259,0.03967870584473597,0.9384475721198504,0.016285026569934333,1.5942329121055395e-05
0.011217022426877365,0.7957653050852006,0.18857889871500355,0.004348026320150777,9.074745276773886e-05
5.362592841770585e-05,9.03166035956625e-05,0.0043721121665206706,0.9480919694958143,0.047391975805651576
5.322950274106651e-05,6.62805317163375e-05,0.008797206099002645,0.9888452210516753,0.0022380628148646097
0.0004290793879866349,0.6220771603159778,0.37728826616706007,0.0001985888689138965,6.9052600616244035e-06
0.00011581015727669985,0.0001515779363112867,0.890640023291816,0.10903621479055664,5.637382403929241e-05
0.9990235274524818,0.0008308090800247375,0.00013933445845936074,3.611481676609579e-06,2.7175273574103644e-06
0.018402454979589124,0.6666679563193532,0.31416970708324954,0.000731006843840091,2.8874773967957125e-05
0.9482648155622224,0.04822143829308544,0.0034373918510587813,5.429698474289784e-05,2.205730889059661e-05
0.0001211820711814594,0.00020648363413274643,0.9025957673191297,0.09707004270207496,6.524273481221891e-06
0.011699033845256323,0.9496524119329479,0.038224045444071084,0.0004150513319339098,9.457445790805992e-06
0.8952802440037826,0.10343419652416222,0.0012153256985886875,4.5284030155748045e-05,2.4949743310724588e-05
0.9854462759564132,0.014412282231672948,0.00013336848674595263,5.936486312204739e-06,2.1368388559123613e-06
0.0006722726701225853,0.004000995686808563,0.03928427280743114,0.9531541074768123,0.0028883513588253973
0.0003506787000081478,0.6453097158780943,0.3421637673969112,0.012144940107465012,3.089791752133931e-05
0.8224036230809275,0.17446092139124367,0.0028209379730161194,0.00026472121664582616,4.979633816685986e-05
0.999676615491978,0.00029406514624195646,2.5363430679555866e-05,3.0592185450845145e-06,8.967125552627055e-07
0.0012573748643924987,0.5606517060208962,0.43308232598448104,0.004997328447281949,1.1264682948234604e-05
0.0002625350051449047,0.0021821557917823683,0.9958031857505456,0.0017482984343055574,3.82501822165051e-06
0.047333160882788564,0.8923290343960669,0.05954872418014721,0.0007603671423395383,2.8713398657633673e-05
0.0003735853992265743,0.46959702046877444,0.5298291759889113,0.00019863673972362158,1.58140336417007e-06
5.2808058982995815e-05,0.0059802958960889,0.9903532430723598,0.0036071145295658944,6.5384430022815045e-06
0.9921889179326481,0.007670409084308463,0.00010913025383381748,2.5309206815225825e-05,6.233522394340386e-06
4.186380722935377e-07,4.967601651047208e-07,5.491162766815449e-06,0.00023053520000176667,0.999763058238994
0.8292842680106705,0.164645949817323,0.005822578033307412,6.6095414451611e-05,0.00018110872424724922
0.48711914793222927,0.5113194384708158,0.0015207331643949317,3.414939481671451e-05,6.53103774324781e-06
0.00010853033822942684,0.0005151279907437695,0.3173940513287847,0.6819749305586683,7.359783573884732e-06
0.6512337438520566,0.3364773015334224,0.011960940813549092,0.00031277655935265183,1.5237241619367954e-05
6.488108725129106e-05,0.00020951878883906938,0.0029777095479507237,0.9964733546608475,0.0002745359151113634
4.24497713983915e-05,6.844589163072047e-05,0.005148123057866957,0.7866609242929142,0.20808005698618975
0.9985597668780141,0.0009115615529885432,0.00041575183237192525,0.00010382134062931468,9.098395996074688e-06
0.004153431750969636,0.5532102274692423,0.4298761458651585,0.012678100995277454,8.209391935209661e-05
0.9998786061558741,0.00011294832335797503,7.0744872424143675e-06,1.0213023037136185e-06,3.497312216111574e-07
2.6714351367778743e-05,6.139122343823128e-05,0.005945750490280149,0.9920777013177281,0.001888442617185705
0.0010722861907119133,0.383478678438843,0.4449559350990109,0.1695653840572117,0.0009277162142223756
0.8853054792249311,0.11169549664352887,0.0024793065947598743,0.0004379929135791724,8.172462320098998e-05
0.9990020065921101,0.0009265600543779074,6.829618195608667e-05,2.5450676352563588e-06,5.921039207026511e-07
0.9979876260578976,0.0017424619884139519,0.000253060726484908,8.316019018286674e-06,8.53520818511737e-06
0.07391712982227695,0.9050064497147563,0.020335933014786336,0.0007288695784978118,1.161786968245773e-05
0.4326139454419528,0.5405327517150885,0.025325244859953612,0.0012571511005793276,0.00027090688242569774
6.751421035713528e-06,7.084108444840757e-06,0.0004043565754621636,0.012434851192182916,0.9871469567028742
0.15096714737588485,0.5361386984798815,0.31197362091759184,0.0006609249414032276,0.0002596082852386858
0.8998314030981093,0.09804124469803356,0.0020072588504341012,0.00011033702572090513,9.756327702316e-06
0.13363449959146792,0.8585141829265127,0.007720084351969108,0.00011639047516076015,1.484265488936013e-05
0.014891549776093482,0.9265828910684097,0.05829613438626874,0.00021711768135389048,1.2307087874014239e-05
0.0001081641017699741,0.002561781131356909,0.9853173060163264,0.01200547051112202,7.278239424724231e-06
0.35353828061711035,0.6450430733319533,0.0013763796037195065,3.441614729756318e-05,7.850299919285319e-06
8.39752814569769e-05,0.0028922168549808547,0.31947156521639014,0.6772182982841389,0.00033394436303310295
0.5146151635660016,0.4557224704320886,0.029256312258544852,0.0003451578484619252,6.089589490305341e-05
0.007478415940309804,0.9533641309753826,0.03821966459006898,0.0009288093953919767,8.97909884661113e-06
0.943906706020089,0.055711738274059536,0.0003101644866374787,6.582811970437312e-05,5.5630995095220145e-06
0.9996223167268443,0.0003705570992471963,4.439807427601054e-06,2.221380584634837e-06,4.6498589629353437e-07
0.8116366786466908,0.18321327489114547,0.0051373007697209224,9.704518806722632e-06,3.04117363597747e-06
0.9995763058562802,0.00037279005866483814,2.6721102129219785e-05,1.716950488310971e-05,7.013478042450586e-06
0.9989558353870349,0.000859717392270994,0.00015524593081533777,2.6831868771682125e-05,2.3694211070312887e-06
0.0015754676838408866,0.9474631326056077,0.047202194507375506,0.0037528468013033165,6.358401872659553e-06
0.11548731410204115,0.5484499338883582,0.3181200758981309,0.017771036130959303,0.00017163998051043536
2.365413279115597e-05,8.170092861015192e-05,0.00442016624120701,0.030197761525267718,0.9652767171721239
9.568160209869136e-05,0.04038661781157811,0.9337476457621031,0.02573901703931206,3.103778490798775e-05
0.8944296737567058,0.09410646428754572,0.007371864507826918,0.003461852131056745,0.0006301453168647775
0.00036925615785947516,0.5025376588468254,0.49660155564666725,0.0004857017649905218,5.8275836572305855e-06
0.0004103801676451768,0.557219211353331,0.43950225363411066,0.0027802148173881173,8.794002752520763e-05
0.9976605820060961,0.0020269237281835438,0.00019336147353432782,0.00011535022043810875,3.782571747914326e-06
0.999574452910829,0.0004022904989353527,1.93220022267701e-05,2.4087975602199645e-06,1.5257904487547e-06
4.655212857767607e-05,0.00014450157423741029,0.4416376471481809,0.5581073756190202,6.392352998380245e-05
4.5246507169608086e-07,8.118256601282616e-07,3.4474716573284896e-05,0.000565648862701484,0.9993986121299935
5.1753784179751866e-05,0.014851196816599056,0.9850455135258217,5.0785067052897864e-05,7.508063465854976e-07
0.23131070860996195,0.7582896563634932,0.009970870203456654,0.0003386705678939921,9.009425519419535e-05
0.00014138139281499328,0.0011878495804385153,0.9666397274189334,0.03202777483364724,3.266774166000939e-06
5.256190682462877e-05,0.010829373138149996,0.9882907971136182,0.0008232446342301648,4.023207176928029e-06
3.6593143744252693e-05,0.0001871244325366274,0.5132298617911503,0.48652835437360537,1.8066258963492163e-05
0.0017175922801847187,0.12792598268418462,0.8636083212758745,0.006666497441718631,8.160631803765488e-05
0.3152707091413806,0.6730855057337553,0.011431391734445387,0.0001787697448760083,3.3623645542632614e-05
8.648062466939295e-05,0.0001419494256331019,0.10061565893811518,0.8971563782611653,0.0019995327504168754
0.0002458523246128213,0.0018940292792618309,0.36562959562751474,0.6313123235145506,0.0009181992540599515
0.9993915155030068,0.0005612068428143306,3.867633164773153e-05,4.690372401131149e-06,3.91095013014774e-06
0.9529764612845221,0.04589091850586496,0.0009037302526497301,0.00019881313916078296,3.0076817802679673e-05
0.9995543932229707,0.0004259707586510069,1.0378075408865102e-05,4.10627899718448e-06,5.151663972324459e-06
1.0399704128177072e-05,3.296385285551307e-05,0.0004352526690284227,0.03600925200729601,0.9635121317666919
0.9997386008591224,0.0002479795829565321,8.52715228241968e-06,2.8011238247226493e-06,2.091281814215873e-06
0.020904646897813774,0.9676872335885911,0.010789371821486152,0.0005953796968887046,2.336799522040123e-05
0.43762441752544584,0.5554755469086103,0.0067826841553943334,0.00010815743596719789,9.193974582349296e-06
0.6617613666792572,0.2640104334188891,0.0732312901159055,0.0008887611628145492,0.00010814862313365246
0.9866756957127683,0.013047833659998941,0.00017331218832161008,9.274555615130874e-05,1.041288275973683e-05
0.00011703531479161558,0.17515241358393902,0.8163482245245803,0.008377876156965487,4.450419723541057e-06
6.035656391632765e-07,7.157733808495807e-07,5.467567268330869e-06,0.00012854907210133203,0.9998646640216104
0.9987533650865619,0.0011757680102231457,4.9218287624939425e-05,1.4643815127485809e-05,7.004800462631092e-06
0.862590596296523,0.13678955575729135,0.0005939728243117673,1.5917494992675063e-05,9.957626881086581e-06
1.7928233185834993e-06,4.329155245082336e-06,0.00013845101059820487,0.021041211611170677,0.9788142153996674
5.4083347295409774e-05,1.66750406362688e-05,0.002166140393956638,0.259692312151907,0.7380707890662047
0.024924108362893053,0.8936488852808003,0.08113288997255548,0.00026878729963703544,2.5329084114010866e-05
0.0006443234007138791,0.22571961820131256,0.6753743538816233,0.0981490684539931,0.00011263606235724503
0.288637907884306,0.6823087725688091,0.028836030893150275,0.00019804450495318016,1.924414878154754e-05
0.0038840513563645524,0.7981451479963388,0.19696678178768667,0.0009983532179666814,5.665641643324224e-06
0.9998399704339244,0.00013704660631428292,1.8718190284091194e-05,2.2025756383972998e-06,2.062193838591378e-06
0.00014354913402803542,0.0008831017571376713,0.37584508264098776,0.6220432097978758,0.0010850566699707887
0.0003596645279284086,0.026587111602774997,0.5764402745042148,0.39654310884958777,6.984051549401672e-05
0.7892813670407532,0.20544244816345109,0.005245318953214375,2.0920498985071683e-05,9.945343596158679e-06
0.06562401289228467,0.9319424985337895,0.001900077389683699,0.0004709755398640529,6.243564437825205e-05
0.02165436115491887,0.9437748326621773,0.03415032752214172,0.0003206133176771818,9.98653430849992e-05
0.029056812308561084,0.9552938929549216,0.01541580524218685,0.00022435354431065926,9.135950019771921e-06
3.8022790101289566e-05,2.4548902868876653e-05,0.00047783953701307044,0.9911045509335976,0.008355037836419114
0.004336055336346132,0.35628504034273006,0.6386939330997877,0.0005982847399245725,8.668648121153374e-05
0.7133289823047495,0.28519229251344214,0.0013994430392517219,5.5815118945500645e-05,2.3467023611203386e-05
0.00034442510462495907,0.0009494164450458463,0.04911419914348753,0.8174217094999654,0.13217024980687625
0.0004115253747101623,0.14077776923364663,0.8560171165575429,0.002770634614897609,2.295421920294035e-05
0.8240221211392718,0.1750739504240609,0.0007968483581012006,8.102846693312862e-05,2.6051611632999427e-05
1.4311106730608166e-05,4.0274991527309043e-05,0.041861209070754184,0.9579896763552581,9.452847572975938e-05
0.8639315585052249,0.12744880714595114,0.0029728291855860133,0.004686233618128143,0.0009605715451098065
0.0007407523227121735,0.7555014830307734,0.23782405787013414,0.005918520188813622,1.518658756666683e-05
0.00027908550311897925,0.0004068695270582663,0.9403856075858786,0.05889640556243841,3.203182150566526e-05
0.00044096939376328124,0.0017029870875203963,0.5764299547105,0.42120351171197706,0.00022257709623931842
0.5288507390460309,0.46794338642970024,0.002977616007180609,0.00010457103274789723,0.00012368748434049982
0.00010531794622836679,0.8420285547053028,0.15758731792186031,0.0002755580531296284,3.2513734789059988e-06
9.363446823533436e-06,2.000175535379823e-05,0.00017513812905889026,0.029357248800831296,0.9704382478679324
0.03898645586291828,0.931666044163293,0.028863968008397366,0.00042589244890107634,5.76395164901242e-05
0.9991149836785942,0.0007269053887212978,0.00010477278870845544,5.1293487686512496e-05,2.0446562895226225e-06
0.1901112680422624,0.7875472362314341,0.021980836369007536,0.00034781356824654594,1.2845789049629056e-05
0.2735292574860149,0.3499708892259533,0.3763325977450318,0.00014639417516536124,2.086136783471117e-05
0.9980264051030753,0.00187402500377281,9.199165094877139e-05,5.674127380202799e-06,1.9041148228831361e-06
0.0004045352963560924,0.009073985590282597,0.986571939149698,0.003942245348730682,7.294614932731873e-06
0.0016026153621216553,0.8409858010810014,0.15698527562275333,0.0004218078386783049,4.500095445411818e-06
0.0001169102302727319,0.0023522591275972776,0.9600546616729752,0.037469657951749835,6.511017404951588e-06
1.1796706964020979e-06,2.782195750399273e-06,1.3696003448158961e-05,0.00021000902922501787,0.99977233310088
1.2769572663224476e-07,1.7920553106633868e-07,1.841969774784228e-05,4.731388033985616e-05,0.9999339595206546
4.188735790093586e-05,0.0009335044779605448,0.9985724298382759,0.0004515112613183232,6.670645442229139e-07
3.124631709072408e-05,3.2449458462777664e-05,0.0012967121726335114,0.3191475699200336,0.6794920221317794
0.39462297393397144,0.558657355327212,0.04650628690051811,0.00018312544609343914,3.0258392205118494e-05
0.3540209378801333,0.6356715376658331,0.009371483337278464,0.00020433016988264662,0.0007317109468725307
0.0003643898816386256,0.005143849089227812,0.9653720338493283,0.0290629926659631,5.673451384228469e-05
0.0007555349173228719,0.002081320212078371,0.17785431495589213,0.8186715940027787,0.0006372359119281147
0.00010527110432210913,0.0007725910239785274,0.3835305125092938,0.6153974362290762,0.00019418913332941505
0.999489405415996,0.00048643081934420527,1.5484055714861625e-05,7.0106968938123445e-06,1.6690120511228403e-06
0.9974076394357024,0.0025699162102999214,1.8929131447471927e-05,2.913959011301765e-06,6.01263538932357e-07
0.9996020943631556,0.00038206903250201363,1.1649433457848363e-05,3.749571237231889e-06,4.375996473638487e-07
0.9979039578774114,0.002031357524809687,5.292835736609941e-05,8.480155749641108e-06,3.2760846631193857e-06
0.5147198927437455,0.47781378273574165,0.007267787900317153,0.00018889201005538886,9.644610140183509e-06
0.011583228754893034,0.9411377629638041,0.046657838865614414,0.0006033440618996174,1.7825353789038084e-05
0.3336152227390488,0.6490441311991525,0.017032274234653616,0.0002843249579316769,2.4046869213420407e-05
0.9981309971070063,0.0018363738051600242,2.5070946357421964e-05,5.544746438673606e-06,2.013395037734977e-06
0.11021374864219541,0.7964389152565197,0.09304023170005088,0.00019205430552289451,0.00011505009571116209
0.0007749911163708231,0.7665433106828342,0.23206450811955023,0.0006119933492637488,5.196731980859092e-06
0.999297146736405,0.0005479506253178791,0.00014348634275069625,4.778008954846128e-06,6.638286571596846e-06
0.21441488347210114,0.7569787559572926,0.027787878373624047,0.0006883389220567075,0.00013014327492543663
0.0021670807126937543,0.3478584920636734,0.6496461365252598,0.000324736245043194,3.5544533298096183e-06
0.0006709160072705383,0.6361291726113687,0.36017080667716495,0.003016574980929005,1.2529723266955306e-05
0.03887836074450282,0.8083062299337708,0.14610868134969146,0.006690789329225713,1.5938642809369473e-05
0.05062650476669166,0.9025961421722006,0.04673024240258117,4.4019330906177405e-05,3.0913276201644173e-06
0.9991233987841828,0.0008479747169905529,2.1199133002827168e-05,5.729609218359581e-06,1.6977566054089855e-06
0.00020800223722784007,0.0009383997750313857,0.41617027478111207,0.5809280495563449,0.0017552736502837864
6.278984783181368e-05,0.00010814820084212132,0.009368449811250039,0.9685370301733214,0.02192358196675465
0.008822797530311783,0.26422740773965164,0.6954721243499349,0.030964710109001082,0.000512960271100504
0.9941075770327454,0.005784632642615349,0.00010120214292730885,4.44371888461321e-06,2.144462827161549e-06
7.291363107014919e-05,9.883733293004386e-05,0.006478299018707958,0.9396064296291917,0.05374352038810003
0.0004952335948505772,0.001446764224550793,0.9797993654484793,0.018236233108602604,2.240362351688202e-05
0.00021513253285688284,0.2544542363967976,0.7425058859384133,0.0028052319184656083,1.9513213466612304e-05
0.999768691809366,0.00018500421432927406,3.659394164530538e-05,8.526416887331338e-06,1.1836177722124143e-06
0.0025767753864489075,0.1592053899370632,0.8280650379943586,0.009992529316789189,0.0001602673653401404
8.06125966532954e-05,0.0005139264422336337,0.24955291756135636,0.7498408768153334,1.166658442330458e-05
1.445371215648557e-06,2.8047908212417397e-06,6.019168602632829e-06,0.0003988821545164009,0.9995908485148439
0.00013511820609396586,0.00048474455919858404,0.09087493021538891,0.9080476133358465,0.0004575936834720347
8.826305507751807e-05,0.0005738424388677988,0.9694608356962128,0.02987032925685505,6.729552986841977e-06
0.9989719250662986,0.0009026529133548906,0.00011633846958349093,8.760341802809356e-06,3.232089601458637e-07
0.8012359367130806,0.19787488843590706,0.0005781965591986356,0.000178842906226658,0.00013213538558685286
0.5481512863648261,0.44661694094486787,0.004964010328679174,0.0002454630922398167,2.2299269386906365e-05
0.00024761595443393447,0.3160978564761757,0.6834572329494968,0.00019507576002669803,2.2188598669014357e-06
0.42979815862173903,0.5548986010897081,0.015201429685658853,8.63018938463145e-05,1.550870904773566e-05
0.013333027879969307,0.8873344798355745,0.09706004772304526,0.00204882035855494,0.00022362420285611254
0.06108741809905086,0.9236322972162273,0.013158804031676805,0.0021002813057177713,2.1199347327255466e-05
0.049026375981049704,0.1531730116826617,0.7936537761568392,0.002881056778910695,0.0012657794005385965
8.976558740824658e-06,6.1978331832867875e-06,8.524679403518506e-05,0.007129983292797105,0.9927695955212436
0.0002423289359122765,0.03609287472652457,0.14517007609040697,0.8178143024404623,0.0006804178066939673
0.00010029061804782267,0.00012837232906847052,0.5771402691792558,0.4225290067863689,0.0001020610872589901
4.203283325497912e-05,0.00012075591275100003,0.018414555875685447,0.9716999773694815,0.009722678008827104
0.9996264639456984,0.0003339020824108131,2.7931413199464283e-05,9.8738476850237e-06,1.8287110060916088e-06
0.9333092910389373,0.06631444646829142,0.0003011198190546303,5.535920699677731e-05,1.9783466719852334e-05
0.9841151022318302,0.01571311862567132,0.0001518548900668734,1.0093533255200525e-05,9.830719176133362e-06
0.0007677186599376725,0.2045289080200486,0.7548994372841451,0.0397821028341337,2.1833201735058375e-05
7.332180138079351e-05,0.00023826522571570463,0.09084916166988001,0.9035839825881312,0.005255268714892441
0.003936880003058355,0.5072415513926963,0.46200486842030586,0.02662453806523816,0.00019216211870119415
0.0002553045341257195,0.000307009729504525,0.0027904581250158965,0.9918710252430212,0.0047762023683327595
0.005126412464386862,0.6090927035002685,0.2629306833379266,0.12263015420095115,0.00022004649646701507
0.999862106468109,0.0001311504232787058,6.222243965270985e-06,4.695806952120454e-07,5.1283951735467576e-08
2.4159432246140465e-05,0.00014153673495534292,0.028812476622850948,0.9709364370073587,8.539020258889638e-05
0.2353806107280266,0.6519578789806216,0.1122465617861007,0.0003332270561049377,8.172144914619003e-05
6.349060693819876e-05,0.00010416952613067985,0.08529050078511606,0.9143986241547248,0.000143214927090173
0.9697738750474049,0.0298570185737166,0.000325752245540245,2.783560532142253e-05,1.5518528016617625e-05
0.0024504301574466204,0.8819014091427165,0.11546457280788179,0.00017888964880078475,4.698243154398693e-06
0.00013266136623255162,0.005334854247638657,0.8253665748600111,0.1690185559931115,0.0001473535330062266
0.999679979033469,0.0002178492135635493,7.898310290435862e-05,2.2415873257304123e-05,7.727768058946318e-07
0.07748295348043995,0.8992152894422466,0.02221850941927905,0.00023980796840863725,0.0008434396896258502
0.9996767688725343,0.00027530989239147756,3.68723960636434e-05,9.603808125521382e-06,1.445030885093742e-06
1.5396341358145025e-05,1.9091401868478155e-05,0.00237235096693629,0.9971242475639918,0.00046891372584512755
0.9974493481120451,0.0024484074071450166,7.21325572451239e-05,1.7688757781473815e-05,1.2423165783104412e-05
0.003946417721532787,0.516258527782563,0.47019318997178305,0.009576982052511597,2.4882471609518104e-05
0.0002385313850506311,0.028020403206848545,0.960440912614134,0.011286270144350729,1.3882649616213683e-05
0.9998557589479926,0.0001383571405438287,4.2267515567714665e-06,1.5041149917607175e-06,1.5304491502652874e-07
0.9996952655119751,0.0002841786923436714,1.546179145837365e-05,1.992541666979291e-06,3.1014625559825007e-06
4.844803007652747e-05,0.00012346564648763167,0.016404669220557395,0.9833962761003158,2.7141002562729803e-05
5.2082391653724514e-05,0.0014200517341742037,0.9162600697186183,0.08226415660099155,3.6395545625103627e-06
0.9999168639909719,8.063539504958365e-05,2.218517645599025e-06,2.478743899453282e-07,3.4221943013231e-08
0.00013448505618777722,0.0003490146843760535,0.008582267782370446,0.9903990541043483,0.0005351783727173967
0.0713110174707131,0.5571691110600563,0.3671254501782333,0.003334657295497544,0.0010597639955000104
0.00010745078739889345,0.0005672142761731174,0.7155139856607232,0.28375981557810365,5.153369760122326e-05
0.00013498070583726384,0.00018633976743027568,0.2173212869293183,0.7822849948637935,7.239773362063975e-05
0.9386267165298423,0.060075798160683126,0.0012546832117611916,1.9186438150901363e-05,2.3615659562457876e-05
0.01649455935779038,0.8991881773660798,0.08327387137900748,0.0010107126926954448,3.267920442676245e-05
1.5679294704365698e-05,0.00010924399430523442,0.03082535459476832,0.9687369255272965,0.00031279658892549697
0.0001537185377550873,0.00030191069485983126,0.03659529197594891,0.9624224250037913,0.0005266537876450299
0.1312070101775338,0.6478664896080638,0.21414534093783893,0.005904544571475034,0.0008766147050883182
0.00015249758857883075,0.00028803079007758516,0.13396175652131195,0.8654990027598847,9.871234014690229e-05
0.00032806296093652605,0.0003572558912384253,0.3273205159161106,0.6719250367784892,6.912845322514496e-05
0.005501847828752335,0.03090529641447793,0.9570096589089413,0.006539191978435205,4.400486939304497e-05
6.383022038180021e-06,3.664148065217231e-05,0.0009825874547291352,0.13759389112293874,0.8613804969196418
9.969017812583193e-06,1.5013484362967053e-05,0.0003130836257425016,0.014786372344784905,0.9848755615272969
6.105535006828785e-05,0.0015295670794800785,0.8029166926965471,0.19547785362759504,1.4831246309509598e-05
0.999827606554035,0.0001522601317702686,1.1557302855801672e-05,7.662714404278833e-06,9.132969344531043e-07
0.9996335692170946,0.00035267202364806116,9.34843731605873e-06,3.4273431382984535e-06,9.82978803026283e-07
1.70229896010354e-05,0.009880869439074165,0.9900301769091431,7.131797238780487e-05,6.126897940211791e-07
0.9994454014605549,0.00049190053536361,4.9842166211234e-05,8.596031328572722e-06,4.259806541346242e-06
7.457046870599468e-05,0.0002657707489099482,0.10453322313164691,0.8950783112796877,4.8124371049464797e-05
0.00013350322873241602,6.301177109499742e-05,0.01011237006224987,0.05388490886980442,0.9358062060681184
0.00022049178842692993,0.0007494781863129405,0.5688217035293031,0.42983101116585265,0.00037731533010440727
6.436799633573951e-05,0.00024208019146860777,0.008986367815744658,0.97691973407898,0.013787449917470902
2.5525845066210365e-05,7.788241184005877e-05,0.9979645315943797,0.001930150102680268,1.9100460336811716e-06
0.00027637590275284013,0.907674398845637,0.09162927484832734,0.0003694353617418931,5.0515041540832304e-05
0.14149716442523996,0.8479798489554108,0.00993418679834414,0.0005747833379854123,1.4016483019759163e-05
0.0003345163599030494,0.0011105935674231174,0.9180837261541913,0.08009170596092909,0.0003794579575534622
0.0025884605679030157,0.7035969077210609,0.29000920507670086,0.00372588120352202,7.954543081321069e-05
0.99919399971565,0.0007551749254837043,4.2872927097369766e-05,4.209407025953874e-06,3.7430247431274446e-06
0.00011801545473150001,0.0023204151459653567,0.3094906874451122,0.6876671930348037,0.0004036889193872258
0.14580253807508484,0.8267439859827733,0.02708222034728047,0.000340438523027479,3.081707183368016e-05
0.00030231642041418975,0.4617868176388684,0.5355155162778751,0.0023837220718601875,1.1627590982165563e-05
0.5739296446333311,0.4083286325584752,0.01731764792398859,0.0003002050619909088,0.00012386982221436861
0.0001981796052460772,0.016418538756956973,0.9646938478117666,0.018648939435073526,4.049439095695365e-05
3.6884668332409964e-05,0.00017010938993610266,0.9629843115776714,0.036798438625163854,1.0255738896268509e-05
0.8324224714552686,0.16307963588913152,0.004418216490211771,6.578979712820282e-05,1.3886368259955257e-05
0.9997894388364317,0.00019853161858732362,1.1654159287939327e-05,3.052072284877965e-07,7.017846463295322e-08
4.796743251697824e-05,5.761485960630361e-05,0.018405352613828665,0.9806978903266069,0.0007911747674412737
5.0506536439476967e-05,0.300523126451311,0.6989219798819689,0.000502165738523375,2.2213917572015876e-06
0.00010779952920085476,0.0006720019094778784,0.4928046470134322,0.5062620475654779,0.00015350398241121608
0.0014841802241580047,0.84571199303607,0.124001865425372,0.028645352939850127,0.00015660837454985912
3.7026313378464896e-05,0.003847665777295265,0.9954740102506269,0.0006392080165192742,2.0896421802352367e-06
0.00019078657238404378,0.0007333198287661948,0.0038246189538918276,0.9942149292869973,0.001036345357960616
3.862054093579418e-05,9.04207464766678e-05,0.004094640984678456,0.9956992219472572,7.70957806519656e-05
0.9990837616626601,0.0008660907717555259,4.180047452837539e-05,4.869903701132105e-06,3.4771873548253125e-06
0.41582095914260847,0.5737588640127208,0.00996382908350066,0.0004468069799384701,9.540781231691026e-06
0.013107939996832156,0.24361409824319255,0.740619850062069,0.002622134578670111,3.597711923626044e-05
1.7588638478473022e-05,4.3836560373583085e-05,0.0040968804267934944,0.9425309951375382,0.05331069923681622
2.962604421125757e-05,0.0002781630398308431,0.9663653649408324,0.03332338484425465,3.461130870900806e-06
0.010244388493509365,0.9714133216331465,0.018099034986584113,0.0002354912105337267,7.763676226463883e-06
0.0002670711393601546,0.4989805960750715,0.5003492942210895,0.00039319519529689546,9.843369181850637e-06
0.0007297521691573824,0.1794444133955444,0.8147571921697367,0.005054755175625038,1.3887089936420752e-05
0.0002062193832324577,0.0006840084648053432,0.35267227105713705,0.6460340452538847,0.0004034558409402938
0.9993439940643621,0.0006182418309835208,3.2950185839827266e-05,3.94034076114717e-06,8.735780535572317e-07
0.00012773504643803123,0.00013706717126732941,0.026280397784048108,0.9601686186014766,0.013286181396769936
1.1836660664566764e-07,2.346519717146167e-07,8.016283924330641e-07,4.1299990121301685e-05,0.9999575453629078
0.0002279544841842194,0.3470803903868934,0.6516107619407026,0.001066379476816277,1.45137114035314e-05
7.054376333855814e-05,0.0001436926241749957,0.014079249396684902,0.9851825120189575,0.0005240021968439982
0.02178174389984101,0.10156158946272874,0.8733362151535179,0.002787494348799049,0.0005329571351133468
0.00020441149248424917,0.9703372057556692,0.029153889367519146,0.0003018162626577026,2.6771216700105233e-06
0.9959988950996599,0.003973980083083259,2.1822338663073183e-05,4.735320294900552e-06,5.671582989452345e-07
6.175039002220301e-05,0.00033115553848464785,0.0007427089842110397,0.9988455352427618,1.884984452020171e-05
9.956435122413448e-05,0.00033498070050605715,0.9819834085908846,0.017568258959426104,1.3787397959190318e-05
0.00733776235722701,0.18303855749235423,0.8053776129130812,0.004029867147672512,0.00021620008966519524
0.0002459753786195772,0.0005235803044353631,0.009313441245888907,0.6417947047237543,0.3481222983473018
6.418941801995763e-05,6.74285896295134e-05,0.028499783184232307,0.962164664227156,0.009203934580962256
7.36913619341176e-05,0.00013697511768608251,0.03987342901894113,0.9306528765576104,0.02926302794382839
0.00012283329641402056,0.00028282849489372187,0.6963339067037091,0.3032332761623464,2.7155342636752145e-05
0.00026478623506276193,0.02575371615884258,0.9682100278098118,0.005768235160482458,3.2346358003910584e-06
0.5077155400048817,0.47843008787077274,0.013499588520564527,0.0002518088272677511,0.00010297477651336979
0.00022856457972592599,0.0006368995645843127,0.8629036109380512,0.13622667615730252,4.248760335842082e-06
0.9996276096315427,0.00033948736437765096,2.720343865488767e-05,2.884389062512707e-06,2.8151763621680867e-06
0.00017847629516016178,0.4216679299836641,0.5775408763523209,0.0006109744839832952,1.742884871456833e-06
7.524926730738898e-05,0.0006312963294484739,0.9427214087158985,0.05656215041940119,9.895267944350624e-06
7.943598331511006e-05,0.00011145943574378127,0.006823995013024265,0.980582159741018,0.012402949826898685
0.8818903086128502,0.11655941710032262,0.001444493498343851,9.708366594716608e-05,8.697122536296048e-06
0.021255577545732825,0.9756754710519321,0.003033202927827934,3.191560381260591e-05,3.832870694617071e-06
0.26902219758712786,0.7236905503279533,0.006039583420409466,0.0011748010594590172,7.286760505056941e-05
0.9994648616407054,0.0004930610027117456,3.726238492789625e-05,4.375016268360716e-06,4.3995538658469427e-07
0.00024854928859689034,0.04164069902344899,0.9573232875676018,0.000766760191086146,2.070392926607127e-05
4.993239319812603e-07,1.463331914142797e-06,1.2250960603781538e-05,0.000602263326964967,0.9993835230565852
5.285524982138686e-05,0.00026322883657893233,0.4491251739853362,0.5505161475630418,4.259436522168056e-05
7.468432652344933e-05,0.0008190215462888322,0.9624144135636165,0.03668254561802516,9.334945545960837e-06
3.7753327385243944e-05,0.0001255639464405982,0.0008391220020341353,0.9974488442662662,0.0015487164578737865
0.0003439086420137351,0.0007202386426093649,0.09359796993669449,0.9001477992765186,0.005190083502163791
0.9994457257928757,0.0005271093178411174,2.4921264816006266e-05,1.5180745116023672e-06,7.25549955699326e-07
7.295716957546391e-05,0.00025426099993103513,0.07246412070794621,0.9271351511259222,7.350999662509558e-05
0.0002587632259692147,0.00038491742410314494,0.32962334949425265,0.6696545789673806,7.839088829449365e-05
0.9093395861890152,0.0892598801753219,0.0013578569799070433,3.900090281358213e-05,3.6757529423216982e-06
0.9214556752046535,0.07822460211758527,0.00030194984457802306,1.1691467598395561e-05,6.081365585018367e-06
8.063176455419865e-05,0.00013725647445198962,0.013976894927402455,0.9854146629810104,0.0003905538525807481
6.765980985847677e-05,0.00010328657949300722,0.0014410100481055718,0.9962498957402393,0.002138147822303784
0.9149937027409101,0.0832286019537907,0.0016475491676269608,7.168706458289316e-05,5.845907308941377e-05
0.004041900273903045,0.27363382213584103,0.7070073725108482,0.015142467592792756,0.00017443748661510476
0.00011412560641007834,0.0008773156400221112,0.9950747611338183,0.003925063932571157,8.733687178071552e-06
0.00028344893868281404,0.008854235249755812,0.6596422975133504,0.33114774394992674,7.227434828436627e-05
0.9997819674604517,0.0001870221711265258,2.68563610290208e-05,3.2347488288185818e-06,9.192585639286809e-07
0.99657010984231,0.0032800190077732247,0.00013691512275375883,1.0578147043462014e-05,2.377880119330558e-06
0.9999055793189852,8.970268500771311e-05,3.428211800179427e-06,1.1412697339536496e-06,1.4851447279063585e-07
0.991342111422442,0.008479920782901846,0.0001600791524909564,1.4611720551126487e-05,3.27692161428792e-06
0.8754483010133473,0.1022285040623269,0.02203936324534786,0.0002433577022298545,4.047397674809324e-05
5.061927596676692e-07,5.715984593623661e-07,3.358805446498802e-06,0.00010839859185828387,0.9998871648114762
0.2140392753934294,0.6675661469215848,0.11738279947562025,0.0009833066479108762,2.8471561454826644e-05
0.00040573490015817965,0.0028654936596160204,0.02776657898883746,0.9004142937184033,0.06854789873298503
0.9988869792158938,0.0008290933873981395,0.00022552203177902876,5.414631550533539e-05,4.259049423703188e-06
0.0632980949531092,0.935835492477513,0.0007971827129415682,6.428599555969994e-05,4.943860876778046e-06
9.209030930866375e-05,0.0003396042697964864,0.012113623823390414,0.9874359272610554,1.8754336449060703e-05
0.11329903118735564,0.8588876527495036,0.02766892806023788,8.547572022133826e-05,5.891228268146881e-05
0.9991268889213433,0.0008620020089394149,9.544794925827232e-06,1.3296989891157464e-06,2.345758023825806e-07
0.7377729061037375,0.23298573914279375,0.028708981472718453,0.0004098149839017732,0.0001225582968485005
0.009173978724361914,0.21616579692928184,0.773916655289108,0.0007290185267399816,1.4550530508231321e-05
0.0005442212509614899,0.8944115562147036,0.10421930781087925,0.000813563265253105,1.1351458202291356e-05
0.9997941907529955,0.00017402011725395122,2.4367182490212604e-05,4.46720395507316e-06,2.954743305180798e-06
0.0001004605410630231,0.0020419027155646374,0.8880338914211905,0.10978982085899597,3.392446318579517e-05
0.7668206531154887,0.23188582498292143,0.0011469715340332533,0.00010194766399016705,4.460270356644772e-05
0.0059685508865588675,0.5438143675613913,0.4434527190181784,0.0066743486863282755,9.00138475430788e-05
0.9994452273985129,0.0004925603433994531,5.720736723199112e-05,4.342068154139265e-06,6.628227012376878e-07
0.9961803952192524,0.0037129022961807884,8.932923562713698e-05,9.862384459541519e-06,7.510864480287678e-06
0.0027992769197811534,0.5871372964712519,0.3521920169777229,0.057749991893702494,0.0001214177375415443
5.807016758792189e-05,0.0011376557421111262,0.8566271768505651,0.14217286603843693,4.2312012990261614e-06
0.9999489003059797,4.817475155434402e-05,2.31039367335783e-06,5.254665488880902e-07,8.908224391211575e-08
0.00015982568428497278,0.005842356436438737,0.9697216075007565,0.02426609512140553,1.011525711421311e-05
7.683055877327385e-05,0.012800263839183758,0.985909177814432,0.0012079601285635898,5.767659047242565e-06
0.206802263177141,0.5748430371477191,0.20874024191138088,0.006060873762635154,0.0035535840011238717
0.9732181130398101,0.016848954310752486,0.00979424653629604,0.00012801264914403423,1.0673463997515395e-05
0.000779158507157063,0.13043584930621566,0.8681864168651783,0.0005877116320720311,1.0863689377080429e-05
0.0003874184087631019,0.4216192911120277,0.5774148803333553,0.0005738619564370366,4.548189416884635e-06
2.6874782864807487e-06,2.050017103029357e-06,5.890662536370417e-06,0.0006468812479283886,0.9993424905941457
0.4513334402852608,0.5436811368297297,0.004678892916564439,0.00028453703455585727,2.19929338891991e-05
0.00040462551308822293,0.03004941317017151,0.9691255029979465,0.0004088966938537615,1.1561624940014756e-05
2.6118046950140613e-05,2.366453130775982e-05,0.0004921283892210597,0.026547517057160887,0.9729105719753601
1.189836483966517e-06,2.0135326793549427e-06,9.640129437682714e-06,0.0036474460133547252,0.9963397104880443
2.0893776056715652e-06,2.066859914193744e-06,7.184720979454963e-05,0.007359828860626219,0.9925641676920592
0.9112535453606236,0.08859019168088814,0.00013285201673088042,1.5240183398478753e-05,8.170758358965832e-06
0.0006481417395455583,0.16525864346663274,0.8292638181376341,0.0048242596450941136,5.137011093590195e-06
0.6942860020930245,0.2992978902216274,0.006120118085078578,0.0002234500491309443,7.253955113840616e-05
2.3921529897582427e-05,0.00012654906135819806,0.001823932061181877,0.21245965944670211,0.7855659379008602
1.0189130711598255e-07,1.6683364585084087e-07,2.3539734180398814e-06,3.167106490792002e-05,0.9999657062367211
0.09232811078296536,0.8970887656827898,0.009756268920375493,0.0007108947763159871,0.00011595983755348519
0.0004796952319113359,0.0006239907747658847,0.31440560799290945,0.6844720203424414,1.8685657971965694e-05
0.5361885786659756,0.455205345160786,0.008155994484024352,0.00037804852407405935,7.20331651401781e-05
8.3219930541331e-05,0.0002258725563250971,0.30323583879250837,0.6964063239447994,4.874477582586066e-05
0.9997851198599703,0.00017220517898143423,2.974448519750854e-05,9.11107440269128e-06,3.819401448014116e-06
0.016594303729332006,0.18722699312693583,0.7952870429225292,0.00035261845909693285,0.0005390417621061103
0.5813540957534238,0.40253489674243753,0.015033273335229962,0.0009192009082574696,0.0001585332606511623
3.226947139937852e-05,0.00041938521269355535,0.0010847219147158346,0.9982622577519845,0.00020136564920685416
6.816720170217178e-05,9.782154520799413e-05,0.1518810538750598,0.847093020693929,0.0008599366841010994
0.9274525065935392,0.07238902715498015,0.00015035517195561654,7.587304896861541e-06,5.237746282781088e-07
0.9523046826832289,0.04759736809267825,9.202894854948543e-05,5.0116056032037645e-06,9.086699402283335e-07
2.532650963980978e-05,6.355134063535405e-05,0.0004960382477476398,0.0944255358869015,0.9049895480150758
0.8902985599908895,0.10927824063279153,0.0003572845493662731,4.3839356354331404e-05,2.207547059826461e-05
0.00011522810041551075,0.01613122583087007,0.9822785385999933,0.0014672188005248918,7.788668196138288e-06
0.11841447462603913,0.8752951823619215,0.006116743621666708,0.00017029945731474527,3.2999330578365343e-06
0.0006035127455062753,0.02712326354253322,0.8183579129371262,0.15384690687085725,6.840390397707229e-05
8.23255971206124e-07,1.5032495938379232e-06,6.361941593352347e-05,0.00018238228407629558,0.999751671794425
0.007240871406498408,0.957400227867754,0.03525954351953,9.579578802723807e-05,3.5614181903260734e-06
0.00011293486659577601,0.0002184844545477392,0.4306143156510595,0.568368098914826,0.0006861661129711292
0.0007403795711261871,0.9496032734388165,0.04962859461161074,2.6698161818734933e-05,1.0542166278443075e-06
0.6037596917364717,0.39432242198457473,0.0018621856953249408,4.155924881165181e-05,1.4141334816764895e-05
0.00021834923977224596,0.00020376821983900467,0.0863129323934358,0.9075042304973455,0.0057607196496074
0.00010083161157530247,0.00019232752389734535,0.057205654149227084,0.9421495871228083,0.0003515995924919078
5.544893734520961e-05,0.018159865264223356,0.9814424033540053,0.0003405924380649533,1.6900063610029526e-06
0.0006159259274355303,0.1953181960604463,0.8008499304707682,0.003207103526112791,8.844015237227413e-06
0.3051632561697,0.6718487597630663,0.02205024491592986,0.0007776214982909001,0.00016011765301285872
0.00016357686974148933,0.0003403862645499326,0.7980562722402259,0.20140143460051835,3.8330024964415694e-05
0.001626890255290256,0.3486963231668224,0.6484899972350716,0.0011783347784565666,8.454564359135629e-06
9.998189960320805e-05,0.001295229702384687,0.9941641081486167,0.004437777324180545,2.902925215000775e-06
0.9994189530856997,0.0005467622410106936,3.045842072437595e-05,2.639004784903477e-06,1.1872477800647929e-06
0.9993758877513662,0.0005999841144006321,2.138442927651707e-05,2.1454301519725052e-06,5.982748046582108e-07
0.00010497669249329572,0.0006487200727901008,0.7246507638700059,0.27457025134438046,2.528802033016664e-05
8.498419544709361e-05,0.00020807767824738114,0.025888542596735446,0.9738120488100386,6.346719531618688e-06
0.00023406777844284796,0.00046939625975003085,0.03255236830176901,0.836655832787048,0.13008833487299012
0.999879623633206,0.00011325649918388694,5.764554644469242e-06,1.0625705004879595e-06,2.927424651058136e-07
8.28366903836701e-05,0.0006285941468448376,0.9544998422077318,0.044772015077909684,1.6711877130030232e-05
7.863579516851892e-05,0.00031120464245293,0.014549319267454749,0.9513193653122607,0.03374147498266315
0.9884151040416711,0.011530961627702556,4.592303122459801e-05,6.298054337773457e-06,1.7132450641579021e-06
0.0003455835930272189,0.27346702717708016,0.7225528389661187,0.0035314430309728033,0.00010310723280122138
0.00015787871789498044,0.03851753370289931,0.9611357032073653,0.00018727301972091813,1.6113521195216495e-06
0.00011975586897974258,0.0008113226268630579,0.02822605627545648,0.9707772763722353,6.558885646542531e-05
0.837719699807455,0.16104072325486193,0.001192400250959498,4.554923614034088e-05,1.6274505833350645e-06
0.022532412292357203,0.24696337096642382,0.22995325282819445,0.5001275176790574,0.0004234462339669939
0.00024670527777658434,0.0006117699366793033,0.010637900084878395,0.7202117672238975,0.26829185747676815
0.9998025892088201,0.00018441507325277608,1.199482181512438e-05,8.509276572058155e-07,1.499684548261358e-07
0.9967478333120803,0.0026148913726394686,0.00048139961607222235,5.113802661508856e-05,0.00010473767259264889
0.006284705108403194,0.40653471407733643,0.5657876191032566,0.021327545327537584,6.541638346610992e-05
0.296699554839965,0.6084141842013511,0.09462084514430705,0.0002517001659326075,1.3715648444222097e-05
0.00028066298798343746,0.003428755253880135,0.995984634933134,0.00030228320738408607,3.663617618351875e-06
0.16601988029623013,0.8306136252267139,0.0032455990197280946,8.90062787834479e-05,3.1889178544230804e-05
0.0002541492311924605,0.0004801850903946123,0.7403503954761469,0.25862553439602365,0.00028973580624231434
0.9264700548764927,0.07249553681219717,0.0009351931402811329,7.817446476084564e-05,2.1040706268127104e-05
0.9996150742268327,0.00033458442841896666,4.042671137626222e-05,7.329292015033872e-06,2.5853413569514354e-06
0.8343236664885229,0.15794931144487254,0.007318118177980652,0.0003796398471914601,2.926404143250559e-05
9.89277173352449e-05,0.0006974251321813742,0.8240046315626629,0.17517888793662081,2.0127651199595308e-05
0.02299739356510034,0.9679827541706995,0.00882520782272055,0.00016866552784193758,2.597891363764896e-05
0.00021584068327870184,0.02399022000695248,0.974220519162399,0.001569582552314285,3.837595055468402e-06
0.999602966591111,0.0003677818488809144,1.8373680943225832e-05,8.34656622611444e-06,2.531312838529555e-06
6.515749511603477e-05,0.0006443011385389239,0.9929346230695351,0.006351453513363108,4.464783446811755e-06
0.9996856930042205,0.00027743748453863584,2.4396213936353884e-05,9.068217742841812e-06,3.405079561734567e-06
0.00010695402689464776,0.00412502597996892,0.9934998643736016,0.0022671200790487654,1.0355404860131241e-06
0.00020149365778313947,0.0003727570394122688,0.5109462147885199,0.48837903589529247,0.00010049861899217875
0.9153811546636478,0.08219379807743324,0.0020074464332428066,0.0003530104986710772,6.459032700509297e-05
0.01534838546311298,0.37618612564555576,0.6059384952633293,0.00243025689889278,9.673672910912646e-05
1.1620960034850005e-06,1.0285778989936375e-06,5.672330151237589e-05,0.002831605169061212,0.997109480855524
6.906400753968528e-05,0.0003698649168563234,0.9269806570166113,0.07255604974714792,2.4364311844735716e-05
0.9996401891386896,0.0003333897325373582,2.283070686259763e-05,2.124078686857941e-06,1.466343223615919e-06
0.24867926172711466,0.7359237153320397,0.015347365434183809,4.6991783511795785e-05,2.665723150031389e-06
0.00010400513598177055,0.00043170407217077086,0.0025696992909708402,0.9921312622323973,0.004763329268479366
0.9988632363571543,0.0010424148247008239,8.463743181393084e-05,8.318623839229222e-06,1.3927624915999945e-06
0.00019647390043505672,0.001220685579694853,0.3051053852975615,0.6933876277258816,8.982749642701888e-05
5.892064071869619e-05,0.03024631528310797,0.966958158650601,0.002729875397118903,6.730028453346932e-06
0.0016864751054389276,0.020048184225552993,0.9770180815131745,0.001101577566239555,0.000145681589594296
0.0003924410418070959,0.6928049537390758,0.30605913332157053,0.0007400497091792966,3.4221883673787786e-06
0.040064095896428405,0.9149279064638306,0.044831993538132144,0.00016860137303365222,7.4027285753221684e-06
0.0051493147753914476,0.9562638424953204,0.03843511999407019,0.00014890882203701436,2.8139131809870753e-06
0.0002645922280158803,0.04404704233803595,0.9545529133304529,0.0011328525550241121,2.599548471328588e-06
0.000393092043981048,0.07966911146628622,0.8853864296764785,0.03451084541970906,4.052139354529891e-05
8.767133837348802e-07,1.3022420659517137e-06,1.770743285660678e-05,0.0004279571890109146,0.9995521564226828
8.783105813297874e-05,0.0003658072718759398,0.07322292158792519,0.9247567212040779,0.0015667188779879449
0.0394429391292128,0.8662675847149033,0.09396024149962015,0.00016904562662056814,0.00016018902964302892
6.977547714181777e-05,4.4357892533346746e-05,0.019216355639146872,0.9795361692400572,0.0011333417511208896
0.000435371004230168,0.0012518098266153463,0.014701869952547563,0.9813593602726453,0.002251588943961613
0.29717161716380247,0.6153876989148832,0.08563526639704742,0.0017569220014108274,4.849552285605669e-05
0.519179829075864,0.46866813700602256,0.012070827118967445,6.54534329476126e-05,1.5753366198387284e-05
0.00017858528035626022,0.0009247664562051488,0.6015907018509522,0.39730241814830547,3.5282641809627803e-06
0.00014171222427910703,0.0006511186832228601,0.4079425238499063,0.5912078969009514,5.6748341640326766e-05
0.9996549532001581,0.00030737360718123395,3.4798587215387163e-05,2.008701392596882e-06,8.659040528628801e-07
0.00020852673450981956,0.30690959905408177,0.6898265535748505,0.003049586556176133,5.734080381728245e-06
0.8670828841015679,0.1312804143970101,0.0015269068702842845,9.614006968933903e-05,1.3654561448337818e-05
0.00011660387400945014,0.5583068917148761,0.44098525289749857,0.0005860265815614708,5.224932054334659e-06
0.7415291857691061,0.2554569974948376,0.0014492900795992816,0.0014785339476327518,8.599270882433369e-05
0.3795956795003784,0.34776932479584144,0.2624195367055313,0.00798042408615721,0.0022350349120916152
4.167034353038421e-05,0.00011450768736644225,0.2454225321301648,0.7543975010028694,2.378883606908279e-05
0.9998858612256784,0.00010534195987089084,6.575345172199803e-06,2.0936066258884647e-06,1.2786265252760618e-07
7.277187086293348e-05,0.0006768019939463284,0.653695517673584,0.34544835857801515,0.00010654988359158479
0.0001817201224764564,0.0008252665125288097,0.018884430540756572,0.9791076060169304,0.0010009768073078503
0.059159134802749425,0.7188592948192799,0.2214274179305041,0.0002826851287468737,0.0002714673187197794
0.4074053500197869,0.5825581008968493,0.009915483439640164,0.00011182966709981185,9.235976623797421e-06
0.9807385009938934,0.019149278604879808,9.168797145993029e-05,1.5267604086157908e-05,5.26482568087274e-06
0.9924059131047532,0.007566570230599203,2.1443559690862898e-05,5.429965553342912e-06,6.431394033090603e-07
3.712953716028446e-05,0.00022547740024518443,0.7156030238806658,0.2841098461410357,2.452304089318653e-05
0.11657707684525377,0.8761359634496726,0.006694862378220267,0.0005426040525016427,4.949327435192012e-05
3.548810960594372e-05,0.00012979899010966036,0.03886586128466597,0.9568544806377663,0.004114370977852044
0.5720558847784576,0.41881755961948275,0.0089929133024427,0.00012033842888361876,1.3303870733272507e-05
0.9806770067939358,0.018083060469753925,0.0011687001197897868,6.739421326121174e-05,3.838403259278422e-06
7.368797896161685e-05,0.0009547518001956775,0.9975361663961714,0.0014333037829062215,2.090041765117755e-06
0.004143794945019171,0.9276101432538744,0.06681586869932842,0.0014239930010019376,6.200100776046295e-06
0.048127757721148134,0.8652629493283609,0.08611005094896203,0.0004847578681307433,1.4484133398207393e-05
6.033483313877196e-05,0.001199725796716402,0.6873820428951526,0.3113460110010183,1.1885473973979941e-05
0.0002058881088188556,0.12932761687576966,0.8328139627543744,0.03747699866634136,0.00017553359469574313
0.07927480620918692,0.9172464285899219,0.003347901035386892,0.00011640610209374745,1.4458063410518726e-05
0.04519412568164029,0.930783383848241,0.023586332585215242,0.0004228138799938983,1.3344004909511358e-05
0.00016516748225884503,0.0008632386032251047,0.5391093192286559,0.4596461693053506,0.00021610538050941845
0.00012425105042630346,0.007215889494736914,0.9833910802543194,0.009258540844497433,1.023835602003255e-05
0.005489857473510621,0.4701469448639164,0.510892099338336,0.013038053734351443,0.0004330445898854231
0.001248582242262346,0.012166069252981127,0.9328095059562573,0.053751835866441805,2.400668205742294e-05
8.729860129810601e-05,0.0008056250447326166,0.9565461952307668,0.04254629239809249,1.4588725110053629e-05
0.9997516000226552,0.0002218102194479405,2.0146005639502073e-05,6.065286455354641e-06,3.784658022129099e-07
0.8765273991552978,0.12163485225437617,0.0018031104859327,3.2980562254510304e-05,1.657542138918563e-06
0.00012105197602465766,0.0011265293576026786,0.5648531133913849,0.43385475503838417,4.4550236603696046e-05
9.998998513079647e-05,0.0003580200756407064,0.0065403601537102635,0.9910183461537808,0.001983283631737598
0.0005099310616565843,0.0013610980669408568,0.015256728756333195,0.9243689643078965,0.058503277807172904
0.999841612988158,0.00012945030204913953,2.666976196218364e-05,1.3029646404079098e-06,9.63983190442442e-07
0.019811707387193803,0.9641263818527906,0.0151905402982252,0.0008334694060380616,3.790105575241376e-05
0.0001480629691219406,0.18229201573135156,0.8172628633760904,0.0002920453539249036,5.012569511168859e-06
0.6848046264600979,0.30300703941265456,0.009333687880640417,0.002824134572979504,3.0511673627674756e-05
0.8454976079617599,0.15309436235202797,0.001278579212854192,6.509736807325066e-05,6.435310528485025e-05
0.00040154153279175066,0.0006318609596560327,0.2904078451206409,0.7083175993887998,0.00024115299811157807
0.17478813136957586,0.7843130541474961,0.04055818650364202,0.0003357024563378083,4.925522948265013e-06
6.032764001550525e-07,6.521435790531149e-07,3.6589102950975392e-06,0.00016122683716693535,0.9998338588325588
5.2854096569693146e-05,0.0006441136801722269,0.97936808300249,0.019893957768787423,4.0991451980684875e-05
0.9975812837507155,0.002221878932409555,0.00015317589719390134,3.786829515203127e-05,5.7931245291338126e-06
0.027862314105995312,0.9558027013427491,0.015910005103195665,0.000408697204641776,1.62822434181326e-05
0.9873524478363385,0.012530501967753509,9.691480599818982e-05,1.0927549649658701e-05,9.207840259831818e-06
0.016069454014776666,0.8850382768742676,0.09582802338138163,0.0030021408796698642,6.210484990426323e-05
1.9449659055901744e-05,6.618866522595731e-05,0.019854476793965504,0.9800572617769177,2.6231048349532025e-06
0.44354067033549793,0.5325472530573696,0.022757113456122545,0.0010610025900527496,9.396056095724606e-05
0.9999142655900742,7.60068848368115e-05,6.8275280217999915e-06,9.205047834419957e-07,1.9794922837615355e-06
0.0003015314096316502,0.006988780003339518,0.9775292295371816,0.015160841229236199,1.9617820610933936e-05
0.0014875472464545483,0.7238108650540604,0.2744581600809454,0.00022388950207556638,1.9538116464094467e-05
0.00010556640645578217,0.0009089430196029785,0.02562533869819877,0.5345407126288223,0.43881943924692013
0.0001663283519513803,0.0005844467223528399,0.9705298742878333,0.028710336310135035,9.014327727507572e-06
3.9624278400267966e-05,4.224033680478763e-05,0.00961356872735777,0.9485144211870306,0.04179014547040659
4.570601421940034e-05,0.001969095549043987,0.9954216488841723,0.002559580900522491,3.968652041723445e-06
0.12050521697654012,0.8614440668120429,0.017859227518753865,0.00010373751950283837,8.775117316043533e-05
0.978207941788114,0.02168559653946028,8.870199056985542e-05,1.4608022162916601e-05,3.151659692774757e-06
2.8348907436232537e-05,4.473884760426792e-05,0.0006801748489686819,0.02737547274553998,0.9718712646504508
0.0007602319654249466,0.0035952277908215344,0.3243971173628301,0.6710513055312549,0.00019611734966836573
0.20111730229230168,0.7895582436617636,0.00909561623512341,0.0002193366429213925,9.501167889819095e-06
6.782898309256894e-05,0.000223500302744901,0.043187604966670956,0.8987323994550912,0.057788666292400453
0.00015972390385415582,0.0016670826432354914,0.9963370037725169,0.0018329841023612622,3.205578032234627e-06
0.00017462907379148083,0.0032822743281484567,0.9430262779273254,0.05350072265992737,1.6096010807205042e-05
0.05618103267849706,0.9058485158327306,0.037547627237758806,0.00027744870981361486,0.0001453755411998654
9.060480528673218e-05,0.00031790315158216167,0.006610995679272991,0.9614620292236843,0.03151846714017383
0.10282782918299366,0.8808405158469157,0.01627466214900066,4.2881444833826544e-05,1.4111376256101727e-05
0.00017112306571038502,0.011037350048069775,0.9826711873165574,0.006112581800868024,7.757768794123407e-06
0.009905773485597461,0.9594077799916693,0.030336098234714347,0.0003364345381509581,1.3913749867972102e-05
0.00011527190447173304,0.00026495932438043603,0.4731404560029234,0.5264510911302055,2.8221638018970253e-05
0.00010465250285537546,0.02363230895288498,0.9687829144038583,0.007453577532664916,2.6546607736423018e-05
0.00010958036365805322,0.0003568687569938213,0.02233523028008717,0.9767773790770162,0.0004209415222448587
0.864970273013492,0.134117440582728,0.0008453984376960013,3.9319011318749324e-05,2.7568954765276132e-05
0.0011494927666052964,0.02467785776767069,0.9736166990975289,0.0005407331086014172,1.5217259593691934e-05
4.5827606111197514e-05,9.005844299486369e-05,0.00047039627053781387,0.04858098777225989,0.9508127299080963
4.839635465934475e-05,0.0002707053792556004,0.8567904023683344,0.14284482882903615,4.566706871455655e-05
0.00039589582780727564,0.12287541953888692,0.8401533486932214,0.0363762414978528,0.00019909444223173376
0.26086663095325524,0.7267342571400471,0.011988463343713148,0.00037316860833957956,3.747995464487342e-05
0.9993922945577229,0.0005863323742089166,1.7213522680560836e-05,3.5507851609291595e-06,6.087602267874978e-07
0.0001638298248448799,0.0008615427565205793,0.9946541566844916,0.00431496009570037,5.510638442506905e-06
5.9329607291191836e-05,0.0007755513045367319,0.9749306624096142,0.02422672918392901,7.727494628833823e-06
0.999730525083608,0.0002616055873417574,5.978968241468985e-06,1.359546779760475e-06,5.308140289491543e-07
0.13655986748205054,0.8339725399398793,0.02874321935846814,0.0006981438105827749,2.622940901913714e-05
7.569215772505056e-05,9.194536843798206e-05,0.007570967301766326,0.18696687649386418,0.8052945186782063
0.00034185064413220676,0.02757969078917818,0.9675723347504999,0.0044957234641777805,1.0400352012028086e-05
0.9993129648607358,0.0006634280595304003,1.820769315876408e-05,4.213262394844567e-06,1.1861241800033619e-06
0.0009795875740159817,0.8461454397086416,0.15282045978807884,5.170468853994175e-05,2.8082407236040112e-06
0.2662371077059647,0.5849177478644463,0.14787616211819668,0.0008179412392230213,0.00015104107216942666
0.02182725300763459,0.6426522179970205,0.3326668661494823,0.002127845903275325,0.0007258169425871987
0.00013635751859879152,0.008769107039777586,0.9667672205676519,0.024312544101358118,1.4770772613654577e-05
0.5296727432694661,0.41869151655778103,0.05113454727504913,0.0004852662869858092,1.5926610718081466e-05
0.04491767659756787,0.9455035148539265,0.009468976845686606,0.00010479469916555969,5.0370036533394584e-06
0.9977194520781179,0.0022385502365548995,3.777038511618779e-05,3.267410192423074e-06,9.59890018845427e-07
0.9999092962465626,8.705356748559361e-05,3.2453715213368673e-06,3.7325028422263473e-07,3.156414650319799e-08
0.7205794225409494,0.2723460026731663,0.006610978970081025,0.0004363459304956064,2.7249885307707473e-05
0.00012124067142166696,0.003372194335089852,0.9051975868652576,0.09035397472630984,0.0009550034019210704
0.9644798390653317,0.03426684342196739,0.0010659091439709212,0.00017526916932459043,1.2139199405305715e-05
0.9996882915997564,0.00025030674799209334,5.025638390421408e-05,1.086939276961241e-05,2.7587557789311514e-07
0.020789612289659618,0.09812945199501347,0.8785093360621382,0.0021985656134970444,0.0003730340396916278
0.9998804552438927,0.00011571455331604444,2.3424451560946035e-06,9.696286690256534e-07,5.181289661497099e-07
0.5301013730297576,0.46751081492412694,0.0022568217507088506,9.731232906279803e-05,3.367796634383451e-05
0.02101003206105615,0.6522408797602823,0.3225532041781718,0.00412808987548894,6.779412500080767e-05
4.331098574265619e-05,0.001316247177855307,0.921215503798764,0.07740334551886643,2.1592518771509463e-05
0.0006394954113846023,0.010741643698178567,0.19449876758522647,0.7940356525453097,8.444075990054567e-05
0.5575577968593342,0.24913869086734697,0.19079164948168917,0.0024313861630917057,8.047662853801622e-05
0.9992090811520917,0.0006411553542972622,0.0001416934845064685,6.702593122411024e-06,1.367415982192885e-06
8.551224715730132e-05,0.013248588944900976,0.9862161954264115,0.0004453171121351387,4.386269395064249e-06
1.7145654926132867e-07,2.9478406142692537e-07,3.38547365026459e-06,6.813283220429546e-05,0.9999280154535347
0.0001719117963245544,0.013020305871778558,0.9648252352759513,0.02193050151222294,5.204554372247849e-05
2.53952363526051e-05,8.362218279815672e-05,0.023005166452535152,0.9757327536512429,0.0011530624770712554
0.00021149783409559213,0.13689336861866738,0.8624258726052839,0.0004664023001590561,2.8586417940910288e-06
0.00039705084686147366,0.010088307642648788,0.873716498299304,0.11577175961786151,2.6383593324239588e-05
0.00018572289873277698,0.0010773745629813554,0.07225407928527093,0.9256726103537886,0.000810212899226326
0.5157193732697843,0.47899736819129773,0.005082213860533873,0.000150466502208949,5.05781761749677e-05
1.4444763249041064e-05,3.437500241315099e-05,0.06322560580358537,0.9367094589542091,1.6115476543429264e-05
0.00017695287982449136,0.02460376718324571,0.9746220753005546,0.0005891726946112107,8.031941764259091e-06
1.0832339764938805e-05,1.3044050920639085e-05,0.0002783139898286033,0.01640238178044235,0.9832954278390434
8.15557177017587e-05,0.0002709921269243926,0.001110428225855823,0.9942171520636862,0.004319871865831793
3.4867119659807525e-05,0.00010448576903662072,0.0007496226622973174,0.9990860701470546,2.4954301951633045e-05
0.016153945389006698,0.9632020818491912,0.0205441851573473,9.686540010156667e-05,2.9222043531992244e-06
0.3240813844789075,0.6521707130575656,0.02341565754852717,0.00032170670215008715,1.0538212849613087e-05
0.9254251311538279,0.07275781028201549,0.0017701211109315646,4.400047986606291e-05,2.936973358965811e-06
0.9712299474063274,0.02828782977448546,0.00037878391059181283,2.51674844443863e-05,7.827142415086574e-05
0.9996206478526501,0.00033814230706406486,3.798362102345172e-05,2.8089458203809735e-06,4.1727344185129455e-07
0.9989033629134332,0.0010467601235705185,4.6190497639037925e-05,2.9179100428198977e-06,7.68555314445593e-07
0.05008952590964667,0.8297462499717804,0.11804192930417293,0.002073378005335719,4.891680906444819e-05
0.00015368794312082737,0.0036673059469882322,0.9588688395340085,0.03729878031885492,1.1386257027727678e-05
6.777045558507633e-07,2.048087682968125e-06,0.00011781913408923875,0.0024022133506660425,0.9974772417230058
0.998736647599035,0.0012134925615217699,4.48021162685597e-05,2.856083466078745e-06,2.201639708665429e-06
0.9993236562311056,0.0006424221168028937,2.5673745818330756e-05,6.334702579077917e-06,1.913203693761446e-06
0.0002506857258065414,0.002402569472144152,0.33081045275075754,0.6658436056907022,0.0006926863605894306
0.8188972847690483,0.17762243598589328,0.0034365734076257375,3.5325602759078955e-05,8.380234673369339e-06
0.00043537089310177404,0.13041617510205628,0.838687420744308,0.030370608497690164,9.042476284364959e-05
0.00043742403714322367,0.28336178111103844,0.7129541611715378,0.0031627884773749674,8.384520290560091e-05
0.14309329721248729,0.8556053456402997,0.0012624601245056983,3.761384153936189e-05,1.283181167997376e-06
6.809941834073334e-05,5.2408887036314854e-05,0.01144524182713584,0.963328421538964,0.025105828328523136
0.00012821872558608282,0.0011653404916468252,0.993041177761272,0.005661807635496263,3.455385998882277e-06
0.9990529961663797,0.0007264935636545773,0.00014224039062565142,6.801976755614921e-05,1.025011178394512e-05
0.009391468424174194,0.9710839524507311,0.019370018992449653,0.00010497933119648393,4.958080144835379e-05
0.9968706289698058,0.0028901061617379368,0.00020875483477634377,9.092527715219478e-06,2.1417505964592128e-05
0.0006245884878293352,0.7711656221018058,0.2276919686335618,0.0005120205739843113,5.800202818620341e-06
0.9894773605151705,0.010413310159400536,0.00010196055559669699,6.5263758749828575e-06,8.423939571859778e-07
0.9999198809155758,5.383429378403547e-05,2.4430211255003598e-05,1.7727625129670073e-06,8.181687228905761e-08
0.6606701043150744,0.31506477656098275,0.024101430256618886,0.00012187654131762195,4.181232600635206e-05
0.8825205893523488,0.11445741189243455,0.002198097851787701,0.0007364373549870729,8.74635484418269e-05
0.00015624877855906498,0.0008829622733991866,0.8194354168068043,0.17951388672763197,1.1485413605540233e-05
0.001226593952011505,0.2202757900418646,0.777463884316777,0.0009551604897281184,7.857119961864664e-05
0.6692501946428636,0.29907812868546657,0.03162277759286184,4.489381931587358e-05,4.005259492105691e-06
0.00011886578472286053,0.0003000937191211151,0.1356095380323937,0.8630288334508132,0.0009426690129491066
9.986857013693891e-05,0.006719401417109134,0.22814891686886668,0.765002710525901,2.9102617986330736e-05
3.3475734520684246e-05,0.00036894380242036913,0.640019915511448,0.35954704263577036,3.0622315840700415e-05
0.013357557083754214,0.49113133925361085,0.453669940042471,0.0414032823272074,0.00043788129295643753
2.688901593030179e-05,2.4546756779593478e-05,0.009894790658499785,0.9900296044422222,2.416912656814519e-05
0.0002549376756198584,0.0011169866893289584,0.44967488652985455,0.5488302410186807,0.00012294808651594114
0.9997760612858292,0.0002168233510801718,6.706038524949797e-06,2.324028522511251e-07,1.7692171337918565e-07
0.9757635601135852,0.023559050915559657,0.0005480368670893814,0.00012406500098991878,5.287102775699146e-06
0.19036254218850376,0.7543275860929506,0.05379471319085618,0.0008998167748164727,0.0006153417528731176
0.00012590844462251924,0.00022269115654876916,0.9864211535645967,0.013223897976547421,6.34885768456222e-06
0.00015016943390485935,0.5328499625409184,0.46549079941334043,0.0015056661674788313,3.4024443573271005e-06
3.5929133888946376e-07,6.50676965337231e-07,2.1746780037884872e-05,0.0007632119181529542,0.999214031333505
0.9934349984586451,0.006525408418307874,3.613600823543929e-05,3.0676211736678555e-06,3.8949363788465925e-07
0.00030414052762139406,0.5642701479949165,0.43457875643615224,0.0008412799619123085,5.6750793974764186e-06
5.017505920864752e-06,1.2020054096027854e-05,0.0001442787045375983,0.07308370878911134,0.9267549749463343
4.3571076193504394e-05,0.00016552618236970401,0.012964296050192508,0.9857496349842497,0.001076971706994578
0.02711921044511622,0.08095422483193807,0.8714677954431241,0.017291624922099496,0.003167144357722147
2.193507264704544e-05,3.023421462138312e-05,0.0010714160931185666,0.9985025346443804,0.000373879975232722
0.00016385408227313094,0.009941466472640277,0.9678976581987919,0.021966544930410208,3.0476315884284856e-05
0.00012445990248044362,0.0013395746058319203,0.8623228450908327,0.13618494806011555,2.8172340739358123e-05
9.81240087428563e-06,1.1939170507049357e-05,0.029260783656625346,0.9707102049732076,7.259798785616346e-06
0.00019790323798379384,0.00032979048403786323,0.0019985108588607197,0.9050122090150539,0.09246158640406371
0.9368180476406015,0.06085154904605081,0.002312827642922764,1.5015201740911936e-05,2.5604686841498636e-06
0.0002156380600660266,0.6345849470557953,0.3649140863128005,0.0002802444428761968,5.0841284619867036e-06
2.9301806948355094e-05,2.4413372234840846e-05,0.0003996465735657433,0.20761850384784272,0.7919281343994083
0.9991699372506188,0.000781345078997721,3.6862917662368376e-05,1.088167033801071e-05,9.730823831003717e-07
0.0002124495101179367,0.011842565239924656,0.9547288386136693,0.03319174939590043,2.4397240387638726e-05
1.0772470996553486e-06,1.982766044097873e-06,2.5082033134838336e-05,0.00028790015416665644,0.9996839577995547
0.0003327575347044576,0.000734149954835411,0.34298129496807855,0.6559252290326174,2.6568509764204e-05
0.030439534339614983,0.962786643868693,0.006723839987566174,2.398054062139273e-05,2.6001263504377383e-05
0.9998218777317224,0.00016326066619122114,1.330203501168131e-05,1.2889781096155604e-06,2.705889653661688e-07
0.10101485673963927,0.34213118808917103,0.5441916472867918,0.01262145456209985,4.0853322298163686e-05
0.8285023543789376,0.16667036056654969,0.0047118468954570995,7.528769851783961e-05,4.015046053787001e-05
0.9998295713469573,0.00016079559271589116,7.815860199290557e-06,1.3886539965931549e-06,4.285461309564672e-07
6.29160133874257e-05,0.00010802330493921915,0.7958885806369504,0.20393159080917458,8.889235548326572e-06
9.639617877980267e-05,0.000667078409197563,0.9839924558946279,0.015240659441685282,3.4100757094930414e-06
0.0004137563532884073,0.06308056188883356,0.6399607594824188,0.29610430916033353,0.00044061311512558877
0.0016312781770747343,0.9289143594809153,0.06937458159776808,7.473666627958868e-05,5.044077962170288e-06
0.00384573753576669,0.6279082404653982,0.3643533598863726,0.003269650463014073,0.0006230116494485701
4.425186430593916e-05,5.543357643806046e-05,0.0013471158082355794,0.6233389852188012,0.3752142135322191
0.8465914115049784,0.1501521034048691,0.0031193750106896312,0.0001309634008091804,6.14667865382477e-06
0.9992933170848921,0.0006587972507722368,4.128772105567865e-05,3.287423744424698e-06,3.3105195351902573e-06
0.00017041489538576737,0.001085320386097514,0.9549180361559946,0.043812763001967174,1.3465560554740387e-05
0.6196396765938214,0.37920230785864195,0.0006565262081448178,0.00043024905682870673,7.12402825631045e-05
0.9994423287948104,0.00045596717271013286,7.519414303997427e-05,2.0960557244221364e-05,5.549332195260162e-06
0.9908609660502566,0.009103668503403,2.6273989272090608e-05,7.152102583346129e-06,1.93935448502958e-06
0.3424690997159335,0.6520640186517066,0.005404505072317901,5.776044859918388e-05,4.616111442817642e-06
0.39485593589607554,0.6022093376988955,0.0028577983353530365,6.0929339790348025e-05,1.5998729885627206e-05
0.9298258484957712,0.06832931326964645,0.001083095097938963,0.00075232679045914,9.416346184257223e-06
0.13931627551945736,0.8560803281260673,0.004332414447340999,0.0001402525723970323,0.00013072933473716892
0.4223699127932547,0.572231241318892,0.005263438216779633,8.721990868350674e-05,4.818776239016934e-05
0.9993541448334586,0.0005597257885713176,7.487275532417945e-05,9.219857610238977e-06,2.036765035570017e-06
0.002268989486757522,0.9078470351452873,0.08958388539344328,0.00029815245271158376,1.9375218002364158e-06
0.012125597676750956,0.8778137676154782,0.10892520298474023,0.0011119744750243445,2.3457248006225507e-05
0.6633229236374324,0.3249679052262952,0.011608701628301948,9.0954253901716e-05,9.515254068661025e-06
0.0005564817878385105,0.8337241536602402,0.16564143424195404,7.677015401019464e-05,1.1601559570338243e-06
0.3709360882367614,0.5089145546435998,0.1195094363621822,0.00043851107993793587,0.000201409677518662
2.3763052985432572e-07,1.361498020214139e-06,6.150908974912356e-06,0.0006693208439385325,0.9993229291185365
0.00011875250516430454,0.00033424858676169754,0.597086187209833,0.40239437282688073,6.643887136023741e-05
0.9989552581791541,0.0010215805750074108,2.008248763425253e-05,2.2400775812456576e-06,8.386806228946882e-07
0.0025712493787996347,0.9219308560049627,0.07480485835302078,0.0006025970510381892,9.043921217849571e-05
0.10606058126287782,0.8786648592470396,0.015173972129163573,6.536588054158021e-05,3.5221480377355204e-05
0.00022123499205028283,0.002734502498676321,0.9296623639173083,0.06736409647441509,1.780211754983758e-05
0.4903381644859607,0.507459158637647,0.0020826338605523255,0.00011505621708813147,4.986798751888586e-06
9.491365690862976e-05,0.0002095855658195031,0.01585676348494921,0.9837956768456774,4.3060446645354854e-05
0.00042040013309052073,0.0005277580681299205,0.28537257050040993,0.7124918252285158,0.0011874460698538725
0.004618583548232223,0.5756108556883021,0.41952049330044944,0.0001839184341985936,6.614902881789682e-05
5.864768579339178e-07,5.90090647171581e-07,1.6514614140632706e-06,5.6022675809256463e-05,0.9999411492952716
0.00018014120334329422,0.000820436974259043,0.6001105210322977,0.3979070032053184,0.0009818975847816676
0.0004093563474597634,0.0005096307621801407,0.12018054465373705,0.8726591923533815,0.006241275883241472
5.5053011778916875e-05,0.00013358376237042268,0.00218929272165237,0.9949717489370968,0.0026503215671014966
0.0026244027493672567,0.33145616780617165,0.6646162655862529,0.001292336194690862,1.0827663517452184e-05
0.14173001468559948,0.8503146099284925,0.007908053730635814,4.593602900332573e-05,1.385626268804721e-06
0.9990945358774924,0.0008037119435497205,9.099102016208223e-05,7.653065591255097e-06,3.108093204352845e-06
0.0024690031905843972,0.41757841772354887,0.5787974129789675,0.0011410582260595317,1.410788083977316e-05
0.5273011509136959,0.4661964690480149,0.006422003556630843,7.516857255081243e-05,5.20790910751119e-06
0.9997716600581006,0.00021707907392347461,7.5267909878244605e-06,1.6477738615753394e-06,2.0863031266471526e-06
0.5335769845062693,0.4626977768127241,0.0036901200199583326,2.5280185511894348e-05,9.838475536446148e-06
3.1132062659964687e-07,4.150410232041595e-07,9.793093353960597e-07,3.5492030545395144e-05,0.9999628022984695
0.9986066536647253,0.0013014142645969208,7.448302824810057e-05,1.3576418519401566e-05,3.872623910306578e-06
7.13945291598781e-05,0.0004641746503633049,0.7880967126879895,0.21117856323528503,0.00018915489720204882
6.448578900215432e-05,0.0003143955164547216,0.05153872613340321,0.8485947654087258,0.09948762715241403
0.9997456561151065,0.00024241476755427688,9.814273432039268e-06,1.276717932382598e-06,8.381259747612575e-07
0.9990602502371209,0.000844054837706065,8.79849274084662e-05,5.832507522042219e-06,1.877490242662303e-06
0.00011447286222161995,0.001202697951380334,0.8951241117561747,0.10354203348682622,1.6683943397214294e-05
7.991485297731277e-05,0.048139013225144765,0.9517286772859299,5.0763830856351176e-05,1.6308050916514957e-06
0.0002051003118098053,0.0004006757072078902,0.09750624765817562,0.8713535459454508,0.03053443037735587
0.09845335902559638,0.7909696062934415,0.10763353907739985,0.002767063087148932,0.0001764325164134157
0.00013805119218330577,0.0006488020141083516,0.5485581839366033,0.45011722634225554,0.0005377365148495506
0.9317015038674933,0.06810477553256512,0.0001239967465412706,5.9250448149452095e-05,1.047340525085115e-05
0.9988942144317102,0.0010079961464012565,7.90564365644652e-05,1.3225389690278562e-05,5.507595633575641e-06
0.004413872597556968,0.6654964243351786,0.326426716276801,0.0035648554988725414,9.813129159104634e-05
0.0008867044780320494,0.31651686329238043,0.6792019602001093,0.0033772461531012847,1.7225876377137664e-05
2.7380191875773766e-05,5.2821449730690515e-05,0.004627342423494364,0.9952667668878336,2.5689047065613316e-05
6.0066116204551485e-05,7.655559623251018e-05,0.015263563833116119,0.9792862915549675,0.005313522899479368
0.0005044534130985796,0.1497535766250323,0.8315171251417494,0.01805476041882239,0.00017008440129739045
0.7997528308576123,0.1995998822036878,0.0005705740221489797,4.6942429047811126e-05,2.9770487503001012e-05
0.8589955075344423,0.13414611755048766,0.006563106509908895,0.0002595903927133385,3.567801244773741e-05
0.9612048839074169,0.0384930957454568,0.00020246273772169955,8.203764727617194e-05,1.7519962128474675e-05
0.00012727498647080278,0.0001304630752328505,0.11560551977047413,0.8840666681220004,7.007404582181842e-05
0.9961195489030131,0.003809772295248341,4.70795947673278e-05,2.2239547351432958e-05,1.3596596196664017e-06
0.003154056506411364,0.4215596810553349,0.5745252187216028,0.0007317087345497242,2.933498210130059e-05
0.1495843686410392,0.8185062390910464,0.03159247678023624,0.00028120822246797386,3.570726521019387e-05
5.3145984544018374e-05,4.3881544743194315e-05,0.06275137781291051,0.9302798429240301,0.006871751733772303
0.00036280638799171224,0.0003876316004638698,0.1527576494665496,0.8461870684694338,0.0003048440755610047
0.9993837593616182,0.0005987428132496053,1.4009747632385983e-05,3.3182633007479245e-06,1.6981419900733186e-07
0.02953857309086842,0.40475808510712963,0.5650194205554272,0.0005114042725813797,0.00017251697399334756
0.00013575789438931163,0.00019418163798903937,0.030646023264769177,0.9690099552929777,1.4081909874655174e-05
0.1986889296040375,0.7993590065195258,0.001912149866384864,2.5560494105337384e-05,1.4353515946266789e-05
0.006286392102713155,0.8192970467534483,0.17303094503803418,0.0013692070645895734,1.6409041214820563e-05
0.9999216564356014,7.579323434465757e-05,2.280456263951427e-06,2.3508983581625138e-07,3.4783954007184945e-08
0.9993709350676216,0.0005840730871942267,4.010128984133497e-05,3.3002087988065174e-06,1.5903465439699529e-06
0.15057011862693737,0.8262769110121754,0.022976735546134313,0.00012064588802566144,5.5588926727436364e-05
0.00036534066264253597,0.4045708895975654,0.5947735172773583,0.0002873144926559649,2.9379697778920053e-06
0.999911784162424,8.194992235529584e-05,4.577591420676852e-06,1.2635921992616189e-06,4.247316007439552e-07
0.0002024035558011437,0.00041086440483269004,0.03029746653377178,0.950647178071888,0.018442087433706504
0.0011719742871851967,0.43578719614158246,0.5626689572610806,0.00036268200160855603,9.190308543104528e-06
0.15720507813856724,0.8389565252108061,0.0037731912423093457,5.2118250366030694e-05,1.3087157951194582e-05
0.019355495515981175,0.8905663347593881,0.08818633893742979,0.0018810232881267418,1.0807499074296187e-05
0.22851422021793202,0.7617098176070588,0.009585556799024456,0.00015891187919789387,3.149349678689042e-05
0.08445563409524477,0.9053283183724435,0.010165194040141462,3.4910697061946314e-05,1.5942795108239642e-05
0.12000820823820034,0.8743368486873976,0.005457192768075357,0.0001827625525649373,1.498775376181749e-05
0.48082775040206277,0.4999489552927422,0.0182432059633942,0.0008762389516110059,0.0001038493901898824
1.755775591299247e-05,2.6862613331135243e-05,0.0010918306064144048,0.5783623892156456,0.42050135980869574
0.00010160558357314678,0.00029752311810657146,0.00859469493169751,0.33440943771178283,0.6565967386548399
0.9995122081842197,0.0004697532067090625,1.4573265417805131e-05,1.816242185249234e-06,1.6491014682864687e-06
0.025076426523206515,0.080142633240062,0.8852442206391699,0.008894527613895453,0.0006421919836662111
3.033405900395879e-07,4.3206983753447855e-07,2.636076412302468e-06,0.00013704700681642105,0.9998595815063438
0.0015798561496967462,0.5333195251108532,0.4643436555587971,0.0007477618579408507,9.201322711995436e-06
0.9995704292098971,0.0003884637620959509,3.647466072506379e-05,2.5318388468560036e-06,2.1005284349163042e-06
0.7219104548475834,0.2725009399066144,0.005416357133940715,0.00012153964380648702,5.0708468054906434e-05
0.0786982743832817,0.5813888217376975,0.33811271988760566,0.0015825907758451026,0.0002175932155701976
0.1066850376188349,0.8762595459032084,0.016520402150189933,0.0005204341460911512,1.4580181675550139e-05
0.8928819211272444,0.10664276029246848,0.00028304271775883295,7.786713509706056e-05,0.00011440872743124212
0.0003890030857677579,0.0002478185756238193,0.5772224286012113,0.4221030117525967,3.773798480037285e-05
0.00024192565606572414,0.0020941010563228723,0.9896153397061145,0.008026200733159166,2.243284833775018e-05
7.316655259148393e-05,8.480501269540098e-05,0.03155755192133818,0.9682631702635809,2.130624979415524e-05
0.1153994450218842,0.8741415740206043,0.010180874430020826,0.00021893272799544268,5.9173799495000684e-05
0.06238891916853983,0.9365448087766061,0.0010305260005614655,2.3360139973636767e-05,1.2385914318814298e-05
0.00015775569706958303,0.0003881695777673723,0.003778006598840324,0.9255632409046367,0.0701128272216859
0.0006005194275854423,0.12626963143803302,0.8729540094081337,0.00017169243377797844,4.14729246977438e-06
0.015480489397828858,0.5622509857922585,0.4202458826730033,0.0016307159749249555,0.00039192616198434517
0.0014704087826824712,0.05473117779759001,0.9435881309481986,0.00012279606862540182,8.748640290358446e-05
6.116300968152642e-05,0.0005353035816807647,0.9843764825299826,0.015023727237314613,3.3236413405472213e-06
0.998223049736684,0.0017208580490478585,4.609000730492156e-05,5.624371142447295e-06,4.377835820819286e-06
0.9996014667337101,0.00038379377570154006,1.1640944385373104e-05,2.0954560447273314e-06,1.0030901584092275e-06
0.9983130681048878,0.001449484495862416,0.00017885198275773587,4.920798374255959e-05,9.387432749476715e-06
0.0001507704056680442,0.00024021519361596734,0.8571203944732264,0.14246465771190242,2.3962215587059254e-05
0.0019736962747194243,0.45826400049469335,0.4546227108741235,0.08508710836536205,5.248399110170347e-05
0.027605078392495718,0.7036090319108059,0.2681802166534285,0.00056470099816758,4.097204510231773e-05
2.0054003416482068e-05,5.365369388829128e-05,0.019450171025536533,0.9804032666804983,7.285459666030157e-05
0.0018990291015372471,0.5229743238549018,0.4662162245473352,0.00877485965133541,0.0001355628448903894
0.9998961781489113,9.0828636524072e-05,1.1682263151441241e-05,8.769746688671998e-07,4.3397674424952174e-07
0.3262788720368624,0.671305321555098,0.002339627945320681,6.229935051765697e-05,1.3879112201206973e-05
0.00032147337934051594,0.06225396349919671,0.9373171167819915,0.00010581252068260701,1.633818788701635e-06
0.00010475641940715354,0.04150307711124208,0.8509718905323849,0.10732582352529156,9.445241167438334e-05
4.987947655517752e-07,7.694768401609055e-07,3.5913501684708717e-06,0.00012051047290995234,0.9998746299053158
8.564654530877701e-05,0.0005706655048147869,0.9989050638503608,0.0004312144140686707,7.409685446827142e-06
0.9996462335022112,0.0003167321857309897,3.089061078736446e-05,4.282806739427774e-06,1.8608945309906344e-06
2.285418555761723e-06,1.129036249137556e-06,1.552999876537376e-05,0.0005074467953515888,0.9994736087510782
0.03861143974097449,0.7264631454924887,0.2326456618658817,0.0022180943179251743,6.165858272997659e-05
5.3680431658152156e-05,0.00011026855816594114,0.016062434520780208,0.9835493008306583,0.00022431565873729165
0.9992285765175039,0.0007472722247352859,1.810108006075265e-05,3.6055183253750267e-06,2.4446593748247724e-06
5.145181347556346e-05,0.0005314575191993473,0.10530555365062959,0.8914670031200296,0.002644533896665957
0.0010379210075314013,0.7264238119448576,0.2706333027225864,0.0018528622376732466,5.210208735149543e-05
0.9993528042338957,0.0005949156656709796,4.826513681087651e-05,3.487212287522946e-06,5.277513346480421e-07
0.11151781860479068,0.5926278873960137,0.29531895011117093,0.0004292559095037295,0.00010608797852103186
0.0019301288685777361,0.9329981415274391,0.06430640747559935,0.0007627872921296075,2.5348362542084166e-06
9.77092934806538e-05,0.0009876563701458983,0.8935004419703427,0.10539918232516048,1.5010040870332092e-05
0.32169575663115835,0.6183036518237367,0.05881156794383131,0.001082247396628236,0.0001067762046455496
0.00010894727061061651,0.000595220574728526,0.9583217150950649,0.04087523813996143,9.887891963440046e-05
0.9999043034360685,9.021841076198453e-05,4.471325123749451e-06,7.290605092824503e-07,2.7776753649392846e-07
9.043779379330485e-05,0.0001289772107354953,0.032193778759208105,0.9675683305030993,1.847573316394597e-05
0.0038612019143621323,0.31970568014434186,0.6510243334915005,0.02524933562195977,0.00015944882783568783
2.7899130971608702e-05,3.1336939559789006e-05,0.0011451240322642717,0.20231499710556355,0.7964806427916408
0.9574080527910775,0.042269641169148116,0.00030910859621583245,1.0450304737292622e-05,2.7471388214402115e-06
0.014306988627112157,0.9778890115706061,0.007673111269551927,0.0001260733080934608,4.8152246363684865e-06
1.314301247866887e-06,6.196929867918865e-07,1.6232487004426274e-05,0.0017994755917115012,0.9981823579270493
0.010044882657058466,0.6484740838958593,0.33938473803491587,0.0020797004972079453,1.6594914958353203e-05
0.015274358398493993,0.9285977722066052,0.05540176644390171,0.0006934209443965853,3.2682006602389984e-05
3.994937420170832e-05,0.00417176305215752,0.9955277292829326,0.00025730628429932394,3.252006408756402e-06
0.00021283363129098525,0.00046204872953491697,0.0344690551996065,0.9590774695343025,0.00577859290526516
5.434836505315095e-07,6.877965982761424e-07,4.5298587147328194e-06,6.174857720098779e-05,0.9999324902838355
7.589359587250121e-06,1.89976395426461e-06,0.00017187710573325063,0.00324843569297586,0.9965701980777494
1.1461538963737363e-05,1.8725409763765095e-05,0.0005889064298197589,0.008303557471060954,0.9910773491503917
3.9228603961441964e-06,1.2944530978834738e-05,8.665647666638039e-05,0.028453907973847982,0.9714425681581107
7.284531056561185e-05,0.0003533830055548864,0.0198680141323009,0.9398521239283509,0.03985363362322765
0.0009197130738332542,0.003311368892893671,0.31678156549275716,0.6785292573647516,0.00045809517576437115
0.020477828499385023,0.9755711987926976,0.003483468003334547,0.00045637970806339294,1.1124996519429245e-05
0.00011582702166608704,0.014156446161281772,0.8818298687447677,0.10367930193250068,0.00021855613978383263
0.00031844600512115584,0.0007338112760675939,0.6757315280538014,0.32320686379707775,9.35086793214867e-06
0.9995107924417544,0.00043322440627514223,4.752647359090091e-05,5.4995445511883725e-06,2.9571338282335087e-06
0.32164177025632934,0.6526158711708079,0.025352118464032597,0.0003464233278110155,4.3816781019164166e-05
0.01833423339494933,0.9479952216859648,0.0335820502083181,8.50774630059147e-05,3.4172477619779597e-06
0.0003670883635244751,0.28715867694428826,0.712116397276927,0.0003547162192077549,3.1211960524754395e-06
0.10090606952512744,0.8854506922665742,0.013138168143400306,0.00047774621859483665,2.7323846303207993e-05
0.0022197468267023584,0.6181989560297321,0.37873762394542004,0.000832356575512982,1.1316622632515012e-05
0.0007068706869143944,0.9389924228888494,0.060235316619658676,5.560019044176169e-05,9.789614135590502e-06
0.24011827674105082,0.7581637296695803,0.0016288363285412392,7.205232157829675e-05,1.7104939249300776e-05
0.9771379085629242,0.02259593464668933,0.0002503429524265874,1.2436005414496097e-05,3.3778325452785598e-06
0.00012835719657626092,0.000442894748052086,0.8426610008346334,0.15670930410474973,5.8443115988573756e-05
0.006044042114428346,0.7372173028679913,0.21197261476718468,0.04446338156708787,0.000302658683307899
0.000318824052496722,0.0050521087346439685,0.9688782725611184,0.025731094267995344,1.970038374532161e-05
0.0026222521029735904,0.08692605761161169,0.9101678720968102,0.0001271637896646991,0.00015665439893974273
2.35401096343551e-05,2.4475935209490004e-05,0.0009675608222917911,0.361657603737301,0.6373268193955633
0.00016709473929690013,0.01651502777333825,0.9752659371174532,0.008032516093371222,1.9424276540323307e-05
7.955128601788769e-05,0.00016036555640510896,0.030985088208507577,0.9656037271016064,0.003171267847462841
0.2129225774739614,0.7296409194431318,0.056684869643995,0.0007168533808073419,3.478005810442884e-05
0.07391564288914315,0.9113509181824321,0.014511144650522338,0.00021203869927530712,1.0255578627375714e-05
4.5269501374936797e-05,0.00011470170472296664,0.6589967757932332,0.3408021532172527,4.109978341625631e-05
0.00019798982574841187,0.0002621008270742528,0.008420738605035553,0.897778862566655,0.09334030817548698
0.8942403828845841,0.10500408655691333,0.0006636325163160454,8.60304194674356e-05,5.867622719069602e-06
0.9979180643223736,0.001842153191516931,0.00022660404512666086,1.1063588820705038e-05,2.114852161924662e-06
0.0001298092638432206,0.0014602432043260226,0.9529116718829945,0.04549147324858347,6.802400252778356e-06
0.0024633781224303658,0.9104231313221322,0.08692183059571264,0.00018542211557197262,6.237844152940907e-06
0.999812317990388,0.00017622974628372085,7.988297439915909e-06,2.464939600288554e-06,9.990262881884798e-07
0.9908392186252406,0.008518991447108182,0.0005677212362586458,4.893866517143593e-05,2.513002622110371e-05
0.9997320692206334,0.00024389018808509047,2.3274740105282884e-05,4.151786704893069e-07,3.5067250557787916e-07
3.589436675276093e-06,2.0511726484599586e-06,1.4601644337745675e-05,0.000797061055635083,0.9991826966907034
0.0017370464964170656,0.5274945800071331,0.46553928635870373,0.005202826372246482,2.6260765499587234e-05
0.9997476124336341,0.0001824508906692988,6.0906513544248436e-05,5.05782023813212e-06,3.972341914363386e-06
0.0004923946569558146,0.1794981271592955,0.8114401403103023,0.008551409918789549,1.7927954656786473e-05
0.9890644544884499,0.010594432468321712,0.0003244163615581767,1.4246987143776288e-05,2.449694526246115e-06
5.292316232349272e-05,5.326541699839819e-05,0.021292581526839455,0.9783711907904008,0.00023003910343770786
0.9598437693112688,0.03908472557405975,0.0010271617802069949,3.0676759725940506e-05,1.3666574738507545e-05
1.617302204213539e-05,5.806526019003885e-05,0.030098276854008635,0.9697570160477009,7.046881605830402e-05
0.9990747316878535,0.0007041836898450142,0.00020365043904379946,1.562677697387831e-05,1.807406283890675e-06
0.999751504577045,0.00022735892877792882,1.3178334334365524e-05,6.000296484555913e-06,1.9578633582751284e-06
7.010683398426325e-06,3.024737727691924e-06,0.0006079029301715676,0.03309779685031944,0.9662842647983828
0.000490408511288889,0.11079678086283794,0.8804254269696382,0.008273947123290286,1.3436532944811183e-05
2.0437227831028577e-05,2.07374713014927e-05,0.00252050915973811,0.9933307820963359,0.0041075340447934375
0.8114082750180684,0.18777857028758305,0.0005584031285547935,0.00021000610787006094,4.474545792375609e-05
0.0364958189184838,0.509538093361385,0.4531973536720291,0.0006251159346666782,0.0001436181134353095
0.2689582584151607,0.6947913724442577,0.034910516223753865,0.0013204542373391327,1.9398679488718187e-05
0.020701681784000926,0.9256874016121959,0.052072425200626486,0.0015315559055474421,6.935497629293474e-06
0.00011799559404979736,0.00821888602763638,0.6685335658722155,0.3230725504096572,5.7002096441187136e-05
0.9996874081400222,0.00030356064168016124,7.287960159185716e-06,1.5928242546298847e-06,1.504338836729666e-07
0.00014735755453526016,0.02944674880647676,0.9701147827111852,0.00028691545804449713,4.195469758339828e-06
8.614255825303637e-06,1.4489589572129674e-05,0.00033790497241598295,0.020692136142597087,0.9789468550395896
2.076754685394808e-05,0.00030060697866818125,0.9984232813892959,0.0012538866200379629,1.4574651440193661e-06
6.0247158902863166e-05,0.001954290818831278,0.7653195422046997,0.23265729027660556,8.629540960608636e-06
0.9998556658163605,0.00013127190613586328,1.1457180951151797e-05,1.3195167718309764e-06,2.855797806082295e-07
6.538049215031605e-05,0.00015331199922304127,0.4145748906095344,0.5852010324576399,5.384441452376078e-06
0.9990112971603806,0.0009491166727152763,3.489957539463506e-05,2.346735860701766e-06,2.339855648996257e-06
0.00012826665863672102,0.005618466621509763,0.9116598229718461,0.08238237639064831,0.00021106735735900662
5.307151843804907e-05,0.010253023783973048,0.981489138586007,0.008182006632737103,2.2759478844906353e-05
0.0001468875769421483,0.0003909868367103145,0.5647854019758701,0.43466345735771533,1.3266252762045074e-05
3.829697711362132e-05,0.0002540017475810688,0.04956810634793955,0.9490288931056575,0.001110701821708232
0.004389039222105671,0.8243258000866132,0.17097635822957305,0.00024058777721935526,6.821468448861989e-05
0.2987345064427051,0.6834601250033655,0.01734020117624277,0.0004097590024748684,5.540837521171424e-05
0.8559696226243558,0.1428894927376159,0.001062744771960868,5.829355353380362e-05,1.984631253350409e-05
0.0012066598996201417,0.4059928666128923,0.5845693060236131,0.008196784768989402,3.4382694884986856e-05
0.9996207774694845,0.0003456080371345494,2.2141938726656687e-05,7.503632601682044e-06,3.968922052583546e-06
0.9997005895566634,0.0002823408852503665,1.2292674759651963e-05,3.899946822740383e-06,8.769365037707243e-07
0.16387223073167073,0.7818505606565291,0.05380322935368605,0.0002709395940637468,0.00020303966405022889
2.42524736782299e-05,8.260791249079e-05,0.0011796800782242006,0.998691525144675,2.193439093180323e-05
0.7987530235081908,0.20021092513821745,0.0009174118208822676,8.891503751879521e-05,2.9724495190570737e-05
0.00014032103597617443,0.0011564480985443238,0.6396217241153821,0.3590527294127827,2.8777337314607563e-05
0.9433439301182922,0.0556461018099866,0.0009169397610840997,6.128912071606392e-05,3.173918992100736e-05
0.9667527250557522,0.033107578590941586,9.54952215486148e-05,3.1154815905687285e-05,1.3046315852008536e-05
0.681757001759105,0.2894501402616068,0.028405363829121833,0.00029291018473383696,9.458396543239977e-05
0.9996601913960083,0.0003142026216235938,2.0625981965856206e-05,2.282395427306146e-06,2.697604975128654e-06
0.9848500086439733,0.015019230003037341,8.77257357006926e-05,1.6212593716019107e-05,2.6823023572761175e-05
0.0018900156012504306,0.9681590454457002,0.029764370859585942,0.00018525467354007586,1.3134199235368723e-06
2.6234543213400287e-05,0.006508483571004147,0.9916932376423222,0.0017631800821725366,8.864161287950418e-06
0.9989692868292239,0.0010007010834546888,2.0602174974804397e-05,6.088947998853316e-06,3.3209643478934618e-06
5.961906001026516e-05,0.00012443289974282224,0.007428745697036389,0.9411244698866471,0.05126273245656349
0.352121671172407,0.646430245764727,0.00107321555878295,0.00025717198876670463,0.00011769551531621223
0.9992992085448446,0.0005110328843932711,0.0001688651592035333,2.043465877625191e-05,4.587527823279071e-07
0.37802123765002793,0.5983485024684585,0.023076012556375796,0.0003162674684481981,0.00023797985668957535
0.0001623277936088336,0.0063326080868199444,0.9275838909755918,0.06588724541085826,3.392773312121568e-05
0.00017243363465045377,0.0014976240018437588,0.19379597462858006,0.8045270522810584,6.915453867304867e-06
0.0007937581148501746,0.8490814087583393,0.1499419305628094,0.0001732132594597498,9.689304541333181e-06
9.444642091822155e-05,0.00137018351371699,0.8850729741223432,0.11344041966514799,2.1976277873631275e-05
0.0001935867989557136,0.02024837620093178,0.6992309183821557,0.2802882440509762,3.8874566980494104e-05
0.15957175041215235,0.8271117983071913,0.01324895746445058,6.186696647729294e-05,5.626849728533699e-06
0.9992194885479146,0.0007050744340685576,6.395769245928669e-05,5.461116871641809e-06,6.018208685860087e-06
0.32326663112593934,0.3312838898222,0.3423025820787748,0.002935989679413116,0.0002109072936726632
0.999269555058473,0.0006800077291344302,4.469536417099965e-05,4.961320649517177e-06,7.805275720903879e-07
0.00011207373966780538,0.0003075422838124315,0.16811806170856,0.8305633667600659,0.0008989555078938224
0.3738176606642908,0.3691485666543511,0.2567273934241814,0.00021718406713277613,8.919519004394722e-05
0.001442604701939193,0.6471086687140608,0.3511887847967891,0.00025484468835027045,5.097098860643757e-06
0.0001002158561491268,0.00023655272789293037,0.4436996599361407,0.5559105287675246,5.304271229264262e-05
0.0002777927490878193,0.263481177235826,0.7358012843268386,0.0004320833520396745,7.662336207851322e-06
0.9998498718990514,0.00011633679579304827,3.0633219928668826e-05,2.0739775787899067e-06,1.0841076480198171e-06
0.00018474715412652746,0.009915655823454573,0.19739750355446603,0.7914820076993778,0.0010200857685751584
0.0015340634698694394,0.7665757986999161,0.22872320989972394,0.0031475426408972555,1.9385289593353226e-05
0.0019752086046761217,0.7224908037147477,0.2751483747953852,0.0003554684759175684,3.01444092733598e-05
0.104444142750057,0.7727390564209412,0.12207857409192772,0.0006165849634697194,0.00012164177360428336
6.947380893949744e-05,0.0003881067422327671,0.858231654285153,0.14130052189380168,1.0243269873150574e-05
0.00010197463352312381,0.00023000963964819228,0.808467547648231,0.1909791554098644,0.00022131266873332453
0.9996010542323246,0.00037024153744369333,2.5088704962710685e-05,2.8620815214872306e-06,7.534437477315152e-07
3.6213301493850933e-06,6.2662917797425755e-06,1.3937168996242148e-05,0.006078052300801905,0.9938981229082727
9.765692566886495e-05,0.013216666900553075,0.9840623229139052,0.002619322817347962,4.03044252503541e-06
0.00018216661316836297,0.02421953521770213,0.9742286743299895,0.0013683974891445937,1.2263499955520114e-06
8.570107577184415e-05,0.00015520356962172782,0.9772268619935819,0.02251782965967782,1.440370134665762e-05
0.9543448583651034,0.0454681365268142,0.00013137756287884194,4.318471387171176e-05,1.2442831331869328e-05
0.8618904532599356,0.13735909172127214,0.000710019519420303,3.777414909160055e-05,2.661350280157289e-06
0.5524770316664704,0.4380747852550132,0.009198415673012562,0.00022054402592966446,2.9223379574151988e-05
0.008279740143349559,0.9180830693797479,0.07359425533825158,3.861719799125873e-05,4.3179406594806836e-06
0.0001133327357698898,0.000718651457509248,0.848858736781093,0.1502992777005789,1.0001325048839193e-05
0.003945297639136752,0.07346393973820602,0.5783678104692105,0.3420155240180771,0.002207428135369781
0.00018905260031034488,0.9073612842214616,0.09141924647710972,0.0009924347350170398,3.798196610128563e-05
0.001513705757717708,0.06104769070467225,0.9316735794233405,0.0057287924921874435,3.6231622082097666e-05
0.0010319320245769936,0.8596028666426264,0.13762823994700843,0.0017279762157429925,8.985170045337455e-06
9.308204475454515e-05,0.0017259120184522753,0.12555547219143093,0.872607392418638,1.814132672418787e-05
0.0003344365977096196,0.001568862650494191,0.9322366113634002,0.0658496156067799,1.0473781616002884e-05
8.941477569728145e-05,0.0003073823313148746,0.9887557510423995,0.010843298735229418,4.1531153587444066e-06
0.00026841296486656473,0.8035469996064764,0.1936371108495147,0.0025326827743855076,1.4793804756704693e-05
0.0016462831039633044,0.7229004417099292,0.2746390305274376,0.0007967711958542033,1.7473462815772567e-05
0.5845599517973048,0.40785847056787383,0.007407394876423271,0.00012111581748319001,5.306694091491995e-05
0.9992991665687926,0.0006729968969068069,2.0378110314308842e-05,4.036937463091735e-06,3.4214865230489053e-06
0.6562057997077608,0.33822710866463207,0.005470099647905346,6.671459928439643e-05,3.0277380417277203e-05
0.00020754250131037102,0.008838476543096932,0.9890966773448825,0.001855067665447242,2.2359452628261613e-06
5.293830473916004e-05,0.00013570664655706408,0.09122290116593525,0.9085643801343414,2.4073748427256017e-05
0.0007176891806630773,0.6826177392294639,0.3157728121082453,0.0008837961508928948,7.963330734742805e-06
0.0004414347608194572,0.9352136034551218,0.06394185728168807,0.0003973204418117158,5.784060558863073e-06
0.005783655039571141,0.6646609731184249,0.3255830776851467,0.0038803479363402915,9.194622051694329e-05
0.0010271458451511309,0.28855278981468746,0.7070931388225064,0.0033039376295156647,2.298788813926674e-05
0.8248996237588,0.17317101673750424,0.0016684762043373265,0.00018983915384605652,7.104414551251856e-05
0.9983539864688901,0.0012581952204861215,0.00037605629871657664,7.3268583290352036e-06,4.435153578303288e-06
0.42866560238678514,0.539472859603382,0.03167092101915958,0.0001391875528891474,5.142943778416604e-05
0.9872854363652208,0.012665855168766997,4.529798360910492e-05,1.7418325558454785e-06,1.6686498473503797e-06
0.8945077195444239,0.09923601885888277,0.005062311091230237,0.0008803510248994851,0.0003135994805637979
0.9987335136232968,0.0012112737913810366,4.0990060999912606e-05,7.190383379808017e-06,7.0321409424569e-06
0.027366934424514502,0.8201622870374518,0.1508248318022811,0.0011579836412049388,0.0004879630945476609
0.0002851444284911906,0.22842122959025699,0.7712562642862054,3.4684321250244344e-05,2.677373796187665e-06
0.00015029284357967273,0.014317284671291387,0.9803577941802398,0.005160679124504083,1.3949180385118895e-05
0.0006973605713004933,0.9089163618039238,0.09016178116601577,0.00022196005059228155,2.536408167614718e-06
0.00026664517536886914,0.00697213417959436,0.9927158918905422,2.323888574513278e-05,2.208986874943615e-05
0.9230269304650809,0.07683043853930363,9.81575365210847e-05,3.483484160640919e-05,9.638617487947232e-06
0.9994282562319028,0.0005011079315093502,5.7731823637097e-05,9.451156333322367e-06,3.452856617191955e-06
0.9992249534458114,0.0006432608908439228,0.00011224379436404891,1.7936639835184075e-05,1.6052291453421387e-06
0.06321007254428457,0.7023911091787717,0.22904408059646478,0.0052757212920404965,7.901638843866713e-05
0.00010987579797432877,0.0012169985191335033,0.7698969576646938,0.22875956825356294,1.6599764635458037e-05
0.005023386863259463,0.6119669037587699,0.38106732188957254,0.0018487241604973057,9.36633279008049e-05
0.9995763453899277,0.00039839920490173313,2.082803068670702e-05,3.2932416346200905e-06,1.1341328492118664e-06
0.02958105804729645,0.9339015932018729,0.03641878946439032,9.40506814703938e-05,4.508604969942209e-06
4.82139228562526e-05,0.00028198896632175205,0.05257885022315871,0.9466889067047114,0.00040204018295182697
7.127450580851052e-05,0.0009432094332459713,0.8673584495685104,0.13161446565875143,1.2600833683606554e-05
0.0037628109387492733,0.06080385460351442,0.9263712300207858,0.009031811591738811,3.029284521172449e-05
5.579772493335935e-05,0.00010251950178297835,0.0067226682938417905,0.9922386304689927,0.0008803840104492297
0.00010917153886297993,0.0004810779940798573,0.004812298468141712,0.9356578126107353,0.058939639388179976
6.687748787039196e-05,0.0011067097806531253,0.909632114020889,0.08917114312347676,2.3155587110904968e-05
0.958503938993692,0.040766911417119356,0.00038711708846839095,0.0003146242444353018,2.7408256284681715e-05
0.9996221572184298,0.0003697782267784411,6.273218102218188e-06,1.0404394929310761e-06,7.508971967879112e-07
0.0004470121933249514,0.019443287409925385,0.26438231562830095,0.71511998481502,0.0006073999534285604
2.5083941798846725e-05,6.52892628232927e-05,0.0011197832045143838,0.9987685422222563,2.1301368607156088e-05
0.8914765927958735,0.08741130123079525,0.020763093810203817,0.00019049163417321388,0.0001585205289542253
0.0006117299946417072,0.0325785652609009,0.8988347507981143,0.0679572685866538,1.7685359689311746e-05
1.1733379595558232e-06,1.3565155732375876e-06,7.590445383854843e-06,0.0006155349774377931,0.9993743447236457
0.00022500032775429107,0.24624430415441767,0.7163280267755182,0.037189762796697924,1.2905945611844493e-05
0.10495015666899415,0.8855149054999151,0.009361616039834713,0.00014246862948185326,3.0853161774329126e-05
0.4711172200311646,0.5246195584503681,0.002945888650078176,0.0012725681380353843,4.4764730353692774e-05
0.00033493229574311524,0.01607983135309549,0.8849666817333692,0.09848605143703022,0.00013250318076194793
0.7234919311738508,0.2754683038922147,0.0005814535610260504,0.00030238234572306684,0.00015592902718545817
0.1430600850483561,0.8517484636256452,0.005151675452350536,3.595109217576506e-05,3.824781472387987e-06
0.9978336148888716,0.0007878472730140396,0.001160424968621915,0.0002010450571886504,1.7067812303964714e-05
1.6876800284883206e-06,2.298142033542165e-06,0.000151330416380876,0.0022226026567017066,0.9976220811048554
7.698949766538475e-05,0.0001811332766547196,0.0030526782251496377,0.22471155577293156,0.7719776432275987
0.9996558683577715,0.0003282132216157162,9.697950342879893e-06,3.6290084313754297e-06,2.5914618385579604e-06
0.00011116552673388436,0.0004346684954223728,0.9920016029306554,0.007439115383435266,1.3447663752973146e-05
0.4596243250154921,0.5373698053475692,0.0028372124617255115,0.0001032191176577431,6.543805755543003e-05
0.7846771665488111,0.21342793186460998,0.001714137660628748,0.00016130307996184765,1.9460845988354823e-05
5.728693399469856e-05,0.00012099546686786094,0.0007562432231974566,0.4989901606403624,0.5000753137355776
2.193881105062175e-05,0.0001275761462716162,0.032120423406752766,0.9677132066834405,1.6854952484563476e-05
0.00015208469056425663,0.0006216553616129343,0.7696927160805935,0.22952313731691634,1.0406550313008958e-05
5.5904389904922536e-05,7.810427827034955e-05,0.03629638704325995,0.9635080087096989,6.15955788658326e-05
0.9997404188741599,0.0002369166012196804,1.994725376867328e-05,2.0344990129732302e-06,6.827718387629866e-07
0.9997624886030685,0.00021994468478110586,1.2441206905580666e-05,4.154394378706622e-06,9.711108663473256e-07
0.02399628776667162,0.9706157662446444,0.005281081156243852,0.00010250152710203346,4.363305338293234e-06
6.964625691125842e-05,9.98322562149211e-05,0.0029399520354041757,0.9939779554258202,0.002912614025649442
2.1489867996007603e-05,5.301674895846281e-05,0.056819618483209204,0.943016788225749,8.908667408726716e-05
0.9983142264781704,0.0015946189274370641,5.7887117472970983e-05,2.9439337564679474e-05,3.828139354943162e-06
0.9997506573082305,0.00022704099169903127,1.9160376338283144e-05,2.6842130450821375e-06,4.571106868861991e-07
0.033478605004520975,0.6222434428148856,0.3427657568858509,0.0014800515476293926,3.2143747113032214e-05
0.00010013200822902114,0.0013732510648529904,0.9439208223748456,0.05458536201426673,2.0432537805653994e-05
2.6693530727109696e-06,5.143301001129699e-06,0.00016143897601651326,0.0035335954637395117,0.9962971529061703
0.25397888390300394,0.7314084711537739,0.014477201034783532,0.0001153240587069576,2.01198497316514e-05
0.3845699841990258,0.6017521941921496,0.013531918755066825,0.00013194922075792097,1.395363299979082e-05
0.006718531686775811,0.9731846645692561,0.019798742191583965,0.00019950731531814816,9.855423706605935e-05
0.09367402312503013,0.3867100864176737,0.5104441766386933,0.006025478600292247,0.0031462352183106316
0.0053402104320042195,0.25082373651978523,0.7435298739673454,0.0002147868623470358,9.139221851811785e-05
0.0777557487093257,0.8476474932901068,0.07050714496670438,0.0040549810263085205,3.463200755479812e-05
0.8362503784776594,0.16269151644419896,0.0008171399932849762,0.00021875214703365916,2.2212937822981765e-05
0.43716636650152624,0.556108562307214,0.006662522147621113,5.0118699881866366e-05,1.2430343756801873e-05
3.281908103496255e-05,9.987292964991714e-05,0.04861471466388014,0.9512202233809853,3.236994444959553e-05
0.0004399696677349903,0.04438603232140212,0.9549278475867633,0.00017116516435982385,7.498525973979331e-05
3.7187011321150955e-05,4.5991717301857133e-05,0.004167139315635265,0.9957371598325595,1.252212318216847e-05
0.6199899464495817,0.37714878510673366,0.002639136523950607,0.00021879299435885683,3.3389253749771735e-06
6.477575629337401e-05,0.0002111939729093042,0.2203041351378913,0.7793574554451768,6.243968772933045e-05
0.9999196722834761,6.889972135186807e-05,9.415135476760272e-06,1.2357291236560983e-06,7.771305716216303e-07
0.07678610873808989,0.9063072697771629,0.01684310871315551,5.9536709302419975e-05,3.976062289330876e-06
0.9993574621297258,0.0006245983054821043,1.171944210193968e-05,5.447448394025037e-06,7.726742963348442e-07
0.7422364819364957,0.257347341690214,0.00035434591926036173,3.951122581366951e-05,2.2319228216158073e-05
0.0006193321187243888,0.00043993570498843923,0.027665789871990976,0.5968027075050322,0.37447223479926395
1.0498741506080967e-06,1.182838990202941e-06,1.4593239466014008e-06,6.59587697831546e-05,0.9999303491931294
0.00014740903261004459,0.0008961537233702475,0.15716279586872378,0.8383528918088754,0.003440749566420667
0.9927099408452829,0.0072168459110788005,5.433117097264628e-05,1.613760537240225e-05,2.7444672932026416e-06
0.9994943357199112,0.0004888265000109446,1.2874981470565172e-05,3.538440201539724e-06,4.243584059313412e-07
0.0017748275481694528,0.746059229645695,0.2497814128551859,0.002320411487608703,6.411846334078979e-05
0.9996139317050983,0.00037586569345633415,8.77638742533748e-06,1.0760989574550228e-06,3.5011506274100443e-07
0.0001337129154849468,0.048004254585098945,0.9411507491972066,0.010691529237522005,1.9754064687624358e-05
0.9994036208836371,0.0005611546800850596,2.8035602629236255e-05,5.170608671535689e-06,2.0182249772189265e-06
0.9992152414087445,0.0007691254165595217,1.2073764450695638e-05,2.811410633532571e-06,7.479996117889102e-07
0.00010364043866844314,9.371569405230054e-05,0.9711864560753731,0.02861115659522267,5.031196683391549e-06
0.9997484805420818,0.0002400997413991781,7.531242468202835e-06,3.5399220869100476e-06,3.48551963923392e-07
0.9745186117677068,0.02524847413452262,0.000182114389504217,3.1504880590065786e-05,1.9294827676296846e-05
0.9997570511709885,0.00023527903290104186,5.458877149209417e-06,1.9712211779880423e-06,2.396977832534587e-07
0.9996938876147899,0.0002986888127634085,3.7625485888887655e-06,2.0166829048046656e-06,1.6443409531099486e-06
0.9997008126528976,0.00025986472275320104,3.3693996386498466e-05,2.8234754181245796e-06,2.8051525448130378e-06
2.7585028304093764e-05,0.00013875194460793937,0.000366448345821997,0.020074749818583874,0.9793924648626822
9.042262378591273e-05,0.0005434705963234314,0.7174695273182315,0.2817759016654968,0.00012067779616230206
0.0002928393234712026,0.28795065670073877,0.7040760927440219,0.0076565161048211565,2.389512694683095e-05
0.00020616406833012465,0.00017926056106786653,0.013514281595274336,0.8113578606599138,0.1747424331154139
0.1450424333495235,0.8388070624741399,0.016018009918060926,0.00012486120090874432,7.6330573667516e-06
5.4779564964384715e-05,0.0004161890551265414,0.9337230719613557,0.06579619355518217,9.765863371138195e-06
0.00017827000716228502,0.006605306949259048,0.7154322052248969,0.2775361639885439,0.00024805383013788994
0.006435967378207341,0.2157966778259623,0.6373666158261845,0.14022725063233937,0.0001734883373067644
0.000396778695269371,0.0018660341092045555,0.5199953673221386,0.4775995154297653,0.0001423044436221589
0.7625513232269077,0.23486449983014596,0.002297883443931537,0.0001904884006172939,9.580509839763746e-05
0.059219284433349034,0.9330201209460163,0.007567478914074994,0.00016780980404246224,2.530590251728708e-05
0.9996330249605258,0.00034594270969948165,1.965046087398504e-05,1.060822583641688e-06,3.2104631720093936e-07
7.746461838242349e-05,0.00012913872474179343,0.018107540378651036,0.9741678174427203,0.007518038835504405
0.000700141288864104,0.09913113299692299,0.8912726367480709,0.008886156366705485,9.932599436584116e-06
4.153301123554395e-05,0.003603213558074374,0.32358295062481507,0.6727368938195843,3.54089862906479e-05
0.9997407906611173,0.00023556871641132603,1.943975701589213e-05,2.910496771572291e-06,1.2903686838524666e-06
0.0006057298066635066,0.0006591413705292064,0.023533650269365256,0.29229814216705186,0.6829033363863901
0.9998009257972791,0.00017273778019718107,2.2242984317973302e-05,2.052000204053476e-06,2.0414380017459397e-06
0.8321402969526142,0.1603591865482258,0.007350443486120049,0.0001259496563090071,2.4123356731027235e-05
0.4201184265955204,0.49013233445724175,0.08835227717976833,0.0013799687109647416,1.6993056504752396e-05
9.690035039743311e-05,0.0003290686197968162,0.004266619160638921,0.40426709675118305,0.5910403151179837
0.0001286802905801205,0.0001897141512950435,0.01901007749374402,0.9609203910321714,0.019751137032209272
0.00019390702457560059,0.00035543380746626426,0.04092693730063669,0.9551365466121364,0.0033871752551849353
0.001186404967694142,0.0013793007476353798,0.4628878951273434,0.5319130152363576,0.002633383920969597
6.65224891713656e-05,0.00045517610230638494,0.1429720986918248,0.8563597696303863,0.0001464330863112396
5.850404608314849e-05,6.839085165290392e-05,0.02673623329751117,0.9729012256497089,0.00023564615504385614
6.216382277800123e-05,0.00010835286302203277,0.02729748880668839,0.9700633984756436,0.0024685960318678165
0.2914281182403174,0.7065804860979947,0.0017646770290530775,9.512725617866709e-05,0.0001315913764560604
1.9864655099236716e-05,0.01179584646171652,0.988100198295622,8.263481261110134e-05,1.4557749510028416e-06
7.694051433324363e-05,0.000444985483036617,0.9871338891817527,0.012334871018088464,9.313802788762496e-06
2.0973632933373006e-06,6.979265758115699e-06,2.8251831822827213e-05,0.001535428295317177,0.9984272432438086
0.9996558471389069,0.00029906217964764355,3.980007627893529e-05,4.694714125182961e-06,5.958910412079006e-07
6.456580301829769e-05,0.00711282784192248,0.990477065115976,0.0023204696059966816,2.5071633086419698e-05
0.5770436044905656,0.382300809564792,0.03882736960918954,0.0017120575973191856,0.00011615873813364326
0.9997978199137717,0.00017954526004954673,2.1654118704554002e-05,7.495962671238565e-07,2.31111207336987e-07
0.15819014216036675,0.8323754498746696,0.009199526373346006,0.00015833411524571192,7.654747637201188e-05
0.00035212096993995565,0.0009945586309803396,0.5107482819967855,0.4878745895696087,3.0448832685514047e-05
0.9958263318975287,0.0038677067342800845,0.00020769705320706328,9.223067500274276e-05,6.033639981533612e-06
7.189559183366831e-05,0.0002036037961057134,0.009443860201099857,0.4999155685182027,0.4903650718927582
0.9998295464861618,0.0001526084450374825,1.5550973898006936e-05,2.0036311014000272e-06,2.9046380127999346e-07
0.0001533202131554312,0.0005230421067811391,0.1379292011970439,0.8612864626780702,0.00010797380494925835
0.999519652289974,0.00038458969517994596,9.140157842654498e-05,2.678394154355012e-06,1.6780422651441953e-06
0.9716204636389879,0.028179316723446757,0.0001861881640555988,1.0321785741339489e-05,3.7096877685453214e-06
0.00015000664786489105,0.8865669264345429,0.11307772301458452,0.00020281376980470667,2.530133203050396e-06
0.0012846911948303326,0.9008834428601488,0.09752210819910549,0.0003033918485328398,6.365897382586627e-06
0.9985887305753073,0.0013955210998142134,1.0114785121521085e-05,2.297929253943209e-06,3.3356105030535134e-06
7.110206002259272e-06,1.2158217997105557e-05,0.00010408538364056424,0.016615322825592374,0.9832613233667676
0.32697277782481055,0.649751919484724,0.022305513533925785,0.0008939338434887617,7.585531305088742e-05
0.016686980657134996,0.09634240065699878,0.8868162256990604,0.00012205504454950843,3.233794225630533e-05
0.00015695218088710661,0.06205865615907311,0.9289715403198265,0.008805853142732162,6.998197480986435e-06
0.9996448723835987,0.0003363528456149916,1.6867691132462956e-05,1.7411257956445025e-06,1.659538582996259e-07
0.00032693117100694155,0.0669634965067319,0.9261766600382635,0.00652354424558307,9.368038414592598e-06
2.5757839352108753e-05,0.0018238462936494204,0.9961148587311371,0.002032304265292889,3.232870568540067e-06
5.609002755073376e-05,0.0006385606727700316,0.9683225291015678,0.030975580519505917,7.239678605499654e-06
9.213861278306873e-05,0.000595672162201029,0.10033118373588994,0.8989547721664999,2.6233322626147312e-05
9.324708634888457e-05,0.00033263464829315316,0.011468454537350754,0.9859366672236897,0.0021689965043174167
0.9993629899734524,0.0005503398536302228,7.613049241759839e-05,6.573059099098503e-06,3.966621400348178e-06
0.9991088005005423,0.0008194465852893469,5.686864388339892e-05,1.4169633182226915e-05,7.146371027812516e-07
0.7728766859827277,0.21889094819401814,0.00785690507285223,0.00036962759623586453,5.83315416599834e-06
9.59593111520237e-05,0.00014451192889187295,0.6616016790027898,0.3381347926656577,2.305709150877683e-05
0.9911161469507667,0.008849419649219682,3.1236706091274e-05,2.596735372535475e-06,5.999585499325788e-07
0.0006818748561646369,0.40351007383871534,0.5910296112376312,0.004754688908414091,2.3751159074816355e-05
0.0007592665799506497,0.041100097656476604,0.9363877273524466,0.02164211084216007,0.00011079756896604441
0.9719135824142016,0.027520131046516426,0.0004389432810974054,0.00010197190002423288,2.5371358160097095e-05
0.8277623387850301,0.16762088281288415,0.004531789660720134,7.280416287593087e-05,1.2184578489716408e-05
9.733934732250808e-06,1.4985695109388548e-05,0.00031916181418132364,0.0033835386106674825,0.9962725799453096
0.0010894887952869886,0.5106962079076716,0.4352839239126498,0.052771897485509894,0.00015848189888169155
0.0001812360841829852,0.0005505312588810472,0.5489857983260976,0.45022221025335646,6.022407748199571e-05
0.9990152034417329,0.0007889062946880285,0.00017131437193470292,1.901995711812311e-05,5.555934526254114e-06
0.3988030429872163,0.5856633805604897,0.015351338448053599,0.00010485736668202661,7.738063755827113e-05
0.004212311095858495,0.9803361267479169,0.015283865393718506,0.00015781898796131446,9.877774544661639e-06
0.9764193544030012,0.023350655107744096,0.00021205377590118553,1.618399240486733e-05,1.7527209484553079e-06
0.007073278713224454,0.9322293727484151,0.060310360590532915,0.0003771434007208697,9.844547106697166e-06
3.3707484167236394e-05,0.006860316255220754,0.9929330639332875,0.00017186010132122346,1.0522260032326787e-06
0.840928844636531,0.1542220300242145,0.004725671858934437,0.00012129283489477608,2.160645425355079e-06
0.9994082228190803,0.0005820580136026553,5.745503580828191e-06,2.9135535127578093e-06,1.0601102234333829e-06
0.6411244547763382,0.16978242443256455,0.18846048521100642,0.0005714794242260654,6.11561558648216e-05
0.004036512811601874,0.15084988288001655,0.49451759480576485,0.34893529076570196,0.0016607187369148493
0.00012187692480941717,0.015140225244704129,0.9802466349531004,0.004483996244279683,7.266633106165597e-06
0.00012884149580665282,0.0003141281057052758,0.8803469359604675,0.11916211959337379,4.797484464657538e-05
0.9996531740494274,0.00032830138205555606,1.7150762616819185e-05,1.0781909629829165e-06,2.9561493730001187e-07
0.0011432905680633925,0.9480152256229889,0.050775475796796275,6.32403241609636e-05,2.767687990286717e-06
0.9595687858586204,0.04024876086002924,0.0001423016873696722,3.423110424444151e-05,5.920489736081843e-06
8.489822200926052e-05,0.002711809395091722,0.9868773619588533,0.010319941052519219,5.989371526435904e-06
0.11286477683174284,0.7584388636643291,0.09660131663899692,0.03170662380844645,0.00038841905648457216
0.0003471827055174824,0.348567555369355,0.6503408144897723,0.0007261590477633581,1.8288387591833535e-05
3.147302577139738e-05,0.0001397710519742478,0.04298108326749446,0.9567756931639826,7.197949077742853e-05
0.0004676295367706499,0.06813200180012234,0.9126263199144211,0.018467252096620243,0.00030679665206564716
0.6355038700509558,0.36298244345345315,0.001401504159797831,0.00010516591336261071,7.016422430606712e-06
0.0008009057363762964,0.8451828884941743,0.15238551089224156,0.001622452383468073,8.242493739740284e-06
0.0007497505766735352,0.7819357044215869,0.21709359981719367,0.00021945887456699327,1.4863099789408754e-06
3.599216856373481e-05,0.001292738389361395,0.24815498371387326,0.7505040821881195,1.2203540082103793e-05
0.00017667071384521913,0.0003616158566582906,0.22709848010558167,0.7723108111299787,5.242219393612023e-05
0.962697521104434,0.03715878632926605,0.00010671721572495781,2.9617278774024116e-05,7.358071800807828e-06
0.11985871708168933,0.8660421169265677,0.013883770009454783,0.00019438829518207289,2.1007687106204755e-05
0.9995418045514337,0.00044568689602725396,8.328003417662e-06,2.945884201415712e-06,1.2346649200487694e-06
0.0002757114723278708,0.004718528813859334,0.48643682165546,0.5081429995224391,0.0004259385359136426
0.002862326660410527,0.9487753696716077,0.04813312399470694,0.00022236512387321456,6.8145494017765485e-06
0.9994282446338051,0.0005577489594437018,1.0969885322254553e-05,2.623450477167946e-06,4.1307095171640595e-07
0.00019257303438357943,0.0007011358443767458,0.03009996502782063,0.9622688257742728,0.006737500319146384
1.568166892431984e-05,8.802859246782046e-06,0.0003073213263298614,0.003953819435719151,0.99571437470978
1.0526404420733424e-05,8.249869297532524e-06,0.0007772067594049174,0.037056333985150375,0.9621476829817264
0.0007463680465900928,0.08094042501757907,0.4119092263121889,0.5063530995732064,5.0881050435595204e-05
0.2414130969826033,0.6115733245497643,0.13215749533482868,0.014452391169083841,0.00040369196371988826
0.9986626356004465,0.0012818643596874634,4.2145547411111304e-05,1.2673274589893213e-05,6.812178647642706e-07
1.0549501711377787e-05,2.1957727506927473e-05,0.0018542781736711749,0.10213528486006695,0.8959779297370436
0.9974216498544858,0.0013901312138869402,0.0011395681323264119,3.2400850665726805e-05,1.6249948635240554e-05
0.9998934314895889,8.546268098333136e-05,1.666066972561003e-05,3.428549009290379e-06,1.0166106929800635e-06
0.00016000537630351635,0.001084509235410859,0.608358634976879,0.3903858886532076,1.0961758198891995e-05
1.2703572083963514e-06,1.8522124417241346e-06,5.89057583310565e-06,0.0011131401880804742,0.9988778466664364
0.00036982851940465356,0.8145497544782537,0.18502017535422863,5.925072649125081e-05,9.90921621586853e-07
0.31620596930836525,0.669392789929299,0.014009587079898111,0.000315267344785247,7.63863376524614e-05
0.0002031658505783346,0.0008112325548714438,0.07716922154437499,0.48547266387676546,0.4363437161734097
0.0672795960901029,0.6639630963279325,0.2669064029675555,0.0015828325118632496,0.0002680721025458641
0.00048586325299129003,0.3489295385399272,0.6483217091990915,0.002246358626326836,1.6530381663121323e-05
0.0001062553837755792,0.0002039330134513935,0.08692700983855262,0.9127514482094765,1.1353554743990845e-05
4.291208196673804e-05,7.083073216016377e-05,0.06469202271743503,0.9351216489157299,7.258555270823261e-05
0.7898828783946802,0.2065476137033936,0.0034314086274532304,0.00012292033201133959,1.5178942461538701e-05
0.9164638104701907,0.07813999667792199,0.0053347887774611025,5.345541805997916e-05,7.94865636608214e-06
0.8977931178397719,0.10187857706992291,0.00024880700037749527,5.1994732940847104e-05,2.750335698682033e-05
0.00018023042196346433,0.6990558302377828,0.3002373770359612,0.0005205368549618068,6.0254493307939375e-06
6.278269597101444e-05,0.00017475425921848535,0.12365563476523529,0.8760408465917139,6.598168786127867e-05
0.7680661834669041,0.2287660777216942,0.0031310669014677204,3.1170053095686107e-05,5.501856838254135e-06
0.0001004240834391363,0.0011394975822194065,0.9945367491519373,0.004220525476095345,2.8037063087373472e-06
0.043335056257548084,0.9240784169092885,0.03185942083094204,0.0007057590770243905,2.134692519681015e-05
0.9998268188234823,0.0001485772132015187,2.1536647627404797e-05,1.9745228900587516e-06,1.0927927986574679e-06
0.976554041202645,0.022960568303363346,0.00044710065937270934,3.412750009371875e-05,4.162334525450688e-06
0.9358395391458701,0.06286739479552476,0.0012472669816520566,3.335851052978695e-05,1.2440566423349697e-05
0.9994970302054766,0.00046288088912778316,3.471599261532306e-05,3.3371939749285005e-06,2.0357188055858827e-06
0.9892160992212895,0.010709777894893262,6.568267530216182e-05,5.403207912984588e-06,3.0370006021138e-06
0.995725018719564,0.004238086297511675,3.3132592201253666e-05,3.189268365801777e-06,5.731223570335067e-07
0.00013449013655490182,0.031634705307094474,0.9297514182947583,0.038456866075704095,2.252018588819891e-05
0.9298389340620862,0.06931027004998962,0.0008337767206416097,1.574962211388951e-05,1.2695451686610531e-06
0.9996107926456241,0.00034546753588698677,3.557852268443796e-05,7.609777545398655e-06,5.515182593016421e-07
6.680267140030146e-05,6.619008096981923e-05,0.040359044749347234,0.9147929828507372,0.044714979647545575
0.2805468220563819,0.6839583795317056,0.035043136961670225,0.0003699586575586953,8.170279268371818e-05
0.975741407840897,0.023876485954562127,0.0003473316495326144,2.8547961546128953e-05,6.2265934618104264e-06
0.0009835316795602505,0.007830933193253425,0.2850894548743247,0.7056993200939814,0.00039676015888006987
5.52521050769814e-06,4.545897881320243e-06,6.285232144479945e-05,0.010265535383536438,0.9896615411866297
0.6011692407285658,0.28377337140790915,0.11413694012795426,0.0008142482686698485,0.00010619946690082267
3.2951254798522366e-05,3.4495076385008617e-05,0.004512945155616909,0.5336200357893525,0.4617995727238471
8.50774056744817e-06,2.5470480474239942e-05,0.0006723496666426877,0.030570666546985037,0.9687230055653306
0.35958394576395786,0.6260355676612317,0.014258641198468267,0.0001019183635641912,1.9927012777912596e-05
0.00014055176250296064,0.0002576298514574721,0.0738806213512787,0.8385900869531369,0.08713111008162401
0.9992830059721579,0.0006692338185829191,3.396210493086137e-05,1.2817230843669597e-05,9.808734848697082e-07
0.9986894899001726,0.001277939692281746,2.7592369701796953e-05,2.790492117677015e-06,2.187545726108367e-06
0.002604426598277944,0.10402093439711155,0.8920764491334099,0.0010258463396512411,0.0002723435315493383
3.608214028101051e-05,0.00011358381221977618,0.004531784650227283,0.7645258836554626,0.2307926657418094
0.9895142219466715,0.010411166966397357,5.3374332696277985e-05,1.980649943528413e-05,1.430254799823434e-06
0.00021810409325493857,0.0232672851875018,0.9749527407270909,0.001548076226937518,1.3793765214605849e-05
0.9973923242586235,0.002138049933217779,0.00041854554157358913,1.4975761800431502e-05,3.610450478467874e-05
0.00020486679961789723,0.0015383106883292543,0.9722322571470262,0.02601495194329708,9.61342172936041e-06
0.00018632079002634913,0.0006507113716540815,0.7663964762082774,0.23272058921482616,4.590241521605391e-05
1.6657704173939e-05,0.0005387365065200642,0.9945198455468615,0.004923194313010636,1.5659294340653583e-06
3.893229177252095e-05,5.366173487575928e-05,0.0028097643912857726,0.9867500532258069,0.010347588356259055
0.0002418601882478153,0.00022239083422954475,0.0008851106479949746,0.15023871899517716,0.8484119193343505
0.00042097875549137955,0.2456924866590222,0.6776754478296635,0.07616236917884026,4.871757698269521e-05
0.0005958486642186723,0.05034601923485106,0.9482434901926357,0.0008047792080069745,9.86270028743681e-06
0.04428346854119519,0.953145362185408,0.0022756086278484383,0.0002826488114011379,1.2911834147159393e-05
4.753033954480397e-05,0.0009138394975423547,0.9984582558160775,0.0005794112474447585,9.630993906768764e-07
0.9997740794271707,0.00020688520841089309,1.6589873739688412e-05,1.691603601193688e-06,7.538870773613965e-07
0.999871089502972,0.00011609994889205125,1.0380254559434947e-05,1.8571471477427374e-06,5.731464288563764e-07
0.00020096716187384452,0.0006240036131288163,0.4770718653972815,0.5220089073258823,9.425650183348818e-05
6.65332083919007e-05,0.0007202085661477738,0.8814076726918176,0.11761603985257502,0.00018954568106769817
0.9583573575290292,0.04123368104228959,0.00031933464158303383,8.549138812153698e-05,4.1353989766881845e-06
0.9992710023917655,0.000682241161825936,3.8664212458767824e-05,6.493147161677625e-06,1.5990867881444081e-06
0.0003765670490415147,0.09191009267666614,0.8993095719281526,0.008370932660543803,3.283568559583642e-05
0.9277313679274022,0.07095790182300185,0.0006565960913780175,0.0006249534389560912,2.918071926185693e-05
0.00027623550493940306,0.0005334313785483151,0.008543435670652145,0.38958126265369775,0.6010656347921624
3.1922668098570584e-05,0.00017685202047614654,0.0013043028094983852,0.6687684818777452,0.32971844062418165
0.0028118538295645564,0.11720126520799581,0.8068633190073036,0.07305384302896052,6.971892617549223e-05
0.0003158219185352428,0.0005328721854498605,0.35487283812837656,0.6436693725810333,0.0006090951866051442
0.980063490010702,0.01980096192822358,0.0001245629937803152,9.33008284779305e-06,1.6549844462177099e-06
1.7050632565280416e-07,3.75900175367561e-07,1.4149810755889328e-05,0.00017086504895200152,0.9998144387337912
0.12681870756278668,0.8565021252395723,0.016421534358634117,0.00023616974609421163,2.1463092912665335e-05
0.9995752116382405,0.0003678056351278815,5.004906663803658e-05,3.925870972581271e-06,3.007789020945018e-06
0.00022632944421083545,0.0021172701575885365,0.2574999512506709,0.7392159392303536,0.0009405099171761166
0.00011298131621125578,0.0005992590800887741,0.9860556640661728,0.013228905362011363,3.1901755158579277e-06
0.9998908390218465,7.533237254500097e-05,3.2020425325105615e-05,9.014316422674114e-07,9.067486412250642e-07
0.003124871439472249,0.479461839692131,0.515632242350973,0.0017610891730615893,1.9957344362037115e-05
0.0002020563868910088,0.005379476014847217,0.8274818075887914,0.1668967532335949,3.9906775875522427e-05
0.00037237800706320964,0.02743052758652922,0.9655343848267135,0.006660015314332108,2.6942653620408762e-06
7.703426466622754e-05,0.0007660174438340791,0.9344472962540403,0.06470542284783823,4.229189621094212e-06
0.9983979820116405,0.0014764500132082806,0.00010059583194511444,2.3695970486388788e-05,1.2761727198266726e-06
0.9998633831290294,0.00012122668485341833,1.0491069549789816e-05,4.374526589393682e-06,5.24589977889091e-07
0.04330032119693165,0.9527274676756093,0.0035764122849465613,0.0001195051450815386,0.0002762936974307312
0.9992813578811754,0.0006919337933661253,2.113660206275749e-05,4.539298947933051e-06,1.0324244476883016e-06
5.750255861665701e-05,6.528318695077793e-05,0.002371888569394083,0.19264883947957967,0.8048564862054588
0.5315071913343642,0.46235282205861117,0.0060646983129829315,5.937717971555737e-05,1.591111432617272e-05
6.507570991863285e-05,0.00019110793435108932,0.037394213996980404,0.9587846411890245,0.0035649611697253208
0.8048174907332619,0.1948264044017477,0.0002705601908077745,5.6232828944764704e-05,2.931184523778072e-05
0.9994943570966586,0.0004786094064513687,2.2669798274168192e-05,2.5514511421910826e-06,1.8122474737730492e-06
0.1138586613690856,0.8722031669031107,0.013575705383767275,0.0002989169641076176,6.354937992884267e-05
0.9669459482057478,0.03277139064817041,0.0002598844817829759,1.554787839507653e-05,7.2287859038528075e-06
9.376197275372117e-06,7.326318034684952e-05,0.0031588530322014465,0.9930074414880621,0.0037510661021143456
0.000918888864512727,0.008245089647246295,0.1003230388920671,0.8900387225492357,0.0004742600469383072
0.04510137043925541,0.16917353282091524,0.7850646741628557,0.0003223038318582694,0.0003381187451155064
0.00021759903525326766,0.0007174617095861423,0.19182109512135162,0.8071137468378381,0.00013009729597094165
0.00031742036893157714,0.007792773212274489,0.9918122527799461,6.9793193643908e-05,7.7604452040116e-06
0.00028770015043835573,0.009815138245585076,0.9265741540991485,0.06331728403085433,5.723473973532964e-06
0.99931199835934,0.0006508656943020103,2.736535142060434e-05,8.290311892833934e-06,1.480283044257496e-06
2.0802501319756688e-05,0.0007013210651629929,0.9978264997948153,0.0014500458543285095,1.330784373343252e-06
1.188060707560655e-05,1.9510057025837067e-05,0.0044480539326570805,0.9927658326487275,0.002754722754513917
0.06750516156177495,0.9275086538793138,0.00490863887531112,6.010488840424636e-05,1.744079519609984e-05
0.999735946380933,0.0002037413680111582,4.115455939187992e-05,1.6562097320258523e-05,2.59559434367807e-06
0.999614097683499,0.00035296371468261916,1.732577493437974e-05,1.5223027036030198e-05,3.8979984824434903e-07
0.3392259777788639,0.6546347719090246,0.005398095098767975,0.0006867820589791372,5.437315436435297e-05
0.04566410073601874,0.8517351147444528,0.10241370904144642,0.00015429022072669936,3.2785257355465686e-05
0.00045914627095656113,0.9302239638766252,0.06880069755568988,0.0005102554985087241,5.936798219780134e-06
0.00040009595777562096,0.06626725266721861,0.9328623486092914,0.0004597584354428085,1.0544330271703272e-05
0.9992339144852762,0.0006073414643764543,0.00015227221014565745,2.580206981107695e-06,3.891633220554383e-06
0.01062069424347406,0.9844948233728634,0.004768215448035289,0.00011273386630771978,3.5330693196574427e-06
4.661587652598476e-05,6.798573115926185e-05,0.005985636111052832,0.8704250391198798,0.12347472316138211
0.9975609225727567,0.0023498165349583487,8.078538269588646e-05,7.1174300174215045e-06,1.3580795713046522e-06
0.03591390763802213,0.9445454097517106,0.019277559983465246,0.0002589793466397742,4.143280162277263e-06
7.846203556266411e-05,0.0005226291858335076,0.003481769768511189,0.6540277734056595,0.34188936560443306
0.9455820536451194,0.054126621246437474,0.0002578590735325914,2.6148258844750278e-05,7.317776065859001e-06
0.0005678432238767158,0.0010477502113896702,0.4009424779899868,0.5780011346979801,0.019440793876766845
0.0001358125524377225,0.001280960060997528,0.2379454947165225,0.760586472743336,5.125992670620785e-05
0.7341694387794779,0.2597241887604817,0.005880625601450699,0.0001948524978539113,3.089436073578789e-05
7.656243054588037e-06,1.3574515064649954e-05,7.53994929854483e-05,0.008254442720602948,0.9916489270282923
0.00011405038573310046,0.00020147871182527136,0.10348521173029364,0.8381025445354484,0.058096714636699506
0.0003610380276331081,0.11203293191508612,0.8770293596322364,0.01057320369184103,3.4667332033347487e-06
0.00012589683895746778,0.04117953956094944,0.9581250584869171,0.0005515731065614937,1.7932006614566476e-05
0.9997457799492969,0.00023214127186904347,1.9071971123416448e-05,1.9876099211533453e-06,1.0191977895240439e-06
2.1837454367444563e-05,5.618612188269833e-05,0.0006057118902872756,0.9991023689577677,0.00021389557569492565
0.9604656712798073,0.03925791698875549,0.00024079462522891526,2.984939401691874e-05,5.767712191233374e-06
0.999635121895389,0.00026295133500401594,9.297289867519741e-05,4.162931376549189e-06,4.790939555253627e-06
0.0007367034413910322,0.374206745353118,0.6238462041686859,0.0012033698815667525,6.977155238428155e-06
0.8638088605510601,0.1332631478139732,0.002759358838586398,0.00013577226966855698,3.286052671164995e-05
0.17538865275911159,0.8096902704520191,0.01461085377202106,0.00029777713125851707,1.244588558960216e-05
0.017410017602860484,0.6682672562255959,0.30838951102946494,0.0057620474975541205,0.0001711676445244597
5.984918088112449e-05,0.0001761421463420733,0.053535063110871944,0.9414121602561333,0.004816785305771616
6.91128076191248e-05,0.0002086163927009829,0.062168179757503696,0.9375236182190754,3.0472823100834363e-05
0.9982099781609421,0.001702571453368702,6.967524035899207e-05,1.3329189599971684e-05,4.4459557299245366e-06
0.00012405333085684767,0.00026476081156313723,0.01594671260514568,0.9836436165223731,2.085673006129799e-05
0.0002329835493663284,0.32171711065392444,0.6752520905396691,0.0027737752168092633,2.4040040230978915e-05
0.9759742426954584,0.0237198592010568,0.0002881690072050741,1.715858889015028e-05,5.705073895996823e-07
0.0013972649567290923,0.0011293564850826828,0.5902743192593972,0.39600287318598565,0.011196186112805515
0.0031458515883759463,0.11492162018616643,0.8507642407445691,0.031042503191758043,0.0001257842891305157
0.0001452668412738774,0.00022087611920431442,0.6265460619602776,0.37305184113960427,3.595393963985637e-05
7.228536347796378e-05,0.0025151175698237115,0.9013503011358341,0.09605267979704152,9.616133822688585e-06
0.9998872890187143,9.400063578556297e-05,1.133363036599005e-05,7.054944917608127e-06,3.217702168496282e-07
8.04428362788079e-05,0.0012169368423297555,0.9939860406174467,0.004715008948955157,1.570754989553827e-06
0.9608586652688528,0.0389817308934175,0.00014403075529514166,1.4324008307739056e-05,1.2490741268981804e-06
6.570779469634691e-05,5.1904106094072285e-05,0.0014345736517966908,0.849187256008332,0.1492605584390809
0.0002952021643603218,0.002473628531660751,0.7221540195761279,0.27502738586697983,4.976386087110524e-05
0.00016246900370448262,0.061416698290801944,0.9096291627029364,0.028786905037390346,4.764965166828807e-06
0.00012361524260766493,0.00032645235600637225,0.005176333284292915,0.9942638816580531,0.00010971745904003688
0.3202170656573772,0.6503800699629884,0.028478490665412786,0.0007342838106475883,0.0001900899035740055
0.16932643347249862,0.7983275784525905,0.030513969553005945,0.0017912851773080106,4.073334459694272e-05
0.001255031825807805,0.4553592168696398,0.5417461276609671,0.0016199684925736334,1.965515101164383e-05
0.00022133447169177148,0.415673430626848,0.5818715569536383,0.002192111395689039,4.1566552132768774e-05
0.0004596599813617351,0.4895643256273265,0.507920449021424,0.0020320016514802017,2.3563718407624454e-05
7.276046124675324e-05,0.0001572477363000046,0.07381166206010312,0.9255355141911817,0.00042281555116832387
0.00011646917873561021,0.06592639894082158,0.9332308391770076,0.0007229705248514729,3.3221785840182586e-06
6.416793695800806e-05,0.00046228839502424415,0.7980565198512182,0.20140575245316317,1.1271363636586194e-05
0.16882869700664435,0.8068135504357206,0.024227205988700345,0.00011230798924111769,1.8238579693501955e-05
6.728262743641998e-06,2.6051638504212476e-05,0.00010998520113081988,0.0013603176102077285,0.9984969172874135
5.3421727204243704e-05,0.0004946937518804452,0.05732537677001681,0.9241265612663362,0.01799994648456245
0.06092315078963946,0.9337138835658398,0.004806618225956935,0.00035970220307077135,0.00019664521549302608
0.35365971677801217,0.644568213236096,0.0017344320579943174,2.5886320684933008e-05,1.1751607212602219e-05
0.9084194874347474,0.08998389178208457,0.0009357843324208476,0.000605373372937201,5.546307780990104e-05
0.0003138638293084057,0.08299717152340227,0.9158134787783204,0.0008730979391120056,2.38792985688841e-06
0.7563000430239221,0.2389801073593714,0.004668946768501228,4.727207134414855e-05,3.6307768612053177e-06
0.00015251167458706015,0.0005242989310136636,0.10583086164633373,0.8934475811383324,4.474660973322842e-05
0.47250977625911184,0.5190948655031744,0.008163508204234648,0.0002040642012393418,2.7785832239855385e-05
0.9960601891978421,0.00391216438775583,2.522346253181132e-05,1.7462193431234026e-06,6.767325270167999e-07
0.0016178756159430535,0.15077338958770464,0.8474173658609166,0.00015996264540795414,3.140629002768887e-05
2.787473802164264e-05,8.456753288993734e-05,0.19341031539778603,0.8064176388589706,5.960347233192887e-05
7.006266398374438e-05,0.0007990393899766194,0.17657056342596578,0.8225333508812489,2.6983638824949227e-05
3.936746636544405e-06,3.1316034684386937e-06,2.6151233816733323e-05,0.0032326631691457735,0.9967341172469325
0.8209966600091579,0.1783494487667488,0.0004636855230706592,0.00012860094742074218,6.160475360193623e-05
0.00012342206278891728,0.0005211225239086315,0.12357071526183643,0.872530673587789,0.0032540665636769874
0.021867875307210103,0.8661207197171261,0.11117405115319234,0.0007093420831249021,0.00012801173934670032
0.9986649059292275,0.0013068186400234413,2.264919135123048e-05,3.743016670540259e-06,1.883222727109059e-06
0.0005503311299318164,0.003379128769159177,0.4865235194787628,0.49769049188178477,0.011856528740361335
0.3888351806584676,0.5903595203904091,0.01907664549741055,0.0014881326939664603,0.0002405207597461484
0.6528354957333758,0.332049280033969,0.013685487994312363,0.0014214362465404277,8.299991802299071e-06
0.000202509337026279,0.0032359866390456794,0.8217524306164931,0.17477491581042973,3.415759700531435e-05
3.871046681556111e-06,7.995588860371572e-06,3.374935598363639e-05,0.0032740321457154693,0.9966803518627588
3.3926314358563215e-05,8.51347103027515e-05,0.001097876677357086,0.04958333787683024,0.9491997244211513
0.0014682007071989444,0.6778025553530738,0.3183205171230673,0.0023898416423661618,1.888517429387266e-05
0.013440657469221568,0.9639130887477871,0.022576226742447934,6.514853079928081e-05,4.878509744067779e-06
0.00010078163790907143,0.0005363224309860359,0.9444041895923312,0.05495030262437986,8.403714393868166e-06
7.122817869220446e-05,0.00015000699513275094,0.1358404194852975,0.861483212239918,0.0024551331009596477
0.003996057664154053,0.6936562933959681,0.3023050195178835,3.795374401585468e-05,4.675677978440152e-06
0.00010530723895638494,0.0006859227708842237,0.6360716383479528,0.3629063589465459,0.0002307726956608153
0.9996461933142914,0.0003452378583982469,6.978527941766318e-06,1.2014324047389694e-06,3.8886696361348347e-07
0.2117662031483641,0.750435452597057,0.03738678598594706,0.0003694621945745907,4.2096074057047114e-05
0.0005595533894391258,0.0006741285745919496,0.9664233334641291,0.03233982033765014,3.1642341897551607e-06
0.9995452243477877,0.0004299612154280143,2.1665899148527047e-05,2.143162274304112e-06,1.0053753612339738e-06
9.551123256339863e-05,0.015259779242085122,0.9827754175186183,0.0018660438891019994,3.2481176313722748e-06
4.3132387077756464e-05,0.00012628730958679925,0.005386220695700852,0.9943961446926631,4.821491497139685e-05
2.7273015848216973e-05,2.4365479565182387e-05,0.004519620812812661,0.05588900308332919,0.9395397376084447
0.02472969206880394,0.4240691965606681,0.5500690701186488,0.001023384395757114,0.00010865685612203113
0.0004658444971219995,0.6219084542218206,0.37689936694462656,0.0007211149799542393,5.2193564765222615e-06
0.00011754428800143096,0.00028759034521960226,0.12276738049923405,0.8764381448409322,0.0003893400266126971
1.732819102828722e-05,1.0443679991526043e-05,0.0039244315119859536,0.9959333846774511,0.00011441193954316287
0.0005046446049298827,0.046677244435095584,0.9212598067765498,0.03153080351315009,2.750067027470426e-05
5.117201335230093e-07,7.887948835536836e-07,3.8616919398863254e-06,0.00015187220245511875,0.9998429655905879
0.0008070165605548345,0.2440598741413743,0.7032588017229334,0.051566982138360556,0.00030732543677677165
0.4300553868333207,0.5380176134687474,0.03153984772301926,0.0003471726817412856,3.997929317135054e-05
0.9998132168832846,0.00017844521707288989,5.952694810866843e-06,1.7738051711117278e-06,6.113996603350475e-07
0.9744810244441365,0.02541713045170512,7.512103459829377e-05,1.9915639593600892e-05,6.80842996640926e-06
0.001514957664992283,0.13020392563234584,0.7678613586558003,0.10031393322339885,0.00010582482346277107
5.2562090846773595e-05,0.0001602502465892669,0.008264034716586606,0.5413553180823009,0.4501678348636764
0.9998248431340918,0.00017108610240385217,2.5385185509434482e-06,1.3869469912260544e-06,1.4529796211664888e-07
0.0008391263241171084,0.34410003840877973,0.6546309591433827,0.0004245013566285954,5.374767091928151e-06
0.7664964279104243,0.23111167497058785,0.002332588117399698,5.599021426542999e-05,3.3187873226843144e-06
0.5011959279014063,0.49729378405098296,0.0013760248044805612,0.00012810004616188296,6.163196968269221e-06
0.0003760907630389265,0.7744726637285546,0.22469392357260318,0.0004537811097802817,3.540826023113287e-06
0.00026126659783440087,0.00045576237063881046,0.009627908675597058,0.9893976713709981,0.00025739098493161915
0.9685569317556255,0.031278416709413615,0.00015568597918242576,7.365137049003603e-06,1.6004187295078607e-06
0.93488040161523,0.06130399581679534,0.0035940892727818136,0.00016024740684581198,6.126588834695436e-05
8.095308703398655e-05,0.0002567678784479849,0.004118305757323488,0.9954670475751348,7.692570205959283e-05
1.0835696227445439e-05,3.8254111049420266e-05,0.00039261032935265425,0.999539254345194,1.9045518176492835e-05
0.001937943018175079,0.40026835468237676,0.5943022412218034,0.0033848038193009266,0.00010665725834389937
0.9998009703714728,0.00016255413900334012,3.442423975021269e-05,2.0009147228698054e-06,5.0335050861472725e-08
0.9856590423178271,0.01419774166916071,0.00013015400453387786,1.0883563324580504e-05,2.1784451537491735e-06
0.0018120358565871604,0.017802039916081067,0.4157224364237624,0.5614767397184011,0.0031867480851684683
0.0015904118549897087,0.702957483200896,0.2949208708571845,0.0005187763874426367,1.2457699487082815e-05
0.11266703646090688,0.8629114677773382,0.023960169409931713,0.0004045357794191024,5.679057240414004e-05
0.9999077265102124,8.180847612798468e-05,1.0135622243475365e-05,2.5760675533795696e-07,7.17846607906952e-08
0.00943576061049273,0.9844163999497851,0.006120821940784128,2.500944967017529e-05,2.008049267789874e-06
0.0001952809943629232,0.1561942060637478,0.8430388798535076,0.0005692838943849522,2.3491939968570484e-06
0.00010440514250904118,0.000368122685984338,0.596382543257031,0.4030859076932402,5.902122123540879e-05
0.9980621117222542,0.0018256197496925163,0.0001050382562109143,5.66869958716707e-06,1.5615722551089749e-06
0.9996351623627288,0.00034873677900080716,1.4353813230038411e-05,1.254228567677757e-06,4.928164728790719e-07
6.291782741151301e-05,0.0008973334913487943,0.4062075722645025,0.5927400602271388,9.211618959848783e-05
0.0008746244455088268,0.004704073972738703,0.8310842195145698,0.16273007745175574,0.0006070046154268995
0.00024963537534929175,0.0011694874457758959,0.08145518496070205,0.9170840500184629,4.164219970973258e-05
0.9980742012771325,0.0018436610646085207,7.265086774400158e-05,3.7641480347373037e-06,5.722642480360751e-06
7.45394525415672e-05,0.0002862596204662016,0.0017896965905581984,0.9974599567757084,0.0003895475607256888
0.30265852068024784,0.6692912773060267,0.027626351734353356,0.00030690611858602286,0.00011694416078624567
0.005906955089218358,0.9805618865353782,0.01222363795670751,0.001274154857209129,3.3365561486631824e-05
0.8158367430105635,0.1745077708371137,0.00950764091128169,0.00011089514313603551,3.6950097905052396e-05
0.9998011216388456,0.00016677446271612208,2.5771857559945037e-05,5.5907060947614834e-06,7.413347833261132e-07
0.00022544346207277374,0.06349200295292526,0.9334006360719075,0.0028741417637307754,7.775749363793478e-06
0.9997736183901416,0.0001880036654539631,3.217129347320555e-05,3.518630912330593e-06,2.688020018958857e-06
1.2134848433658296e-05,0.00010172910186876387,0.008521931633857633,0.9866694641061731,0.00469474030966686
6.833440598727132e-05,9.071232447484899e-05,0.004868395062308387,0.941691763712597,0.05328079449463265
0.00010150114476052543,0.001596449952106135,0.9924183692871685,0.005872934229253913,1.0745386710929412e-05
0.002670075180403572,0.4483989519904337,0.5480061940064616,0.0009144656820445954,1.0313140656499905e-05
0.00012539236982868308,0.0002932743276339217,0.7763951551949044,0.22313050057310696,5.5677534526013576e-05
0.00609263883347711,0.7542642200278937,0.2373316550443139,0.0022639409935503968,4.754510076503551e-05
0.9986574798977773,0.001266979917522584,5.6821208313703225e-05,1.696536946583032e-05,1.7536069204355028e-06
0.9999581207379338,3.23840913151795e-05,8.09696878655627e-06,1.1998792317983926e-06,1.9832273267549517e-07
0.00014730935105850115,0.0003599231041736263,0.03917337489577724,0.959075266383516,0.001244126265474609
0.018015273263945072,0.043097982446877875,0.9201269614204458,0.01795304214281631,0.0008067407259149353
0.07063621346708673,0.9151683942219707,0.013697354610490755,0.00047356083720056716,2.447686325114225e-05
0.000282717315395006,0.7780149216540329,0.2209354015855372,0.0007619195221379901,5.03992289717348e-06
0.0029960160516639416,0.9963680784437148,0.0005928085089438827,4.2599513785890186e-05,4.974818915884744e-07
0.3954757962082392,0.601301973491047,0.0030559943433790615,0.00013666518894951942,2.957076838518213e-05
0.9987897724784144,0.0011363028102811118,6.364971918845776e-05,6.2570164163386715e-06,4.017975699708757e-06
0.558562302904295,0.43557909874853956,0.005773977180235814,5.039885688955339e-05,3.422231004008805e-05
0.9995400899595441,0.00042280183438621506,2.614242414666506e-05,8.808610660246095e-06,2.1571712625548002e-06
0.0005323049389021333,0.00117361871926963,0.011507750978848888,0.875619988118545,0.11116633724443441
0.00010712896008423487,0.0008129890496551941,0.009624522676928916,0.9720643957650216,0.017390963548310247
0.000218132607930214,0.36981579793806796,0.629640228407437,0.000318964467738167,6.876578826720065e-06
0.0008149162956283387,0.12340332560653171,0.8663151955379295,0.009363216105447094,0.00010334645446324984
0.9133317322874449,0.08586453059770664,0.0007461852481388063,3.2054468087900975e-05,2.5497398621644496e-05
0.9996412733236397,0.00028133667058609715,7.298333744193036e-05,1.0607750848541719e-06,3.3458932474497256e-06
0.00046689594390486057,0.20681225958486632,0.7914842283584042,0.0012326715594592479,3.9445533652754e-06
0.003114399731591809,0.8887719271241311,0.10237409706283088,0.00566808746848555,7.148861296068586e-05
0.0003465274335473911,0.02384074264363282,0.9108801328685932,0.06490530540786608,2.7291646360621896e-05
3.878519354762568e-05,0.0001081378370589641,0.3042575449531001,0.6955830315539129,1.2500462380481856e-05
0.5404421294047127,0.4538940127947043,0.005353949849839911,0.00013034732304649874,0.00017956062769641733
0.9996087519680975,0.0003594540250067899,2.6667737624353698e-05,4.7022330228396724e-06,4.2403624867648405e-07
0.8574925437372384,0.10454834212022153,0.03766975609245837,0.0002489251895877766,4.043286049400763e-05
6.146224478493402e-05,0.00011192295000986985,0.5023149333966808,0.49749548879281286,1.6192615711680815e-05
0.9994815959314827,0.0004998869504319344,1.4352022500307306e-05,3.016458106874709e-06,1.1486374784870328e-06
0.002460260398198972,0.7950657663470422,0.19418824128751266,0.008261266443542001,2.4465523704251098e-05
0.8247357861501818,0.16173963231246877,0.013450502938209142,6.789005086174474e-05,6.188548278410417e-06
5.242068337197352e-05,0.00033266913416914466,0.05009578502350453,0.7099469519644959,0.23957217319445853
0.999090210708068,0.0008948505468739809,1.2751053153111324e-05,1.2314863441862312e-06,9.562055608921219e-07
0.04988212902103819,0.9162540328321529,0.0336249720955788,0.00022017997902087753,1.8686072209350228e-05
6.845282178545902e-05,0.0003028614492402461,0.8448003820093161,0.15481996347269628,8.340246961972929e-06
0.9304417367577201,0.06897256147930007,0.000567394552828825,1.7247618669802375e-05,1.0595914810665612e-06
0.9986015880332345,0.0013351505996050494,5.258557354626827e-05,6.260952702120608e-06,4.414840912212898e-06
4.532219497847657e-05,0.00035235047435930273,0.009633567879724378,0.9893571982558417,0.0006115611950963234
3.517456884127981e-05,0.00031512573100554654,0.23099333691058707,0.7685649026338772,9.14601556889768e-05
0.9882057405754346,0.011705717755841609,7.472278644334958e-05,8.277646471369321e-06,5.541235808991051e-06
4.115041038254375e-05,0.004343380402186603,0.7949046754566247,0.20068891141405454,2.1882316751687974e-05
2.1604334537160803e-05,6.336180141198923e-05,0.008159147136875752,0.9908138644719452,0.000942022255229886
0.9748757584527084,0.024704610896448684,0.0004118308933541407,6.016296922800948e-06,1.7834605661371633e-06
6.174999281901367e-05,0.0008381378293619241,0.04993593185377583,0.9439087446885658,0.00525543563547726
0.0002281493203315036,0.0006036037694348213,0.9449031966727762,0.0542562956932439,8.754544213596882e-06
0.005853253691523098,0.9711627879308039,0.022757099256224243,0.00014048454655833545,8.637457489030224e-05
0.00017368148835064564,0.0007307238136813036,0.009212386688887042,0.9877511394224646,0.0021320685866165726
0.00015385676764671335,0.0002907634438272151,0.015631249263033487,0.9785371544857776,0.005386976039715028
0.0001411962526055849,0.00018644270147514407,0.07975011105827066,0.9195235084301372,0.0003987415575115127
1.0316767855540855e-06,1.9075690062139573e-06,7.439036241632877e-06,0.0009245939736036493,0.9990650277443629
0.9995028643529822,0.0003293625346764188,0.000162468295852984,4.057416962187909e-06,1.2473995261745903e-06
0.0005726616099226105,0.10851745380839133,0.89004418125738,0.0008450358955262697,2.0667428779924764e-05
3.731336917918709e-05,7.60658671071582e-05,0.018714986832084314,0.9792295395465477,0.001942094385081628
0.999746960554821,0.00023769587560267235,1.3271871946040478e-05,1.6307402954192477e-06,4.4095733484663316e-07
0.9994065326386612,0.0005671069516700857,2.1888544818156496e-05,2.898982099213702e-06,1.5728827515708329e-06
0.0038967134704297455,0.9465285297603052,0.048618085249131596,0.0009332072923997996,2.3464227733591056e-05
0.9976580009659587,0.0014400105546373207,0.0004191049001994491,0.00044018509950154465,4.269847970303587e-05
0.0015145847361188877,0.9377952587829007,0.06054238595636953,0.00013901909876500593,8.751425845889311e-06
0.023545402116778965,0.9032978227273423,0.06735643827368427,0.005750725195853083,4.961168634126948e-05
0.9997223452134265,0.00022004288678169912,4.9066563672151646e-05,8.209497415728788e-06,3.358387041130035e-07
0.9993558255998247,0.0005913248310239737,4.3647495588795016e-05,5.346546192545662e-06,3.855527370039227e-06
4.0372456100524854e-05,0.00060661153069463,0.8551693070794949,0.14416878821880835,1.492071490148017e-05
0.06653637424976712,0.9236025106319059,0.00858873858341374,0.0003375287462392073,0.0009348477886740219
9.168781148000987e-07,3.108771691502494e-06,2.8034191021209802e-05,0.00046145998518196173,0.9995064801739905
0.15450412006529246,0.8265914592082783,0.018847856649936528,5.345917783480804e-05,3.1048986579445165e-06
0.0008148935262307692,0.0012046474362363867,0.010620661630203468,0.8801408561669268,0.10721894124040239
0.00014038337284519482,0.0038012366456939423,0.9861233946548539,0.009924406060226954,1.0579266379876156e-05
0.0034838393248914044,0.863050532512869,0.133179108393474,0.00028243868339878454,4.081085366765109e-06
0.34038332191936127,0.6588840774246502,0.0007079292742569962,2.0901740304653715e-05,3.769641426762312e-06
0.9998108680763974,0.0001689364663755586,1.661833948628352e-05,1.5620626743143519e-06,2.0150550663657863e-06
0.9996962325699702,0.0002699443937035343,2.621763556564099e-05,3.693265104795213e-06,3.9121356558098e-06
0.023765414711679093,0.8863901895164225,0.0890945527114354,0.0006761998168669694,7.36432435963707e-05
3.392051251949014e-05,8.382040101955324e-05,0.0013547890363320853,0.9839655767928593,0.014561893257269566
0.00020235870074788366,0.0005716887188444527,0.0072583782706482315,0.867531618117785,0.12443595619197445
0.030685787251360824,0.8673699730908515,0.10167258224345609,0.00026789142771822355,3.765986613250036e-06
8.508244904439703e-05,0.023806789590809948,0.9569994375385414,0.018938284147150687,0.00017040627445342633
0.00019373004663909466,0.0005832384908609566,0.6338620031249929,0.36533492881474244,2.6099522764724777e-05
0.9998328451569297,0.00015356442652898742,1.2360650957413561e-05,8.274435840032367e-07,4.0232199993216777e-07
3.052026617257014e-05,0.000594602918483651,0.9874307311162527,0.011941763611771971,2.3820873192925706e-06
0.9998827136858176,9.643294224825086e-05,1.8860527572851578e-05,9.819263446666674e-07,1.0109180166689827e-06
0.1355357014121556,0.8540980868222388,0.009700516888658237,0.0005232577893750426,0.0001424370875723333
0.9924881991473926,0.007382432060176241,0.00010772720165254563,1.5365340152591304e-05,6.276250626004767e-06
0.0007292002514564664,0.036613897303383006,0.9615928007211068,0.0010611551551698377,2.946568884037342e-06
4.623383399266944e-05,9.460987075638329e-05,0.4091141449551309,0.5906923476374024,5.266370271764334e-05
0.9965669067326052,0.0033330335988724256,9.495693779693226e-05,4.919758204522883e-06,1.82972520864948e-07
0.0003341219995509486,0.07817327679361671,0.9196472255861546,0.0018369761856315877,8.399435046129769e-06
0.006088525678589447,0.17877949294071066,0.8145045439498593,0.0005546032375859493,7.283419325472009e-05
0.08920168171312347,0.898084535858442,0.01153820851647472,0.0011403029237643594,3.5270988195242845e-05
6.017052850858448e-05,0.0001250354135611309,0.00711804684295161,0.9924081084736311,0.00028863874134748906
6.889187027369712e-05,0.9266452729401722,0.0730824184217848,0.00019926615197642228,4.15061579311733e-06
0.08178313557510133,0.23378546897504632,0.6659200102812574,0.002976051812225014,0.015535333356369854
0.00023056344885523177,0.0016202548426170694,0.731959880971504,0.26606662810189463,0.00012267263512896352
0.00037502388798127335,0.02306283388833114,0.8957188196695108,0.08080674996610249,3.657258807435149e-05
0.0010232967395915741,0.18543600271975735,0.8020442577518818,0.011167578316286194,0.0003288644724832221
0.9998051562969781,0.0001741096581173156,1.798828891850456e-05,2.1555867547760497e-06,5.901692311287869e-07
0.00030864338613269916,0.03345592014796275,0.9658754172481112,0.0003587493608982213,1.2698568950004334e-06
0.0003676508326237729,0.26908624320837277,0.7293417910439463,0.0011967523501402978,7.5625649169061e-06
6.697434885817453e-05,0.00011243191179838436,0.07960625520801635,0.9201408304365536,7.350809477339355e-05
0.9995170401272958,0.0004276988799977527,4.3575545148821174e-05,1.0284278664393908e-05,1.401168893044165e-06
0.0001223888016045301,0.006452433290785102,0.9896451866410892,0.003775262548307797,4.728718213194424e-06
0.7134501796759339,0.27625045274029536,0.009597269119693167,0.0005178148614955788,0.00018428360258200628
0.08598549581245252,0.5181726337657101,0.39264859223040455,0.0030810834176942473,0.00011219477373864815
3.2141883576855856e-05,8.48064796549073e-05,0.0073662750925244545,0.9852304820849609,0.007286294459282918
0.03011106281041542,0.3920501191062535,0.5773472887841662,0.00041891672622742723,7.261257293747726e-05
0.0032452829702647266,0.1250884015605259,0.869254888668105,0.0019886632849130527,0.00042276351619114814
0.9992664406454805,0.0006903541621656481,3.980683139756286e-05,2.7973730709864474e-06,6.009878855996024e-07
0.42963029387187385,0.5592070770294482,0.010210711675743106,0.0007475100556734917,0.00020440736726133773
3.530134527516677e-05,0.0002063147430557297,0.007414226607936317,0.991993004751835,0.000351152551897911
0.06476381028598362,0.6089355446792345,0.3256528770793138,0.0005316946743705741,0.00011607328109762816
0.003536446577991976,0.4306639427837267,0.5645944994481421,0.0011772978466278237,2.7813343511381127e-05
0.6626889628641954,0.3295853815222274,0.007145923175143901,0.0005662889775713548,1.3443460861931786e-05
0.9996144809687338,0.0003734332936502878,1.0116021545504936e-05,1.4631796945897366e-06,5.06536375692174e-07
5.234278495670525e-05,0.00019928211027944173,0.025878310160648045,0.973047263422507,0.0008228015216087686
5.597284493775235e-07,6.750173862724913e-07,4.745803986465185e-06,0.0005570722955249526,0.9994369471546529
0.1321843560171144,0.8281471170064366,0.03596559593030041,0.0036757192910326303,2.7211755116215258e-05
0.010805015630908,0.9618840278303282,0.027201646069157717,0.00010617984643126307,3.1306231748641317e-06
0.0003451423173711821,0.2419974848666617,0.7560391603685211,0.0015816057385164184,3.6606708929499694e-05
9.832779302869293e-05,0.01201840000151043,0.9868500215024427,0.0010298140346476441,3.4366683703501464e-06
0.0005112324460929448,0.0005682162565783445,0.523744915954105,0.47514741424800466,2.8221095219049455e-05
0.001166326821515055,0.9183094147855103,0.08024632914474246,0.00025208434624245004,2.584490198985132e-05
0.4130362441557745,0.5817431271019149,0.0049721818004455146,0.00016870275058930874,7.97441912757694e-05
3.179471959338463e-05,0.00017479891473140544,0.0021493377861988025,0.9973974063927432,0.00024666218673323747
0.9089068131572469,0.09039442984247853,0.0005641574914453701,0.0001105529838967522,2.4046524932292258e-05
0.000649877917193726,0.042991779291084324,0.9372966316618184,0.01887268672253486,0.00018902440736866732
8.430934313103671e-05,0.0005560307598750961,0.04961707169223625,0.9488281044707186,0.0009144837340388781
0.17578530269273335,0.8200236608398366,0.0037551173191662894,0.00035769517564065794,7.8223972623022e-05
2.387339688562462e-06,9.133637271868722e-06,0.0004744805853173171,0.004280286608575419,0.9952337118291469
0.00014012419140573215,0.0008674547463656417,0.7495427713507657,0.2494063566758824,4.3293035580389153e-05
0.0003307410017761478,0.26423730732933454,0.7283111507734675,0.0070869350675111,3.386582791070203e-05
2.795536871663746e-05,4.500701730212772e-05,0.00030237759621102385,0.02100424065040565,0.9786204193673647
0.997681290919399,0.002053186418680651,0.0002140589603212267,1.3059587481352675e-05,3.840411411765442e-05
0.08024903937784865,0.918833864646355,0.0007715048651378086,0.00013932007040364384,6.2710402548420925e-06
4.845202408814347e-05,0.0007458228625927626,0.9407046188342668,0.058495084935075874,6.0213439763818515e-06
0.9940046288549148,0.005895398101975208,9.436439542978464e-05,5.1045233668717615e-06,5.041243133993718e-07
0.9898078300704042,0.010143904036295425,3.497282468739259e-05,1.2677926638410239e-05,6.151419744031181e-07
0.99939907341325,0.0005332933702580424,4.59177136729034e-05,1.678232680023907e-05,4.933176018945274e-06
0.0001858867485095431,0.017876961064185976,0.852812785058474,0.12910113578294366,2.3231345887008798e-05
0.9991311557308532,0.0008208765997237369,3.379262062603285e-05,7.02337122579999e-06,7.151677571296963e-06
0.0011914160513197194,0.18287266408245112,0.8157087084290133,0.00021423598467536526,1.2975452540477922e-05
0.0445251823593914,0.8573019528215462,0.09793996550516727,7.510689831944205e-05,0.00015779241557572078
0.8332815147586754,0.1657916274226169,0.0008810680227519554,3.885439141790078e-05,6.935404537941331e-06
0.9987751036695773,0.0010775198182782788,0.00013938748495494733,5.425185612989635e-06,2.563841576501976e-06
0.8900803790052358,0.10698587843294016,0.0027833823226592795,0.0001420532504788875,8.306988685958913e-06
0.9821666094070813,0.01767606468462646,0.00013741464925690102,1.5230926870195598e-05,4.680332164871736e-06
1.0311806670970872e-05,3.4251732820527216e-05,0.00046573259406468455,0.999381413250201,0.00010829061624272858
0.0001358558725978332,0.00011042085068435272,0.009198420131023576,0.8911182137260972,0.09943708941959713
5.61455974097445e-07,2.537952843432301e-06,6.305675651240444e-06,0.0002237218230913191,0.99976687309244
0.00020050762599188886,0.0005468984677574821,0.08743618306751279,0.9060593750295777,0.005757035809160275
0.400089818261209,0.5969193249374353,0.0025127004805011286,0.0001874740306749534,0.00029068229017977155
0.9993234145417024,0.0006423903852053531,2.64694806230073e-05,4.987372767614608e-06,2.7382197015059507e-06
0.999759056533777,0.00023697469865002576,3.291218917361667e-06,3.993661770449967e-07,2.781824784727357e-07
0.0034071136675128443,0.13577472423204615,0.8452740858447981,0.015405106029013961,0.0001389702266287361
0.003272118181374249,0.8653740371000669,0.13030883666658372,0.0009485897834395071,9.641826853560482e-05
0.0007059397097689407,0.9583178024011602,0.040944791274629244,3.06391361882696e-05,8.274782534514942e-07
0.9600396190424232,0.03932234853177681,0.0006000001749836301,3.107758900774963e-05,6.954661808548026e-06
4.210608022707854e-05,8.810401175242794e-05,0.003923771399604921,0.14451368707354867,0.851432331434867
0.9995196123659268,0.0004572429988557251,2.0157350927265498e-05,2.7181294790195544e-06,2.691548112802611e-07
0.38677707009454737,0.6074749101116059,0.005234295031124768,0.00041979378033710744,9.393098238479027e-05
0.0033269140074941718,0.22262434089411584,0.7550467499317305,0.018526589437276985,0.00047540572938259217
0.00015206615303457212,0.0006010997255795533,0.8845130373132157,0.11468918943717185,4.460737099828207e-05
0.9991511754905735,0.0007311083500576872,9.113354165509248e-05,7.1137754172236985e-06,1.9468842296469786e-05
0.20090788712923635,0.590986677642761,0.20784578040465415,0.00022124427541879953,3.841054792974025e-05
0.9093098726945275,0.08996917951888399,0.0006868762364863831,2.93202933518859e-05,4.751256750304215e-06
5.828299343658557e-05,0.00020848429543531916,0.04746681864427102,0.9467536520873029,0.005512761979554258
0.9996580773081531,0.000329628801135676,8.039345858543956e-06,2.3753890451053062e-06,1.8791558074475384e-06
0.8736633368356582,0.12557067418946793,0.0007468251903669851,1.4731433538255561e-05,4.432350968512835e-06
8.401850089250675e-05,0.8785988476513297,0.12107432920664483,0.00024187183048894758,9.328106439404489e-07
0.0005512100219436189,0.054227611586981625,0.9237890563926979,0.02137156521395072,6.055678442614771e-05
0.9960956921515973,0.0035163318398142083,0.000316145485493036,6.80910384952946e-05,3.739484599949839e-06
0.0013940128723903555,0.9028623087292168,0.09545923803050858,0.000276404321583866,8.036046300217541e-06
0.0001098142104751349,0.001956216251013809,0.9824797805211598,0.015424084662319367,3.0104355031947755e-05
0.9997403042693784,0.0002261832235966822,1.982926449843837e-05,1.336769578725598e-05,3.155467391565505e-07
0.20507737089115666,0.725953855527499,0.06877022775411419,0.00018443972898681693,1.4106098243546362e-05
0.11075893842058579,0.8853685164357366,0.0037208752704888932,0.00014669057287315405,4.979300315580556e-06
0.9994708147784043,0.0004496371980652533,7.388155110618294e-05,4.110539214036645e-06,1.5559332105717773e-06
0.9982418484449566,0.0016542010704679976,8.915954615861609e-05,1.0356034735182318e-05,4.434903681561093e-06
0.9727523419186104,0.027191147724034737,4.328788108221313e-05,1.0651543973850692e-05,2.570932298856168e-06
0.0001577899091908766,0.00031843125840000554,0.7343912359629263,0.2650809624798512,5.158038963147371e-05
0.05153776538037901,0.9364389990347611,0.011824705157475995,0.0001902012915773153,8.329135806609552e-06
2.7039865597664445e-06,4.919406467544469e-06,1.9714700505376624e-05,0.01143500046920991,0.9885376614372574
0.00014797622332151224,0.6548557125756848,0.3445405167022852,0.0004455899289781506,1.0204569730250318e-05
2.086349934424417e-05,9.527822943689198e-05,0.006476966690161671,0.9903328919466987,0.003073999634358506
0.9917063902387844,0.00804830807929349,0.00020674612025706302,3.4252906743078655e-05,4.3026549221254355e-06
0.0003652965918755151,0.000956653354522006,0.016046888840618622,0.9395931028537295,0.04303805835925443
4.607851981294831e-05,4.0625360903276175e-05,0.006098915222703501,0.9520817096532633,0.04173267124331693
0.6765626112872746,0.3226830372122036,0.00070632930704776,4.33177710201397e-05,4.704422453781001e-06
0.7278985185723134,0.26470672219352376,0.007257048378001051,8.57740235445834e-05,5.193683261710871e-05
0.9990445179621844,0.0004148317978606979,0.00044500119056863167,9.050240309117442e-05,5.1466462951937485e-06
0.0001533132449234492,0.035546009394857046,0.9625333872151305,0.0017587952676712873,8.494877417730359e-06
0.0005613212431158254,0.04362382498319802,0.9524109831163523,0.0033990914226597175,4.779234673997869e-06
0.00011954336697563963,0.0003855590082133115,0.6105783487134824,0.3886255341192116,0.0002910147921169987
0.07429182786150504,0.9192442993795465,0.006246893098802533,0.0002102710593861391,6.708600759821237e-06
0.00030606984961597915,0.0012103107103919484,0.7444833775244838,0.25397884363797074,2.139827753768405e-05
0.8247603192293044,0.17459983176209973,0.0005825168363889015,4.2652267833076705e-05,1.4679904373862476e-05
0.9996931372854009,0.00026946163586445774,3.458712970775719e-05,1.3982683082597198e-06,1.4156807185055275e-06
0.00010393010629801201,0.0001474798188483688,0.9679203435321608,0.03182548273416774,2.763808524964378e-06
0.0003030781993683419,0.000821267371109551,0.11383670158103726,0.8825350450164556,0.002503907832029303
0.02670605398935966,0.7763337372434771,0.1967477237597305,0.000184062197459138,2.8422809973547025e-05
0.998856786908063,0.0011032534389492311,3.0777187920246896e-05,6.865847106841197e-06,2.3166179608594377e-06
0.8828803655886008,0.11671578736798828,0.0003903455397267474,7.285537671897351e-06,6.215966012346658e-06
0.001297631679863739,0.6202483913694887,0.37836954975296655,8.248917653365052e-05,1.9380211474556526e-06
0.9998727948133526,0.00011706205617080419,9.362150637967716e-06,6.644690146168329e-07,1.1651082405583733e-07
0.04213638492868157,0.9485375724384252,0.009066598130154913,0.0002254432925137236,3.400121022451114e-05
0.005743877502693401,0.3167677587902078,0.6740967473516678,0.0028611875835862772,0.0005304287718447587
4.40293170148671e-05,0.00012223356014605838,0.02554431812218442,0.9739731601122765,0.0003162588883782251
0.9997751325924363,0.00020777947585347032,1.422900483747932e-05,1.5211682307016822e-06,1.337758641854417e-06
0.9989643084690665,0.0007996589711666035,0.00022440030923378895,8.739156097496481e-06,2.8930944354061274e-06
0.9980057218199125,0.0017074419974840989,0.0002625507152502343,1.2184244495392975e-05,1.2101222857611529e-05
0.01588566578591029,0.17578563032236982,0.8057397973943548,0.002549467438981896,3.9439058383332124e-05
0.00017301640413990244,0.00025217657174179064,0.030480211894225864,0.9315946584796727,0.037499936650219834
0.7317261718641339,0.26203816559087273,0.005996477680486977,0.0001623394712858404,7.68453932205428e-05
0.0007275099106641606,0.02631028467089,0.9501506256858887,0.022733046269078856,7.853346347828863e-05
0.007520777267546793,0.979964712453129,0.012064730919406654,0.0004421393756430021,7.639984274619326e-06
0.0003816603500850144,0.008093579777974631,0.9407729531380558,0.05059458252799319,0.00015722420589132097
0.0005747634433096261,0.5357823955649597,0.4625253065641019,0.0011007558267958492,1.6778600832908807e-05
0.9975399886067718,0.0023862381178962303,6.756120098702158e-05,5.978253730908312e-06,2.338206138756734e-07
0.9904369811726745,0.009365536995293735,0.00017163386340401517,2.1576536454789612e-05,4.271432173126138e-06
0.20160174661836106,0.7778352323607834,0.020381533741677352,0.00013693041118616994,4.455686799203423e-05
0.003254596956680685,0.6269068443010248,0.3571314163092194,0.012503866603584695,0.00020327582949025152
4.4015808833099977e-07,2.1818286791642227e-06,9.635211877391778e-06,0.0005792917697747973,0.9994084510315804
0.7731983190045927,0.2218954019051254,0.004507199945879061,0.0002960690401199807,0.00010301010428299496
2.744613070943531e-05,5.940061402551082e-05,0.035396318855413215,0.9642582026157742,0.00025863178407764455
0.9291545951871787,0.07068042683630447,0.0001519828120771072,1.064472071619204e-05,2.3504437236687353e-06
6.272937306762374e-05,0.00023322662866101445,0.009622313351121218,0.9884447751865665,0.001636955460583745
0.9997728676513205,0.0002071817138717924,1.6887166735767137e-05,1.5379378782424887e-06,1.525530193704586e-06
0.00014494577124659345,0.0013227748316747136,0.8209991403695833,0.1775157552670398,1.73837604556148e-05
0.01784499221504801,0.7185923954786448,0.26269682090343405,0.00042657216313614935,0.00043921923973692164
0.13255167673362753,0.8611402385157699,0.00618260039751271,0.0001111070018057382,1.4377351283966911e-05
0.0003530945517915113,0.10421270279481379,0.8945799435918356,0.0008448399840669205,9.419077492164726e-06
0.9993840212636337,0.0006045344353957448,8.314278222233128e-06,2.6730473285109237e-06,4.5697541988954115e-07
8.902454533007665e-05,0.18367088095074813,0.8131563904847864,0.0030790701554035916,4.633863731937453e-06
0.00010199343072902088,0.9935287154025482,0.0062998073711263295,6.862030478298118e-05,8.634908134502611e-07
0.014650265806823683,0.8994597097176239,0.0854907314948728,0.0003641148397846418,3.5178140895041e-05
0.9984912061338409,0.0013086762225653675,0.0001909171655586799,4.523340970280406e-06,4.67713706479159e-06
0.9981939143641426,0.0015176379223305373,0.00027652070067933496,9.262541966291292e-06,2.6644708813217165e-06
4.082473778294311e-05,9.81363920779655e-05,0.17835312815232812,0.8214286368424265,7.927387538449097e-05
0.19076213516089624,0.8080614181240614,0.0010670078841093975,0.00010265042387922632,6.78840705364881e-06
0.9999062648428662,8.843219856644563e-05,4.8156629649514385e-06,4.080873156262702e-07,7.920828695795941e-08
4.3302350365846605e-05,5.804309741850962e-05,0.0009801402266209087,0.04416226692975338,0.9547562473958413
0.007590983127915203,0.039352333482151676,0.5605908435717923,0.39215972679014793,0.0003061130279929179
0.9998700648697836,0.00012387482305791344,5.025481147026112e-06,6.760791392999863e-07,3.587468724359927e-07
0.0010993968514514136,0.43409310430937753,0.5637487876244585,0.0010302432148719819,2.8467999840756738e-05
0.9522131955231794,0.04663004900338163,0.0009380641880077376,0.00020073289109596006,1.795839433526186e-05
0.9999482433453462,4.419989480830068e-05,5.943373528879991e-06,1.524990894364088e-06,8.839542256625869e-08
8.155569381946652e-05,0.0008970009249793969,0.9659737065816101,0.03303956498136232,8.171818228601368e-06
4.022031769502802e-07,4.760522407709695e-07,3.525431566955588e-05,0.0001155371176410399,0.9998483303112717
0.018091119369666852,0.916148607005263,0.06561623539077366,0.00013821345984186994,5.824774454548686e-06
5.896360682912515e-05,8.302473329905453e-05,0.07582188060174584,0.9239301477045087,0.00010598335361745614
0.0006420852619612343,0.6982201074882086,0.2999912245178209,0.0011395484239269573,7.03430808228579e-06
0.00017548443552742825,0.20567727916964884,0.7940308354620652,0.00011486253125395525,1.5384015045755116e-06
0.0007328575896111801,0.6563634616341636,0.33754463306650545,0.005341183972122215,1.786373759763997e-05
0.049900801051828654,0.9378394560066619,0.011806754956455712,0.0003558924940415262,9.709549101215635e-05
0.6277972220150971,0.3680248749430427,0.0034449385283702055,0.0003757983563399684,0.0003571661571498711
4.137890229524807e-06,1.1829775314816815e-05,0.00010037804005278998,0.0024724818959883784,0.9974111723984145
0.0001583203617219532,0.00017253021263246662,0.10164607431987599,0.8976286431924272,0.00039443191334260515
0.00021682222114808563,0.002430940399494024,0.1302499150159997,0.866966527466517,0.0001357948968411953
0.1732609152568196,0.8210669558929403,0.005443106154521832,0.0001652875087447488,6.373518697349522e-05
0.0005997816537472837,0.020315977313544533,0.8572705316337524,0.12097142773202894,0.0008422816669267045
0.008186205216589124,0.9180227800975052,0.07329421400593117,0.0004872017948609416,9.598885113846713e-06
0.0002638675406651943,0.7359427543850289,0.26334228243275204,0.0004475300145873086,3.5656269666005218e-06
0.998149460587953,0.0017056316031612727,0.00011544211419432878,2.8105350982060523e-05,1.3603437095465099e-06
0.002088367702770648,0.007831826329297145,0.32889021103768773,0.6452185297758237,0.015971065154420705
2.120173391662304e-06,1.0562686125221873e-05,0.00033069032561942993,0.0043896309355596986,0.9952669958793041
0.9995857249665312,0.0003535407512260195,5.4429622552662535e-05,5.418861455054302e-06,8.857982348171315e-07
0.9998151915095892,0.00016372135612586887,2.0288813208779104e-05,7.298476602783169e-07,6.847341609697333e-08
0.0007269567128857002,0.06428140472557514,0.9339970884946406,0.0009854392414546155,9.110825443774957e-06
0.00016632307153102114,0.0014471966824837756,0.9442381998238952,0.05411359679430199,3.468362778800496e-05
0.00020025890768366478,0.0003394973389592074,0.8212456343978694,0.17820233992559847,1.2269429889459263e-05
0.9997540857694986,0.00023544497106689073,8.919324944627563e-06,1.3016003082345892e-06,2.4833418173205725e-07
5.622191487112867e-07,8.588577299057517e-07,1.1084109332588121e-05,0.00015317164612369194,0.9998343231676652
0.9998155326971169,0.00017586346407431392,7.74944771385017e-06,6.43325833218576e-07,2.110652616678382e-07
0.0006645235368412217,0.9435268029482969,0.054904162725158044,0.0008955966977877122,8.914091916072557e-06
0.9993006524335569,0.0006397265293566736,4.097573148510908e-05,1.822947273025156e-05,4.158328712135405e-07
0.9998985893863379,9.001725741499807e-05,1.0782813373933032e-05,5.72842258246192e-07,3.770061487869629e-08
1.8520960297210005e-05,8.230069623749724e-05,0.0005299572896063149,0.9993323297529704,3.689130088864389e-05
4.10764797725687e-05,0.07104655086362216,0.9275595639853594,0.0013501339082766203,2.674762969143886e-06
0.8383912791951816,0.1610211735756282,0.0005599345917432442,1.6495666286549412e-05,1.111697116035255e-05
0.22188805341613257,0.7556509587893274,0.021454443680985813,0.0009436615095284725,6.288260402572872e-05
8.545445615065817e-05,0.0006192274652727744,0.6322137785488102,0.3670597539151355,2.1785614630834305e-05
0.9896690995547791,0.00998115518856941,0.00027842875153720524,6.98092972645513e-05,1.507207849772792e-06
0.00032912461612164657,0.8676830088647017,0.1318914169258545,9.496148044677025e-05,1.4881128755748095e-06
0.8977007321829044,0.09870674101406418,0.003345897498159783,0.00023149724875114278,1.5132056120448609e-05
0.00025611206732608705,0.000864361520119962,0.004496735734683379,0.32431661322818917,0.6700661774496814
5.8423342154352004e-05,0.0008424570931276172,0.994944785506083,0.00415183519694969,2.4988616851843755e-06
9.06564192031764e-05,0.00939437172958802,0.988791309852392,0.001704176821368828,1.948517744779538e-05
0.00019472233989226614,0.17620948121319457,0.8224517063928339,0.0011383948232951725,5.695230783983392e-06
0.00020794145683400818,0.0910374939777578,0.9084104818828318,0.00034136448503905523,2.7181975372306402e-06
0.0007558048018883472,0.9692990667034553,0.029835224833136047,0.00010809812503931916,1.8055364808642706e-06
0.9996250372393211,0.0003545026812131223,1.6144893472229138e-05,3.92361860326234e-06,3.9156739001058247e-07
0.7577438416626694,0.23960749186481606,0.002596013339180877,3.553875798038909e-05,1.7114375353286947e-05
0.46814444841589475,0.5265725385826303,0.005037695333892248,0.00022699383405784402,1.8323833524775708e-05
0.00014299804602074044,0.010312729769281364,0.9889099097757842,0.0006305086068680001,3.853802045802766e-06
0.0013450651106494923,0.06978028467910014,0.9136997472504739,0.014564022482217203,0.0006108804775594129
0.00042091645929165616,0.0009474586177547199,0.7122088792472651,0.2861557088554868,0.00026703682020178866
0.9992323054585242,0.0007193640046648691,4.023396870983782e-05,6.732018264684458e-06,1.364549836547016e-06
0.4562067310872684,0.5161761652254602,0.027315884170114147,0.00026028235169703556,4.093716546022629e-05
0.6684176612548592,0.1990565413911942,0.1306143742972778,0.0018015996525494438,0.00010982340411946922
0.0005901892307249936,0.2982899390788526,0.7003710957456422,0.0007422803502317353,6.495594548602557e-06
0.0001001560675093912,0.0001044180284917944,0.035705637055156766,0.2925942740694006,0.6714955147794414
0.9993663364066285,0.0006160977629511814,1.5065258944615495e-05,2.218938725690051e-06,2.816327499112411e-07
0.20798949525561347,0.7856174428968726,0.005290285410532054,0.0010628632329468006,3.991320403509255e-05
1.918507047051535e-05,2.7439229899353877e-05,0.008700874918584636,0.9912030286124965,4.94721685489007e-05
0.0020932129627290333,0.3153210475012573,0.6764196205455403,0.006153566250973752,1.2552739499590077e-05
0.48116399455609327,0.4325016082787953,0.08446684987368404,0.0017712444587704521,9.630283265691995e-05
0.0027636548794588234,0.8839380914391212,0.11093897440519954,0.0023347511221817508,2.4528154038742414e-05
0.03555900561125189,0.9094274729361594,0.05436635597496948,0.0006322600738195754,1.4905403799810176e-05
0.9990270966893493,0.0009270013834580075,3.131377703260793e-05,1.0563771606996146e-05,4.0243785532975775e-06
0.9550088810572315,0.0439003967100298,0.0010240768611892825,5.3550625074569024e-05,1.3094746474692083e-05
0.00011673311705876686,0.00019846541297952947,0.1367764259782158,0.8618187441044736,0.0010896313872724261
0.06116521820030578,0.9194702521042867,0.01919631358624935,0.0001442686834995576,2.3947425658335222e-05
0.9848189108404469,0.014865821870656578,0.00023855256848682156,5.6839335075603287e-05,1.9875385334073598e-05
0.0001225077640247112,0.012695880190942137,0.9820799370340763,0.00509332502799571,8.349982961058934e-06
0.9993360908939393,0.0006542420297236256,8.486434553336955e-06,8.036063097212112e-07,3.7703547390186905e-07
1.0530779337199013e-07,3.065757379955147e-07,1.722713239459163e-06,4.38351197945846e-05,0.9999540302834347
8.646927780937673e-05,0.00019820667824228125,0.2215200874601886,0.7780864782876178,0.00010875829614202635
0.3598694182791897,0.6300580791983548,0.009849894071071386,0.00016188832582002095,6.072012556422648e-05
3.593740884620217e-05,5.9160157831455956e-05,0.0026970189462900865,0.04744866811564809,0.9497592153713841
6.89739892732678e-05,0.0002759518337833509,0.24111103763035358,0.7584996545461989,4.4382000391025045e-05
0.0002711491428640589,0.9007285917897898,0.09844979455039204,0.0005464426583568956,4.021858597160283e-06
0.00010019958623186598,0.00016720942462320303,0.036564601827440917,0.9619963131604949,0.0011716760012091404
0.00031238386127782565,0.0024887627227129392,0.33752053360846285,0.6592874903449017,0.00039082946264460436
0.00014251559967751824,0.0007948390170438984,0.996124255538358,0.0029346235176719196,3.7663272487484256e-06
0.0019739922627050265,0.17147310357718273,0.8241744230116782,0.0023679454142214035,1.0535734212788806e-05
0.9109163634477282,0.08778567776807493,0.0012703898180809708,2.486092878485389e-05,2.7080373311303187e-06
0.00020414481056656885,0.010008110974617901,0.9823317805039566,0.007448096774765274,7.866936093645648e-06
4.265629985031552e-05,0.00012993679776146253,0.014330583001535922,0.9853680918352806,0.00012873206557164704
0.9573061636058846,0.04234896932900045,0.0003222055324659779,1.8924202417849782e-05,3.7373302310647733e-06
0.00016098667208507366,0.03749880822075135,0.9602968860041907,0.00203994647283449,3.3726301383078596e-06
4.594631163656399e-05,0.000922600739858132,0.9967538831650111,0.0022764661464217966,1.1036370724289908e-06
0.9994991443459278,0.00045952096825410357,3.148693233281775e-05,9.166547716752197e-06,6.812057682011752e-07
0.0004376516230361658,0.6563867795918099,0.3408026021447016,0.0023555208362798204,1.744580417241744e-05
0.6847608395810086,0.31066754630520294,0.00429862519840814,0.00012387620146220746,0.00014911271391809764
0.998071869598468,0.001861804306517811,5.0967864807497256e-05,6.355172733491189e-06,9.003057473284732e-06
3.750669600024447e-05,8.622808680728716e-05,0.0044941877487459205,0.7016911810889112,0.29369089637953544
4.0148699731548583e-07,2.730663797495849e-07,1.9817291308415514e-06,6.639478988511839e-05,0.9999309489276069
5.0131851473880944e-05,8.049680000520494e-05,0.0015462225422503756,0.9982494598997843,7.368890648626527e-05
8.368611490253189e-08,2.8400172318353267e-07,8.153811021769997e-06,4.718502865535633e-05,0.9999442934724848
0.5785784328760007,0.3872584361736437,0.03384654343211039,9.388730703676426e-05,0.0002227002112082886
0.07339533271765615,0.6515801904982564,0.27418448430077785,0.00044943174098157897,0.0003905607423279863
0.7292309989046467,0.24526230574849625,0.025215989044263608,0.00010245030309165842,0.00018825599950172202
0.12190952392267435,0.8284094806841634,0.049504734693333774,0.00015941236615083423,1.6848333677719653e-05
0.8800273041169148,0.11949777316583649,0.0004614739181772266,1.0351760875535588e-05,3.097038195939209e-06
0.0002852882957732272,0.001101768209703894,0.009136712845116779,0.7735140973660088,0.21596213328339722
0.15404511668983142,0.8350686855492794,0.010223341602594846,0.0005918360609803342,7.102009731388465e-05
0.00011841071153279483,0.0004136680057143894,0.11406898291361171,0.8849969681358947,0.0004019702332464171
6.0784035591947995e-05,0.00013365966226599942,0.9780188389022053,0.021779709113023158,7.008286913691025e-06
0.00014921316242396394,0.0018524088442755868,0.053062314469404015,0.942493103067556,0.0024429604563403822
0.00014702697468684913,0.00023704173487147106,0.3894543021016152,0.6090847054905933,0.001076923698233241
9.146539685502397e-05,0.0001261084106601968,0.016196651214485772,0.9311575048900887,0.05242827008791016
0.0016591845841604262,0.10008897653772522,0.8939382237286794,0.004143699162938701,0.00016991598649625437
0.9208840390400791,0.0787869254014824,0.0002593132949715594,3.401035255245246e-05,3.571191091465335e-05
0.00016410090212997554,0.0005340240729827613,0.10434954563876722,0.8733036329873574,0.021648696398762574
8.103313625649717e-05,0.00013363684765296444,0.8962253608140709,0.10353831760778187,2.1651594237617375e-05
0.00024375173566012733,0.8737115073881602,0.1259011183025532,0.0001422892510958725,1.333322530580524e-06
0.0010916250962145753,0.11480435714734738,0.587637649773149,0.2961789430427652,0.00028742494052390186
0.7865622269855822,0.14425991476514174,0.06840496850244411,0.0007596952325073881,1.3194514324750696e-05
0.819211590005664,0.1770026001263196,0.0035788371574196967,7.803334203107996e-05,0.00012893936856570354
0.9996263659480616,0.0003357974465617675,3.4037567332678916e-05,3.482913979611912e-06,3.1612406441279195e-07
0.0001329143819235432,0.0005225371385311216,0.035918163463184334,0.9566049332137683,0.006821451802592717
0.0006332119731532495,0.16089604809425026,0.827900236829975,0.010492583523709775,7.791957891178239e-05
0.006360804151672324,0.7372934448873572,0.25285086165660553,0.0034700343663803036,2.485493798475146e-05
0.9989534203899066,0.001017884532595482,2.4793191157381256e-05,2.0026252607548006e-06,1.8992610796045834e-06
4.058861004122524e-07,4.310934532581036e-07,2.6150062640012913e-05,0.0006452941899361751,0.9993277187678701
0.9784166702529716,0.021326379831200632,0.00022064346892263696,2.471440451532871e-05,1.1592042389794935e-05
0.0001507225008914954,0.00033273167759954967,0.15299651696276212,0.8463972319129697,0.00012279694577699114
0.8414310909787398,0.15805669854184393,0.00048231304640703723,1.8105296214026943e-05,1.1792136795095208e-05
0.9987154497728046,0.000735845749459951,0.00047938119306615076,5.1635143635944484e-05,1.7688141033417316e-05
0.24278056223242558,0.5384823489157773,0.21800805358402042,0.00024038598496013808,0.0004886492828165735
0.9999139413063862,8.147473747724216e-05,4.111904636077095e-06,3.3413112009317635e-07,1.3792038028874012e-07
0.00036274501013909636,0.00019884720845570508,0.006781962488996671,0.2290185827971779,0.7636378624952305
0.9980743763560108,0.0018518912759236195,5.81978897628547e-05,8.074708070365828e-06,7.459770232461093e-06
0.43951672768316774,0.26739558466467067,0.2922158209160656,0.000505853971991515,0.0003660127641043363
0.00014599918127633708,0.002400366978186155,0.9918268352372862,0.005603037795911428,2.376080733988289e-05
0.590066488054289,0.4085394849086346,0.001331855191092508,5.1813590460734025e-05,1.035825552328462e-05
3.199464253505209e-05,4.636469571769091e-06,0.0004978133681403212,0.0042567103946617975,0.995208845125091
0.14366144726633423,0.8524509498167427,0.003747424940103032,8.746377494098272e-05,5.271420187884752e-05
0.00047928537778135863,0.0011652616823984924,0.4985490833758225,0.4518011486643987,0.048005220899598994
0.00015396115320192135,0.0001990188785172933,0.947469695251643,0.052169582515694535,7.742200943436313e-06
0.00015756600016329298,0.00027062029762228896,0.057024839193925855,0.9412754210366044,0.001271553471684
0.8339392904790919,0.1652356519174983,0.0007794140227098183,2.9143848695496278e-05,1.6499732004581545e-05
0.020467268262161137,0.967446896682956,0.011205696255275968,0.0006186872263452245,0.00026145157326157065
8.924853360690375e-05,0.0005008418408757742,0.9963166636595084,0.003090812530926133,2.4334350829944716e-06
0.035444697155158356,0.9490510974651545,0.015412905160185984,7.553684837695231e-05,1.5763371124237666e-05
0.00019753620411381672,0.8818194670764065,0.11740977217207978,0.0005718017455791596,1.4228018206230762e-06
0.9685747536982664,0.030530059550729103,0.0008542425077463153,3.543404916887775e-05,5.510194089340053e-06
0.00010071244163636507,0.0002637940029089681,0.00462059541953782,0.38434505882344244,0.6106698393124744
9.732633986287978e-05,0.0007699194616380497,0.03008069524823012,0.7690516239110137,0.20000043503925535
0.0022846462743161913,0.9589145828476474,0.036972076501793065,0.001813780828983485,1.4913547259774909e-05
0.9512116897205032,0.04852491339540428,0.00024108379844585005,1.1586786150560207e-05,1.0726299496308073e-05
0.00010225950080160748,0.00028296443043837155,0.20055972687711218,0.7988462857726288,0.000208763419018904
0.9992027487676545,0.0006698800368729782,0.00011282477641841104,1.4097559218012369e-05,4.488598360588962e-07
0.0007840782777963013,0.07683351215861875,0.8495882049511589,0.07276667674339314,2.752786903268991e-05
1.0002445270627304e-05,7.715278446412367e-05,0.023422077218249963,0.9732907560869631,0.003200011465052196
8.691522332365483e-05,0.18048867422534845,0.8185490938009544,0.0008713532560414673,3.963494331889837e-06
0.004300584593590548,0.8889824944606769,0.10590630493960969,0.0008012962583262965,9.319747796563055e-06
0.02494356261257884,0.9736034145426148,0.001435888131089424,1.5708961952355702e-05,1.425751764839017e-06
0.004270832685105162,0.09136700703164463,0.47376058778025576,0.42965579789863473,0.000945774604359778
0.0008852370452107644,0.6776481369299368,0.3186721937559561,0.0027885060305589808,5.926238337436321e-06
8.769384356887585e-05,0.0001389148725412796,0.0019594106887976634,0.971806768229597,0.026007212365495254
0.00015605237064861873,0.5560571559853363,0.4430525544803067,0.000725244424014046,8.992739694245723e-06
3.602479506388934e-05,7.176269016332603e-05,0.00025286581409224236,0.9996212036916787,1.814300900186311e-05
3.5027168175970974e-05,0.0015531059513197948,0.9978074621797403,0.0006027737174091873,1.6309833549431848e-06
0.9697971263856787,0.02951863924988589,0.0006780910884558385,4.911525898570958e-06,1.2317500810442785e-06
0.03901343163713491,0.9546173661366502,0.005537910666271115,0.00028219468436882527,0.0005490968755750554
0.0005901563698650422,0.2319647057997105,0.7663646739169748,0.001071168856217546,9.29505723182398e-06
0.9998586258640938,0.00012618217384840593,1.3064731311276699e-05,1.5906465485060924e-06,5.365841980772927e-07
3.283952635224248e-05,0.00013453543151809407,0.1418310306593005,0.8574845697528445,0.0005170246299846184
0.9976441954521447,0.0023046146130195526,4.905731758473746e-05,1.6713517778893612e-06,4.6126547329927473e-07
1.9708853701341913e-05,3.497795642941766e-05,0.00014555918350668293,0.04624985576046865,0.9535498982458939
0.9993881608015449,0.0005763853849947768,2.9689683049776272e-05,3.045816884475714e-06,2.718313525993725e-06
0.9996131695099224,0.00037316065976060204,9.561531385723139e-06,2.9874467899001773e-06,1.1208521414525634e-06
0.38353034374117884,0.6138480627524714,0.0022198559824949597,0.00036415374936094844,3.758377449389383e-05
0.002673733918078941,0.9548648070328583,0.04241752998934458,4.1934945398867897e-05,1.9941143193798338e-06
0.9994956942833252,0.0004862399581369425,1.4417636072087497e-05,3.289559716816463e-06,3.5856274900666146e-07
6.552093742450858e-05,0.002100754312070551,0.9705878663691154,0.027240866994879636,4.991386509892719e-06
2.8495407521058315e-05,5.240669834924759e-05,0.0186954823204458,0.9798913294267279,0.0013322861469560118
1.8677158821807344e-05,0.0002300134617235655,0.03426703639337466,0.9639999065427942,0.0014843664432856267
0.9998194766439015,0.00015409302686227256,2.5182821614987024e-05,1.006092912153515e-06,2.4141470912187843e-07
0.00047276811285035096,0.5956759254264999,0.39818704173334873,0.005585483318499862,7.87814088011347e-05
0.007539092938692011,0.9754768784322627,0.016289937615619914,0.0006424938868480108,5.1597126577103305e-05
0.14814350001254206,0.8185673168367424,0.03289425232153094,0.00036901017082306426,2.592065836158361e-05
0.9985620858285091,0.0012308000874608938,0.00015556970588913107,4.755730689051333e-05,3.987071250384346e-06
0.0009292348187972297,0.17902805329115584,0.7947086042316036,0.025184863483804155,0.00014924417463900859
0.94135019234724,0.058018157929779615,0.0005681900368932223,3.8087744762169345e-05,2.5371941324621886e-05
0.0001889837204363197,0.0002747108606164213,0.00859997719349397,0.9756193307141358,0.015316997511317517
6.271167055397467e-05,0.014620526262647563,0.984117582151082,0.001193894912442506,5.28500327403672e-06
0.003467283214381117,0.0834470415957038,0.9112258207586638,0.0018323105096005202,2.754392165084257e-05
8.91770620776593e-05,0.0007880145146397025,0.3271616082713048,0.6719230361509826,3.816400099534553e-05
0.0005857285405941404,0.0014192697017422371,0.031919207677670904,0.9501731554428561,0.015902638637136778
0.999824598304392,0.00016171165715270555,1.129177074552443e-05,1.5524237843720283e-06,8.45843925598735e-07
3.071463114198218e-06,1.5768142742788593e-05,0.0002585735085165087,0.0060299824826091685,0.9936926044030174
9.470257063407384e-05,0.0003759697035242288,0.12838623526823273,0.8710988157910883,4.427666652076007e-05
0.37861771706816694,0.3882405158259092,0.23171465022121884,0.0013620986473165113,6.501823738845627e-05
0.6385210718069058,0.3465853079657163,0.014026420029336436,0.000743679082435424,0.00012352111560611496
0.0005960785922666524,0.4197910972149185,0.5714605968612897,0.008072487620242173,7.973971128295254e-05
5.9580844576999295e-05,0.0003914507994689667,0.022770460599160897,0.9765890845564463,0.0001894232003467162
0.00018557248945507652,0.0002520678017458043,0.02557632029907527,0.973686604873857,0.0002994345358670162
0.0007978796877452446,0.00013456481938728032,0.01556301853006012,0.8260576839658827,0.1574468529969246
0.017185660817955625,0.836678200434747,0.14534700800681966,0.0007731735275666689,1.5957212911040425e-05
0.0004068722105912664,0.12155432609020095,0.8773077085631044,0.0007241855337336148,6.90760236978733e-06
4.737103713240129e-06,4.825059362498078e-06,9.809131585858043e-05,0.0011623223891302748,0.9987300241319355
0.00036770448870394765,0.010182029890410957,0.9516391756655358,0.03780787641031626,3.2135450330253902e-06
0.9790916384708355,0.020762684609464954,0.00010581695006454116,1.4853926183713779e-05,2.5006043451157868e-05
2.592453151498002e-05,0.0009498950723499075,0.9564087196119783,0.042609669014196244,5.791769960723412e-06
0.9990566404836643,0.0009105769814735618,2.0518765686577746e-05,9.74836355832923e-06,2.515405617058062e-06
0.0016434243739459594,0.9538458054581844,0.044474195252927694,3.566126711337861e-05,9.136478285190779e-07
0.9183016438434228,0.08072877173431109,0.000922192236959831,2.8555905202648004e-05,1.883628010377294e-05
0.40266806992166393,0.5940562793028169,0.0031744428041564983,7.160395372767007e-05,2.9604017634964693e-05
0.00012883425547390118,0.0005554154613260228,0.13273478252912219,0.8665492255379283,3.1742216149561705e-05
3.8815308096115374e-07,4.6892644681424666e-07,7.281926753828894e-06,0.0005297804328920184,0.9994620805608263
6.301844792375505e-05,0.00626480865944873,0.993443805545386,0.00022755121369071615,8.161335509126207e-07
0.9998653044138284,0.00011447395743383447,1.6360528110978172e-05,2.2006949458376823e-06,1.660405681069059e-06
0.520480407480411,0.47647278854660413,0.0029842804680674856,5.8156814488324594e-05,4.366690428953335e-06
0.5863658570744764,0.41199377231438705,0.0015592667967689977,7.65445524113177e-05,4.559261956268044e-06
0.6182798325336741,0.3734364714442976,0.007831588470998697,0.0002929330457228511,0.00015917450530684042
1.1489752454393077e-06,2.498516353366064e-06,4.1555151939004846e-05,0.001532397354250969,0.9984224000022113
0.9993831340119115,0.0005896343805386866,2.1059467594115882e-05,3.894890373370094e-06,2.277249582347007e-06
0.00012498967099340916,0.001136748779858854,0.7315451285256989,0.26681530254203933,0.0003778304814097677
0.2045956775203023,0.7866803659211957,0.008501558576401416,0.00016800672889130246,5.439125320923219e-05
1.662780685126543e-07,4.533035108129133e-07,1.8384290653052176e-05,8.100103338940266e-05,0.9998999950943782
0.0012103178045377613,0.2791964405930004,0.7175992952802175,0.001927588479853312,6.635784239098088e-05
8.474306911014878e-05,0.015050940671448262,0.9818792419923107,0.0029707172593621796,1.435700776860502e-05
0.5943984588263674,0.4043056856656872,0.0011243964943338535,0.00014370061817036464,2.775839544120734e-05
0.00010866911974025429,0.0007991436934268935,0.7711374158435784,0.2279493009359509,5.470407303566104e-06
6.569220885938077e-05,0.002179931966591986,0.9012820248649036,0.09643315633817924,3.9194621465639324e-05
0.9999558337395058,3.5883396961401184e-05,6.1766218831009224e-06,1.771993329433404e-06,3.342483201222996e-07
2.59832536958398e-05,3.7692628709443506e-05,0.0021634787592983745,0.9977559848427733,1.6860515523111234e-05
0.09056873181041465,0.45889034586764177,0.4214571275614569,0.029007234564748297,7.65601957384275e-05
0.006013267823951643,0.02392372841781057,0.8024729341514384,0.16757974974648934,1.0319860310154373e-05
4.555779012006607e-05,5.375015804501411e-05,0.003382395395328124,0.47153554806823134,0.5249827485882754
0.00013945393244004666,0.0003976413545817353,0.01892605537252403,0.9789891870297127,0.0015476623107414777
0.9997825079733427,0.0002078533674754,6.669643530166626e-06,2.4576139985630827e-06,5.114016532929693e-07
0.0002751005807179195,0.0005549859273739599,0.003924734173142396,0.9643080560754596,0.030937123243306212
0.9976926342199017,0.002179555241507967,0.0001073621110105836,1.7558298390111285e-05,2.890129189619914e-06
0.00019520131539850385,0.0006899447548407713,0.9915550185046539,0.007554236876421871,5.598548685180777e-06
0.2166206648999374,0.5599348865921261,0.20840880191387204,0.012580347847612586,0.002455298746451816
3.1512105553123894e-06,7.614946464001279e-06,0.00012960507959318735,0.006125734439032087,0.9937338943243554
0.0010838898967030716,0.769376470976873,0.22744242355014732,0.002089933230571627,7.282345704916855e-06
0.9997661011031383,0.0002277778803226573,4.477111844768805e-06,1.3239954910292673e-06,3.199092033586763e-07
0.0005280108079825478,0.10377821056606228,0.8910184657966409,0.004671437851403193,3.8749779110524315e-06
8.178978192373116e-06,9.65259168743567e-06,0.0001395020594473687,0.009483914418021343,0.9903587519526516
2.254236665741489e-05,0.00010592324646931319,0.0038127068252494394,0.9835296338373762,0.012529193724247828
4.1708915427403715e-05,0.00012064739598189391,0.05145001017352024,0.9472582307772871,0.0011294027377834362
0.0004944650436311099,0.9489549597219257,0.05041109211529655,0.00013507576581470418,4.407353331760338e-06
0.000974992314055626,0.9507737297833438,0.048182688493572094,6.452232102270347e-05,4.067088005398431e-06
2.4128446892799023e-06,2.13872033755101e-06,1.4325978274561857e-05,0.0003826461100739965,0.9995984763466246
2.3668357170477247e-05,0.00011014264028439746,0.03787588646483429,0.9619510005866292,3.930195108163617e-05
0.9994550428795665,0.0005366746758494011,6.827279083542286e-06,9.302038640875692e-07,5.249616363972663e-07
0.02970165377914675,0.965205496389631,0.0049916906868424996,9.943287847344308e-05,1.7262659064290852e-06
0.655006348911129,0.3443629525584144,0.0005409387842035293,6.878237911236741e-05,2.097736714068275e-05
0.0001340653792641675,0.000258742618065366,0.6602536785996219,0.3393255716428974,2.7941760151141708e-05
0.9977775416904952,0.0017257960498820617,0.0003860902108919465,9.671777355866342e-05,1.385427517226044e-05
0.006853300509949878,0.8693359121220128,0.12328152042369664,0.0005219551512978878,7.311793042691154e-06
0.035870383841557274,0.9407673471228462,0.02247206442488077,0.0007879831910041639,0.00010222141971170411
0.00024881064391767696,0.0006567957657807579,0.19329389127831273,0.8055196746575712,0.00028082765441767206
0.005122429536939801,0.9485828511387123,0.04612714756699592,0.00014347756111699996,2.4094196234797465e-05
0.001120148013134872,0.052471906801627416,0.9011796558947358,0.045203760038312765,2.452925218905684e-05
0.027960121692230815,0.9339958931187324,0.037837903730013785,0.00018200585875725392,2.40756002655466e-05
5.577316610043444e-05,9.520569608208961e-05,0.05515523350388875,0.9445641317451354,0.00012965588879334134
0.0008049519806298024,0.06796708953693224,0.9260797682013506,0.005101334731200663,4.6855549886484286e-05
0.00027848875375473036,0.00036575884631266507,0.21391466927637154,0.7853129942335897,0.00012808888997129956
0.8625121252009965,0.13690283973641565,0.0005603985542788216,2.361254277308763e-05,1.0239655360243062e-06
2.9962621927136837e-05,1.7129180414428742e-05,0.0005641636850724248,0.0059304546370408575,0.9934582898755452
0.000305579620565019,0.10230809265941915,0.8933708189157271,0.0039389780474739025,7.653075681484663e-05
0.004601536993173893,0.6545972079273168,0.34041086182501756,0.0003492899202144872,4.1103334277291634e-05
0.9422114232767284,0.05539071769842287,0.0014946301984320905,0.0008718299795101568,3.139884690645105e-05
0.9991060652766548,0.0008070096503577425,7.993569161317247e-05,5.873192583978834e-06,1.1161887903313248e-06
0.00015504676994637428,0.00016127195222204993,0.03601043414457419,0.5537704247101064,0.409902822423151
0.7741169646994553,0.22369190505409933,0.0019170019502502808,0.0001453910665614978,0.00012873722963356243
1.4069678752037345e-07,4.0048018925256404e-07,1.5268240151848676e-06,0.00013901564999538026,0.9998589163490127
0.0028008505422763568,0.9406279584183931,0.056484115701897784,8.515593229816348e-05,1.919405134491873e-06
0.0008347967390912397,0.9938040621746749,0.0051750805061881785,0.00018273638008198747,3.324199963854724e-06
0.01090459112349306,0.9746003936958569,0.014425013162852326,5.730410426228137e-05,1.2697913535361977e-05
3.9702208998230105e-06,8.010677695452913e-06,0.00048035134966205144,0.005716877148742472,0.9937907906030001
9.39375977095827e-05,0.011954738740485003,0.9833448092213377,0.004597025277424444,9.489163043159735e-06
4.984291734786703e-05,0.00016676965056425718,0.08810747976132711,0.9116254169915199,5.04906792408569e-05
1.4633370101156153e-05,8.516506526361713e-06,0.0008004088937369322,0.08007628057426724,0.9191001606553683
0.01652622729539185,0.976381732034137,0.006970871659176751,0.00011288200999245166,8.28700130204667e-06
0.014531154270744915,0.8708006029891977,0.1145487952252192,0.00010982662595608314,9.620888882267656e-06
0.9986229893212635,0.0008936392886407294,0.0004358588627150686,3.09917324553417e-05,1.6520794925357196e-05
0.69279166552902,0.30548086540979646,0.001623978000268235,8.03486421019101e-05,2.3142418813266155e-05
0.0002305782759299213,0.0014748233381131068,0.22859368622418993,0.7632127980552696,0.006488114106497322
4.590521812907829e-05,9.795204136300021e-05,0.07722987039836844,0.9218535437729074,0.0007727285692322553
0.0001259895591156494,0.0009337223069344552,0.17789053701577065,0.8210387567266673,1.0994391511979453e-05
0.9035691648455508,0.09199346147495253,0.00416186163021512,0.00021814136440553156,5.737068487594121e-05
0.7417544256598754,0.25305599152777236,0.004603450066082986,0.000479829141276178,0.00010630360499312334
0.03202985925968985,0.7369957908508034,0.229555987646511,0.0013936012296206976,2.4761013375067325e-05
3.3802212556676754e-05,5.044524634654881e-05,0.0034398748212846313,0.9944828123977145,0.0019930653220976914
0.9993587659113692,0.0005826800721629436,4.980142176580006e-05,4.926465754648443e-06,3.82612894738511e-06
1.0263750104917785e-05,2.04553428257099e-05,0.0023053690611806186,0.06599484906302454,0.9316690627828642
9.916138669815645e-07,9.171201351529726e-07,1.4412391689260398e-05,9.201893372677023e-05,0.9998916599405817
0.5528613135688478,0.44559987587646077,0.0014522584778469097,5.3114282587228994e-05,3.343779425736232e-05
0.8888021828237714,0.10410886227231018,0.007013702064021615,7.17387260625777e-05,3.51411383417148e-06
0.000110369181707693,0.00125766010704949,0.9882144489663333,0.010415834875536085,1.6868693734082763e-06
1.609590918204153e-05,3.560755310298837e-05,0.002751911111572544,0.6249155840178015,0.37228080140834086
0.001084554198808944,0.09988269448791323,0.7279953974984499,0.17080000063073736,0.00023735318409067043
0.00022158105353022468,0.0010655417458411234,0.8242122370931737,0.17436884064132258,0.0001317994661322906
0.0027950970732745425,0.5451737402264183,0.45192686136856736,9.944252779775997e-05,4.858803942109281e-06
0.9997820711306192,0.00019992723274158078,1.7084001638971803e-05,6.369574268969954e-07,2.8067757340762665e-07
0.00012909661800974742,0.043133670128617685,0.9362902647014558,0.020432405767464263,1.4562784452443218e-05
0.0001667468938643987,0.028048107835138985,0.8938308311167972,0.0779271771630267,2.713699117261806e-05
0.9831540553834506,0.016616948285953326,0.000195380899604076,2.3263099901138313e-05,1.0352331090784206e-05
0.8873859467659134,0.11150818829515471,0.0010301373361475256,6.47528437967248e-05,1.097475898754634e-05
0.9991453264824856,0.0006782194314781146,0.00014317918917664278,3.063695162145623e-05,2.6379452381823185e-06
0.31490691107621005,0.6577388388370531,0.027016046808511916,0.0003083405273597535,2.9862750865217252e-05
6.673049007269072e-07,7.343774281609607e-07,6.459257394840163e-06,0.0004266056753760291,0.9995655333849004
0.3013127903915597,0.6452935137137369,0.052522228696448146,0.0008484889588966966,2.2978239358554244e-05
0.9992299656359397,0.0007512384628624041,1.5427801453016796e-05,2.4962312786304374e-06,8.7186846605269e-07
4.528087095412181e-05,0.0007126960380464615,0.9729184216064622,0.026306505865935935,1.7095618601263145e-05
0.00011567205165532631,0.00017975841272483534,0.8786033921880402,0.12106729423247582,3.388311510386045e-05
0.00023592379879660023,0.003782422418726927,0.7580403894164837,0.23786032933941237,8.093502658041504e-05
0.15036955506376154,0.8187654841318963,0.030475388579402317,0.00022916714610760533,0.00016040507883239427
0.0008936930312404112,0.0013443359101993502,0.012570969315440468,0.9687648214598125,0.016426180283307334
0.0019904730095382578,0.3792544253877611,0.6131635339362657,0.005528209163653687,6.335850278142081e-05
0.000394625386969788,0.40574524214666996,0.5921168833709022,0.0017352063954635955,8.042699994561396e-06
0.08746592369210618,0.8984536145164227,0.013734107175904581,0.00032419257062378504,2.2162044943019388e-05
6.350118993928097e-05,0.00012402278937750425,0.00428252453841808,0.11139884551084635,0.8841311059714188
0.0006198558524594172,0.0019853490040844853,0.10199943663429832,0.8945794326941195,0.0008159258150381698
2.6858123608738764e-06,6.524283286148166e-06,0.000151195663738514,0.03244202169104178,0.9673975725495727
0.03729557402924107,0.7835421212951198,0.17834211310320372,0.000793959031650639,2.623254078489646e-05
0.9996777196597378,0.0002846127992171337,3.4132947961655494e-05,2.5211618751340014e-06,1.013431208138232e-06
5.5325938472415505e-05,0.0006681053373253141,0.008112426317014768,0.34160675317780037,0.6495573892293871
0.0005277162099939309,0.0007541641336534523,0.0353431539838159,0.9617852031940818,0.0015897624784548656
0.0001423901249532189,0.0002665450340798309,0.007330664799954174,0.9912993859145861,0.0009610141264265798
9.272988143412527e-05,0.00031284657949223104,0.22082187779924203,0.778557849623732,0.00021469611609975598
0.9994451129277174,0.0005268100201480474,2.3137236543331372e-05,4.811113903236669e-06,1.2870168790411464e-07
0.9998714660017077,0.00012310775002748664,4.53158899924294e-06,6.886997313159256e-07,2.059595343689044e-07
4.8135267779329534e-08,9.163573317478418e-08,1.1127152115215484e-06,2.5361776247645674e-05,0.9999733857375399
0.9995086196935948,0.00046868637279208236,1.9870996152704664e-05,1.625287560998932e-06,1.197649899407529e-06
0.8515438117703454,0.06446402963369006,0.08373207198637009,0.00015843692000892887,0.00010164968958546135
0.00017791596665128978,0.000425606689967691,0.8376326654656024,0.16174423803980703,1.9573837971655438e-05
0.9998118025504256,0.00016940865477410564,1.2566508425020681e-05,3.7501523961984338e-06,2.4721339790987345e-06
0.0015289933580702815,0.4368562130792806,0.5601851926216193,0.0014055697160355281,2.4031224994381627e-05
0.8206864856109829,0.17680256706465852,0.0024405501355041588,6.632622201043272e-05,4.070966843979445e-06
0.3634277917296877,0.5902321786181679,0.046244663138313595,8.751477983970964e-05,7.851733991240178e-06
0.00037319845779273383,0.012569480031554952,0.9349052363187876,0.052039091138027876,0.00011299405383693812
0.12882805397819092,0.8474144618018938,0.02356081849912739,0.00018660738200156047,1.0058338786163707e-05
3.3791000268635556e-07,3.9319720018205084e-07,1.9406874783182286e-06,5.5105501348375455e-05,0.9999422227039704
0.9997707047569202,0.00022049465080032176,6.76121615265727e-06,1.6138910377661027e-06,4.2548508883015704e-07
0.9995927300413212,0.00034930050011150704,4.798576080986608e-05,8.292087809795596e-06,1.6916099477823143e-06
0.9989641937721041,0.0007486552231388058,0.0001863879145560793,9.922836311501704e-05,1.5347270859397216e-06
0.0026479080061495644,0.8420990561984921,0.15375384399125785,0.0014604591096557438,3.873269444461755e-05
0.9211381197610294,0.07820501535728613,0.0006306771905528934,2.2078666307427165e-05,4.109024824135382e-06
1.5062722531912167e-05,2.486959627731175e-05,0.0025020891763219135,0.10938299424496373,0.8880749842599052
0.00011822537145686417,0.0008997433670664604,0.8335295222731898,0.16534228418432584,0.00011022480396119895
3.319364466793448e-05,7.443042195881437e-05,0.018198529425971152,0.9814134129380682,0.00028043356933388984
0.9989926022897831,0.0007911512863024628,0.00017725946104408703,1.4083984115280192e-05,2.490297875491488e-05
0.009126633893622858,0.9335602663120218,0.05717735053816704,0.00011453074506736481,2.1218511120703368e-05
0.001304115102809338,0.8810213810243575,0.1058168225503441,0.009992377865153395,0.0018653034573359079
0.5407352161452537,0.45829658114777677,0.0009080780198012381,5.272794483895873e-05,7.396742329329866e-06
0.028274959260241213,0.9564978962807146,0.015051506264579503,0.00016877830986611374,6.859884598530351e-06
0.0004658689295454808,0.18597486301706062,0.752230072477465,0.061313756436744485,1.543913918436322e-05
0.00010224618592202992,0.0002457499589225431,0.36359368792506896,0.6359612764245366,9.703950554983755e-05
0.00012354994834545428,0.00038236921428841755,0.12921664731283364,0.8701354379017217,0.00014199562281096628
0.9993361610212241,0.0006137713842248846,4.654089809354619e-05,2.622611347185926e-06,9.040851100306677e-07
0.6464422578569975,0.3524744561812082,0.0009373945456758038,8.949507753602313e-05,5.63963385824493e-05
0.7742022316657821,0.22474198345723068,0.0007517207149465952,0.00020115012884555321,0.00010291403319517476
0.018609033891044416,0.9568576134181366,0.024361426361162578,0.00016331939651578753,8.606933140382927e-06
0.0005036640100380606,0.18853123819238188,0.8075057278639298,0.003350934712424305,0.00010843522122601568
8.807661793078274e-05,0.0056872220267394635,0.9425791091173846,0.05160822167559259,3.737056235263408e-05
0.994347219746837,0.00554497648829772,0.00010400956649903093,3.2013279315044216e-06,5.928704349326456e-07
0.9997917644096774,0.00019485436729272719,1.0277509223014443e-05,1.9215742904287317e-06,1.1821395163863837e-06
0.8801014071938148,0.11936033317882146,0.0005101359162892646,1.8490218292866524e-05,9.633492781659161e-06
7.688312526010544e-06,5.7167945915003445e-06,5.320152905508061e-05,0.005677171846109172,0.9942562215177183
0.16373470390561398,0.8197083747602452,0.016258005911562828,0.00025712276816733804,4.179265441063643e-05
0.33789831252733665,0.655627183626834,0.006310615068563206,0.00014846809283874737,1.542068442740494e-05
0.9998413809264861,0.00014569348091875164,9.161669324300233e-06,3.5071330003640494e-06,2.567902706232296e-07
8.844270860952066e-05,0.00020536941412177708,0.02504711159718375,0.9739759662223512,0.0006831100577339015
0.9997818880177446,0.00020538813878353754,9.070717505943007e-06,2.488519415914261e-06,1.1646065499085163e-06
0.4462780435480866,0.543804281574185,0.009751158308641508,0.00015926586378941945,7.250705297554297e-06
0.8140353351685727,0.1843137883858443,0.0015233113550875929,0.00010864190596837778,1.8923184526880824e-05
0.9994271046062801,0.0005554018164118059,1.0076123895272874e-05,7.042027958706435e-06,3.754254538908626e-07
0.00013391960112844122,0.004836215039799025,0.9906087885649272,0.004413853388828045,7.223405317376427e-06
0.9996627882703473,0.0002878483689261785,4.216118495950729e-05,3.4137883420329823e-06,3.788387425042615e-06
0.9994141861709446,0.0005435792166521611,3.4964349704654414e-05,5.987256380603323e-06,1.2830063180415595e-06
0.0001231926890977025,0.0018974785234467347,0.9598599834446538,0.03810849044968021,1.0854893121670182e-05
0.00025115157943490926,0.000823303908813864,0.4606512478770282,0.5364075329271047,0.0018667637076181902
0.062115407053552764,0.9288146719415995,0.00900331061873996,5.925869438850102e-05,7.351691719157827e-06
0.9997637849895926,0.00023312360352260118,2.534789942844633e-06,5.158867278910382e-07,4.073021393341189e-08
0.2652289509523515,0.7152037480205745,0.01939425085586197,0.00012337951089778178,4.9670660314266316e-05
0.9998437463541191,0.00013845980992580685,1.6438614072681506e-05,8.648418773048118e-07,4.903800053134349e-07
0.9703494932400182,0.02886842056309043,0.00074019878826204,3.581937348779252e-05,6.068035141719886e-06
0.9991982576722216,0.0007755275111288199,2.186386459529278e-05,3.4680587938559677e-06,8.82893260486334e-07
0.00017127257109359785,0.0033349049393138004,0.8035240284589339,0.19295885870987914,1.0935320779722054e-05
0.37487730801803154,0.6195176951648294,0.005496765159661827,0.00010297502498239114,5.256632494844818e-06
0.8263801683152129,0.16731674854986334,0.0061951696968548095,9.042631580487317e-05,1.74871222640148e-05
0.000926098572706972,0.014553875404821925,0.9504790395232304,0.03370372430549481,0.00033726219374586116
0.0007560026357315689,0.29834449622094467,0.6993605553523371,0.0015306360991563326,8.309691830336532e-06
0.02230161810158197,0.6481781031644316,0.32492292121478616,0.004376776692159049,0.00022058082704120834
0.2500235943890801,0.7478081096333562,0.0019506864054598724,0.00013814123866822967,7.946833343567304e-05
0.00019689018915403615,0.00039233160767273266,0.3850180074731965,0.614361672411442,3.109831853483629e-05
9.856081342214768e-05,0.00031805713369962777,0.22716395281576587,0.772193892847137,0.0002255363899753933
0.99981181797699,0.00015451839726975114,2.285059970877438e-05,1.04515885536139e-05,3.6143747772398605e-07
0.796997670134511,0.13671118141698765,0.06437575928252029,0.0018722045601168823,4.318460586426333e-05
0.21658093560841213,0.7804205325623442,0.002898688895436887,7.132796916199045e-05,2.8514964644797663e-05
0.7174634921412968,0.27049518770201236,0.010388400931796968,0.0015475648127013355,0.00010535441219269684
3.130996950108448e-05,6.90188923081659e-05,0.008924151877703191,0.9909468006249152,2.8718635572300496e-05
0.0012469433925891167,0.26834319381599053,0.7246429279543358,0.00573078162109175,3.6153215992641434e-05
0.9949929386171671,0.004918903279266626,6.998864437403744e-05,6.879188356915551e-06,1.1290270835197397e-05
0.0002157958084814284,0.0003667036964369458,0.0029970898646173613,0.996343263405088,7.714722537606696e-05
0.00024800727468467194,0.026953419393812846,0.9536745823465071,0.018989361690488222,0.0001346292945071365
0.9994778874625363,0.00041524245402474143,0.00010116396948635942,5.006159321208572e-06,6.999546314086178e-07
0.003676195722375084,0.23437846433463694,0.7560674848318562,0.005772940900482923,0.00010491421064894614
0.8233984324225652,0.175735021086876,0.0005841028066323447,0.00022360681006455761,5.883687386199078e-05
0.0013374502762718142,0.9109742781621925,0.08751132761054332,0.0001695170811883683,7.426869803926776e-06
0.0005659170299589979,0.11756429049354111,0.8745408206680785,0.00727180144065938,5.717036776186473e-05
2.6532989298379127e-07,1.0900047725601017e-06,1.0650093890462303e-05,8.600812711322631e-05,0.9999019864443308
0.028446135244262274,0.9368694449377315,0.03356188467948247,0.001062746333160919,5.9788805362683156e-05
0.011262334909538495,0.8947269575444154,0.09295760994333463,0.0010290975430087925,2.400005970260706e-05
9.610271801910348e-07,2.022446139780889e-06,9.900166880318683e-06,0.00022281118598805,0.9997643051738115
0.9793141892375568,0.01803383232473513,0.0024610654335478366,0.00017630395140683257,1.4609052753497295e-05
6.479904834628151e-05,4.709946752496963e-05,0.0030879656921538783,0.21517726692329686,0.781622868868678
0.8536342378597972,0.14532132624373217,0.0009300264654993603,5.731922376463584e-05,5.709020720653022e-05
0.00041696865452162314,0.021181158121510866,0.9518867178647357,0.026491124402225286,2.4030957006497735e-05
0.0054177653159838725,0.5793805693312486,0.39989160785242267,0.015214289861054312,9.576763929056686e-05
0.00028241355121245575,0.008365959957539316,0.9162162383337519,0.07470182875521605,0.00043355940228035136
0.06339349849775006,0.5349827056193205,0.38898610906438763,0.010852239981256905,0.0017854468372848996
0.00062805712956773,0.0004604489742585348,0.1641062287936209,0.7608922510625518,0.07391301404000113
0.09077513019246994,0.8564269899536648,0.05218324562099519,0.0005476947300011481,6.693950286889636e-05
0.00026915601121714917,0.0010658215307759414,0.8646392488933603,0.1338927819920181,0.00013299157262861076
7.839735582755509e-05,0.00012724868368298227,0.0007711617240681537,0.20163406383149135,0.7973891284049298
1.43050175824003e-06,1.205410250249337e-06,2.8332565994154246e-06,0.00015659230664025024,0.9998379385247519
4.904954998451464e-05,6.393641886935793e-05,0.0568236281268759,0.9426634073451373,0.00039997855913297603
0.0001962298619483025,0.00029513623499676433,0.17169661529566893,0.8275455319046289,0.000266486702757112
0.00011873385638264369,9.556555706411978e-05,0.009416955817449616,0.9804444738019295,0.00992427096717431
0.3214332829282658,0.6759044237524141,0.0022666017356851587,0.00010923307795613237,0.00028645850567884153
0.9971905068187095,0.002626863089034633,0.0001304129571641589,4.996945104443288e-05,2.2476840471715063e-06
0.00022739721885833104,0.0022012730386519277,0.37708700560634645,0.6203884746989113,9.584943723200837e-05
0.999781341509947,0.00017778271576286825,3.325315188018265e-05,6.1461233178332095e-06,1.4764990921774175e-06
0.6334569815413243,0.3472067663337883,0.019176509880260855,0.00011539301200386394,4.4349232622543554e-05
0.9997374340614428,0.00024779026076229556,1.3118582135578632e-05,8.281948374989731e-07,8.28900822000136e-07
6.861335192486201e-06,3.038118699826258e-06,0.001301136550213111,0.007311917157422368,0.9913770468384722
0.00021960828153401357,0.008882445015967305,0.9846606062641838,0.006204314150186464,3.3026288128292884e-05
0.00011598555378270298,0.0002403835997747556,0.002847548036718853,0.995042312391438,0.0017537704182857053
0.932722131040474,0.06687756423368152,0.0002825576849095319,6.884615321292249e-05,4.890088772206494e-05
0.2458912510061011,0.7298302477026672,0.02400599736658975,0.00017253820161992816,9.996572302207691e-05
0.9995830340531564,0.00040385556764953263,1.0784373803030494e-05,1.7844353681168603e-06,5.415700228391745e-07
0.0009748019445697864,0.0068605620351142645,0.9397425628624247,0.05241147103285962,1.0602125031622152e-05
0.0015900540205957122,0.7692229891713585,0.18632622959717426,0.042804812936043116,5.59142748283443e-05
0.00023199743652636088,0.0019852188595987537,0.9671306823354808,0.030643115095702216,8.98627269164528e-06
0.2723649135154422,0.7159963648148264,0.011284002453864904,0.0003506353039783351,4.083911888256469e-06
0.999654171928493,0.00033826416378695336,5.067667940401169e-06,2.0682209775920893e-06,4.2801880194930284e-07
0.9679947879614633,0.031662679167431436,0.0003143603591137099,2.0419631644803745e-05,7.752880346806648e-06
0.00010752893359053922,0.0003165701842248693,0.047149398397448125,0.9503376176424475,0.0020888848422889817
0.7580783019592332,0.23723745619448258,0.004387842346978549,0.000277331614553376,1.9067884752116336e-05
0.9996286540642447,0.00035842252948117224,8.634390905073482e-06,2.7670821677666147e-06,1.5219332012757251e-06
2.5859437065504568e-05,6.879926034216715e-05,0.0025044419210511243,0.9936748153957577,0.003726083985783494
0.00012194111777694334,0.0005315369000832796,0.02543981994163837,0.9709277380297563,0.0029789640107451966
0.24357573393621423,0.7410501177677145,0.01516339287393912,0.0001565862885159642,5.4169133616198986e-05
0.03660716637076527,0.9576001091757593,0.00538630077847114,0.00024044579096629286,0.00016597788403785788
7.663820006614217e-05,0.028558532212893672,0.969026847979748,0.0023283005370777388,9.681070214354451e-06
0.00011147993753850345,0.000929657963598926,0.45058339686100346,0.5483607315756363,1.4733662222895058e-05
0.0012579209059468454,0.03660412203335996,0.8046022540178533,0.1565926540390712,0.0009430490037686479
0.9996274382425656,0.00034947634716390595,1.5743954115375365e-05,3.5853838333220793e-06,3.756072321866943e-06
6.315791625096633e-05,9.635905122595446e-05,0.0032743467414717386,0.9619452146877652,0.03462092160328608
0.0021963155016380778,0.588779977992891,0.39568068508875687,0.013325172581812886,1.784883490122373e-05
0.997339179996881,0.002549516560137767,0.00010175018020331334,7.898027993728102e-06,1.655234784200629e-06
8.705431054417719e-05,0.00017219756957663896,0.03869171025854031,0.9072616638658397,0.053787373995499106
0.5684154889908613,0.41904723615367967,0.01194388711624335,0.0005404079304128346,5.29798088027229e-05
8.128667598301974e-05,0.007351258551341823,0.9885030667605684,0.004055978837586443,8.409174520268525e-06
0.36099898831625105,0.6368334429909567,0.0021330006177625984,2.908496093831493e-05,5.483114091323298e-06
0.10034569818062944,0.8650385449170417,0.034011622821563295,0.0005804018126539129,2.373226811166702e-05
0.00018580459800250025,0.23694506645136792,0.7623631955439648,0.0004938259776612343,1.210742900341594e-05
1.4447101618189158e-05,2.3877552051882162e-05,0.009370023935390659,0.9905600306580686,3.162075287072302e-05
0.00022623835854744154,0.004168612922735913,0.5461895691619998,0.4493772672221557,3.831233456115198e-05
7.048681103852742e-05,0.00036329150872237376,0.15885592509083535,0.8398811996740024,0.0008290969154013057
0.0013217331464476392,0.0008678905716722352,0.5253845730759086,0.47225979788333,0.00016600532264149354
8.763427388381737e-05,0.00019325977841813655,0.17608008415869406,0.8235780292742241,6.099251477992253e-05
0.9978972776638105,0.002082904341501162,1.5900384007832087e-05,3.2283301105958566e-06,6.892805698519783e-07
4.571362283007939e-05,5.2638597050392375e-05,0.00045988823950272076,0.24470898769402907,0.7547327718465877
0.9993654405370489,0.0004921321630822177,3.878478962013215e-05,9.393123039976068e-05,9.711279848793321e-06
0.9993720549833489,0.00042650453856567797,0.00014269437973267324,5.259109377108003e-05,6.155004581571533e-06
0.9973438549905743,0.0022518777983244194,0.0003506478995483897,3.3954876650256606e-05,1.9664434902496323e-05
0.9998301501332135,0.00012806323870093706,3.81268409780673e-05,3.086411386978803e-06,5.733757203437387e-07
0.01621339127424042,0.25988664506085174,0.7227005892370736,0.0009326825528360422,0.00026669187499820345
0.7812595331325403,0.21701593077548265,0.0009578334219252419,0.0007237915622190034,4.2911107833048144e-05
0.00040834966671497404,0.398578480901184,0.6003061938099928,0.0006973034122458012,9.672209862496757e-06
2.1237753616919344e-05,4.602662265924411e-05,0.024925393843141307,0.9747941414529846,0.00021320032759779482
4.880719878544262e-05,0.20786581784992061,0.7918332882696337,0.0002496795645197748,2.407117140246452e-06
0.00017996053759887837,0.0002510492078908631,0.00244326829620442,0.9930457534590472,0.004079968499258674
0.00011874470817320552,0.0001061066310992174,0.00952416077330612,0.6075104574538823,0.3827405304335392
0.9996596856914685,0.0002969869118867191,3.3922353667845835e-05,8.58079095427119e-06,8.24252022546738e-07
0.9992256623212943,0.0007367987429809943,3.126529811339951e-05,5.661049925874726e-06,6.125876855277987e-07
0.037079782583417334,0.8439399972292155,0.11852571845100315,0.0003215189312876539,0.00013298280507638164
7.140327607648141e-05,0.0007811237614014825,0.25576151200505703,0.743368401305392,1.7559652073074114e-05
0.00010415450845802371,0.0001635490042448855,0.013451655806856486,0.9857887971242216,0.0004918435562189633
6.67790356502819e-05,0.0001368838983642314,0.9081394540962758,0.09161354977187539,4.333319783441276e-05
0.0029368753113434482,0.5831645570407933,0.3832755053870716,0.029589713151109046,0.0010333491096826066
0.18519001450593597,0.6997249661725735,0.11177625041307435,0.0032621705191573347,4.65983892589846e-05
7.389672669128913e-05,0.0003310788427419045,0.7651140689091984,0.23443146593607997,4.948958528844774e-05
0.9892821085700725,0.010584189713942057,0.00011379073694351732,1.1770027335598426e-05,8.140951706356162e-06
0.018885455052775873,0.9530573429807675,0.026107928020714523,0.0019411246506413722,8.149295100767913e-06
0.017475773485189708,0.9603504416334261,0.021713337453762156,0.00036902004145577036,9.142738616620019e-05
0.6519638363698287,0.3072375796908286,0.04042130750484843,0.000309914947731064,6.736148676334841e-05
0.12868708569724926,0.8486616712320587,0.022503444883400905,0.00013609553445829173,1.1702652832869272e-05
0.9998301714461116,0.00014730418834322018,1.93463569289262e-05,3.021225596466133e-06,1.5678301978452027e-07
2.8475444780620394e-07,5.395271702120998e-07,3.828300323640447e-06,0.00013018749659535002,0.999865159921463
2.777290278400172e-07,4.865718948789379e-07,1.9166499119250336e-06,8.109647340012047e-05,0.9999162225757653
0.00034094175783789225,0.03999335288050984,0.9218961538388653,0.03767789856912841,9.165295365846441e-05
5.808025026010358e-05,0.0012796208426477534,0.9832189526101215,0.015438061482944035,5.284814026561052e-06
0.001920034237561638,0.1390111403138636,0.7851025278488866,0.07203043063576403,0.0019358669639241626
0.9391086699814747,0.06015114764369072,0.0007289178742544313,8.37284821673974e-06,2.8916523633931375e-06
0.9991572871877423,0.0007619094943008995,7.020911995241193e-05,6.176126970550824e-06,4.418071033803444e-06
0.9995438241783179,0.0004223279627068726,2.5497678222019243e-05,4.130999576897252e-06,4.219181176415391e-06
0.20014835558015717,0.49117937646390997,0.30504054557369764,0.002786915911174192,0.0008448064710609447
0.0007894364339808998,0.7940861434636963,0.20486158394383008,0.0002567146069526845,6.121551539855686e-06
0.03106172297186434,0.9677747861709897,0.0005594224359512029,0.0005985411195813485,5.5273016134856855e-06
1.2124174687289164e-06,1.764656495051881e-06,1.57309590103216e-05,0.00030176743008231615,0.9996795245369436
0.9995066569014822,0.0004812324827239057,1.0812904355965349e-05,8.945859898711729e-07,4.0312544776764323e-07
0.00010169079744020318,0.0005190726391580513,0.1814737016000799,0.8177210918384882,0.0001844431248335883
0.0010881230729118886,0.8750506908245294,0.12254835340825324,0.0013081053079385897,4.727386366983792e-06
0.00017712302566058876,0.0018293286822058485,0.9683284863786696,0.0296331195414704,3.1942371993598373e-05
0.5971451578866084,0.39050499963309704,0.012181481980412499,0.0001630952455506035,5.265254331487788e-06
1.3669794492813965e-06,4.4732969374189903e-07,7.6107186093560265e-06,5.1600644654855275e-05,0.9999389743275928
0.0005778094721442643,0.8050483785878018,0.19228390610698815,0.002066519239106279,2.3386593959732085e-05
0.00014638682598751447,0.0008383315168753663,0.4257201844209605,0.5732123575521216,8.273968405495386e-05
0.9997664805803691,0.00021252662053867336,1.5425530276549273e-05,3.5147038280620184e-06,2.052564987804012e-06
0.9997771800381551,0.00020973823210953922,1.020725841414032e-05,2.2187753365652646e-06,6.556959847855426e-07
0.9833317064715694,0.016546110671541103,8.369804091975174e-05,3.480790373164269e-05,3.6769122380380576e-06
8.211171075081255e-05,0.0010064759119043551,0.9807499292463386,0.01815697928912782,4.50384187822811e-06
0.9990025638091647,0.0009203387511845897,7.060385008267071e-05,4.151770271791679e-06,2.341819296152553e-06
0.9985769417875856,0.001310156079394252,6.0981916744179034e-05,4.945536644396311e-05,2.4648498321132792e-06
0.9996255635213999,0.0003014019952385714,5.8971399223804915e-05,1.2586692165814945e-05,1.4763919717575257e-06
0.0001771458172089694,0.004601556199511128,0.9615129046945965,0.033701696228737685,6.697059945598182e-06
0.0016307173327913952,0.9961728197873998,0.002172594103077952,2.2507296720847094e-05,1.3614800098925887e-06
0.00016889382945238293,0.04386147663807954,0.5935676840922345,0.36225137286750353,0.00015057257273005554
1.0247336095374222e-06,1.293156798038231e-06,2.7590814944013966e-05,0.002019860006591805,0.9979502312880566
0.9752402361029503,0.024352937347841653,0.0003868639923505142,1.7757800852607855e-05,2.20475600475085e-06
0.00012124294890697864,0.0004337434108324194,0.6441448547899213,0.3551457841039822,0.00015437474635707132
0.00018570554575987125,0.0033620359312276204,0.9618626477403837,0.03458249611420758,7.114668421392721e-06
0.9996744572063089,0.00027099276399958583,4.850202550804904e-05,2.88113754847217e-06,3.1668666348251045e-06
0.9110240731695828,0.08779809720361083,0.0011268166714690111,2.139260053609548e-05,2.9620354801086586e-05
0.00014263929856252197,0.0006182452608705199,0.35699066644169875,0.6421352471513884,0.00011320184747978999
0.9993830547009493,0.0004442718711315059,0.00013816661943534794,3.309779017481875e-05,1.40901830904421e-06
0.9366958203564252,0.06253228526199199,0.0006695354098120601,6.575673634799996e-05,3.6602235422573423e-05
0.9996517509086645,0.00033784331721317,8.661133106791294e-06,1.1990728116153074e-06,5.455682038125487e-07
0.002853449863489013,0.9911362595832073,0.005773369696369187,0.00022238825135489457,1.4532605579708638e-05
0.09957867889776661,0.6496838308090838,0.24969997824110488,0.00022849207395205542,0.0008090199780926104
0.9998885883571376,0.00010298587212568598,5.175688060201397e-06,3.050650547393037e-06,1.9943212926747733e-07
0.993242702767721,0.006627463376149649,0.00010549941752317298,1.4616599167097903e-05,9.717839439088977e-06
0.09995493333407214,0.896802383318136,0.0031183808430754914,0.00010860013370715216,1.5702371009153863e-05
0.00012044522988637445,0.000681180200041049,0.9269804366835607,0.07220387071377511,1.4067172736780933e-05
5.592564204277682e-05,0.0002725065625517873,0.9850169955835146,0.014653696317294096,8.758945965516906e-07
0.011611024476484816,0.8968195285612337,0.09055349509923367,0.0006145186165986471,0.0004014332464492526
0.9987193130061454,0.001222455950396541,5.121411424799971e-05,5.4827305248398165e-06,1.534198685122615e-06
0.4362218787964051,0.553042433312907,0.010590786413521399,0.00014095441948359745,3.947057682952494e-06
0.996543025036868,0.0034024672063327445,4.7228368219391314e-05,6.2859678585319195e-06,9.934207214222993e-07
0.055454767518007986,0.8602960451959341,0.08357449166168458,0.0006414283524898052,3.326727188362488e-05
0.042244786147560186,0.8930212986517795,0.06395280592554901,0.000604794930113232,0.00017631434499814882
0.999821433636817,0.00016789862772173756,8.750911385871937e-06,1.418045915052502e-06,4.987781602835198e-07
0.03417887178853012,0.8905057923329552,0.07511774777225419,0.0001228630811446233,7.472502511589588e-05
0.9896845932271058,0.01018269236049292,9.924473915739901e-05,1.4791140414967239e-05,1.867853282912291e-05
0.9997944955063911,0.0001705522789378912,3.0587573176461186e-05,2.924392604100219e-06,1.440248890337405e-06
8.041227634313275e-05,0.01144909141057681,0.9773338064556825,0.011128240483771699,8.44937362606751e-06
0.011813866788625534,0.6441018670987916,0.3437192784042486,0.00035914314972961063,5.84455860451155e-06
5.591537179536901e-07,7.34266656232211e-07,5.762765744875545e-06,0.000568415294255178,0.9994245285196257
0.9998972265229258,8.287709530551446e-05,1.8370285180373967e-05,1.1739212569919674e-06,3.521753313520718e-07
0.8914382865831882,0.10694114338216029,0.001588000355651696,2.9227699649426346e-05,3.3419793502271236e-06
0.26943297476293804,0.7147963268364317,0.014820192235244488,0.0006667317459758959,0.0002837744194100384
0.31504020543993794,0.6729029557247649,0.011210861669638259,0.0007888416367200484,5.7135528938818595e-05
7.97399360235819e-05,0.0011308484218398526,0.2043197243689827,0.7944068363106093,6.28509625445008e-05
0.9658002132587679,0.03416419786952024,3.4317364136618214e-05,1.13039413233218e-06,1.41113442746721e-07
0.9556621969135034,0.04364347483205592,0.0006752628777023106,1.6610347709277432e-05,2.4550290290561663e-06
0.9995405447105735,0.00024334297365988806,0.00021353079605404635,2.2516108338158418e-06,3.2990887868121595e-07
0.9997306343233296,0.00024746931605819925,2.0807055040226756e-05,5.418867122499292e-07,5.474188596895346e-07
0.014637825728082896,0.9312622113942182,0.05349266777678728,0.0005973300262406615,9.96507467121842e-06
0.00030326852270967284,0.07442518542778005,0.45206439194115305,0.4731062586042037,0.00010089550415349574
0.9939666807179108,0.005933118517032399,8.461187642663365e-05,1.1048263306692015e-05,4.540625323357439e-06
0.004522742297954737,0.9782250851821636,0.01695693751683755,0.00028863121399456753,6.603789049704689e-06
0.8527630491688891,0.14662266971624033,0.00048750359301861384,7.120305522774423e-05,5.557446662419757e-05
7.36734552088945e-05,0.0001591830306978864,0.11505558026708554,0.8843968167143748,0.0003147465326327948
0.9990625077217882,0.0007103457673605168,0.000216601525486262,6.017350205733536e-06,4.527635159351029e-06
0.7970502359798292,0.1996672750783489,0.0031557896818540697,9.298780821776421e-05,3.371145175001618e-05
0.11892492143873822,0.8267739663125364,0.053491261958333564,0.0007714890803695861,3.836121002221699e-05
0.31170526872660637,0.6623446331093946,0.02402273466928434,0.0018198630952086378,0.0001075003995060019
0.5316559282296446,0.45894896539878977,0.008863520855869028,0.00040444379949443603,0.00012714171620222485
6.223271481354799e-05,0.00017677939173871334,0.003954523785052169,0.9228386950385737,0.07296776906982178
0.0032416224192549714,0.5573666445732298,0.43827990829478203,0.001082551055203747,2.9273657529420122e-05
0.0002470665998366174,0.08687855570088437,0.9123704027462745,0.0004969282787354629,7.046674269091896e-06
0.09639104802669159,0.8936831446122806,0.00983398996901961,8.813266165716946e-05,3.684730351133247e-06
2.7386769848402127e-06,2.174218883439488e-06,2.761387881296538e-05,0.00042778212678722767,0.9995396910985316
0.0003504237530625814,0.004365358758082928,0.8739864531454014,0.12127714868036456,2.0615663088564903e-05
0.9995887366031397,0.00039928465912827016,8.170548057148477e-06,2.7943130565291987e-06,1.0138766181147353e-06
0.5314904304423129,0.4680019876845438,0.00044660163511119755,5.4154665727586695e-05,6.825572304295602e-06
0.006194118687680107,0.9139943957287316,0.0790149119105812,0.000793570905292154,3.0027677149285203e-06
0.9996420375611469,0.00032978013858808817,2.0488227774780927e-05,3.977701703002568e-06,3.71637078723387e-06
0.9999261766851637,5.302962651043101e-05,1.5414943614541673e-05,4.562530373849454e-06,8.162143376616674e-07
0.4934762117254619,0.4984325238439803,0.007818397563537418,0.0002003088923144432,7.255797470580999e-05
0.77518400913526,0.2243068421090366,0.0004197173103330609,7.027824242493704e-05,1.9153202945297802e-05
0.00016161084861040446,0.0011060342774594804,0.9530743026014649,0.04564503195131869,1.3020321146409442e-05
5.079657850960927e-05,0.00015337092886518006,0.00281976057996687,0.2575739729793585,0.7394020989332999
0.0012418218209283589,0.975705286916269,0.02281038001430251,0.00024044538296616105,2.065865534050456e-06
0.9990611029836787,0.0008794579265209474,4.19198996121901e-05,9.832563544066748e-06,7.68662664402032e-06
0.0001893934387018402,0.004473507752776941,0.993641333567006,0.0016892056048542169,6.559636661058989e-06
0.009561309044114953,0.9563108217888546,0.03408334328594918,3.965419705104422e-05,4.8716840301754664e-06
0.0005161704300899818,0.007103850621164537,0.9421558997243676,0.05016061390922055,6.346531515724265e-05
0.5948770275669675,0.39928249969664786,0.005254396366247163,0.0004987563390530618,8.732003108433728e-05
0.00043706662489396904,0.002385147630042837,0.22213436858473504,0.7749723764815472,7.104067878096724e-05
1.7974966507899775e-06,5.6601342944761286e-06,7.942298970434037e-05,0.0037168704646751574,0.9961962489146752
0.9579964462248496,0.04186040446498309,8.044753494668005e-05,4.4649397347028746e-05,1.8052377873646523e-05
6.49344078366452e-05,0.009753204060067343,0.9892424746398509,0.0009374653707336107,1.9215215116491753e-06
0.02479347304941108,0.31483407689722,0.6589594278510551,0.0003381198153582271,0.0010749023869556045
0.00014115233815754588,0.36129840699354254,0.6363147162734798,0.0022361341949102198,9.590199909903796e-06
2.454552536214541e-06,1.6751069341803981e-06,2.0652193761849384e-05,0.0004953086287793282,0.9994799095179885
0.02464188646705826,0.1705312600034843,0.8011004645716966,0.0031374107650125453,0.0005889781927483215
0.9974531205569478,0.0024325885057922434,6.835517443907814e-05,3.919522287409302e-05,6.740539947099868e-06
4.21300443970067e-05,8.248036347956906e-05,0.8454474576431947,0.15440826675662742,1.96651923010187e-05
0.0001402115869798624,0.0007476430345352371,0.09601593798498735,0.9030474697255878,4.873766790983431e-05
3.65751867016379e-05,8.62475638547913e-05,0.017355989955785602,0.9822265367654496,0.0002946505282082142
0.00066756107955724,0.4310911346428272,0.5668825928464108,0.0013469092413196623,1.1802189885004659e-05
0.8685583474762684,0.12941036051139865,0.0017342425281864846,0.00026644365018668644,3.0605833959771496e-05
0.8875987808768074,0.1070487277910765,0.0052873215845170045,5.842075887079763e-05,6.74898872842034e-06
0.45532489636520795,0.49977436372154177,0.04438537433300892,0.000364620705197836,0.00015074487504343622
0.043443561250690925,0.5545269942608311,0.4006215496261706,0.0013171213607377516,9.077350156972962e-05
0.6914795637947835,0.30696223652939963,0.0013531663769215303,0.00018060147236040848,2.443182653491445e-05
0.0003628384527584312,0.0005522067527298851,0.25055002273691396,0.7444551924118744,0.004079739645723299
0.9996706767309639,0.0003054707337312057,2.2245709748733714e-05,1.2524206514557462e-06,3.5440490492726274e-07
2.9511476670260327e-07,1.907429765162742e-07,4.37866324658355e-06,5.2215955616017796e-05,0.9999429195233941
8.691755511000935e-05,0.00023574831286575577,0.017255381003071484,0.8882407184944556,0.09418123463449722
0.13465102698382309,0.750764785431672,0.11324388886546723,0.00129855953725744,4.173918178033365e-05
0.9863185345441402,0.01358008474469436,9.641019312310341e-05,4.330761790736356e-06,6.397562515976965e-07
3.280770939742382e-05,8.5020571001958e-05,0.008150710331294294,0.22311620018737696,0.7686152612009295
0.45170803159817424,0.5444469212058115,0.0037430143094094015,8.567306074700064e-05,1.635982585783156e-05
0.9152836294836029,0.08177324520505987,0.0028523676534222384,5.76384472856285e-05,3.3119210629372104e-05
6.701741244938168e-05,0.00012246628370481106,0.015582618680690424,0.4997364099162473,0.48449148770690814
0.2108011885740439,0.7166740863615306,0.07096820743786941,0.0015468343495745542,9.683276981680336e-06
0.0026989061058531427,0.7369620737193097,0.252879600828615,0.00716474724991876,0.00029467209630354327
3.312308936291701e-07,7.209591539010875e-07,9.255279548767871e-06,0.00024224278680616386,0.9997474497435976
4.076564260684349e-05,0.00011371981257706419,0.02782743724082168,0.9720030154311716,1.5061872822812607e-05
0.00012223875547497803,0.0008739477535760735,0.822519229567901,0.1764660956221511,1.8488300896852536e-05
0.0006416809531891511,0.22455229551213937,0.7738096153984724,0.0009738630955287603,2.254504067018659e-05
0.00044348757848030983,0.6448195965211811,0.3473510874626621,0.007371801939613088,1.402649806341242e-05
3.0574770671089537e-06,2.691132975184412e-06,1.140192373677061e-05,0.0011375785268968373,0.9988452709393241
0.0014832916307028975,0.6363857553757698,0.35834519459738684,0.0036272613535819104,0.0001584970425586782
0.0005021850046477577,0.005961089862349219,0.6854099448282738,0.30789170743135647,0.00023507287337270845
0.9996864133273164,0.00028717275147630353,2.1505654470229467e-05,2.83207349306219e-06,2.0761932438576893e-06
0.9696396831039183,0.029773286138915337,0.0004970030134177331,7.924607267843282e-05,1.078167107023234e-05
7.469536097803889e-05,0.002242635153127295,0.9484960616591878,0.04917099311904028,1.5614707666571203e-05
0.8927579512037803,0.10534292887574297,0.0015590391985566016,0.0003008745877314676,3.920613418867239e-05
0.9992443407543028,0.000720094569650499,3.134974116365423e-05,2.6469026414116044e-06,1.5680322418717161e-06
0.9997542733172382,0.00024006010610896323,3.5585096733068836e-06,1.9119136001230854e-06,1.961533794441706e-07
5.914269615039387e-05,0.00014382447266782678,0.0024544527124093123,0.9972094980998556,0.0001330820189168297
9.276777092328556e-05,0.00011701510722957105,0.0036194213693079764,0.9897391887060182,0.006431607046521217
0.6363036322079406,0.3588943346161022,0.004168407900004113,0.0006084821907365909,2.514308521652946e-05
0.021665677198990516,0.9190320949785914,0.0588152831215959,0.0004551502349346675,3.1794465887614566e-05
0.00011232595217110653,0.016234057160427303,0.9835185703275103,0.00013348229158597694,1.5642683050747298e-06
0.00012966123290906662,0.02138402365302581,0.9702547510225515,0.008224328494559585,7.235596953854047e-06
0.00875203571326219,0.3940065543367694,0.5670225122228201,0.02992783258282818,0.00029106514432014087
3.59422818690908e-05,7.640333576376446e-05,0.0012655365206760642,0.47593785760420304,0.5226842602574879
0.999420676380215,0.0005276891294320806,4.3882679316580965e-05,5.656898786061084e-06,2.094912250133238e-06
0.9998922766766313,0.00010333760398238562,3.56782341463984e-06,6.141285034435824e-07,2.0376746829192803e-07
0.0001551980782728871,0.008399377201516385,0.9772471068857906,0.01419419229580801,4.125538612122293e-06
8.430778037772248e-05,0.00043472834059779216,0.0068146895149570905,0.992643350072995,2.2924291072287806e-05
0.9997869234159467,0.0001848833870663823,2.5729904599161156e-05,1.5598411277646745e-06,9.034512599959624e-07
0.9870623513351979,0.012904522448442052,2.7396828747698095e-05,5.535244680687941e-06,1.9414293147770504e-07
0.00013974004733303619,0.027200550062671507,0.9714286084294312,0.0012278030031941238,3.298457370042208e-06
2.3811093390004747e-05,0.0030820150364797715,0.9965635001586288,0.00032953734882903513,1.136362672520571e-06
5.705340619484711e-05,7.938356966589557e-05,0.07418809156503241,0.9255917751146251,8.369634448181023e-05
0.0005272507092913584,0.00043305986115014513,0.45402256341714775,0.5433037350795829,0.0017133909328278978
0.0003741377358513979,0.06085283402575588,0.9376333294649443,0.0011297769389743933,9.921834474283326e-06
0.00022825599672150358,0.0009179203887330899,0.8562392445408071,0.1426013444944325,1.323457930572096e-05
6.018707187635298e-05,0.00025152586493536514,0.05481324530443094,0.9448697329134947,5.308845262616985e-06
0.01444872893248968,0.9199015080277093,0.0648332709316108,0.0008099811123348697,6.510995855239437e-06
0.011001994514663181,0.9296448123800348,0.05856657623614688,0.0007610181757671231,2.559869338798628e-05
0.9995032470640017,0.00033843564520340643,0.00014359832480049034,1.1935067740246821e-05,2.7838982541974704e-06
2.1281720227912264e-05,8.227082337838886e-05,0.0006854886019193598,0.9984534234657146,0.0007575353887599295
3.555199571884664e-05,9.18286389239287e-05,0.02218858848678412,0.9775132011468599,0.00017082973171308007
0.9996826700420575,0.0002837025152958604,3.0493438054709e-05,2.921222667933849e-06,2.1278192416189494e-07
0.9997481776410061,0.00023845999251835114,7.619441989020895e-06,5.210693915738762e-06,5.32230570531189e-07
0.9706203519614309,0.029259913825683995,8.322497818226907e-05,2.47124704274112e-05,1.1796764275304651e-05
0.00010366591136723235,0.005498109410894204,0.9841671659701461,0.010224163155540445,6.895552052129974e-06
0.7473779738587625,0.2513021529300925,0.0011044701655651289,0.00017868668054392214,3.671636503600364e-05
0.00014314951228416856,0.0003260614913627206,0.39096148347515425,0.6085573524446326,1.1953076566252921e-05
0.02071884213908464,0.9379317696325409,0.0398684230676923,0.0014520029554839346,2.896220519806811e-05
0.04923720748561029,0.9209940906091174,0.02857891389646594,0.0011245070717001747,6.52809371061686e-05
0.0010266996309101684,0.545284662545779,0.39045608328266745,0.06310689750032525,0.00012565704031823233
0.40880264017351386,0.577323213127565,0.013669194118364729,0.00017523335715430167,2.9719223402105982e-05
9.51866634199798e-05,0.0004054162493057392,0.021064028900906917,0.8869076664203226,0.09152770176604469
8.355104727705917e-05,0.00021878528219347994,0.04479523437976648,0.954802948743985,9.948054677808161e-05
0.8503533406320409,0.14725838621726667,0.0022558582165700396,0.00011911246990162825,1.3302464220823556e-05
9.999489755221187e-05,0.00017022551333081506,0.007719774810745744,0.7177729983645079,0.2742370064138633
0.00022965226313532725,0.2637408561783234,0.730322605114095,0.005690100138112614,1.6786306333730983e-05
0.052501950558965525,0.4846321529801755,0.4622216279396869,0.0003348130418185319,0.00030945547935369057
8.245900358091386e-05,0.00042801147105148114,0.13608324243001155,0.8633944157093025,1.1871386053486285e-05
0.00017387709650188083,0.08027189624050743,0.9164125959779357,0.0031361716011271005,5.4590839277747105e-06
0.9998289691786124,0.0001537918983914404,1.3735810746127043e-05,2.1257897942480164e-06,1.377322455635135e-06
0.6758429522669102,0.3229605292458651,0.0011482861102945997,4.3618855813390615e-05,4.613521116950452e-06
9.846383050646383e-05,0.004976883782495581,0.9930944528939293,0.0018264151541026435,3.7843389662123355e-06
0.00047179172694269885,0.7054105638197208,0.19058319242314,0.10342723850292061,0.00010721352727578384
9.319908920787972e-05,0.00015105251736954932,0.0016464788387263996,0.8772588267619748,0.12085044279272128
2.0359890051723376e-05,0.0007302868936254711,0.9915996056101419,0.0076475301004754635,2.2175057054225278e-06
0.15820931026549237,0.7968688144217257,0.041135668000200014,0.0033349826221459175,0.0004512246904359676
0.9997844923345747,0.00020773016263558625,3.1355674775388935e-06,4.4532915292150094e-06,1.886437830008208e-07
0.507632681378486,0.4887268534384628,0.003544476961615503,9.306060026112369e-05,2.927621174681455e-06
0.9985912966543953,0.0013691033217293688,2.980046184803317e-05,6.705738548509162e-06,3.093823478719476e-06
0.0003020014446630941,0.03682003390597154,0.9598928725476705,0.002981142411217768,3.94969047718915e-06
0.00014394412442929712,0.000627451123639303,0.7247964588844057,0.2744032274031043,2.891846442146179e-05
0.00029261157421997834,0.3378492128450836,0.6611294100499209,0.0007207652981228277,8.000232652698692e-06
0.00012544592238660488,0.00010917124480560111,0.0012314774927668505,0.053897066022363466,0.9446368393176775
0.0010947295260300101,0.15965203713554404,0.7878125971304039,0.05128486960060976,0.00015576660741232348
8.277120672817341e-07,1.2854728704067087e-06,4.722692513347142e-05,0.001032584428837244,0.9989180754610916
0.9542113931812705,0.04524179915279281,0.0005094631667914958,3.082764126156671e-05,6.51685788370394e-06
3.948593780756182e-05,2.931877471758223e-05,0.08250149703021038,0.9168979293335704,0.0005317689236940948
0.9960684484712288,0.0024036867759757575,0.0014144022840478377,8.32622209753887e-05,3.0200247772302017e-05
0.6739271827689719,0.3185793861911376,0.00726903307868576,0.00014681698087328586,7.75809803315809e-05
0.9994876987738476,0.0004919171782490024,1.4567430823609245e-05,5.008513483738214e-06,8.081035960489969e-07
0.10079756142216066,0.6505237284841286,0.24830226393431248,0.00032195946379109117,5.4486695607137646e-05
0.0009514022605864335,0.9166557302063082,0.08199042659237091,0.0003936800757458541,8.760864988597324e-06
0.9067850133718734,0.09278538200131856,0.00030673142249628137,5.242122881866862e-05,7.045197549298032e-05
0.0002464823494777153,0.0018844840930715286,0.7967655545307493,0.20109387695546085,9.602071240653676e-06
0.9997409279235471,0.000249182178950852,8.16176532528364e-06,1.4617245246830213e-06,2.6640765209966086e-07
0.00018719325370188353,0.09452383994467801,0.9041438756361316,0.0011326432838899435,1.2447881598475204e-05
0.12842431218402664,0.8532631177165261,0.01790672196649629,0.00026552827968661004,0.0001403198532642506
0.9988678219077479,0.0010850907590161498,2.2901366755748597e-05,2.3700619687481298e-05,4.8534679254653e-07
0.00028158016269522147,0.00017742859589939267,0.015015794742816835,0.9278884904213728,0.05663670607721569
1.8595472425942902e-06,1.6959395209701021e-06,2.5159834954429538e-05,0.0013353568639722768,0.9986359278143097
0.8736795614504619,0.1252389685280815,0.0009899544087254124,5.4059600746687956e-05,3.7456011984713245e-05
0.8668079586095765,0.13252286074330208,0.000655287963221232,1.0533860815077877e-05,3.3588230851881825e-06
0.004000428371681407,0.19957920908289017,0.7962120602140027,0.0001715759529579036,3.6726378467766174e-05
0.00023764142156289768,0.00011358371825693006,0.0023731923182902085,0.46077637177004244,0.5364992107718475
0.05458482421049184,0.9442063515012583,0.0009740776809247866,0.0001335144232231735,0.0001012321841018112
0.9346434448796396,0.06430725418273847,0.000776032669510791,0.00014503111327400487,0.00012823715483716142
0.9978444913319464,0.0021075766775371014,4.481510431769628e-05,2.9340252075774976e-06,1.8286099129573243e-07
0.1147701867708851,0.8794513679839736,0.005734821407811066,2.4244352437220813e-05,1.937948489303151e-05
0.1998610159031802,0.7890447197052007,0.010910753422861333,0.000179487489548002,4.023479209652733e-06
0.07182495822354629,0.8982516353323904,0.02926666846384703,0.0005264775323630857,0.00013026044785322184
5.355344202261848e-06,3.0768223268031865e-06,0.00036335493258597863,0.010325778605190525,0.9893024342956944
5.765112054354746e-05,0.0003981994855323628,0.8746312042472171,0.12491018094127004,2.7642054367744413e-06
2.0404974255780563e-05,7.452576753636097e-05,0.0030447673694223316,0.9282467308178581,0.06861357107092746
3.827762274428095e-05,0.09540175370361034,0.9038079094325853,0.0007504484235235153,1.610817536598222e-06
5.693137232089123e-06,3.2512485806503013e-05,0.0049305701399401216,0.9937897302718247,0.0012414939651966465
0.9967827218661143,0.002024847881094734,0.0011153255283644266,6.809767382142809e-05,9.00705060518015e-06
0.9998729239830095,0.00011950364745542217,5.671655722578861e-06,1.4987405560834623e-06,4.0197325630497596e-07
0.015411863936825924,0.5561829534368816,0.41942649060475445,0.008936682579907736,4.200944163026045e-05
0.9994817103783193,0.0005107407230894447,6.127652836085984e-06,1.1646426210559175e-06,2.5660313406453056e-07
0.9997553885578894,0.00021756948450607364,1.772606408024374e-05,9.016016611893028e-06,2.9987691238229697e-07
6.85390427606249e-05,0.00010175891647198707,0.004210333301682938,0.33504548582713994,0.6605738829119446
0.00010258811131085891,0.0003813161955740676,0.23437717099676517,0.764578059268644,0.0005608654277059479
0.601901389165849,0.3954994408264418,0.002485890904365501,9.987504943007916e-05,1.340405391359767e-05
0.9997483370088215,0.00024871682049946965,2.569921388462642e-06,2.7971222270023655e-07,9.653706806540716e-08
0.0007448648712032633,0.0006698607096861191,0.07792534702891532,0.916804838159814,0.0038550892303813155
0.9996185493450109,0.0003419149361007766,2.4350872729694714e-05,1.4637229702376613e-05,5.476164561404152e-07
0.002672296835413421,0.6618192101778715,0.33119255387066054,0.00421963501091699,9.630410513745094e-05
0.00011991694848598331,0.00022000206637377818,0.05933652972396413,0.9394212348924843,0.000902316368691828
0.999922599962174,6.730529081388343e-05,7.534788329248961e-06,1.711719628163151e-06,8.48239054645541e-07
0.37982566564453574,0.6108125741390682,0.009217353399808208,0.0001225863936826912,2.1820422905032324e-05
0.0004753298375704999,0.0012294859152361258,0.585522086093541,0.4125927637329935,0.0001803344206590297
0.00021976707941925047,0.003996052746200644,0.9898828501225742,0.005890683422074254,1.0646629731623502e-05
0.9942384715341261,0.005691402582897402,6.510370356324865e-05,3.347969515715352e-06,1.67420989763402e-06
2.1542885977098453e-05,7.46221022581443e-06,0.002317613846134314,0.006613382528722335,0.9910399985289404
0.002114371139109376,0.4156290971270923,0.580693168886166,0.00154951657675874,1.3846270873592485e-05
0.9994400066852483,0.00045158835471192433,0.00010018285152976193,5.799475567125966e-06,2.422632942765505e-06
0.9569138462124804,0.042092548359308105,0.0009026142218115509,8.40842979919108e-05,6.906908408012428e-06
9.665832267542355e-05,0.07752426245788907,0.9105590295456859,0.011773454625064919,4.659504868463819e-05
0.009989370535066187,0.6008061546491911,0.385940041380158,0.0032146412259046364,4.9792209680140825e-05
6.915040627864935e-05,0.0007121271335471252,0.968909417105204,0.030300263884222727,9.041470747515769e-06
0.000568712782805391,0.4474494600331594,0.48374084044522175,0.06712040495160701,0.001120581787206379
0.0003654435298012983,0.04765127735855486,0.9495770148751986,0.002400996823679831,5.267412765489217e-06
0.9876005830850526,0.012373465361560794,1.720956923544506e-05,7.133157255581753e-06,1.6088268952316716e-06
0.4777649642897616,0.48363774686323163,0.03365926144254856,0.004563039727879237,0.00037498767657905794
1.843605193491621e-06,3.208005352405428e-06,0.00013202690610116593,0.011872683158533025,0.9879902383248199
0.9971993742115407,0.0025903206103389223,0.00018639826511868414,1.6527200156688132e-05,7.3797128451216565e-06
0.9995395504320919,0.00044215755414988623,1.4229788049967749e-05,3.4868780234916383e-06,5.753476847473287e-07
0.08247944446176118,0.9061990870327117,0.011249330766002572,6.806076955811828e-05,4.076969966682182e-06
0.0005443279242494481,0.42072607297387954,0.5780335900479266,0.0006795738762968255,1.643517764761993e-05
0.9892976780961342,0.010437464033754576,0.0002543190786471973,8.889983936460212e-06,1.648807527459776e-06
5.042074074141689e-06,7.464623228624981e-06,9.519927083412164e-05,0.010837074253819393,0.9890552197780437
0.00013582563544844076,0.00030696737084185365,0.28808802410036594,0.7111428397203134,0.0003263431730304217
1.6686525384158395e-05,3.423176282089945e-05,0.001208981111999765,0.12743229424121877,0.8713078063585764
4.637508966247102e-05,0.00044900090810098614,0.716666704765915,0.28282087467838446,1.7044557937192383e-05
2.4345396202060904e-05,9.356335320125531e-06,5.1076481860696604e-05,0.010442195631883292,0.9894730261547339
4.187037666044452e-05,5.1775101143224436e-05,0.009474866065993359,0.06026879018899808,0.930162698267205
0.2550683282262247,0.710989999133557,0.03347903818036375,0.000420840527074389,4.179393278017432e-05
3.436977035036561e-05,0.0012050312566139034,0.9945762414359545,0.004182934790118267,1.4227469629294406e-06
0.0035305456262309984,0.4904550099691592,0.5054707731905271,0.0005413649725286062,2.306241554124124e-06
0.9995228508023529,0.0004479687526655066,2.199550258374039e-05,5.238625269030637e-06,1.9463171288585392e-06
0.00010386536345724581,0.005875123559346786,0.9897873953416865,0.00422170071519613,1.1915020313420281e-05
0.2747353638635579,0.7090768405732647,0.015893459773849317,0.00020858186486832634,8.575392445974331e-05
0.6584025367349206,0.33823706007950877,0.003151814094489377,0.00017641154876578072,3.217754231546224e-05
3.399619722482277e-07,4.4355082815061983e-07,3.020799482489182e-05,0.0002638617349599368,0.9997051467574148
0.00034692270185939466,0.19839988116029825,0.7966218840123891,0.004623767896472463,7.544228980727303e-06
0.00013573723993842184,0.00015350371062182415,0.4597010715290688,0.5399822170089681,2.747051140286457e-05
0.9994662153051869,0.000514005092521518,1.4389176184571251e-05,4.03896585554383e-06,1.35146025146754e-06
8.967645994157589e-05,0.03060195399752901,0.9689469229873897,0.00036017612171278045,1.2704334267633737e-06
8.693246001411834e-05,0.0001566750790291462,0.4306495498750161,0.5690855915532909,2.1251032649855025e-05
0.28932698442966004,0.6300126400315079,0.08014669826095458,0.0003659951946493773,0.00014768208322793358
7.34906881582449e-05,0.008110957361741798,0.9481291114767532,0.04359066674479616,9.577372855063701e-05
3.4294422137474174e-05,4.040724758606399e-05,0.00042870664160188127,0.08049097226071494,0.9190056194279597
2.6239164485648244e-06,2.2597012048826984e-06,0.0001306631981430195,0.023222862548359906,0.9766415906358435
0.9975516971918741,0.002391479553322141,3.315890094417227e-05,1.9466867739803345e-05,4.197486119990651e-06
8.28106661871072e-05,0.014560514472472266,0.9742917341549169,0.011055101913386241,9.838793037415611e-06
0.00021710408488525667,0.033424532066332203,0.9524082466735261,0.013943178464197464,6.938711059128489e-06
0.7199251432034997,0.27379274840646706,0.0059149994358575035,0.0003526375834286397,1.4471370747210541e-05
0.9996547803644168,0.0002947774259561947,3.3809474010757594e-05,1.2096800069207985e-05,4.535935547144647e-06
0.022193172264258994,0.6103167642246589,0.36665851218962464,0.00071712214746936,0.00011442917398815426
0.00018809401599123197,0.15754039118129293,0.8379248295959302,0.004334166561379926,1.2518645405546247e-05
0.006428442662919254,0.9510843008262447,0.042210509139064885,0.0002443926518133063,3.235471995763051e-05
7.651185444844475e-05,0.0014149044298681543,0.11632612610741995,0.8810950898920846,0.0010873677161789114
0.0009249275354915774,0.16522363231995313,0.8325511452575777,0.001296821400556538,3.4734864211720168e-06
0.11507872558497304,0.8606306986234075,0.021338263586485835,0.0029002707094031824,5.2041495730419434e-05
0.9996248433589952,0.00035877795579548,1.4630144457512984e-05,1.5863727960483198e-06,1.621679557745454e-07
0.00010317707045451456,0.00037871805003874507,0.010639070650634502,0.9531637240321961,0.03571531019667638
0.1304925002653609,0.4312487748963733,0.43762657793869547,0.000486946558740301,0.00014520034082995487
2.290366992788925e-05,5.4507503405191323e-05,0.008003779242216668,0.7307152734034721,0.2612035361809782
0.9187481095830597,0.0778230100065771,0.003296676008413804,3.847139104035122e-05,9.373301090927063e-05
0.37552962942951085,0.6209370992747325,0.0033804108879221194,0.00014827053105981376,4.589876774592321e-06
0.9999376427777045,5.475335502305996e-05,6.161105986110481e-06,1.297009366188527e-06,1.4575192011954573e-07
0.9994618376628781,0.0004842585499267526,5.193162201296793e-05,1.1975274742899287e-06,7.746377078040496e-07
0.15830877456169976,0.818797853731983,0.02265658657947659,0.00022113287495271688,1.565225188803648e-05
0.31889207846949924,0.6337780134292343,0.047209092311293416,0.00011762940278614578,3.1863871869402947e-06
0.9999443211303027,5.023303858604149e-05,2.79681132542134e-06,1.891058120960427e-06,7.579616647624847e-07
0.7497442253516317,0.2478976329895378,0.001958377183947283,0.0003384338422927633,6.133063259034267e-05
0.9996536511682937,0.00026978117617885446,7.18574662415146e-05,4.080701794812864e-06,6.294874909042181e-07
1.8533264946100683e-05,6.960500747209961e-05,0.0027999903308367916,0.9964056099021246,0.0007062614946204318
0.999790569127198,0.0001920623906606141,1.392786755792356e-05,2.984742737025274e-06,4.5587184648884023e-07
5.8924376532639365e-05,0.00012033253371372602,0.0009719582327722204,0.9984266614954785,0.0004221233615029674
1.63248424203716e-06,2.0300836641165237e-06,9.381944487997136e-06,0.0009773767330439832,0.9990095787545618
0.00011815820006833586,0.0002636962900669898,0.21989715490995287,0.7796950817886024,2.590881130956226e-05
5.50399819111545e-05,0.000734811067573034,0.759389587125676,0.2397760849751275,4.447684971221654e-05
0.999888902826229,8.841217869182205e-05,1.7301041232311056e-05,3.845612411086917e-06,1.5383414356991734e-06
0.9997849098675392,0.00019693758995475817,1.3922524308819058e-05,3.771597792164689e-06,4.58420405230086e-07
0.00012607666624066458,0.006780006460036527,0.9875949369859893,0.005496010926973497,2.968960759916553e-06
0.00020413978490970238,0.00026343823072926545,0.04615056663986357,0.8273204401162004,0.12606141522829714
0.00013097215358198391,0.00027362010150538816,0.15005545960762914,0.8494090548142966,0.00013089332298674882
5.5076548526668105e-08,2.4667601224433515e-07,2.2755337357693212e-06,5.3941823547620294e-05,0.999943480890156
0.004139549973348681,0.8154130770623145,0.17992393358875816,0.0005127182256712736,1.0721149907417747e-05
0.00022134095529009482,0.0009257064196134536,0.9363425399782606,0.06250661866490205,3.7939819338023287e-06
0.9745227729499498,0.025190609586684978,0.00019676005147738017,8.543230780010033e-05,4.425104087757018e-06
0.5588162449208093,0.43893737859252946,0.0022184194920321747,2.2906232225627746e-05,5.050762403436694e-06
0.00033839290818001055,0.0005538108946823619,0.014419625513064999,0.2695800202914725,0.7151081503926002
0.00015570303129853075,0.03388639974503677,0.9581440329642945,0.007777423536575529,3.644072279450582e-05
0.00021767062013902904,0.002685864956246377,0.9949020553706739,0.002190622010705811,3.787042234911906e-06
7.48468498467357e-05,0.0001606942337093172,0.01728460966082295,0.981987206815032,0.0004926424405890463
0.9998887232774034,0.00010254579110154621,8.142871641665747e-06,4.24979575820385e-07,1.6308027750699043e-07
0.02691634918358629,0.9512328372605028,0.02159909231565664,0.00023527544577158996,1.644579448283661e-05
0.0004155046944281945,0.1879110124180497,0.8074757100192197,0.004189892319203429,7.88054909895102e-06
0.06853424131419014,0.9264638905512308,0.004958384883041817,3.427110188756001e-05,9.212149649731683e-06
0.9996692747536324,0.000320018270471701,7.397137362172139e-06,2.4872820349246793e-06,8.225564988253228e-07
0.0636047565720221,0.09103456962446568,0.8083197216536447,0.03672278135715241,0.0003181707927149496
6.432157105204552e-05,0.00019023980018491063,0.7311573722237243,0.26856857171141685,1.9494693622025945e-05
3.0225995397278474e-05,0.0004334143810693528,0.018466510019141732,0.9810154419670771,5.440763731457844e-05
0.7005007134893568,0.2953907632179367,0.004003246267917833,9.651927665979683e-05,8.757748128885611e-06
0.00020225623344563004,0.21987136416921052,0.778609751947025,0.0013089864546518934,7.641195666912494e-06
0.35104759164235005,0.6414896804620331,0.007204025558750874,0.00023352800548028988,2.517433138564963e-05
0.9911872918155358,0.00864580552876843,0.00013287796247248067,2.7694207092122814e-05,6.330486130953094e-06
0.0013973473342902738,0.18252201939334917,0.8158468855797283,0.0002274510763112035,6.29661632124372e-06
0.0032670409184384673,0.9125428898480782,0.08393337012234069,0.00020988135703726984,4.681775410529811e-05
0.16087513520125332,0.8368133278988812,0.0022923907841259504,1.794741135372126e-05,1.1987043857755776e-06
6.622319469816793e-05,0.00018396084216122066,0.03455275235624662,0.9651633644257905,3.369918110345201e-05
8.940860412323043e-05,0.00020513767418578355,0.013456163759863372,0.9276801045564637,0.058569185405363856
6.499326303669088e-05,0.008960239414053146,0.9884698336897079,0.0024998481379142046,5.085495287940417e-06
0.005133117470337658,0.012600584560591726,0.9799624081913376,0.0017047176939266335,0.0005991720838062948
0.9995073384233985,0.00044767607285871677,4.251901602729105e-05,2.041838749956963e-06,4.246489656130087e-07
0.00018432502474561828,0.9562003375928962,0.04322425349934637,0.0003898710689747337,1.2128140371491213e-06
0.1188639702129607,0.8699461000727051,0.010646454338480604,0.0005241195150437697,1.9355860809877982e-05
0.9994848041441557,0.0004951425508805589,1.836467801746426e-05,1.338687252733129e-06,3.499396934037407e-07
0.0003554219393164851,0.021988572015716832,0.6832317155137666,0.294259886784508,0.00016440374669210973
1.5455164568625292e-06,3.5614032867017475e-06,1.0312516806938204e-05,0.0007206700051941987,0.9992639105582553
0.00014407103603104643,0.0002700711356484122,0.05113340353222366,0.9463178587374741,0.002134595558622808
0.0004233916055732278,0.0036634538386621277,0.9882704569832325,0.007609378615104237,3.331895742801662e-05
0.1823200575535222,0.801659657694844,0.01452344746309128,0.0014319214274454385,6.491586109704437e-05
0.003324728936582615,0.7255753193804958,0.25857431132357217,0.012318241335279756,0.00020739902406952896
0.0009904508956330284,0.2661635567344125,0.7212644531682556,0.011449042405148976,0.00013249679654992824
0.5856588394427475,0.40039721622631336,0.013848859601790095,5.9239494390282565e-05,3.584523475880106e-05
0.0005137587740028201,0.01498946558025139,0.9404646856361046,0.04392036599617032,0.00011172401347071179
4.459058778536979e-05,6.464277969830422e-05,0.03109147594759956,0.9686862905566379,0.00011300012827865203
0.0022968166379418093,0.7784681373202964,0.21907844533046383,0.00013232535826076074,2.427535303712309e-05
0.0006241002751266918,0.8004813440325855,0.19706925504374653,0.0018091871766540998,1.6113471887200566e-05
0.005341283021619109,0.6158231566678471,0.37659598870414146,0.002049957725638375,0.00018961388075408738
7.396005904099794e-05,0.0034253512600948763,0.9835636380714734,0.012927970191198368,9.080418192454196e-06
0.0001395739089010159,0.0031483525741143616,0.9871468867865163,0.009559130347006308,6.056383461984063e-06
7.174084709301986e-06,1.7738436723666506e-05,6.212912389410435e-05,0.008357744886099286,0.9915552134685736
0.0019196194575524846,0.8728353255556509,0.12345071789412222,0.001785744432804351,8.592659870071408e-06
0.019438674163100855,0.9402955285766226,0.04007942138308396,0.00015392518136822143,3.245069582426853e-05
0.9400552200743109,0.05958528040282213,0.0002694645690536655,4.7907043969635794e-05,4.212790984358067e-05
0.7253748778922398,0.2716563912855063,0.0029451887146918626,1.96750617631966e-05,3.867045798841689e-06
0.9955568258259689,0.004368037776570414,5.9177806126080296e-05,8.793921816376322e-06,7.164669518256626e-06
0.9967457646552808,0.003059074493747675,0.00017790511825710405,1.0393419327330402e-05,6.862313387395441e-06
5.7425867149612376e-05,2.8075249110588157e-05,0.0016600547298527468,0.2843714377215173,0.7138830064323698
0.9991990648696353,0.0007585958441230666,3.697034984403243e-05,3.0375235180820734e-06,2.331412879588989e-06
0.08865775683329132,0.903113885513889,0.007873347793893166,0.00032307376699851814,3.193609192789268e-05
0.9996980749795853,0.00028137635687433603,1.4445815270962954e-05,2.1278596119047016e-06,3.974988657470377e-06
0.9994175862012203,0.0005018424938764022,7.347030452494642e-05,5.112113123816373e-06,1.9888872546719867e-06
0.00027469861507750995,0.0007287500108920439,0.04119754396502497,0.7122212888669496,0.24557771854205596
0.00020172862880873138,0.0006013967393594653,0.0034957451601017693,0.7965587167885896,0.19914241268314045
0.245134585336929,0.7536037555436264,0.0012005967346254598,5.701952659845815e-05,4.042858220851542e-06
0.7795538951614326,0.21907547755433418,0.0012131019970736592,7.97924539405616e-05,7.773283321892962e-05
0.00015861422549934037,0.003940334635463723,0.9752522902101892,0.020637544182932,1.1216745915585977e-05
0.9996059148261051,0.000347655325204895,4.2231765287449205e-05,3.629283468660451e-06,5.687999340691452e-07
5.105392150861132e-05,0.0002932427497566391,0.19003405726544054,0.8094486357877817,0.00017301027551252108
0.00021360721565403878,0.038934390685055685,0.9143020548209714,0.04653947718782179,1.04700904967762e-05
0.8321687064251984,0.16537408459659617,0.002380688949309494,6.530272859551575e-05,1.1217300300510281e-05
5.378577648199943e-07,8.232896261609235e-07,1.04044326160753e-05,0.00011263437557951549,0.9998756000444136
0.7477561432133842,0.2511091399816587,0.0007825678922443674,0.00015423512867681358,0.00019791378403567815
0.0002354248941630897,0.0023785275566694593,0.9702914214295748,0.027089390866569835,5.235253022622571e-06
0.9327067540817933,0.06650820786457333,0.0006455122457612517,0.00012454445741466648,1.498135045746273e-05
9.550870568609518e-05,0.00032484992010616096,0.12839618468698513,0.8710370164776722,0.00014644020955049082
0.6621735038454579,0.3361671667261788,0.0016255572354444108,3.1752418290208694e-05,2.01977462858021e-06
0.13241987181873277,0.6028218420428362,0.24831592248476828,0.01478799228784968,0.0016543713658130259
0.9997248824346374,0.0002576741562547457,1.5224715541838394e-05,1.5351127883961115e-06,6.835807774981934e-07
0.006494084984411251,0.973664268499454,0.019124999641945518,0.0007069741254338686,9.672748755446481e-06
0.01477766027318483,0.9844376007692223,0.0007589067604796464,2.4749961714360098e-05,1.0822353991549399e-06
0.9994341888104681,0.0005295604252395491,2.630851788497164e-05,7.662509589039705e-06,2.27973681835424e-06
0.00019476585744835175,0.029840351094934495,0.9695424430046069,0.0004197711741207622,2.6688688895758004e-06
0.006305123703048781,0.9905225137262159,0.0031316656158259432,3.343967703033818e-05,7.257277878841696e-06
5.5688651425196825e-05,0.00014152813373396913,0.9123544568287751,0.08742144873328124,2.687765278453491e-05
0.006398852748308066,0.9912794481691642,0.0022885107219719307,3.085346369250664e-05,2.3348968633416885e-06
0.0001845536430832911,0.0011755820745419205,0.08977759127844268,0.8343290381467132,0.07453323485721895
0.9996381261100146,0.00034581690933731057,1.2998628878153498e-05,2.833777363964068e-06,2.2457440588265767e-07
0.9997103756844523,0.00028383082728711885,4.912443699743511e-06,7.432177418532395e-07,1.3782681865894206e-07
0.0008637110324730088,0.014328763133923955,0.984245241479905,0.000519339484762348,4.294486893574465e-05
0.03463962707601391,0.9455290304594143,0.01967678346885168,0.00010027043758034597,5.4288558139767605e-05
0.4682405928125407,0.35652752106435337,0.1599202704452394,0.014854822204761272,0.0004567934731052045
0.00027548214393321264,0.15873576093408115,0.8399378665652646,0.0010446400663319455,6.2502903891483314e-06
0.5230482561859979,0.47167950592060626,0.005044181243761739,0.0002063877929439733,2.1668856690225195e-05
0.9476540776678398,0.050585988193226385,0.0017530666017551298,6.518282569939523e-06,3.4925460881300183e-07
8.312243173484822e-06,5.9113355150293e-05,0.0004851770938780776,0.18850543091258354,0.8109419663952147
0.00020062208606688324,0.0015095276214457994,0.9620843351496668,0.036195393919041724,1.0121223778687775e-05
0.0002664897455928375,0.2950770803404454,0.7027471881006068,0.0018772075853017009,3.2034228053292124e-05
0.31157204409207495,0.6615012394358338,0.026318147409539798,0.0005314823334878741,7.708672906355807e-05
0.00027186747473315466,0.034671025268080004,0.9144228960295044,0.050537605994539735,9.660523314265696e-05
0.016267488869746043,0.8480723636985561,0.13397932294453152,0.0016113380403595381,6.948644680658968e-05
0.00012725689454355378,0.0008146263096438746,0.08565745608143965,0.9119696837025191,0.0014309770118537432
7.66446572760581e-05,0.00021210938848998775,0.03907048807951859,0.9559320241301861,0.004708733744529287
4.6016173450829594e-05,0.0005005695216010467,0.9927329973058473,0.006714903817710153,5.513181390600387e-06
0.007788151101587823,0.9490108984876358,0.04257008083648245,0.0006183989030385864,1.2470671255572327e-05
0.046832209244210395,0.6163519599344971,0.33616716565998284,0.0005444159136225566,0.00010424924768708426
2.0516804612166794e-06,5.349603449851572e-06,2.068483918568277e-05,0.004294472398299055,0.9956774414786042
0.10425782744503728,0.8936444966061518,0.0020626647300421553,2.9945458735305383e-05,5.0657600335118925e-06
0.95746048552106,0.04177825730083538,0.0006929905998289288,3.7211001418249754e-05,3.105557685727429e-05
0.00012046267834921464,0.0003056886648986919,0.53403867948439,0.46551939619626714,1.5772976094988572e-05
0.8692770408709541,0.12124837160105813,0.009380126580536925,6.023845272176266e-05,3.42224947288875e-05
1.955925550553296e-06,8.736630846657138e-06,0.00013290824094003734,0.00556747995684547,0.9942889192458173
6.654696571224292e-06,1.3457201629427728e-05,0.0014608096746803237,0.024191698053055752,0.9743273803740634
0.9083148962543375,0.09147523284834949,0.0001269172886400961,6.934420521752367e-05,1.3609403455416741e-05
0.00011126295133889824,0.0006369922655779555,0.920424569463641,0.07881011277420509,1.7062545237055416e-05
7.206180747062135e-05,9.938919883426846e-05,0.006476933653538574,0.9904904327441041,0.0028611825960525184
0.00013119594426061744,0.0034765987141081524,0.8276292689813695,0.16772418741251013,0.001038748947751604
0.4098995431796904,0.5805164363041798,0.009415539143067463,0.00015460168511740975,1.387968794488379e-05
0.6647588100604122,0.3187314063792358,0.016338361807119253,0.00011595458554330371,5.5467167689382375e-05
5.672133590591831e-05,0.00014181395186455454,0.0012100358368996296,0.9980809947815632,0.0005104340937669116
8.482306274101036e-05,0.0007343105677352254,0.9630029751111481,0.036171836535972696,6.054722402818254e-06
0.6025795983763138,0.39207994776388005,0.005241410115610744,9.149465377408831e-05,7.54909042126151e-06
0.00011117317557868362,0.0003823169077855279,0.04403714997450457,0.21527232886871686,0.7401970310734144
0.2846774490291107,0.7107863958428774,0.0034441445551839436,0.001003723912425383,8.828666040244322e-05
6.0935267991983306e-05,6.95207225532863e-05,0.025298350573253258,0.9744706908441496,0.00010050259205172425
2.0286302198322456e-05,7.000030751240066e-05,0.0009868307764234723,0.08018775386240627,0.9187351287514595
0.999790842199745,0.00018812035330525312,1.7803717529087675e-05,2.5647030425357915e-06,6.69026378351614e-07
0.00010734291436802032,0.012612413754557857,0.986609013263828,0.0006677958196396394,3.434247606502318e-06
0.0013905834474475165,0.6815061962146749,0.31570492887869456,0.0013764250078601085,2.186645132276338e-05
0.000592096909897928,0.05395334935376922,0.9024661252087691,0.04296077990805581,2.7648619507850374e-05
0.00793032812333418,0.9010238793114432,0.08986538662430758,0.0011020885853058504,7.831735560917491e-05
0.049406990256061066,0.9376150158864615,0.012785375831421837,0.00011429464274717126,7.832338330834947e-05
0.07168992667947369,0.917798146412007,0.007667143714590003,0.0026698668516900404,0.0001749163422395497
0.3179804557989925,0.6668398499188977,0.015023515907401046,9.692381882075021e-05,5.9254555888057284e-05
0.00047683621734660774,0.17436076798436806,0.8188141699095411,0.006340250809451559,7.975079292657681e-06
2.7793206303879666e-05,0.006855791874849489,0.986703019002543,0.006407137242136746,6.258674166847655e-06
8.846299620530138e-05,8.594608562503367e-05,0.010069743559608987,0.5154510789525336,0.47430476840602703
0.9979521609175773,0.00196600929509134,6.896468495756991e-05,6.515205379650049e-06,6.349896994301971e-06
0.9950878741528156,0.004701422622879124,0.00018177257386927244,2.6046661597034208e-05,2.8839888387856305e-06
0.00022333971663249146,0.0003991962711920524,0.1465383422896591,0.8507447928046167,0.0020943289178997127
0.9997206458787231,0.00025135393672288,2.440974273027757e-05,3.3871042820670374e-06,2.033375417977191e-07
0.0002440269009683101,0.03252716202201306,0.9668207849420147,0.00040581081022771727,2.2153247763273315e-06
0.00014756008735368424,0.00047421280515673486,0.0910655368044686,0.9076626139830225,0.0006500763199985377
0.9992421709568592,0.0007208939988231745,2.9038174975845952e-05,4.068863169899537e-06,3.8280061718222065e-06
1.0888028773354743e-07,1.1106207818905766e-07,1.6671593397971343e-06,3.2215219596732944e-05,0.9999658976786977
0.8271087803524707,0.17228367876858763,0.0005761031075075677,2.6044438490924035e-05,5.39333294295711e-06
0.00034373765123640106,0.0025479374626965817,0.6410030776957305,0.3560975492465858,7.69794375084165e-06
0.0002853548909054533,0.6990571013127276,0.30023521752290055,0.0004173431829641093,4.983090502435971e-06
0.9997096886790591,0.00026771839120907725,1.9387222062716237e-05,2.143659218345667e-06,1.062048450975268e-06
0.00014489789983439884,0.0004757233463009571,0.048841386725890654,0.9362943323427623,0.014243659685211754
0.9997802085884813,0.00018090536255459762,3.505010159746993e-05,3.414939125476019e-06,4.210082411230292e-07
0.012128556129265796,0.7819716963835232,0.20259694711954562,0.0032227683828239748,8.003198484140268e-05
0.0003248384651286571,0.1562932559874921,0.7611251518370851,0.0822090410043416,4.7712705952543676e-05
0.8069271659067326,0.19206402812911588,0.0008909990236067528,7.959206071759003e-05,3.8214879827158615e-05
0.9988561288665905,0.00100782984100222,7.82331607584779e-05,5.4617130918685644e-05,3.191000730316417e-06
0.00024079073508289885,0.004809517933769829,0.9690137374673514,0.025924936058962015,1.1017804833911413e-05
0.2610831518917868,0.7315951788569501,0.0072292179571146805,9.0414018258073e-05,2.0372758901700613e-06
1.3051960231433911e-06,3.5776695859783478e-06,5.6445165705840314e-06,0.00036424847216583005,0.9996252241456545
3.107766797713615e-05,0.0006013314949247056,0.9906904387469007,0.008670997735651763,6.1543545457237825e-06
0.9916642450248565,0.008283824027529866,3.941925403639401e-05,1.2299168535609893e-05,2.125250416600921e-07
0.9987279268905074,0.0012079901748163954,5.222168364515291e-05,9.853186063491998e-06,2.008064967472006e-06
0.00010296347846360768,0.00029982083344557337,0.08170502864341724,0.9177937002442595,9.8486800414024e-05
0.027844561883880462,0.7547052470702558,0.21707343834325563,0.0003429316735401688,3.382102906818241e-05
0.25999381001430527,0.7300802931341679,0.00980798781819075,9.790454439174368e-05,2.0004488944393437e-05
0.9340745065091769,0.06519059599630121,0.000446232175341427,0.00022428228311218196,6.438303606826347e-05
0.00010359917116628364,8.595106294659942e-05,0.0009233207669610799,0.42550589629701646,0.5733812327019095
0.997648284636037,0.002256400638930258,9.088434669587762e-05,3.3261796736524194e-06,1.104198663093137e-06
0.7027165528743203,0.2849666115536925,0.012145224015114784,0.0001414218205467274,3.018973632559933e-05
0.00010110271497033232,0.0015209553314154392,0.09128804701171145,0.9068249539334939,0.0002649410084086803
0.0001224710348916554,0.0004812356218694084,0.9978684376926736,0.0015256993278160258,2.156322749316756e-06
0.9291187734828729,0.07059931365187981,0.00020567138959943308,7.121987380628617e-05,5.021601841517047e-06
0.08993215925968681,0.8993454824890835,0.010300920437622207,0.00040931372554159595,1.2124088065734727e-05
0.008689573336355444,0.965539198777996,0.02538751087192183,0.00026648774972549624,0.00011722926400118415
0.9989499632819945,0.0009641112498972187,6.624524056993663e-05,1.3967964263187906e-05,5.712263275231636e-06
1.6754860808974173e-07,5.077854259009379e-07,2.3832390500714702e-05,0.0003051460882901785,0.9996703461871752
0.5330317726393143,0.4636325570814433,0.003068749497557923,0.00025440660322724424,1.2514178457241896e-05
0.07675746955438957,0.9118014433946954,0.011319499324108069,0.00011482152520053683,6.766201606307253e-06
0.010087105416327258,0.18984848705892207,0.7953189149050995,0.004661862364988908,8.363025466214254e-05
0.0019912584425022107,0.44090262137439834,0.5555541453372387,0.001500235400595278,5.1739445265311323e-05
3.136769476194555e-05,0.00031959105247409574,0.011973500828626657,0.9871156159303928,0.0005599244937445373
0.0001280004031791636,0.0019228096722344306,0.9702194016630883,0.027719974527527884,9.813733970468302e-06
0.34050657684628605,0.6573056327447836,0.0017867146095037205,0.00022540347395254032,0.0001756723254741615
0.00041943380678895767,0.16887814054264094,0.719320245771035,0.11132809489299693,5.408498653806426e-05
0.9955959831845653,0.0043369557675496245,5.689372858712162e-05,7.751251736542103e-06,2.41606756127791e-06
0.00014513156564895078,0.0028537982959009507,0.8821547488780639,0.1147972210822265,4.91001781597293e-05
0.01987906956006959,0.9604963778082684,0.018707247855504934,0.0008867783940038182,3.0526382153217456e-05
0.5766525102139257,0.40792150773211594,0.014900628686787687,0.0003904699735644004,0.0001348833936062109
0.9711883452813127,0.027867262732970726,0.0008223206281899034,0.00011535366512928412,6.717692397421815e-06
0.20302395293490016,0.7690779887362327,0.027426389209516445,0.00040630932220328954,6.535979714744107e-05
0.9996357085938664,0.00032193320805934134,3.744736343433122e-05,4.532178740354517e-06,3.786558998705681e-07
3.192585462482059e-06,4.825340538886235e-06,9.398941655498956e-05,0.000917087787258895,0.9989809048701848
0.0265614599912434,0.008764474618347807,0.8056224116204834,0.15545451908649147,0.0035971346834340326
8.344836270666614e-05,9.076504097164784e-05,0.007465087867144327,0.3252241622424378,0.6671365364867395
0.9953776434815803,0.00458312747738989,3.844989502466666e-05,6.188138193980908e-07,1.6033218563720133e-07
0.00012860653871454207,0.00019077118289583715,0.022142534483570724,0.9753787480405189,0.002159339754300033
0.9991641332902789,0.0007796330628496976,4.9307925697273454e-05,3.1031716650923853e-06,3.822549509192662e-06
0.3225202949526098,0.6681335504047083,0.0084807136343877,0.0007248337868077267,0.0001406072214865464
0.0002186201860031694,0.0008213425526528008,0.9258715396675355,0.07307375842057393,1.4739173234533219e-05
0.4184236251131945,0.5128383780283872,0.06701165873600332,0.001607065635136613,0.00011927248727830227
0.00011981684909804182,0.0012012281846196548,0.37572892755204407,0.6227159040395632,0.00023412337467509944
0.9996791855921767,0.0002721119745813121,4.266241026167961e-05,5.214285253037639e-06,8.257377273528694e-07
0.8653428280591611,0.1305465438234739,0.004049037532409559,4.6644050765411625e-05,1.4946534189772441e-05
1.2243945009890728e-06,1.1768991034648141e-06,1.0607621044938754e-05,0.0003735408957698012,0.9996134501895808
0.9986601583580793,0.0012627726253059124,6.706615204312513e-05,6.1528150500455695e-06,3.850049521708874e-06
0.730714134783366,0.26396449469109273,0.005106508887956569,8.570983750684415e-05,0.00012915180007785554
0.00010612899893581133,0.0007937447645856333,0.4126007613036171,0.5855936529489558,0.0009057119839055323
9.62608545765855e-05,9.734976574110508e-05,0.0030545413258721284,0.996042670968106,0.000709177085704095
0.9993494729309622,0.0006175917603044459,2.714296639645072e-05,3.172819707148805e-06,2.619522629822069e-06
0.9985969945192152,0.0013310685264034925,6.146123882642355e-05,7.770977357814645e-06,2.7047381972032054e-06
0.0001758388051989304,0.0006929198629830667,0.10056623178126743,0.8984784278838953,8.658166665515873e-05
4.631627197845628e-05,7.244194738760781e-05,0.0003223501213730042,0.09915779288946358,0.9004010987697973
5.0404436201822655e-05,0.00011754370641068685,0.04539985053613638,0.9544180131923221,1.4188128929094045e-05
0.9996915294607134,0.00025203540575482114,3.3805519429938575e-05,2.1980220714216526e-05,6.493933875116632e-07
0.0013008144840359502,0.8702474578905819,0.127998548714028,0.0004499016351043985,3.277276249564038e-06
0.00013900839440329917,0.001361261588210986,0.9181876396180237,0.08025586709136774,5.622330799445232e-05
0.03458244431388297,0.5066206324767024,0.45629458313151344,0.0023645535471864434,0.0001377865307147538
0.0005830114369357386,0.4928052836853696,0.5009625087972056,0.005449647458529387,0.00019954862195969292
0.9996480177849578,0.00033127074728390624,1.7434870985729055e-05,2.7297168958885328e-06,5.468798767514754e-07
0.9556688675875997,0.04244079244056807,0.0018540157963093165,3.0156782847944033e-05,6.167392675036168e-06
7.544343642835308e-05,0.00033437304362606213,0.003623495357890076,0.9959379772416214,2.8710920434171035e-05
0.0005096769889907945,0.0019632604156602797,0.025388332992033826,0.9720811001102516,5.7629493063513155e-05
0.9995990600745512,0.00038126621741469465,1.2466197346665003e-05,5.155966548902356e-06,2.051544138417759e-06
0.1244642039839913,0.8514715324441962,0.023521776704124538,0.00045515981996129494,8.732704772694997e-05
0.01249112732056732,0.8873272461450168,0.09828875012942623,0.0017242939343281442,0.0001685824706614707
0.9344713069692051,0.06510390660499223,0.0002747950370834193,0.00010402679816913888,4.596459054999738e-05
0.0002761814560919675,0.006940571461419366,0.6949334143655985,0.2977583010754723,9.153164141789943e-05
0.9991641779786227,0.000500420694597953,0.0002797019758197186,4.600528316292682e-05,9.694067796614326e-06
0.00037516590410683167,0.05809663364697844,0.9411156628993852,0.00041001091360825045,2.526635921365675e-06
0.00010187423748007561,0.0008065194419842815,0.96182491615534,0.0372425771895757,2.4112975619878734e-05
0.0005079090820785717,0.00044371079490023775,0.41100290009907375,0.5852632297827851,0.002782250241162399
0.0005167079773005839,0.07461403586571892,0.9221053701728893,0.002759940975668153,3.945008422889639e-06
0.0001828895243571738,0.002112063197547172,0.4212226027670537,0.5762724625258001,0.00020998198524196867
1.3021181000580307e-05,4.351980978796346e-05,0.0005513268120897209,0.1979163361912865,0.8014757960058353
4.132668147894505e-05,6.486184777788575e-05,0.001771337123477882,0.9980906231808248,3.1851166440343194e-05
0.9998266439060975,0.00015192195849373966,1.8067473574047438e-05,2.2369095103115147e-06,1.1297523243221694e-06
3.157174698674846e-05,0.0004403414275619881,0.30497673399597425,0.694516615268736,3.4737560741208434e-05
0.048332085961103485,0.9477662089741783,0.0038199629662307682,5.167579804954175e-05,3.006630043789864e-05
0.004243736048401104,0.9688641187831679,0.026621223617238666,0.0002636579795392314,7.263571653256481e-06
1.0547033818409645e-06,1.412514319276869e-06,1.0953392485945959e-05,0.00023789228111425123,0.9997486871086987
0.9747738145539857,0.02498990209393146,0.0001528998339889977,8.104136132947635e-05,2.3421567644244093e-06
0.9997656234589847,0.00022395871488084708,7.241848701722957e-06,2.6423614373532742e-06,5.336159952239716e-07
0.00028299649177073436,0.05091311867266583,0.947735991055099,0.0010646442101631497,3.2495703012353417e-06
0.9993651382305971,0.0006088512100890687,2.322393239324473e-05,1.6099652567916173e-06,1.1766616638108003e-06
0.024842085198365678,0.9446004767875062,0.028163769492110854,0.00231588981694186,7.777870507538156e-05
0.9829409192740026,0.01689199240342858,0.00014405587734106677,1.985599285463231e-05,3.176452372969274e-06
0.009901866855547163,0.4303501121048112,0.19324110089826468,0.36553468130476974,0.0009722388366072594
8.088750191217144e-05,0.0004814543826420752,0.9985795689092546,0.0008569467238231633,1.1424823679092523e-06
8.07200118795202e-05,0.00044528785045382883,0.005391967456106888,0.9937433401547036,0.00033868452685637153
0.0006697394021833405,0.06566395662893204,0.9302803373143181,0.003378353432821009,7.613221745381856e-06
0.023113874227791514,0.9565958369581922,0.019769328260173014,0.0004889392042946268,3.202134954863846e-05
0.6828270794739212,0.29593421841514544,0.020507363300305777,0.0005476363131588217,0.00018370249746880673
0.10239058884728615,0.6497068573186636,0.24503457151132343,0.0025665338972231787,0.0003014484255035774
0.998445006425487,0.0015138076926611837,3.188649655896311e-05,9.048717688348955e-06,2.5066760443350707e-07
0.9994642346245829,0.0005123512394728409,2.2291295977175905e-05,8.165763744581795e-07,3.062635925970246e-07
0.00013907251716845085,0.00022001638229714215,0.005831770396235562,0.8449700433706332,0.14883909733366554
9.751347895331546e-05,0.0003874350478464643,0.016258558273059477,0.982586507486318,0.0006699857138227859
0.9872930352873116,0.012662108010179121,3.7249138557716836e-05,6.600100847363613e-06,1.0074631041832159e-06
8.278223714031091e-05,0.0005277724531931306,0.3959563939796216,0.6033794682820631,5.358304798183244e-05
0.3211986563619118,0.5953890254365057,0.08152902219834303,0.0008639996303444347,0.00101929637289516
0.16690455306251964,0.8116756356751536,0.020755960941856087,0.000646790559927407,1.705976054330356e-05
0.00036821921951722594,0.24976042903731732,0.7495327751155241,0.00033574769118177133,2.8289364595178196e-06
0.07175012080542217,0.8993205293322409,0.028859368524129358,6.791753652831366e-05,2.063801679331235e-06
0.4715879028326203,0.4333247139963513,0.09453916371317246,0.0004963813814841734,5.1838076371930916e-05
0.09062906069708598,0.596551276053554,0.26946340871911745,0.04308642210818625,0.0002698324220564886
0.1480773950811311,0.842249082071101,0.009099230867209152,0.0005707893907583911,3.5025898004313494e-06
0.00016596217644724296,0.004875393766512295,0.9655504058437934,0.029389891280376848,1.8346932870155384e-05
0.6648015815738552,0.32869719191443825,0.006345678670843498,0.0001369449953856096,1.860284547748959e-05
6.610661378874289e-07,7.260239046451784e-07,2.1672761262823576e-06,7.73090182011907e-05,0.9999191366156299
0.9999086414085073,8.414424845337613e-05,5.728216994258169e-06,6.992002345239016e-07,7.869258104552973e-07
0.952067757216818,0.04685110825157634,0.0010220126615793543,4.256458899280904e-05,1.655728103357626e-05
0.039512961383728555,0.922912997687753,0.03732193378008901,0.00024176006187808262,1.0347086551312757e-05
0.9954442369660926,0.004498548706165832,5.266903804335507e-05,4.252852503313297e-06,2.924371947982809e-07
4.9830211523657506e-05,7.057122802043615e-05,0.0026471195510740955,0.9967870476177593,0.0004454313916223587
1.5717087986895394e-05,7.562478751660396e-05,0.011655843088713693,0.9876993101749229,0.0005535048608598494
0.9997120400465854,0.0002662136484919206,1.9856440010444324e-05,1.7270662303970997e-06,1.6279868190591517e-07
3.48194282169221e-05,3.431758004086302e-05,0.003983206101684359,0.6592845098930359,0.33666314699702193
0.00392881875924723,0.8728119881030517,0.11780888271321191,0.0054013349608620755,4.897546362696571e-05
0.004790176281106092,0.8232521333337197,0.17089507645908694,0.001026804265201598,3.580966088560386e-05
5.016706451910759e-06,1.0579818250115876e-05,0.0006636412941450963,0.008771626009895336,0.9905491361712575
0.00013108293253527063,0.00013547491799171556,0.014537545986098263,0.9851022909810095,9.360518236519035e-05
0.9997679341194782,0.0001966545089367412,1.56770391951458e-05,1.9196585451153127e-05,5.377469388192969e-07
2.9516916314429132e-05,0.00016365078100253187,0.012045375476214693,0.9873466314973274,0.0004148253291409351
0.8376005544552341,0.16166443643869902,0.0007267910965548455,7.32205450355433e-06,8.95955008505213e-07
0.19467861854640076,0.6031360106943073,0.20123902265528143,0.0008754717324662403,7.087637154419151e-05
0.000477559512618071,0.015036432763026745,0.959316293214403,0.02480392210938004,0.00036579240057225975
4.807224598294566e-07,9.961195755242398e-07,5.15636488813359e-06,0.0010722080570564822,0.9989211587360199
0.0034571516821997684,0.1446349257407119,0.8112411468192621,0.04056978816130218,9.698759652413971e-05
0.00011943621900676005,0.0004168061585429834,0.00346224615725094,0.9932247429699127,0.0027767684952867775
0.0003500275318019681,0.0017856555704144322,0.2848855634789525,0.7128435213013161,0.00013523211751494753
7.368703969548041e-05,0.0004845314937851191,0.003906316822157503,0.9937088429546554,0.001826621689706302
0.0017869701012873818,0.7134751222113798,0.28162364822063696,0.003096391608532076,1.7867858163923095e-05
0.0016151649759786003,0.006110807031953243,0.04235818271370974,0.2504551882678385,0.69946065701052
4.061763886586259e-05,6.35755464266797e-05,0.00614717888186653,0.25944539729492777,0.7343032306379131
0.9998766523162814,0.00011062744829354441,9.094945116322795e-06,2.108574306542627e-06,1.5167160022215076e-06
0.00015236603242648286,0.0003503677050916841,0.02768297950686401,0.8179536212160876,0.15386066553953032
4.8238413163654807e-05,0.00013386896385272936,0.910109656861871,0.0896837166065338,2.4519154578832082e-05
0.9571660131685151,0.04196001079627714,0.000868722231500643,4.233449638512065e-06,1.0203540686483277e-06
0.999866511791732,0.00010203372111657698,2.201977792378932e-05,8.23372054297279e-06,1.2009886846082449e-06
0.035210827244776574,0.8567259437331809,0.10564600724768837,0.0022922714886747055,0.00012495028567952653
0.6240830972969582,0.3720591861924673,0.0037057466188169406,0.00012159796122473667,3.0371930532893206e-05
0.9620771115622598,0.037635921844668664,0.00027055302496158524,1.3362811133639534e-05,3.050756976167408e-06
0.997234241787761,0.002674638521223681,7.939205809139185e-05,7.425667765023013e-06,4.301965158849318e-06
0.999802817350783,0.00018416826759120778,1.020209027430968e-05,2.4113080380512826e-06,4.009833133794049e-07
1.9400705265460104e-07,3.7073734298376317e-07,5.587404283376087e-06,9.514745544771412e-05,0.9998987003958733
0.7731971635309184,0.21369717182981487,0.012938556128709455,9.966217523687519e-05,6.744633532038958e-05
6.240461676227916e-05,4.979613108037062e-05,0.003264939352461014,0.24494034885483298,0.7516825110448634
8.178857223407554e-05,0.0005764596031309443,0.003546226652799739,0.9873885571222147,0.008406968049620383
0.9175019154174751,0.08161250707151506,0.000769256129964964,6.384049105047537e-05,5.248088999445594e-05
7.560178860173705e-05,0.0011508990927918356,0.1320486668736314,0.8666118840933336,0.00011294815164154828
0.00011984518886540404,0.00024060383309777313,0.005731842446303147,0.9919576732173011,0.0019500353144325854
0.024002741850984523,0.8301791852274719,0.14476334283413847,0.001016453902215342,3.827618518970336e-05
8.824210262687789e-05,0.00021078584084843155,0.003474749114038012,0.7571652942326818,0.23906092870980492
0.00022810434017831057,0.9335346649414048,0.06616145686006554,7.446698971710667e-05,1.306868634104611e-06
0.0002440023430930563,0.004325191021302365,0.9832708109566256,0.01214314055754009,1.685512143892794e-05
5.487231588242935e-05,0.041158581160265786,0.953564477858919,0.005214600516310276,7.468148622772842e-06
0.00016047725706202546,0.19114326749023305,0.8077790521719238,0.0009146835498655592,2.5195309155703575e-06
0.4615517706295425,0.4546529392182619,0.08356781306035127,0.0001994991230586537,2.797796878576224e-05
0.0005016321746253702,0.8956453533364279,0.10364652905467021,0.00020484670135995623,1.6387329165487313e-06
0.9991221966949603,0.0008281664459581788,3.8564700091322024e-05,7.78664009096676e-06,3.285518899224783e-06
0.00025236905647963895,0.0015671268077580168,0.059271572951814046,0.9130203262951454,0.02588860488880292
7.967372943441266e-05,0.00016566872151521327,0.0414961719107685,0.9581703176879701,8.81679503118585e-05
0.9994995299263958,0.00043274012890426913,5.261112142083934e-05,1.1309681172376852e-05,3.8091421068433167e-06
3.0499404321993414e-05,5.110060710689523e-05,0.002749043068474293,0.12818793605979448,0.8689814208603024
3.85415940952474e-05,5.365415200530577e-05,0.010185058791540894,0.9835835651635035,0.0061391802988551335
0.00029234697512015506,0.0028889829448484365,0.9224310243072261,0.07434529363509329,4.235213771192583e-05
1.7299497808034227e-05,3.31098285779623e-05,0.022367249989447193,0.977403855946333,0.00017848473783379248
0.9996649162943546,0.00029618278101739207,2.623547768470418e-05,1.0401279981592588e-05,2.264166961660763e-06
0.09378547108224548,0.15793689778178246,0.7479308368030734,0.0002685534113009977,7.82409215976208e-05
0.00036446574738899327,0.640776623772853,0.3549151480444082,0.003932252398552951,1.1510036796835883e-05
2.8626754613824934e-06,3.818482997092408e-06,4.948337168631058e-06,0.000258123063266858,0.999730247441106
0.7418855724510257,0.25701784653741483,0.0010650768323690637,2.6419412073796986e-05,5.084767116625832e-06
6.0542444353764624e-05,0.00012113888458194332,0.08482508952673753,0.9149332582600597,5.9970884267060274e-05
0.9996166979681611,0.0003513778539624762,2.741518947108419e-05,3.983750676290638e-06,5.252377289410254e-07
0.979661023194797,0.020058757718851294,0.00025003785927572945,1.6328894611572264e-05,1.3852332464473573e-05
0.0006998509056889001,0.2565409376438066,0.7386027193701061,0.00408700745350759,6.948462689083974e-05
0.00010832640497531457,0.00042366400202598683,0.9673430921981732,0.03212224290848322,2.674486342246892e-06
0.00011879617691259477,0.0005101246055782437,0.3429344985301487,0.6561392221187068,0.0002973585686536652
0.018759972722717906,0.9646485645443902,0.01632910679995169,0.0002499971467690816,1.235878617105906e-05
0.0019993002216241846,0.6840652108223483,0.31112407222902866,0.002797894629209287,1.3522097789713158e-05
0.8438565493024045,0.15456646993289463,0.0012978624848314915,0.0002044629022805847,7.465537758868628e-05
0.9997763883529854,0.0001912372204773207,2.6482936365528102e-05,5.277190497926332e-06,6.142996736147983e-07
0.6709728301059384,0.3269229386693521,0.0019653073404831073,0.00012858332837868873,1.0340555847676351e-05
0.9916114732793269,0.007504230170467647,0.0007427930793256567,0.000140238683813251,1.2647870666275242e-06
0.9607555532252583,0.038246673637549446,0.0008406389033314432,0.00015297783263266873,4.1564012281903905e-06
0.9991806663358219,0.0007443267167947138,6.599186752619307e-05,4.402244681747902e-06,4.61283517542341e-06
0.00037112234514276326,0.7215401528825924,0.2765729673098841,0.001512905559641199,2.8519027393392503e-06
0.9996903149616806,0.0002922076812612337,1.4451276933096525e-05,1.9266375774002164e-06,1.0994425474766564e-06
9.437162014612629e-05,0.0005068124879139207,0.34489718564410765,0.6544901481857149,1.148206211739945e-05
0.00014388315252289907,0.0002742830139655206,0.08162591933715396,0.9166623033458625,0.0012936111504952034
6.2577791117950156e-06,2.0397736626624344e-05,0.0005392926961545461,0.01134922886111403,0.988084822926993
8.528187061564076e-07,3.2396934041225167e-07,3.901692389817832e-05,0.00010848278892424005,0.999851323499131
0.04620485256141836,0.8343836081455339,0.11444284502540109,0.0047603332058163165,0.00020836106183025536
4.1283694480865215e-05,4.9944054240804415e-05,0.005228522486965949,0.9860179792849597,0.008662270479352504
0.999696761294448,0.00027821926997576604,1.9939308534057857e-05,3.9334025935621265e-06,1.1467244487231062e-06
6.272689486231095e-07,6.689806120854873e-07,4.096272618276984e-06,0.0001224480531044167,0.9998721594247167
0.9981681853356891,0.0016321100349222602,0.00016813144907251254,2.2551452505562536e-05,9.021727810504664e-06
0.41457706262307165,0.5741029120450246,0.011054374424873656,0.00025007412408411915,1.55767829460757e-05
0.05611934169736162,0.9366224229781747,0.0069699316670112045,0.0002835007878131982,4.80286963921222e-06
0.9988607482273392,0.001114230995455819,2.2868144930400338e-05,1.933738120734137e-06,2.188941538205299e-07
6.363909440213766e-05,0.0012471936447160797,0.9795203527329628,0.01916368994982989,5.124578089071105e-06
0.7879763844927118,0.2053855343528416,0.006449684509358363,6.492846693150367e-05,0.00012346817815646493
0.00011474608162724537,0.0018913299657649365,0.4850102250753854,0.5122945412405459,0.0006891576366766095
0.9477333830457457,0.05146662053279941,0.0007400409809437068,2.825736313734229e-05,3.169807737382672e-05
0.5149745749160489,0.4747776561528225,0.009765197824723612,0.00043470769752496953,4.786340888007152e-05
0.00028297649925606476,0.07823533018274757,0.9210916679539463,0.0003854234383311315,4.60192571905211e-06
0.07554061528880826,0.9226934050991472,0.0017314133171324542,3.0295468630979722e-05,4.2708262809373295e-06
0.9974550731592026,0.0023575398888625323,0.00016284559137950093,2.0492578903090476e-05,4.048781652639547e-06
0.00035427203828779566,0.045238429196317806,0.9535552336266454,0.0008432566513529129,8.808487396122988e-06
0.8955289134175098,0.1033189369130654,0.001008148484521444,0.00010640202724776988,3.7599157655489036e-05
0.5241488634877925,0.4628177339479345,0.012841452901507807,0.0001764464378145587,1.550322495052716e-05
0.00014781643311184201,0.00023040449909073881,0.028968521296190333,0.7693385835717268,0.20131467419988025
0.16423308445079202,0.8312918963663142,0.004329399639396043,0.00013963445464653626,5.985088851369975e-06
0.0042638586764463275,0.7566660178581761,0.23776740799305063,0.0012684287133440993,3.4286758982762466e-05
0.49327868130587416,0.46026318042816594,0.04504197695489725,0.001201644650528208,0.00021451666053427053
0.007079143562001726,0.8324568198724894,0.1592115298256545,0.0012405055643964595,1.2001175457757314e-05
0.9692697466194554,0.030489517702690653,0.00017714751812774186,2.8571142031821727e-05,3.501701769441966e-05
0.08839707018756794,0.9062107653743137,0.005299673834210613,8.47605703772862e-05,7.73003353042259e-06
3.274532798066867e-05,0.00027000325062563244,0.7176417312045393,0.2820379231446754,1.7597072179005233e-05
0.9996184098367742,0.00034233748063633896,3.5286124369531906e-05,3.268905177626704e-06,6.976530422606937e-07
1.5658234790909744e-06,3.0629076549481835e-06,4.736989131006025e-05,0.004067609924594722,0.9958803914529613
0.941384105584907,0.05847257833091446,0.0001184208169095506,2.0478424431321377e-05,4.416842837737815e-06
0.06429248861768472,0.39240328048733164,0.5317776058915427,0.011360002398758385,0.00016662260468259984
0.00043700094062020515,0.09737496409732568,0.8970708686109952,0.005099407309533895,1.775904152504655e-05
0.03621612533427861,0.9090266084300587,0.05386119243317945,0.000764615805272962,0.000131457997210375
0.005694338313385539,0.46861986617402995,0.5205425555489175,0.005011224608750295,0.00013201535491664303
8.612431560917172e-05,0.00015645749311460976,0.8340110501150158,0.16573239617348948,1.397190277103053e-05
0.14363844926118133,0.8234309560344464,0.03246331501927221,0.0003447887348182592,0.00012249095028201324
0.00025749523989504865,0.1869173846296888,0.7932751623209177,0.019523827965825465,2.612984367298216e-05
5.189684398248402e-05,0.00010845615926295708,0.02999225736973186,0.9697168935760344,0.00013049605098818578
0.5906493884163532,0.4081023727505001,0.0011580651506156987,8.524041619960166e-05,4.933266331591076e-06
0.00040932516861797103,0.0007506330489136803,0.0973682569178038,0.8676992634166147,0.033772521448049736
0.9988311875934293,0.0011290473180283612,3.119560123046391e-05,6.871825971808621e-06,1.6976613404981894e-06
1.00496510532533e-05,2.182441681949856e-05,0.00022443643988830612,0.033021355014777126,0.9667223344774617
5.047381550038133e-05,4.753293089079919e-05,0.01035580629825926,0.9893770271027477,0.00016915985260192499
0.0011390027705976261,0.8408534520185531,0.10269634991357961,0.054864991747653566,0.00044620354961606994
6.971623745665561e-05,0.00017401919762725517,0.12297720876366347,0.8767242746438585,5.4781157394044795e-05
0.39121519847411457,0.5062687402616113,0.10219332063741661,0.00030259880550809686,2.0141821349457068e-05
0.018132158628466167,0.8962298842686781,0.08330556347546939,0.0022771102394091914,5.528338797696502e-05
3.2838392591817754e-06,6.412190694616848e-06,8.372632259176713e-05,0.003933206778055154,0.9959733708693993
0.9997578061334831,0.00023324199244026037,7.6080611907311945e-06,1.1849683805206406e-06,1.5884450538855892e-07
0.016924050522323944,0.9531055737687739,0.029814485740256132,0.00015083015075885605,5.059817887317936e-06
0.7031177429241439,0.2947373329837485,0.0019993865971637474,0.00013165673695657903,1.3880757987280173e-05
0.7942792856791377,0.20520407980236083,0.0004872538413221374,2.3302993715081048e-05,6.077683464219479e-06
0.00039069396663121963,0.053097032614562965,0.9416505236415588,0.004851722008979982,1.0027768267159684e-05
0.9984792152526607,0.001454266886464849,6.0899646056044485e-05,3.929730392281726e-06,1.6884844260028471e-06
0.049557411855963136,0.10319036700133162,0.8410280904364648,0.0019362914444724392,0.004287839261767937
8.063690812384823e-05,0.0362557739588482,0.946148575827219,0.017504191077727504,1.0822228081271947e-05
0.9955703487571904,0.004210946683915313,0.00019822405770229847,1.2244971422494685e-05,8.235529769766294e-06
0.0008258992452529527,0.04210784563829405,0.8909478408108763,0.06609982461025284,1.858969532388191e-05
0.9992861977918696,0.0006444355635751974,5.9016960023046674e-05,4.750354979808244e-06,5.5993295524682885e-06
0.00026563078794926024,0.0010476041138823067,0.9501786315945724,0.04849378344662105,1.4350056975217058e-05
0.003966805722600756,0.8856259397513495,0.10905442026574634,0.0013170514002108673,3.578286009253397e-05
0.0003839933862682693,0.0006942806986942083,0.8629900011976652,0.13574609700914803,0.00018562770822436208
3.599575048070781e-06,5.599045694115655e-06,7.955776955655941e-05,0.0071516619757210215,0.9927595816339803
9.491249795623902e-05,0.008152792171985246,0.9852781613305626,0.006471432347330432,2.701652165342745e-06
0.0001037326300448555,0.00325251296489508,0.26224677410654973,0.7341902028635072,0.0002067774350031598
4.833828580431425e-05,0.00014066062892207045,0.006792117339430099,0.7127293331513535,0.28028955059449023
0.003344833913874061,0.23710771924093735,0.7126658478726734,0.046666085054029485,0.00021551391848561427
0.003116913570748549,0.3315744679579617,0.6639519507597109,0.0012980382934290316,5.86294181497458e-05
5.141574214785063e-05,4.034666043201297e-05,0.012634042924059794,0.9871997814192864,7.441325407402437e-05
0.00010915144936732738,0.002724038608760753,0.955450061795415,0.04170432047320964,1.2427673247046904e-05
0.41414722070955723,0.5388787163871852,0.04649698888870103,0.000455788956946688,2.1285057609834865e-05
0.9978159713015693,0.002044037652352338,0.00011174301931068003,1.082084003694514e-05,1.7427186730767287e-05
0.9507474057018171,0.0475596456842393,0.0016571711271671338,3.394096775290635e-05,1.8365190234182157e-06
0.0023049786079659116,0.18434192439726532,0.4404127047820261,0.37269865375618216,0.0002417384565604721
4.16374404450554e-05,0.001445646747416818,0.9971270335628194,0.0013838986184254833,1.7836308933245228e-06
0.6523393069196148,0.34291835260859616,0.004503383457654478,0.0001243234017705835,0.00011463361236380516
0.24008018082860227,0.7547090135059652,0.004291649256523998,0.0009116608283170056,7.49558059155921e-06
0.2980354330826825,0.5988152730408366,0.1026658989033499,0.0003274301351238793,0.00015596483800707974
0.6193447295862181,0.3781120140943088,0.0023568314771344693,0.00016312227244801654,2.3302569890703816e-05
4.499462209935177e-05,0.00018397421856398922,0.9591895498729345,0.040574735276098194,6.746010303815065e-06
0.9997621298506172,0.00020429224063360868,2.9324744939375447e-05,3.496775325876874e-06,7.563884840107085e-07
0.08975834477133264,0.37149427179109284,0.5361805106089536,0.002418747564725327,0.00014812526389572608
0.07202418624083297,0.9176453504337557,0.009902151508661815,0.0002881661134611161,0.00014014570328836742
0.00020137216142369126,0.028812034026879242,0.9610030033782019,0.009951882078894888,3.1708354600306436e-05
0.9994598418078058,0.000475724548240926,5.758931180996268e-05,3.2966782206018808e-06,3.5476539226546204e-06
0.009040855207984613,0.9813143649884914,0.008830030708830804,0.0005370855611326246,0.0002776635335606566
0.4541789522531555,0.5421671104872124,0.003575409884331258,6.535312250502008e-05,1.3174252795745465e-05
8.913304235694602e-05,0.00016374936132822155,0.007176298670779137,0.8965661402766455,0.09600467864889008
0.9899361372681634,0.009839795687932274,0.00019692622983402236,1.9819783505971034e-05,7.321030564282608e-06
1.6747857539158712e-05,0.0011180274929801033,0.9971472729787362,0.0017152065804171318,2.745090327258871e-06
9.814829453186371e-06,9.365173295672688e-07,2.136373689079113e-05,0.00026337222557310663,0.9997045126907534
0.23045922518872808,0.7565490705432044,0.012849174196433433,8.07168895865157e-05,6.181318204760434e-05
0.03889414139904946,0.7196853704533451,0.2406660496210319,0.00037348407160579144,0.0003809544549676359
0.0002857519608116376,0.0005261129291299392,0.01399738371488142,0.9227382286745789,0.062452522720598105
4.929381451014771e-05,0.005338845729127847,0.9937243265966574,0.0008866559910518953,8.77868652789182e-07
0.9853343654648233,0.014391425156385678,0.00022646322305755487,2.7187102402620924e-05,2.0559053330987505e-05
0.0005504417488355358,0.4856362746915842,0.51346201841251,0.0003493225646806465,1.9425823895242907e-06
0.9997675048792324,0.00021524525477300687,1.428233549333091e-05,2.392413034032406e-06,5.751174670439012e-07
0.018960152433390783,0.9743590210866181,0.006581534284574551,9.836259279529975e-05,9.29602621283847e-07
0.11933677521686621,0.8664674662532549,0.014031104784234496,0.0001259260966018683,3.8727649042490885e-05
0.9725551263894222,0.0273024668236763,0.00013136406770385855,9.845079744662047e-06,1.1976394530913424e-06
7.372221469128203e-05,0.00019606615876003195,0.6331377313728177,0.36616994299690425,0.00042253725682682604
0.9994458967479757,0.0004791937226789436,6.317459276678886e-05,1.0911355246410345e-05,8.235813321448708e-07
0.0002736397992145499,0.0012107044457964112,0.9066501035202804,0.09162588090046776,0.00023967133424073449
0.0005833457974050235,0.9042858864494435,0.09508496209283669,4.29542154085781e-05,2.8514449062882084e-06
0.9999121619069722,7.55304667347518e-05,1.0164314615793824e-05,1.4755033447892197e-06,6.67808332347801e-07
0.9991009439115011,0.0008545264420697856,3.7482449121694016e-05,6.187426964397751e-06,8.597703430609547e-07
0.001916513028089458,0.6107463037472185,0.3866485889011679,0.0006709203260426717,1.767399748146425e-05
0.957506766533822,0.04218026463969653,0.0002737369846502826,2.5464249028348878e-05,1.3767592802781325e-05
0.9994677399129126,0.0004284442084877517,9.105781424526868e-05,1.150391031449185e-05,1.254154040098588e-06
0.9413034532387066,0.05764565788419343,0.001024489586636212,1.4652011834517891e-05,1.1747278628996385e-05
0.9998522629839157,0.00013290612559796008,1.1171302869477413e-05,3.195710715801059e-06,4.6387690111386953e-07
7.811404390062725e-05,0.0002194715041403091,0.09750492913978777,0.9021849762805793,1.2509031592159024e-05
0.000190805295509287,0.00016789956309203188,0.0802185030466186,0.9130201108623748,0.006402681232405345
0.02719344844057751,0.9651213292967206,0.0076586179039824795,2.2638179136819255e-05,3.966179582718492e-06
0.00047934272685032456,0.03216268227024969,0.9672474623443549,4.8271533918163715e-05,6.224112462680667e-05
0.0004236490197037601,0.0007661734840628567,0.5297587844253085,0.4686894793815703,0.00036191368935457684
0.9987492163873124,0.0010820213328434978,9.018011533279774e-05,7.066756711347563e-05,7.91459739769575e-06
0.08432093143816499,0.8732315962881543,0.04229754071257308,0.00014301690027424766,6.914660833430225e-06
0.7527793332870014,0.24496786395807144,0.002184141982128492,5.282331735550257e-05,1.583745544324776e-05
0.9996010644012361,0.00031700436579204473,4.8968917171945037e-05,3.132146058524783e-05,1.6408552147701609e-06
0.00010170856154113649,0.06919170169326405,0.9252728896419871,0.00543143344788728,2.2666553203793894e-06
0.0003792822368568329,0.6370617799699624,0.36217191699377993,0.0003705397699323228,1.6481029468394556e-05
0.9993526249225919,0.0005146665484037465,9.194144886901056e-05,3.4396361245919e-05,6.370718889434725e-06
0.6392038411420636,0.35421301112994846,0.00650108523752532,6.446801920575676e-05,1.759447125672075e-05
0.9641001616987588,0.035325948762699705,0.00047900319998451726,8.708025636334208e-05,7.806082193659218e-06
0.0005734706918519989,0.08163792478425515,0.9156417752349346,0.0021422074328199705,4.621856138328767e-06
0.9095613328213428,0.08974331088606972,0.000673254029524515,1.0421257796275593e-05,1.1681005266755474e-05
0.05773302414400073,0.8214595289270464,0.12036963069889967,0.00034912153331423146,8.869469673882706e-05
0.0001557148955712904,0.015420591476569103,0.9651727772191919,0.019246382454256764,4.533954410861705e-06
0.302196124591113,0.5077001497527011,0.184478232678205,0.004948878409134853,0.0006766145688459747
0.9825249488489552,0.017379109484264667,8.046351850636324e-05,1.3280638873724687e-05,2.1975094000666402e-06
4.832507913445589e-05,0.0007041792552672679,0.9837554241803115,0.01548377042364618,8.301061640807127e-06
0.06061242572235557,0.9199908269432228,0.0189439169089927,0.0004251954677593098,2.76349576695801e-05
0.9880144642721056,0.011883756430973568,6.993044663673543e-05,1.295259946844802e-05,1.889625081567356e-05
0.004548357081116699,0.8259221884713758,0.16926271091657213,0.00026224312997869545,4.500400956557935e-06
0.03758041567771947,0.9587278109402572,0.0031901163643090744,0.00029830174489423955,0.0002033552728200338
0.999078617831091,0.0008420061514552879,7.150493443186652e-05,5.0159487672524625e-06,2.8551342547016227e-06
0.14950131405632747,0.8462376321139956,0.004223960945886335,3.224587300859709e-05,4.847010781968765e-06
7.794560216565988e-05,0.0024977633461648278,0.992129451911059,0.005284328137222784,1.0511003387818986e-05
0.0004330200253136768,0.003426150677397931,0.251021939183115,0.7448749217312213,0.00024396838295223387
0.9998236423643188,0.00016854085262641019,5.0078621113311e-06,2.515425698757805e-06,2.9349524467829957e-07
0.6616755964394635,0.32922568681979847,0.00896909492871355,0.00011714862429927899,1.2473187725325884e-05
0.0002651112591615109,0.15232064415656216,0.846522751104611,0.0008835008096490649,7.992670016337467e-06
0.0001489429983582373,0.0007357678723230804,0.61656329349524,0.3825402479408615,1.174769321710069e-05
0.2327024801503051,0.7630909910208487,0.004002419263481781,0.00015633634662866116,4.7773218735806437e-05
0.9997335474767591,0.00026001633051286074,3.809461492090103e-06,1.1789237158898877e-06,1.447807519911553e-06
0.0008070946953761941,0.1513021659082878,0.8477690773453495,0.00011879449118979095,2.8675597966427965e-06
0.00017605795469008211,0.0012607566986007766,0.9660859334163074,0.03237468289088546,0.00010256903951620911
0.9998560424354356,0.00011875664104941235,1.9179761257941318e-05,4.341003827593086e-06,1.6801584293204056e-06
0.0005735722534859021,0.16939438255018655,0.7617285314003631,0.06815961961648055,0.00014389417948392204
8.462076352040068e-05,0.00010787617967811713,0.13565335053624344,0.863651189997143,0.0005029625234151243
0.9999026252953215,8.799823657264242e-05,8.76074835449963e-06,4.835410720888541e-07,1.3217867932890298e-07
0.9989403637928674,0.0010218468310327256,3.131630664210599e-05,4.3062278930521084e-06,2.1668415646035717e-06
7.165669117855708e-05,0.00010366411075583471,0.013396125353838153,0.7471025632021182,0.23932599064210916
0.02244056567263387,0.7996815585443227,0.1777025737152609,0.00017090583013314121,4.396237649371096e-06
0.00014058394270589263,0.9542129422097401,0.04442561865401401,0.0012194266316445477,1.428561895327166e-06
0.00025879246410016974,0.0009614224900261353,0.023449207534148017,0.9268026252664177,0.04852795224530802
8.844053499824921e-05,0.0008966917044485254,0.936837322449611,0.062166088776095536,1.1456534846494564e-05
5.2835783668462085e-05,8.544178911415856e-05,0.004027331058922263,0.9925325295948677,0.003301861773427455
0.021604589154849328,0.7194411631131153,0.25540257431728336,0.003099778645579374,0.0004518947691727358
0.9679491871702136,0.03190137346610867,0.00012157903023216066,2.462842262941092e-05,3.2319108159634207e-06
0.9903565362963602,0.009335230566039762,0.00029232759480528694,1.308961560519804e-05,2.8159271895769902e-06
0.09928541496946743,0.8600386968681334,0.03990528872978219,0.0007277038070345554,4.2895625582452236e-05
0.9613497130495172,0.037349676743399604,0.0012185845593210005,7.832163681784725e-05,3.7040109442894065e-06
0.00012045847438947169,0.00015382176490741194,0.030592318487614532,0.9055427447484857,0.06359065652460279
0.9987906596779423,0.0010830889174158161,0.00011450395543742045,1.0864542597126126e-05,8.829066072882833e-07
0.9994236711322974,0.0005602331623453936,1.252580404250958e-05,2.8744540959557227e-06,6.954472189990169e-07
0.0016917591139376748,0.9758124586865473,0.022154595664212372,0.0002882665248421753,5.292001046032207e-05
0.00026586103415215647,0.017603979924213784,0.9820178718833881,0.00011043073990383239,1.8564183420423935e-06
4.985116694577519e-05,0.00011311990326089596,0.027932729787308545,0.9716666054834568,0.00023769365902789454
3.6473382244969104e-05,0.00017841719053588904,0.053683765843742196,0.9456407014660562,0.00046064211742070373
0.00010050308730076025,0.00022524851092190293,0.831708718310626,0.16789141767537102,7.411241578023298e-05
3.6788344524665084e-05,0.00013530042603778037,0.0016477465902888517,0.9967496944143504,0.0014304702247984365
0.09782942480030243,0.8628518851797746,0.03625836601138979,0.0028570593572480063,0.00020326465128504465
0.013131012233151386,0.9786011065411878,0.008205525574807807,5.931664261550291e-05,3.0390082374433296e-06
0.0147464520300245,0.19986387356520696,0.7763836860264813,0.008774443497684593,0.00023154488060269748
6.44108631253192e-05,0.0002678277394009023,0.974351652408027,0.025311147975764888,4.961013681777887e-06
0.3470250433306642,0.6035118816533477,0.049078564424292516,0.0003662852336569209,1.822535803866964e-05
0.0001785787628566672,0.0004941371473046183,0.9977058456959922,0.0016191435819966533,2.2948118497837428e-06
0.999822218504472,0.00014840967797735612,2.6404443185537456e-05,1.7412292167141395e-06,1.226145148642776e-06
0.05485447196492421,0.727494084322316,0.21695244636633096,0.0005649971680269537,0.00013400017840178285
0.09412633012069706,0.5924629610659583,0.3090708769933876,0.004283343972971578,5.6487846985598434e-05
0.00011430541163532278,0.0006764282046993962,0.911405631035524,0.08779234694521204,1.1288402929023545e-05
0.0002335639477534676,0.0007639866355419455,0.8077668410733999,0.19090223882111934,0.00033336952218534447
0.9988369663277403,0.001125307641108713,3.453959717517045e-05,2.592855982846762e-06,5.935779931131282e-07
0.0028876368441724974,0.943467184738012,0.05302230381098353,0.000612918762713492,9.955844118173076e-06
9.600128651569742e-05,0.001594719835892197,0.1034022055073294,0.8944494314442749,0.00045764192598769825
0.9996612505239757,0.00030409795298131704,2.742646529743514e-05,5.428054930074193e-06,1.7970028154671663e-06
0.9966651321056845,0.0031481848535225695,0.00017698489989086184,7.647622251323403e-06,2.050518650601108e-06
0.00047931531104483004,0.11169775200398285,0.8875637636419612,0.00025587605381145593,3.29298919964337e-06
0.00109032209456852,0.22448433575498863,0.7630499897142219,0.011022186040387067,0.0003531663958340199
0.8362200381709148,0.15584183870023618,0.006662550808032161,0.0012496203399859295,2.5951980830712117e-05
4.2542442674242837e-07,6.930617419648405e-07,2.8483744984713846e-06,0.00010062236749765095,0.9998954107718352
0.0001701279673912035,0.00397207201954535,0.8311948465006105,0.16461355623772833,4.939727472460564e-05
0.9871853774517725,0.012792731932742732,1.8341844982692384e-05,3.2000866513264978e-06,3.4868385059928805e-07
0.006644111587314712,0.9774895774715746,0.015685139000182736,0.00017728695529639523,3.884985631527104e-06
0.9998979759377633,8.870365630293361e-05,9.691208132099272e-06,2.3573258340541442e-06,1.2718719676340655e-06
4.699806472343134e-05,0.00019810352300242553,0.37841934049834536,0.6213283518298476,7.206084081114436e-06
1.293032437625299e-05,2.235704579995845e-05,0.0007489613429254503,0.03358994476974843,0.96562580651715
0.9999472709893364,4.355014725551213e-05,4.9789158659105225e-06,1.7554976834513618e-06,2.444449858507374e-06
0.0040254634885698035,0.7992323069356196,0.1943898143799144,0.0023454261071120604,6.9890887839462885e-06
0.0016623414598521443,0.9758111142098729,0.022459213805295922,6.285091661926761e-05,4.479608359801825e-06
0.0007289822351267843,0.09240978394739256,0.7552181587017054,0.15152799664498787,0.00011507847078741282
0.00013786649091376135,0.0005554422049319797,0.05167728042213126,0.947566908240557,6.25026414658394e-05
0.5707372499960135,0.42861360982317337,0.0005302351873690931,9.547442431450272e-05,2.343056912942774e-05
3.821554976212099e-05,0.7397214241730977,0.2599500819985688,0.0002886432297379529,1.6350488334058974e-06
0.37850590850973026,0.39599544651824187,0.1952943486810138,0.030152730645626,5.156564538802008e-05
0.611202013145461,0.3743965642458843,0.014050305541582717,0.00011729181831659893,0.00023382524875535592
0.0020540863070184004,0.9547329265815587,0.04247073532034409,0.000737918734933589,4.333056145333531e-06
0.0002369523479063028,0.0006253195737438044,0.12238791763623076,0.8766552244744301,9.458596768904725e-05
0.00048367118708697143,0.0012644087345673844,0.2001163861122407,0.7978671939493048,0.00026834001680022234
0.9967749862964369,0.003094651039455113,0.00011072814756847528,1.4351212558618724e-05,5.283303980738781e-06
0.00013766248680461489,0.0003439024758482498,0.9407986927573672,0.058606207027227714,0.00011353525275216978
0.0002097560344128274,0.869950325400995,0.129712419187045,0.00012389802530086852,3.6013522463001924e-06
0.0003285166795173257,0.005449472460540535,0.9787002175051343,0.01551817918362011,3.6141711877120335e-06
0.000237233412264578,0.016504974450329012,0.9778921276216858,0.0053546798531037875,1.0984662616978642e-05
0.0014511412162211302,0.6958297300310232,0.30228627326955093,0.000430930551157842,1.9249320468321353e-06
5.361945934310323e-05,0.00034997925836178514,0.9444410072292744,0.05515056308867189,4.830964348898274e-06
0.0005785519339120468,0.0043185254303717835,0.36888085928525677,0.6147218907189788,0.011500172631480798
6.683400073071673e-05,0.00033825373857252633,0.04336761947194391,0.9531473987812641,0.003079894007488787
6.197011987223013e-06,5.998921942274786e-06,0.00026626031972675087,0.003818578692363891,0.9959029650539799
0.00014225053829177367,0.0005290069186669232,0.807482498743971,0.19183019454132408,1.6049257746146913e-05
5.820696469006283e-05,0.0004502795898532448,0.0023430274258542626,0.8855213949842349,0.11162709103536751
0.9991677789663507,0.0007511157346087968,7.197423717701331e-05,7.780593493716137e-06,1.3504683698990327e-06
0.0014039940187020288,0.0006937357205278246,0.09735922892355774,0.7541951267968324,0.14634791454037996
0.00010010331837354571,0.00015721740805063096,0.5556562984257953,0.44403006657054644,5.63142772340326e-05
0.9994962454416664,0.00045792402640992136,3.3941576940598546e-05,6.798002681575268e-06,5.090952301354973e-06
0.026560791175743795,0.9588704703410971,0.014524255852236248,3.7548899001100404e-05,6.933731921754392e-06
8.906561030342032e-05,0.0002684706919948528,0.03535810556784626,0.9634113343799849,0.0008730237498705862
0.9465155566413769,0.05256170710566111,0.0008527372310915441,5.6862973031019634e-05,1.3136048839275154e-05
0.0005665590023954852,0.00033769559925299987,0.19139872948767994,0.7937469369526599,0.013950078958011716
8.001141110284543e-05,0.0008480503225449223,0.12553990671312085,0.8735040444696659,2.7987083565423686e-05
0.00035955561855089183,0.24098361605258015,0.7582567977173423,0.0003616754180057528,3.8355193520724254e-05
0.9992630358921969,0.0006953381222771426,3.0960513379099074e-05,7.359048303561009e-06,3.3064238433306207e-06
0.648889171742306,0.3355583010112876,0.015192469057506607,0.0003093624881053694,5.069570079446301e-05
0.9998534826606673,0.00013633247572523231,8.258555403551298e-06,1.3384209588079758e-06,5.878872453021091e-07
8.059822273823628e-05,0.0007525135391104348,0.09793679492712457,0.9001354066570385,0.001094686653988286
0.005072572957501729,0.7025421550452351,0.27821955058393344,0.01378603747063939,0.0003796839426904318
1.7488143732937325e-05,4.112906591646195e-05,0.0013610881813488674,0.08530677135528429,0.9132735232537175
0.43985688214214147,0.5301012454264982,0.027324847914981992,0.0026503121707575497,6.671234562086798e-05
0.9997440650495838,0.00021326917792121076,2.3437288768057686e-05,1.822987323070677e-05,9.986104963460414e-07
0.00013251862337746923,0.0009810990360947284,0.7575655057254224,0.24130368848909192,1.7188126013536847e-05
0.7895326866529118,0.2006924070800707,0.009715172484686757,4.559776298964431e-05,1.413601934118047e-05
0.017248112883016253,0.8808399545131659,0.10099760440297982,0.0009095908489367467,4.7373519014857095e-06
0.028776500866215013,0.9451788513122276,0.025830005116792322,0.0002008619087760179,1.378079598884914e-05
0.0014599732897213735,0.788170729925657,0.20839503011813687,0.001926648050118152,4.761861636660059e-05
0.10158649264017987,0.6897237474209769,0.20278352885613027,0.005175416619677098,0.0007308144630358282
0.0007687145016574393,0.6183104017512042,0.38039014684882094,0.0005237744830561881,6.962415261205681e-06
0.0005595897189842696,0.16973329543227753,0.8283543332593505,0.001343102982160265,9.678607227414187e-06
0.9991351874311452,0.0007810751419255038,7.557280822528297e-05,6.730090555412066e-06,1.4345281485245264e-06
0.0023087531490132325,0.9187818339124413,0.0786534039671114,0.00024270164146634562,1.3307329967858999e-05
0.8917521032006092,0.09960795468857833,0.008398245235607865,0.00021212240387673617,2.9574471328019635e-05
0.00012890495775123238,0.00020866539254858532,0.3143675732983728,0.5941815693318221,0.09111328701950545
0.012834990265050123,0.9787097929859543,0.008382713666567322,6.875041938122458e-05,3.7526630469229462e-06
0.026846221073060027,0.9704960746582049,0.002141779895724127,0.0003177292774555177,0.00019819509555522974
1.591357973415476e-05,3.359091464757979e-05,0.0007947816606857749,0.04601155042885512,0.9531441634160773
0.9997956176457544,0.00016889092145185274,2.3873742952182052e-05,1.0406637589039133e-05,1.211052252277922e-06
0.06380083361015418,0.933352538703152,0.0026847835884428856,0.00010471097940728027,5.7133118843683365e-05
0.9960909290536811,0.003762974841273248,0.00012834078023576874,1.6240853535404817e-05,1.5144712745673154e-06
0.0053012672651130245,0.9898223112942625,0.004805181630671831,6.878027215835593e-05,2.4595377943824748e-06
0.885931772721376,0.11335801701737615,0.0006038442135657783,4.54579682088191e-05,6.090807947320529e-05
0.999665077938533,0.00030641971114055724,2.2379101929424377e-05,4.910735907064699e-06,1.2125124899100119e-06
0.00011875918651623657,0.03638730993401009,0.938315531065931,0.0251652393992145,1.3160414328171218e-05
0.0011165336795363157,0.078592260858449,0.9172196759913077,0.003041507082509281,3.0022388197711706e-05
0.0009025700639683664,0.010270373659268254,0.29840709224998935,0.6903011030159518,0.00011886101082224226
0.9984782609112864,0.0014790524008279847,3.1529403653444683e-05,5.675337447805189e-06,5.481946784119821e-06
7.393960394045418e-05,0.01962286516433955,0.9799763535440291,0.00032178836073785353,5.053326953173581e-06
0.9998384515689848,0.00014152763698503914,1.4188329268259157e-05,1.610419256465689e-06,4.222045505567778e-06
0.9968581441131792,0.0026678327781794083,0.0004638046518045366,8.929780397587652e-06,1.2886764390688604e-06
7.510239059703505e-05,0.00028671129628212084,0.009570704154313527,0.7396971844072384,0.25037029775156894
0.9995459806724709,0.0004066895558677851,4.500241206622101e-05,1.9671301915741593e-06,3.6022940364920035e-07
6.188009494979644e-05,8.765792478996371e-05,0.9356835266470477,0.06404135313264692,0.0001255822005655389
0.0006143139557504925,0.031226662492597018,0.9559391601333441,0.01221110529981496,8.758118493536651e-06
0.04163212165365537,0.7925575210552185,0.16550012126328725,0.00021847638488841254,9.175964295058397e-05
0.13480524544521164,0.8550275893062343,0.009825751400143825,0.00032809875100685455,1.3315097403245771e-05
0.005329057594241341,0.8516490271758799,0.14182838337787096,0.0011798060490877224,1.3725802920023776e-05
5.374175703115034e-05,0.002055128311598777,0.9935938341284819,0.004287997414834836,9.298388053414265e-06
2.6736220936705474e-05,6.353282061873211e-05,0.006064208768161468,0.9886021165697025,0.005243405620580719
0.0016709785414477619,0.05261239287281911,0.945581692001254,9.794987327004792e-05,3.69867112091304e-05
0.821093282865878,0.17743474524055813,0.0014366296019277776,2.4457698351119943e-05,1.0884593284915964e-05
0.0009905792829888126,0.7857527426292927,0.2128618962284736,0.00038571382519909085,9.068034045551165e-06
0.010702748200265637,0.8952734583990658,0.0913158319293737,0.002508589965312204,0.0001993715059827901
0.9967034643111472,0.002969449125836849,0.00027463150799573256,4.524541569735867e-05,7.2096393226178535e-06
0.00020815395687163443,0.0004949586160792423,0.1947523763082524,0.7990328499313838,0.0055116611874129655
0.9536076531971979,0.046094127187534854,0.0001906825820114776,7.882819483448032e-05,2.8708838421287472e-05
9.855582726243857e-06,8.965692985529605e-06,0.0001809564815265022,0.004759581683105794,0.9950406405596559
0.013181871730906977,0.18918366803808304,0.7814356306270989,0.013700736676436003,0.0024980929274752333
6.59557600806827e-06,9.396012056674597e-06,6.64477661923049e-05,0.008444004250499335,0.9914735563952436
0.00011767236918123434,0.0028921673928894594,0.9489904002085054,0.047996550683485156,3.2093459385625623e-06
0.0006542988403415028,0.2811794844657206,0.6982056004603149,0.019945538463262007,1.5077770361063241e-05
0.9983897110103928,0.0014923651758203217,0.00011351025732278868,3.4357415118623243e-06,9.778149523683048e-07
0.9983739900747763,0.0013329664230417341,0.0002030715407112624,7.743865195967166e-05,1.253330951090722e-05
0.00015165488810123484,0.036655413186378605,0.8505743726785644,0.11259278157063525,2.577767632056592e-05
0.9994975809797798,0.0004881027618424108,1.0960833400193086e-05,2.0518030485098885e-06,1.3036219289549922e-06
0.00017021630405128886,0.0003243028671206602,0.5249073563726511,0.4745753808752422,2.2743580934815988e-05
0.00017111252393838398,0.017851676727098746,0.9783045377069082,0.003670743718530158,1.9293235244958862e-06
0.0015695283642051102,0.0065293900908719735,0.32414456463747393,0.6645685317963498,0.0031879851110992135
0.5207822797692968,0.4595467998668612,0.019368007549481012,0.0002575396161466205,4.537319821434343e-05
0.0018126262346706665,0.884010550347859,0.11397153305414022,0.00020083440233247945,4.455960997502468e-06
0.9996721179338975,0.000295124548780775,2.4854011820789867e-05,7.234098784279271e-06,6.694067163635408e-07
0.9992830237002073,0.0006599844986177943,5.207448307967773e-05,4.10472622122857e-06,8.125918739632775e-07
0.0005112572667543132,0.5402676574677246,0.45222161298171076,0.0069764827013759955,2.2989582434334536e-05
0.0014594253403496375,0.29154555129157633,0.6945112531163579,0.012451572309283324,3.21979424327406e-05
0.6828067377499838,0.2941817541882557,0.022924876488239772,5.511807501449607e-05,3.151349850614566e-05
0.9993484343676197,0.0006046419057007804,3.131528705274524e-05,8.384402804659129e-06,7.224036822032275e-06
0.00011208068001312618,0.0004578701995911615,0.1723836462315248,0.8270201163113096,2.6286577561248954e-05
3.1028119750225003e-05,9.399372943158014e-05,0.007197615949881245,0.9923213069333817,0.0003560552675551764
0.9995371475912102,0.000394571901873862,3.708676290601196e-05,2.8373236155294258e-05,2.8205078547815635e-06
0.8521505419649147,0.1462985499009492,0.0015216795018005674,2.3375665733469405e-05,5.852966602206366e-06
0.8605107656824792,0.13609471456449307,0.0031154107452786616,0.00022417084763297996,5.493816011620053e-05
0.07919058589535714,0.914532279467614,0.005664229719561537,0.0004079840535390488,0.00020492086392824896
0.333268996613908,0.6379236167262574,0.027128817441241744,0.0015783740581478088,0.00010019516044497415
0.9996869758100395,0.0002450880153492175,4.743623954279873e-05,1.6843393290773153e-05,3.656541777490771e-06
0.03117968665260883,0.8992662950046306,0.06924401265774914,0.00016637998457093677,0.0001436257004404042
0.015378198529999764,0.9596292533140948,0.024510508221736938,0.00039989049079126144,8.214944337726149e-05
0.995114939091604,0.004433635648789571,0.0004235937878521378,2.5370270854853604e-05,2.461200899612374e-06
0.9995556844073529,0.0004072314769887009,3.237830312457399e-05,3.6625258200806656e-06,1.0432867137126622e-06
0.7180690165678959,0.2775324205304808,0.004222079190934131,8.01027800947969e-05,9.638093059441504e-05
0.004862349048459457,0.5167600882347233,0.45465940653587816,0.02368643616096407,3.172001997502447e-05
0.9964900388374333,0.0031273283316941504,0.0003464040672914233,2.7343178151714693e-05,8.885585429656225e-06
9.72665498141844e-05,0.0005478178873425553,0.1235423489098826,0.8755508100452851,0.00026175660767546125
3.3911144512654284e-06,7.33741923800272e-06,0.00035873697350211677,0.016886346605065022,0.9827441878877435
0.035852974925743526,0.8880939836839333,0.07578780921868583,0.00025200930429461146,1.3222867342616047e-05
6.446409005641057e-05,0.0001040933935664972,0.002451348663175156,0.4755191594011169,0.5218609344520851
1.0699463778081618e-05,2.2552888513818252e-05,0.005449829102895023,0.41635401692700125,0.5781629016178119
0.9997818969595929,0.00020581670920692704,7.5660957575024515e-06,3.6100863416886694e-06,1.1101491007889447e-06
0.00014958541413750344,0.0005354549562602419,0.009052536801541968,0.9864022071596185,0.003860215668441639
2.777796166348539e-05,0.00012313929797315456,0.00033287435470129274,0.5136541838246828,0.48586202456097927
0.986614404580733,0.013059509961207225,0.00028358370024944725,3.9704159055829784e-05,2.797598754538233e-06
0.00011298430123179091,0.5887573319377021,0.4105511891958811,0.0005770209702040222,1.4735949809684703e-06
6.700975716437504e-05,0.00016559305721598085,0.0315218780105209,0.9431562224933149,0.02508929668178382
0.012044991531472335,0.9077688509826829,0.07984645497121741,0.00031796122942153,2.1741285206017587e-05
0.002239657501441003,0.9813515250722864,0.0162255803541828,0.00018102521679296766,2.211855296719209e-06
0.9564097234198615,0.043127439613915075,0.00041042662858380694,2.4373196297265327e-05,2.803714134234457e-05
0.0005954765390192837,0.28420504155046417,0.7124613395282384,0.002712454451901457,2.5687930376676094e-05
0.02333883232861807,0.9733352883547407,0.0031915452397851016,9.48281479746366e-05,3.9505928881392683e-05
3.196296331491057e-05,6.787049599905904e-05,0.7575406180628175,0.24233743116883505,2.2117309033536146e-05
0.00011998226659144546,0.012754441211921132,0.9457232840712877,0.041391336300529845,1.0956149669868306e-05
0.015768352887957755,0.9107095986048748,0.07295025429833536,0.000564295353559316,7.498855272654496e-06
0.00014068508765973888,0.07425367548357557,0.9245279827373923,0.0010706205306144766,7.036160757903516e-06
0.044592038518304684,0.8779388984963817,0.07655643988564723,0.00083432012483012,7.830297483631509e-05
0.262732268225121,0.6525210716453793,0.08396527233353407,0.0007471077491236023,3.428004684221855e-05
0.0001024111442760079,0.01456350365136734,0.9836190893591386,0.0017034968774997325,1.1498967718459493e-05
0.999640011846313,0.0003341144020286926,2.1834892442797276e-05,3.1769230065468617e-06,8.619362087755421e-07
5.012328213384444e-06,3.433000829613372e-06,0.00014934225485890086,0.003395355086969366,0.9964468573291286
0.0001856125337875911,0.11124546905565055,0.8867938493250344,0.0017688746151135531,6.194470414146092e-06
5.770209390820191e-06,1.240611921643197e-05,8.104892733092967e-05,0.004708500369942389,0.9951922743741194
0.014164474292732102,0.3664818596932873,0.6169905901424181,0.002217211553155563,0.00014586431840688907
0.9997156969432598,0.00027406388177674543,6.891156974706928e-06,2.1024018332739696e-06,1.2456161554959647e-06
0.00014876925427606335,0.11274895082472892,0.885946178734115,0.0011542056482977071,1.895538582181347e-06
1.5317140471575086e-05,2.026702002837947e-05,0.002374799891272036,0.9952237915050463,0.00236582444318192
0.006876481789416362,0.7391504690516569,0.2537496625876474,0.0002107138640783038,1.2672707200896814e-05
0.8396814233967322,0.15857400140278724,0.0015915713589261125,0.0001478349123331665,5.168929221143278e-06
5.850972153971922e-06,7.41966017735137e-06,0.0003449947170127994,0.006488522896577971,0.9931532117540778
4.623510181131861e-05,7.438678957730182e-05,0.08810178232362004,0.9116646630883428,0.00011293269664852262
0.1716390128793261,0.5924915294825497,0.23328951177144772,0.0016372882018535159,0.0009426576648228529
0.022860935061973505,0.9758858676529738,0.0012110149174247853,3.905905578296241e-05,3.123311844649333e-06
0.9998854162853733,9.115531967874538e-05,1.9461676309383342e-05,1.912632875098398e-06,2.0540857635242936e-06
0.00016880388360154634,0.0045955853808476756,0.9317058123765517,0.06341663689845188,0.00011316146054701912
0.9961271924366036,0.002578217721024675,0.0011074947369800424,0.00016451007399538833,2.258503139627421e-05
0.00010018212819096397,0.00042608795693349535,0.9735752729492266,0.025870118492128745,2.8338473520133174e-05
0.21604991476375252,0.7265764738690699,0.056901726393742275,0.00029725968868024024,0.00017462528475522876
0.00011049246791391707,0.00042161388471760586,0.3447534252769163,0.6547108282339015,3.6401365506582805e-06
0.00018920621752253336,0.9755904005532416,0.0242032643051876,1.6346384544464945e-05,7.825395036500836e-07
0.9965159644368545,0.0033487035824782724,0.00010819643374840885,1.921835785122709e-05,7.917189067643051e-06
0.9997299832904404,0.00025129511103955793,1.4136473650777714e-05,1.990934762749922e-06,2.5941901064628217e-06
0.16043782706840523,0.8176286351720495,0.020579728679653245,0.0006932550976400328,0.0006605539822519581
2.1339987779020295e-05,5.936143252858988e-05,0.0021509445785988577,0.914941336510122,0.08282701749097166
0.7067789959202087,0.2905165819701939,0.0025873639038672975,9.852289504203895e-05,1.853531068800603e-05
0.0002904368692016371,0.00037752286750581944,0.33707089199272205,0.6595630448876817,0.0026981033828889895
0.0006109742353965521,0.10297839003831,0.8949685777742007,0.001434205244650925,7.8527074416623e-06
0.9888430568724066,0.010832215457887385,0.00017669611431105837,0.00013348713462856733,1.4544420766583544e-05
9.051992039752003e-05,0.006002714055577821,0.9921193430803671,0.001785481037452973,1.941906204558131e-06
4.869867334986872e-07,3.174321626631791e-06,8.681233340649351e-06,0.0003057145399909836,0.9996819429183081
0.6987207586845073,0.1733184074592847,0.12738486387065043,0.0005519968501891986,2.3973135368323222e-05
0.9992000758672102,0.0007697405593483008,2.3361887578966483e-05,4.7866228497819785e-06,2.035063012684849e-06
0.0005682848011068155,0.9451902798902571,0.053875648861419594,0.0003625615531601655,3.224894056420346e-06
0.007026743374663553,0.8349493863685894,0.15772273750622096,0.00028358959559480785,1.7543154931288276e-05
0.0001291946429557825,0.00025904827554269576,0.017363968073398423,0.8371247475508059,0.1451230414572973
0.00037518332872609074,0.06078818189301771,0.9371082395945544,0.0016724667547061776,5.592842899582078e-05
4.041654467396653e-05,3.55989196013841e-05,0.001134809227212535,0.042281266271127486,0.9565079090373847
0.8253994080560356,0.1408557243470345,0.03343227426891933,0.0002433620809147511,6.923124709586863e-05
0.9996626065159551,0.00031677322132181316,1.7806331668986487e-05,1.8958368001724339e-06,9.180942537845554e-07
0.000314671843363546,0.3652996514588875,0.6323600263031741,0.002008863868948169,1.6786525626648884e-05
0.08102454139309012,0.06107299256276518,0.8566889435136408,0.0012070994069429595,6.423123561121714e-06
0.514004453393986,0.4560127950544854,0.028241622285864357,0.00048636215625337537,0.0012547671094108195
0.9994524208786817,0.0005284102512440918,1.218678760615333e-05,3.7443608753194146e-06,3.2377215926203694e-06
0.5373324871053287,0.451212365013399,0.008962698705200932,0.0014886053613365241,0.0010038438147348494
8.427900794729634e-05,0.00011454563443339111,0.001275241540167896,0.5540741220678971,0.4444518117495542
0.9984526886733569,0.0015324997068818162,1.091649340782085e-05,3.50424378373795e-06,3.908825695324763e-07
4.6413038429184587e-07,6.914359466499439e-07,1.1955082073770616e-05,0.00019135857981918546,0.9997955307717761
2.39855884613816e-05,8.095246121735839e-05,0.005307561372458575,0.9945552671120378,3.2233465825036925e-05
0.8690067243801832,0.13062438905433227,0.0002546957761246241,6.36504138075447e-05,5.054037555238169e-05
0.00019219524829652344,0.0002599058871642273,0.06852670901177103,0.930681735232567,0.0003394546202013109
0.0003209682151647426,0.010130585425519121,0.7576453975654076,0.23181781324981107,8.523554409751806e-05
1.4964730022902695e-05,0.00010086505558677386,0.030319007449704748,0.9694337937700056,0.00013136899467989437
0.00014635196639485335,0.00780659728818776,0.7408805645052355,0.2510021855766502,0.00016430066353173494
0.5271517642969804,0.42836306883652897,0.04441889181774935,5.588099957470616e-05,1.0394049166509811e-05
0.0002253594556440941,0.0004379852577219421,0.013095968357274059,0.5631600261892497,0.4230806607401103
7.732766191899859e-05,0.005140965953410821,0.9287471461831247,0.06602866282072428,5.8973808211992055e-06
0.5129260117657736,0.4774158820340044,0.009445908367261264,0.00018795696431431327,2.4240868646522267e-05
6.968027906171799e-05,0.00013921680645298184,0.9120599454714055,0.08767280992283537,5.8347520244605386e-05
0.0008479283031078748,0.39790445451033246,0.5954791922738407,0.005727611202659479,4.081371005934405e-05
0.0005647421336660697,0.7094393469226251,0.2896261307306459,0.0003663088834826834,3.4713295802372927e-06
0.999181000429934,0.0007348270900058908,7.768361000227048e-05,4.830761596918744e-06,1.6581084607912497e-06
8.226692271533963e-05,0.001523526278985093,0.9840974799562594,0.014288463308172695,8.263533867496013e-06
0.00019203939121003252,0.003051147058193766,0.8191726622425042,0.1774742266585144,0.0001099246495775114
0.9990064270685465,0.0009493292765775446,3.5043075448104236e-05,8.136075931498048e-06,1.064503496302369e-06
4.1685533740172704e-07,9.75340496977572e-07,3.128949375681363e-06,5.21374872551448e-05,0.9999433413675348
0.00010367988855450707,0.0005348329285211933,0.2532124887910136,0.745446057976729,0.0007029404151816462
0.0005146804678175856,0.7393335013960026,0.2584249139667945,0.0017122148007475706,1.4689368637679924e-05
0.00010499882283361192,0.0005003957122320334,0.058273554703853786,0.9400123972965555,0.0011086534645250274
0.0002521416109292312,0.01612467475272601,0.8759983858398366,0.10760537058485765,1.9427211650401824e-05
0.2994100554236486,0.5140406458398815,0.1862174356042455,0.00023770748570262006,9.415564652168169e-05
8.971062518392585e-05,0.011123239165199758,0.9878821228827236,0.0009037168757869262,1.2104511057895402e-06
9.442405660637181e-05,0.0003118878517202037,0.4377589854935638,0.5618130141368927,2.1688461216857925e-05
2.2441623989899777e-07,6.560592958655983e-07,3.385694991353305e-06,0.00013115823856691642,0.9998645755909059
0.9998308491728689,0.00015548063772462319,7.755948120808998e-06,2.934931654667644e-06,2.979309631126217e-06
0.0044099453761989845,0.7151773936874743,0.2733314064873011,0.007034458327029799,4.679612199577951e-05
2.980748196300164e-05,0.00010364543615192934,0.0005246512607818775,0.59026676920546,0.40907512661564316
0.998490935576147,0.0014792840991157677,2.053060715757527e-05,6.570341129427022e-06,2.6793764502330696e-06
0.0017327901499895441,0.36631761499328686,0.5190638486880111,0.11268926803400318,0.0001964781347092099
0.00010969937512344429,0.05660552697646435,0.9431149204489235,0.0001684250102279146,1.4281892608244461e-06
0.4068207031111789,0.5892402469145642,0.003844314235656469,8.958656003664059e-05,5.14917856377239e-06
0.8664149755382403,0.1333311938365515,0.0002247087117236089,2.6363715781114276e-05,2.758197703546062e-06
2.701669856055046e-05,0.25183486216063783,0.7478371860275348,0.00029960958934682665,1.3255239199482999e-06
0.002475681785664673,0.8952355310587076,0.10203977278089567,0.0002458286362610958,3.1857384711297224e-06
0.8910167434433852,0.10798555632326239,0.000926430432219707,5.641518576266157e-05,1.4854615369931129e-05
3.401533403936439e-05,0.000188075709990871,0.9968410074535378,0.00293576748857032,1.134013861645152e-06
2.4239810505241487e-05,2.9949744205227304e-05,6.164032211674543e-05,0.05013600945755083,0.949748160665622
0.06740063511727357,0.8686002582121571,0.056522981747068934,0.0071158644592325205,0.0003602604642677793
0.9984208562364653,0.0014729867125449346,8.982856005225915e-05,1.1718646728554345e-05,4.609844208920102e-06
0.0002465137638285618,0.0011498875500515298,0.9924613429134683,0.006140189833418272,2.0659392334633976e-06
0.0004402047531779953,0.0004037294540013335,0.13763675241254014,0.8338349255210763,0.02768438785920422
0.0046871163968467576,0.9735150964340623,0.021741127980051147,5.439173505539853e-05,2.267453984591039e-06
0.00017369582642023186,0.0037247126811491547,0.5727770437470467,0.42322260769776976,0.00010194004761415176
0.00028091204605796465,0.002599154423651062,0.4834990838277303,0.5135493259556714,7.152374688926011e-05
0.00021359153076518545,0.6912723335163083,0.29755737812560545,0.010943888165711527,1.2808661609451454e-05
0.9733588078925409,0.026109151514561616,0.0004857537863350328,3.448178468182286e-05,1.1805021880756163e-05
0.30327744670375295,0.6726233038440106,0.023010369459369583,0.0010526139294448219,3.626606342199899e-05
0.9997533821878517,0.0002252992954304838,1.7677683192511323e-05,2.072123677660645e-06,1.5687098474732074e-06
0.9856488409864249,0.013906956740632869,0.0004365867440217016,6.754353158957689e-06,8.61175761593474e-07
1.4955742266261584e-07,5.414636235658668e-07,3.0891551784616794e-06,5.7559163001101666e-05,0.9999386606607742
0.0004469120844179719,0.0047852843206281645,0.05973812213135922,0.9305440634241274,0.00448561803946715
0.0003026251863092597,0.009573388657285376,0.5906550287099054,0.3993578854498186,0.00011107199668150741
0.9998827687391983,7.704461865046686e-05,3.631775133000082e-05,3.0870836633492365e-06,7.818071578724602e-07
0.00011037947038804184,0.0006065485399906356,0.9876676933671352,0.011613053764490138,2.324857996003374e-06
0.10772901140136533,0.8423591040703267,0.04916742080266687,0.000668228591848262,7.623513379302683e-05
0.00036992404329467236,0.3084005099197122,0.6887904913519591,0.002430813661108405,8.261023925667304e-06
0.9958825232446166,0.0036924960121358544,0.0003439009097844784,4.615333294904984e-05,3.492650051405146e-05
0.9994787087415553,0.00045150645426163586,3.89387171711486e-05,2.9153573753163615e-05,1.6925132588826775e-06
0.0006068210032419902,0.0023834429234071168,0.983029925906958,0.013969266910138237,1.0543256254564125e-05
0.6364772655353224,0.35488897008411263,0.00833715892552974,0.00021991372184118185,7.66917331942226e-05
5.384710957864736e-05,0.00031135991989344623,0.07869016877815202,0.9208814443954576,6.31797969183094e-05
0.004079129863444981,0.8913613264806785,0.0978203161450796,0.006616937542765887,0.00012228996803125035
0.6516487832220219,0.3459032274652179,0.0023618572983739503,4.452154778306999e-05,4.161046660327033e-05
0.00042897657550826086,0.0005149756412163475,0.006764624978645873,0.820074291239035,0.17221713156559465
0.008195547652534423,0.533102478517158,0.4169614099071865,0.04015489287075354,0.0015856710523676986
0.0004128155267355201,0.016328322749893782,0.9060906671027833,0.07714344120117812,2.475341940915643e-05
0.9997563326348369,0.00017515035320985457,6.041121224816376e-05,6.945974138456413e-06,1.1598255666322606e-06
0.00030796204026813334,0.8892955612806493,0.11015611727139758,0.000237329418506287,3.029989178762409e-06
0.9909220360779932,0.008922774201424472,0.0001494933740703872,4.570401646832002e-06,1.1259448650762684e-06
0.9890781798665057,0.010818516225488925,9.399107672421662e-05,6.905420797937071e-06,2.407410483464704e-06
0.9999193060334838,7.815340717025758e-05,2.4489063352400277e-06,7.561547061873428e-08,1.6037540082128278e-08
0.010016500466547888,0.9824491267976743,0.006880310294984707,0.00046600068848880676,0.00018806175230441026
0.00011904720594387651,0.0038083278913304884,0.9777294958954045,0.018314921712808106,2.8207294512957343e-05
0.0012310221136106643,0.7950135534134898,0.20157555848432848,0.002150132692703337,2.9733295867626587e-05
0.0002472394227905895,0.0006242623984786829,0.9666272762209847,0.03247855301333808,2.2668944407953696e-05
0.9993760807467802,0.0005622531275036213,5.766641875210794e-05,3.493601470386084e-06,5.061054937964803e-07
0.24211829322428563,0.754721472524628,0.0030847290086133895,5.029910425929333e-05,2.5206138213851136e-05
0.999682745809232,0.0002909865494299817,2.087552378130549e-05,2.3040496417103966e-06,3.0880679151479863e-06
1.3782417174217298e-07,3.1094837603587883e-07,8.876872117590113e-06,8.64195718905735e-05,0.999904254783444
0.0003427374385853756,0.005027571278403904,0.9862702878914379,0.008356700453765076,2.7029378077668405e-06
0.9989873093483922,0.0008695206056318589,0.00011732815941747846,2.3522670999750347e-05,2.319215558730939e-06
0.9276576968807775,0.07140821322761026,0.0009210698512386671,1.030476341269932e-05,2.7152769610336724e-06
0.9994603719690026,0.0005084818747397672,2.4915415539733046e-05,5.616698372845783e-06,6.140423450203954e-07
0.9455186404766479,0.05425520878494796,0.00020101913456230954,1.959661384577625e-05,5.53498999612257e-06
3.343763332799687e-05,0.02269993445816145,0.9761183546295606,0.0011462211115968474,2.0521673530336777e-06
0.0003610831900620344,0.009711404012502672,0.9190647679603019,0.07085134445751805,1.1400379615304888e-05
0.002700199592275871,0.9782072611052279,0.01902817558339572,6.296164864637104e-05,1.4020704542612528e-06
0.9996016478285735,0.00030999071385763246,7.306006800223551e-05,1.1325799829843755e-05,3.975589736928442e-06
0.9994378011634515,0.0005418382661415924,1.6269563408144357e-05,3.614126239320331e-06,4.768807594535098e-07
0.009066751257882377,0.709283500801603,0.2810192591211558,0.0006213778733630284,9.110945995891264e-06
0.00026134587118223525,0.03502388369857877,0.9551989667069377,0.009457297226688283,5.850649661306503e-05
0.00010484780022175573,0.0014627282993011283,0.2700713309741186,0.7283014652823673,5.962764399133436e-05
0.003093001649729516,0.19146074566738366,0.8047976275810468,0.0006416084217097181,7.016680130256718e-06
0.00015396217015141707,0.003834369835495274,0.9625824917728322,0.03342305732750217,6.118894019089823e-06
0.008574326584172395,0.16715507196627957,0.8237102375345353,0.0004079829576248076,0.00015238095738817967
0.5735167235088078,0.4222912700689437,0.0039912468881145614,9.908863014296432e-05,0.00010167090399097421
0.0001371343936705549,0.030056158780195942,0.9539723306421254,0.015747812395030154,8.656378897797652e-05
0.9988985878776159,0.001054048517973572,4.353317697936755e-05,2.711730568697515e-06,1.1186968623980646e-06
7.316750410255499e-05,0.0009381992623794604,0.986408078444124,0.012569296544682846,1.1258244711194799e-05
0.00013706308351348507,0.0017779836357523706,0.8058688842556926,0.1921537580952488,6.231092979277025e-05
0.9980882105960835,0.001894758355818787,1.5355317564334124e-05,1.3964937063163763e-06,2.792368269767877e-07
0.9965425447993275,0.0032169171046032576,0.00021068983468317378,1.9995323080233757e-05,9.8529383058848e-06
0.000782889996225567,0.026751938820172422,0.9720740965057171,0.0003255073717432388,6.55673061415142e-05
0.18189718680131847,0.6012904626567508,0.07073942357451575,0.1298625456310276,0.01621038133638735
0.3722861979089107,0.6244636231306143,0.003066170765351282,0.00011464071440733688,6.936748071634707e-05
0.0019501668638262218,0.7464661326375173,0.24926053576585408,0.0019505087616603748,0.0003726559711420032
2.9941561072914115e-05,7.719919193307407e-05,0.01750241916290094,0.9810234452960879,0.001366994788005122
7.969093215914663e-05,5.960328535213437e-05,0.12061806281774808,0.8757398006874713,0.0035028422772692956
2.546047902806966e-05,6.92114030186877e-05,0.0005064129264840193,0.8714429405061181,0.1279559746853511
0.00822968516400684,0.062149327582920945,0.9278820347700584,0.001715117229514989,2.3835253498833356e-05
0.00014328775057888133,0.05950663161178711,0.9399371736402671,0.00041149856808757427,1.4084292794559724e-06
0.5970989900874003,0.3370468274347456,0.043455418623730264,0.021645218987024165,0.0007535448670997001
6.138498489164944e-05,0.012340085976878528,0.9846620981582761,0.0029337594801208426,2.671399832907219e-06
0.00014673204762020002,0.0009128945289735955,0.769563989309596,0.22932192591616948,5.445819764060407e-05
0.0006181519784837196,0.0278952406321985,0.967945524495003,0.0035226584398081818,1.8424454506534404e-05
0.8722280599644132,0.1179208619615312,0.009107624781925332,0.000632688169525259,0.00011076512260512176
0.9988906781714051,0.001008088584829969,9.004948141622944e-05,6.608417167707342e-06,4.575345181081781e-06
4.808288246673204e-05,4.660325670451468e-05,0.00371387113258038,0.22464047716855307,0.7715509655596953
0.9998451018279061,0.00013347170281493214,1.791266815826854e-05,2.613534175990278e-06,9.00266944751694e-07
0.21531919093567856,0.7721629515455125,0.012225482596013576,0.00012807436229236182,0.0001643005605030232
0.018570450508571482,0.6251061475542078,0.3499587483158011,0.006251994437189525,0.00011265918423009553
0.9279147436041155,0.07175911873809833,0.0002664497402909318,4.6217213580224776e-05,1.347070391493222e-05
0.9998500773327438,0.00013804812747173148,8.912279947477431e-06,2.695283204629859e-06,2.669766323172673e-07
0.01354264825294358,0.8524625177839638,0.1333919462809757,0.0005479308168254267,5.49568652917146e-05
2.8637251296208703e-05,6.814328051633351e-05,0.001487947724940101,0.15447342949384216,0.8439418422494053
3.247900213456737e-05,3.792268904337912e-05,0.9926572931164268,0.007267952776684046,4.3524157111057605e-06
2.5532338480917904e-05,0.04882674196287152,0.949838984601367,0.001307170273783208,1.5708234974463345e-06
0.001034451509126307,0.0006657096309168004,0.21363834867717155,0.7821305802933204,0.002530909889465019
0.4872100247375784,0.5114089287859528,0.0011858325649055403,0.00014657584634925896,4.863806521400494e-05
0.9968367795384502,0.0028041139235328223,0.00031728149261871284,3.7583421386320805e-05,4.241624011893772e-06
0.00019183869807358678,0.00016304559477828322,0.33725776464298485,0.6623756940948649,1.1656969298424858e-05
0.00012141822404050747,0.00036056170297966495,0.37235537968641025,0.6270891553824325,7.348500413709334e-05
0.9993837720526423,0.0005592560355664889,4.7714956266617145e-05,6.311464763218347e-06,2.945490761289917e-06
0.031221841414228537,0.13685509084412073,0.8221167364693422,0.009218328056114044,0.0005880032161943647
0.4944506647156429,0.5043301332276409,0.000859210056998048,0.0003237897099047242,3.620228981348223e-05
0.00011743457683637408,0.07118590584677585,0.9267173787568097,0.0019721988043071743,7.08201527094949e-06
0.9999016111185227,9.55104469356551e-05,2.4706868958043047e-06,2.877266512441681e-07,1.2002099441901287e-07
0.9989278354435147,0.0010556579255476767,1.2149500391662568e-05,2.5897169403568245e-06,1.7674136056876155e-06
3.8121114836647613e-05,0.00015816686775012631,0.28887545322016017,0.7109232051233678,5.053673885202517e-06
0.9997269963747075,0.0002317732318492474,3.2989029367641123e-05,4.404578370357536e-06,3.836785705224001e-06
0.00012848748575532308,0.047786697092808854,0.9512330796682152,0.000844454184707515,7.281568513085568e-06
0.9997598907982607,0.0002291369088689599,8.27105640636626e-06,1.5079815469798553e-06,1.1932549170226117e-06
1.6148329878445042e-06,3.0506064394920285e-06,4.556373575008739e-05,0.0004640739447853729,0.9994856968800371
0.00033951675943717064,0.00038978857736898765,0.011431772503399712,0.7321470531552857,0.2556918690045085
0.08127163648880088,0.7677343843728247,0.14753926008578372,0.003214586831871665,0.00024013222071893618
5.3687176403786546e-05,0.0014951531595038914,0.9850925968224271,0.013319695729710528,3.8867111954718715e-05
0.999860875270423,0.00013070417591092256,5.122558512435527e-06,2.858426151518763e-06,4.3956900207769827e-07
1.2882700725760778e-05,4.576423302741469e-05,0.00015117069738755152,0.04997004816832706,0.9498201342005321
0.9994769505192492,0.0004948307515508345,2.586198312295358e-05,8.323564001117364e-07,1.5243896770481522e-06
1.5972175888175327e-05,8.239468498819828e-05,0.009617696049684887,0.9900025161284469,0.00028142096099165577
0.013645783654902358,0.6022582588373034,0.3767818877437128,0.007175686662642753,0.00013838310143882634
0.019222792212211248,0.42241386595046865,0.5574398296407344,0.0006295274606025945,0.0002939847359832473
0.9999198006093826,6.919881523015198e-05,6.372127693329848e-06,3.406014424335457e-06,1.22243326976438e-06
3.924866991425503e-07,1.0418311338398407e-06,2.0578172600739326e-05,8.621938271178335e-05,0.9998917681268545
0.00018041852454671938,0.0002279721993325583,0.4548845213751781,0.5446924479848302,1.4639916112415913e-05
0.9479291916486757,0.051648515325272516,0.0003789572221154984,3.416303740844309e-05,9.172766527802814e-06
0.040908622281207736,0.9202934069262707,0.036660289925356075,0.0018312997111911695,0.0003063811559743289
0.9607914613710817,0.039129883237017105,6.02704146868726e-05,1.085622570884442e-05,7.528751505440207e-06
8.411647821011709e-05,0.0003262478415383347,0.004213596498660897,0.9942473559383763,0.001128683243214287
0.008412342012786693,0.6130339615838402,0.3663134142359643,0.012190425551866503,4.985661554230204e-05
4.538006504523342e-05,0.0002661748693996884,0.012310792920447997,0.9872881887893088,8.946335579835145e-05
0.0001752912828575532,0.0002717799678937532,0.6720967657099596,0.32742696036655533,2.92026727337597e-05
0.9981904161963813,0.0017126853490751252,8.56704592836841e-05,9.107773346343746e-06,2.1202219135252835e-06
5.757139063286941e-05,0.008701324375445732,0.9908231460879355,0.0004119187010655963,6.039444920375086e-06
0.0008041387718546525,0.15108779590746912,0.752181979967488,0.09583824439148173,8.784096170650564e-05
0.00022768634927096786,0.0004138668208067347,0.002076481064012211,0.8350207459424579,0.16226121982345224
0.00012305111782357837,0.0005699552799920403,0.9489686578986178,0.05033448206189574,3.853641670780372e-06
0.9998320092897671,0.00015185678020163278,1.19633492632231e-05,3.998671033139054e-06,1.719097351323417e-07
0.00011373327574075541,0.0003924724235995771,0.09140377117382845,0.9080184970985129,7.152602831836171e-05
0.32261820453122486,0.665283647300634,0.011952009745067568,5.502432472037263e-05,9.11140983531767e-05
0.9993997891452626,0.0005823361608772302,1.3483407714046365e-05,3.0259236112635538e-06,1.3653625349006018e-06
0.0008522433798304873,0.8841953262493695,0.11427638742096274,0.000672238391090526,3.80455874654442e-06
0.3758354141327822,0.6012468535351215,0.02275358091155049,0.00011309333488957818,5.105808565613585e-05
9.15021161746098e-05,0.00016784444481225935,0.013394047423648869,0.9857713000645094,0.0005753059508548735
0.998702982248255,0.0010992838786973828,0.00016684389654459953,2.6338091332003007e-05,4.551885170942301e-06
0.9992661028835848,0.0007052411881393926,2.2830896448781817e-05,3.2981869691979678e-06,2.52684485797331e-06
7.045462786625757e-05,0.0004094767518475617,0.8091000446379069,0.19038458734770536,3.5436634674025524e-05
0.008071890267359019,0.12467207253460304,0.8429395530313373,0.022567102674892835,0.0017493814918079814
0.999817645303142,0.00015556451609934077,2.281342846419457e-05,3.8061493537246016e-06,1.7060294082677295e-07
6.569261943368136e-05,0.00018666412136541486,0.9946232136184459,0.005105542528521307,1.8887112233563996e-05
0.00013645916725630068,9.773849354954214e-05,0.5793280647085685,0.42043011568542676,7.621945198913549e-06
0.00023669876667272696,0.13090047631269713,0.8681985863830816,0.0006622227202623645,2.0158172862147174e-06
0.00013733668946370954,0.007669649993998597,0.9902155067785574,0.0018160127679936783,0.0001614937699867307
0.0011531898994815767,0.623545695295942,0.37481750393179325,0.0003955311343840535,8.807973839907941e-05
0.9998511106343078,0.0001459821200369804,2.187838309000991e-06,4.7132022162523967e-07,2.480871243918664e-07
0.004388446948344778,0.17606195791013174,0.758951878406339,0.060502619054632625,9.509768055193932e-05
0.8203570172626237,0.17132148743904266,0.008080099859998415,0.0001645096155202433,7.688582281494326e-05
0.7795885358471162,0.2170250894186699,0.003245659201059875,0.00013718513143875182,3.530401715417749e-06
0.33344468178426656,0.3308349216414168,0.3320135340184211,0.0031627548507961066,0.0005441077050995012
0.00032952880290793897,0.000493434316158531,0.6730217941205054,0.32584263920590484,0.00031260355452343433
0.9997059032669693,0.00027744364123516576,1.4066004207695506e-05,1.7611163756442257e-06,8.259712122717464e-07
9.311344206303538e-05,5.2697247718272924e-05,0.11294351967037558,0.8868868757048474,2.3793934995806904e-05
0.00035043655923787793,0.07238377786859325,0.9243595539991201,0.002670038684750297,0.00023619288829864515
0.00013519853550021695,0.040424199380739975,0.9565883453554613,0.002834174218813257,1.8082509485064083e-05
0.25243621226495017,0.7415742336744191,0.00559123686346473,0.0003866880680856841,1.162912908026245e-05
0.0002916464445387364,0.3178417660782602,0.6810451482342972,0.0008077679857166158,1.3671257187340621e-05
0.33277696384966954,0.6615062786519958,0.005497827900102115,0.00019947698412432137,1.945261410827661e-05
3.2490202855097486e-06,4.762434653071642e-06,6.432515855684066e-05,0.018202743956539775,0.9817249194299648
0.05484522444916751,0.915867196543947,0.02899773657430301,0.0001852010857764405,0.00010464134680616053
0.06526482143098085,0.6425662497750405,0.2868846843764065,0.004009798118528145,0.0012744462990439266
4.7818449909902006e-05,0.00021740421293478862,0.0209361478091198,0.9787692619775898,2.936755044582475e-05
0.0034741781267065472,0.7061530125351303,0.2900462498194614,0.0003235036761665313,3.055842535159539e-06
0.0002629036221681297,0.0006784917803736851,0.8204625919936624,0.17845450746092895,0.00014150514286681858
5.2694472021708884e-05,0.00018690268664038804,0.04441768191661919,0.947892488156038,0.007450232768680813
6.215498906704048e-05,0.0022797253750300225,0.9708815149745856,0.02677377753710171,2.8271242156402983e-06
0.8771445065911992,0.12182686174498926,0.000997665302097166,2.4725843358217895e-05,6.24051835591452e-06
0.01471462468000316,0.4068779783766863,0.5776753743038571,0.00019169640589196613,0.0005403262335615765
0.9557039206808248,0.04367150529422843,0.0005769037415186011,3.643384613732493e-05,1.1236437290682582e-05
1.0662389554270524e-06,3.651346141707593e-06,2.3289486245399468e-05,0.00039971314934209755,0.9995722797793154
0.0009822111168555424,0.8946609588233851,0.09994802321568177,0.004377669675171983,3.113716890544731e-05
0.9994216792244681,0.0005546890447562931,1.6602049026617447e-05,6.60666747232579e-06,4.2301427648018094e-07
9.233571969622283e-05,0.022069288310353274,0.9740930880997883,0.003731871318718399,1.34165514436803e-05
0.9994136798220016,0.0004772964453419794,9.819614586654617e-05,5.403527353105805e-06,5.424059436927019e-06
0.00012292747549889885,0.0002851833708619725,0.3373053092472676,0.6621980199663097,8.855994006186222e-05
0.004735685630068748,0.8138861160755304,0.18003036697448194,0.0013364626770684715,1.1368642850512443e-05
0.005651530523686207,0.3859500290810826,0.6002015843873676,0.008154128489918625,4.2727517945053626e-05
0.032304151434165755,0.9371945118694026,0.029657930245190752,0.0008289777334022166,1.4428717838715012e-05
4.3110276845300246e-07,6.47635718529885e-07,2.149150796833032e-05,0.0002534443023347236,0.99972398545121
5.980661405832482e-05,0.00012233979956955497,0.0005683294256068392,0.9104139918212599,0.08883553233950525
3.4895191224105564e-05,0.00010547433901074682,0.002168192646658557,0.08400299425380145,0.9136884435693051
0.0012294075732128124,0.8776896232292137,0.12088106247640384,0.00019554910414650183,4.357617023048915e-06
0.1702423277894561,0.7928703947039683,0.03581860689132205,0.0009342288282346704,0.00013444178701881528
0.9113079042881771,0.08788838905567031,0.0005683232259066083,0.00017750929259903293,5.7874137647075814e-05
0.9998465148296212,0.00013444479446859657,1.5181356928466572e-05,2.3603413311159467e-06,1.4986776504373807e-06
0.004497416017643815,0.8094933051576712,0.18064778869683876,0.005347000511828587,1.4489616017596401e-05
0.6391358856618866,0.35971907269050796,0.0010003899151606126,0.00011409547616539363,3.055625627938694e-05
0.9998799461754334,0.00010940363555839055,9.805108484937198e-06,6.616306023377543e-07,1.8344992079674928e-07
0.012737677570459441,0.8451331489401515,0.14093491267340294,0.001152826284103437,4.1434531882735185e-05
0.9991159418910752,0.0008431000827032094,3.822991588204789e-05,1.543639702842372e-06,1.1844706365826247e-06
4.9474205490404736e-05,0.00010686073950244916,0.031186050768147275,0.9678670455058345,0.0007905687810253769
0.001302076664429711,0.907497667817622,0.09104558753384336,0.00015238621947136137,2.2817646336556635e-06
0.0055913652079031895,0.9856996126881611,0.008615259022491962,8.751067965629517e-05,6.25240178748537e-06
4.6227857983772424e-05,0.0019105847254683919,0.7566854884292991,0.24106530400607853,0.0002923949811700469
0.9994652764925103,0.0004791170591991465,3.480887435787366e-05,1.622845452980083e-05,4.569119402909178e-06
0.00016650883631606672,0.005642528198677335,0.8961322158579244,0.09800971953763234,4.902756944989843e-05
0.0003033010048429854,0.00029672211211991944,0.14784585279538723,0.8501075371804477,0.0014465869072020359
0.0017859854847977904,0.3469237420746831,0.6507764048473992,0.00045711548147405026,5.675211164593151e-05
0.00106755818517541,0.976531735484477,0.022109545191231258,0.0002784688622154263,1.2692276900893038e-05
4.618362388772751e-05,0.0008425282561236968,0.998731042978876,0.0003786136719913928,1.6314691213719668e-06
9.842729297183348e-05,0.00017814011219611028,0.9338449647417844,0.06584887261915967,2.9595233888109916e-05
0.009956912669997292,0.9064718776293856,0.08321160235729691,0.00033701890447254213,2.2588438847618646e-05
0.9982546096555458,0.0016529007060850523,7.821390734250142e-05,1.2306515217827767e-05,1.9692158087857034e-06
0.00011819149332099225,0.017947852140061855,0.9698162770823414,0.012107409425019101,1.0269859256595115e-05
0.9999407123641729,5.520583125580027e-05,3.542555353980401e-06,4.1546477286819584e-07,1.2378444451094133e-07
0.7245716487142909,0.2722713925342851,0.003026653357342183,0.00011606216525039409,1.4243228831561443e-05
0.0002222692615831453,0.020619966448801586,0.9557803299095987,0.023333540007841512,4.389437217523514e-05
0.00015178573018838438,0.0012182649149943847,0.09855099368067093,0.8978217155017413,0.002257240172405126
0.9997087685921426,0.0002549523922370748,3.3560753682017936e-05,1.5925088070235518e-06,1.1257531313590856e-06
0.002468373154567664,0.019417669312378153,0.9353764569603737,0.042558877558474185,0.00017862301420625424
0.09828755874206666,0.8531847827424347,0.04792889722927786,0.0005079773565371165,9.078392968341807e-05
0.7946783303478753,0.2032509908347555,0.0019834646900792124,8.290319891814106e-05,4.31092837188264e-06
6.349139636522789e-05,7.838647042199855e-05,0.041756732469463785,0.9580804896811655,2.0899982583505582e-05
0.00024032224866021428,0.00022127097611746458,0.02123741572798551,0.7637398227944705,0.21456116825276622
2.8931249249394695e-05,7.240798463491268e-05,0.964970054152412,0.034917239259732585,1.136735397120973e-05
0.0007862818223869347,0.4297369882099674,0.5691051865754141,0.00036199974717670115,9.543645054838859e-06
0.00035591206490061754,0.603733320624741,0.39478775136495814,0.001103818886989452,1.9197058410809697e-05
0.899317202697742,0.09980881965752242,0.0008183906489040685,3.188844639996774e-05,2.36985494316867e-05
5.9262970223554725e-05,0.00012929005968282344,0.0008840295973281762,0.899699686546014,0.09922773082675154
7.798300624184476e-05,5.9525088034941245e-05,0.010099269156731084,0.9895791751373014,0.00018404761169062524
0.709756820898802,0.28879108971665063,0.001112489804974843,0.00029348583566420695,4.6113743908310634e-05
0.9992500522621574,0.0006567761313652755,7.926084900718225e-05,1.1554096567388182e-05,2.3566609029769865e-06
0.9998037627586991,0.0001857342157267807,9.83426578162952e-06,5.152352147864056e-07,1.5352457747538313e-07
6.0924653641362466e-05,0.00011852704216924859,0.03725568627618303,0.961220219828877,0.0013446421991292834
0.9993854990104803,0.0005824697814096992,2.5571769624062535e-05,4.0185038455174795e-06,2.4409346403190617e-06
0.9993996992872032,0.0005659594010917102,3.15681666017441e-05,2.0427889029887216e-06,7.303562003017225e-07
2.142201058343394e-06,3.186487394221989e-06,1.8444238703322155e-05,0.0007323787293275148,0.9992438483435166
0.0004933111003193895,0.024904993617066756,0.889602283286464,0.0843491430606513,0.0006502689354986223
0.9997848115086002,0.00017570128976288565,3.7736333693700126e-05,1.5897763469281518e-06,1.6109159622453815e-07
0.00037681303211752694,0.0008446351853279364,0.24058556005211656,0.7571072784536017,0.001085713276836272
0.0003150608793437797,0.0018221212051127904,0.9124800187173931,0.08524607274475435,0.0001367264533957557
0.9994744276981367,0.0004161787162134619,0.00010332801313433886,2.4215903379392077e-06,3.643982177655452e-06
0.001424605714029119,0.03983839376572418,0.9576871474298622,0.001028230235601053,2.1622854783671115e-05
0.0007331977262942876,0.5276126759781364,0.4686888263300769,0.002946492111295802,1.880785419671413e-05
2.320610117981872e-05,0.0023367755289547573,0.9960735916766595,0.001562416897213783,4.009795991991285e-06
4.689381107631937e-05,0.00030219871446623265,0.006353505997298924,0.9929222479066768,0.0003751535704816486
0.07439717783889087,0.8661797086538826,0.05838276610389428,0.0009913651596129812,4.898224371912485e-05
0.08885519778900866,0.8888165040450172,0.022234522701470517,8.201400544785921e-05,1.176145905573354e-05
0.034424277578902054,0.6588550315472573,0.3049892728714045,0.0014773548709718092,0.0002540631314643951
0.0005576960623137855,0.18345247228953562,0.8151416160681967,0.0008406851392655089,7.530440688522543e-06
0.00017758437467215888,0.0022294021151920925,0.9905641866370968,0.0070172737414604894,1.1553131578520067e-05
0.9996257214196177,0.0003460858680565351,2.5666716501010688e-05,1.6653470043564967e-06,8.606488204082917e-07
5.505568249097538e-07,2.11601759245306e-06,2.764449827716632e-05,9.147428914784068e-05,0.9998782146381577
0.315014826713003,0.6791113256408611,0.005575561283983539,0.00023843707974983172,5.984928240263068e-05
0.001426207302137395,0.6870421126194749,0.30067316174630204,0.010723372707065445,0.00013514562502009003
0.031896138005896656,0.9532584895318174,0.01473236378189096,0.00010314067428083023,9.868006114212397e-06
0.12244043534892154,0.870106025696553,0.007202281709635446,0.0002333160888323832,1.7941156057611962e-05
0.9998711855840933,0.00012004778897399924,7.013177422353379e-06,1.6410954396222722e-06,1.1235407057987767e-07
0.00017542961557474515,0.00044720713919837155,0.008552321576666615,0.6296367963256218,0.36118824534293853
0.027817052093816054,0.9487686379744201,0.02269846656448233,0.0006587061105315626,5.713725674998558e-05
0.9995120796176568,0.0004331243176162654,5.076823798567389e-05,1.975563478387896e-06,2.052263262767048e-06
5.1761197911411544e-05,0.00036955683526890883,0.9765877816650913,0.022984481988666778,6.41831306155891e-06
0.004056003668631748,0.8779791294923627,0.11772766042410997,0.00023047512854616824,6.731286349508364e-06
0.059646865127915165,0.9389896874371092,0.001306412148078407,4.9780043662781e-05,7.255243234643501e-06
0.024541063060810504,0.9562150906823674,0.018755381503834222,0.00048006790850126503,8.396844486556876e-06
0.6272642305843938,0.37095934319305446,0.0017030382976286212,4.659833345652414e-05,2.678959146652603e-05
0.0003131436398737168,0.001828176403055577,0.8340663138616495,0.1637493276415243,4.3038453896846016e-05
0.9995828958773116,0.0003522626176757945,5.538621039258207e-05,5.5142764572031925e-06,3.9410181626212365e-06
0.102756222997109,0.8892142688605827,0.007964575290265223,5.655662169481803e-05,8.376230348129713e-06
0.3854385718781905,0.5400404278054879,0.07001368728405637,0.0043681478172103005,0.00013916521505498105
0.0002462224411355381,0.0033309010831451707,0.9900744843030562,0.006292836922208964,5.555525045417122e-05
0.00013282044048933573,0.0009276218478029168,0.6905628650565505,0.3083410497407388,3.5642914418405425e-05
0.9971576435928258,0.0019520004298405667,0.000730751035564948,0.00014929364286863687,1.031129889979539e-05
0.09365276600768283,0.8782906635600065,0.027903702424616327,0.00014283698104673365,1.0031026647746502e-05
4.0200465245589634e-05,6.291641811900126e-05,0.03454139044593848,0.9625122355661293,0.0028432571045676055
0.10674135132912775,0.8864446679516597,0.006696467458787842,0.00011561181433241167,1.9014460923972553e-06
0.057859283282293526,0.8511057657060181,0.09038968530781769,0.0005573805607466839,8.78851431241136e-05
0.09808644221360967,0.8839343241245817,0.017557200199184723,0.00040978654838203546,1.2246914241829898e-05
0.9982051759440506,0.0017345115857141718,5.0164774665002755e-05,5.845516141053385e-06,4.302179428952527e-06
2.712532901179491e-05,5.1620015654543034e-05,0.0038341214298326623,0.9774402591452171,0.018646874080283874
0.00011980576163765469,0.004945031519833652,0.20677821574993815,0.7873591988344308,0.0007977481341597532
0.9862400182968952,0.01368214816852501,5.955423714392912e-05,1.6180716235135885e-05,2.0985812007800882e-06
0.06435912907891216,0.7444990967050601,0.18020130052599354,0.010848031436115967,9.244225391806793e-05
0.8128549091997312,0.1702296027484816,0.016109841084583777,0.0007647213665629696,4.092560064055145e-05
0.9997678472939591,0.00021291119243997935,1.2002604174483022e-05,4.311961158341077e-06,2.9269482681568363e-06
0.8244358997346796,0.17002041638294163,0.005404684726276909,0.00013647809421678158,2.521061885286606e-06
0.871745239361187,0.1276137296363463,0.0006132386006263158,1.8069249256675442e-05,9.723152583767497e-06
8.649794155843423e-05,0.0005755089481838009,0.0051452565824959195,0.9936091437981212,0.0005835927296407967
0.9673432163309735,0.03254621663374267,9.727745696490611e-05,9.025860813329483e-06,4.263717505780678e-06
0.9174840088804417,0.08203443578570817,0.00042828088042785536,4.840339349810515e-05,4.871059924375456e-06
0.9997874934619327,0.00019142465001011107,1.455657059106848e-05,4.4886616585744446e-06,2.0366558074325317e-06
0.0008983937233919427,0.5855984185560513,0.4042657002304219,0.009210181682619518,2.7305807515341287e-05
0.0008699185594789649,0.9777416975802096,0.021254816990382615,0.00013192375914244944,1.643110786493011e-06
0.4689503440037607,0.4100393619527539,0.11497215980073927,0.005871972783454961,0.00016616145929125307
0.15944473428204195,0.8310643346503565,0.009364971441249455,0.00012044726256631791,5.512363785864055e-06
9.455004438616354e-07,2.606627623810984e-06,0.00018645490703103065,0.001105759406959876,0.9987042335579415
0.5810237137089547,0.33598115948536217,0.0827516143211588,0.00017664848900017285,6.686399552418998e-05
5.421600221052945e-05,0.0001921510299098017,0.033047543961407425,0.9654368654597825,0.0012692235466899653
0.003440659479803229,0.9315777453337148,0.06493830728292689,4.138654746864318e-05,1.9013560862296432e-06
0.1509321363987292,0.8376583603314507,0.0112441510615229,0.00013635265511378734,2.8999553183343725e-05
0.00018930327613671697,0.0005485185170807637,0.006326047446739523,0.820774584538222,0.17216154622182087
0.0001991134089830717,0.00035482682629381005,0.002404533683814948,0.8976632311419119,0.0993782949389963
0.9996796886973719,0.00030026692528352394,1.6304521371434393e-05,3.059200506334392e-06,6.806554669528282e-07
0.00013796419230572437,0.0038720666597548054,0.9808409434794405,0.015145507256324995,3.518412173975617e-06
0.9993419593014747,0.0006312086629939079,2.1903315413544987e-05,4.493779584918967e-06,4.3494053303074055e-07
3.5124568316641305e-07,5.916033540300918e-07,1.9840559377255683e-06,0.00011400695578839712,0.9998830661392367
0.00014158276611913185,0.005613045499080553,0.9926526281659823,0.0015829128298493807,9.830738968628414e-06
0.999900666942464,7.684433238136123e-05,2.0982182389554425e-05,9.578662672390898e-07,5.486764980000138e-07
0.0003897336031469325,0.5483667810088004,0.44899809283744957,0.002230622978992095,1.4769571610884031e-05
0.9156016168604153,0.0839144634105103,0.0004090298632629249,6.59295369236574e-05,8.960328887984029e-06
0.00016696197903410645,0.00017116991794874557,0.012433136279316682,0.7526255112028104,0.23460322062089004
0.9999436376043944,4.332146586722833e-05,1.0748481790513883e-05,1.2424878822823746e-06,1.0499600654630413e-06
0.00011610386211538116,0.1008399489659832,0.8987287246901067,0.00031048388757013866,4.7385942245944884e-06
0.00015677544830768742,0.004050293587240037,0.9638405454774996,0.031939787240951235,1.2598246001306387e-05
0.00011909384023035015,0.00028613766084894805,0.012828534876431688,0.6639188261354851,0.3228474074870039
6.245682032901854e-05,0.0006550058176632414,0.987722921496073,0.011555740353452078,3.875512482459476e-06
0.8916805191512305,0.10669226939811674,0.001282249342191055,0.00033649154649235784,8.470561969306652e-06
0.9994692382698582,0.0004967242258112733,2.3795642177768774e-05,8.351509457520343e-06,1.8903526951512839e-06
0.8705964339368827,0.12905696267236758,0.00022029363594126657,8.504493472066283e-05,4.126482008756524e-05
0.00011609816677534797,0.00043081820745146813,0.5771193884789494,0.4223159621183965,1.77330284274334e-05
0.9821458397163491,0.017760841096676194,8.235644774031802e-05,8.25491142316625e-06,2.707827811173328e-06
5.604275836577327e-05,0.0008000501227695864,0.9861221360149572,0.01300891407980177,1.2857024105500435e-05
1.7760705412847147e-07,2.4315347557536043e-07,6.596471603991985e-06,0.00022807503905901546,0.9997649077288073
3.0137255911808932e-05,0.00010248659359881362,0.02641374030712795,0.9734378454395358,1.579040382560702e-05
0.0002930091935296728,0.00038872956292588547,0.09490743516190267,0.9041386728143065,0.0002721532673353446
0.45372615144751577,0.5449250408765314,0.0012428823854651876,9.00140554855087e-05,1.5911235002179006e-05
0.0004688876774293418,0.4393081288394426,0.5598221692356439,0.00039350347624153407,7.3107712425437384e-06
0.9996319835564564,0.0003544295558129893,1.2344408716397943e-05,8.816432924993588e-07,3.608357214785395e-07
0.007067858859227951,0.05682204383995649,0.9359645180789733,4.5483170511571664e-05,0.00010009605133080287
8.930235660832891e-07,1.5420611783692386e-06,9.226934255376982e-06,0.0001476002833877496,0.9998407376976123
0.9995306515773277,0.0004550025966602754,1.3397059111673537e-05,7.556112665320925e-07,1.9315563386397896e-07
0.9737521939525533,0.02611429043639298,0.00010107729971829281,2.2722566738116875e-05,9.715744597489866e-06
0.0006573378431699503,0.3389950798513062,0.6580976232861029,0.002245504842878757,4.4541765421845374e-06
0.9995187415579927,0.0004566121409485361,1.755107975460632e-05,6.650215375224325e-06,4.450059290537288e-07
0.0015403153917324878,0.5856743636756266,0.41240181850981955,0.00037848751512656466,5.014907694800851e-06
0.06976410222937436,0.9004955682286291,0.028690160418431275,0.000998619515503087,5.1549608062391776e-05
5.869472248043438e-05,0.0010738298983438716,0.8080998177667641,0.19075286080230763,1.47968101040481e-05
0.37204413697878386,0.40034122471243727,0.22683581656907212,0.0007334087031181506,4.541303658867777e-05
0.07176309244089511,0.9243578598761396,0.0038328099352932556,4.3213164013014976e-05,3.024583659018819e-06
8.655887108998975e-05,0.0001344601639238058,0.88732163016868,0.1124527834853645,4.567310941602696e-06
0.000389922571173493,0.6454762567156489,0.3507536052505909,0.0033329643867328457,4.7251075853785606e-05
9.15606610799874e-05,0.0003472043772729191,0.012407685494303907,0.9870770510816195,7.649838572382705e-05
0.9997936996793697,0.0001954172245479304,7.931993293783505e-06,2.723574924047934e-06,2.2752786450703565e-07
0.0005722558558888253,0.0021855518409354207,0.8117772050505612,0.18539192716414604,7.30600884685591e-05
0.03177916097099624,0.9549127646561566,0.013250321744390354,5.571891352706927e-05,2.033714929746326e-06
0.9994701664368105,0.000505368601389747,1.9294915545728608e-05,3.6602180831283037e-06,1.5098281710341667e-06
0.0001360778977449024,0.0005645920955096187,0.9491500059580374,0.05013981268347353,9.511365234506197e-06
0.9997759248784467,0.00019394586006041292,2.6296092566647503e-05,2.235406890571607e-06,1.5977620354197e-06
9.88106463026893e-05,0.00019406290880580714,0.00432183166175664,0.04389977964104634,0.9514855151420886
0.9989617486472452,0.0010027342227157978,2.8494055791930512e-05,3.0410597184250506e-06,3.982014528492923e-06
0.26389911310974384,0.6782543035212841,0.05671921580638184,0.001089516286895466,3.785127569491034e-05
0.997450567268272,0.002488193288647303,5.311053563918903e-05,7.563044388446468e-06,5.658630532179061e-07
0.9992524437732416,0.0007287672775259174,1.760709114023304e-05,8.893272496348057e-07,2.9253084249076287e-07
0.9994288915819308,0.000525353151596567,2.140316168341554e-05,2.331547302095963e-05,1.036631768081082e-06
0.00020564144257196487,0.08409714867238828,0.9113666014310914,0.004261958934579166,6.864951936919225e-05
0.00017106942849296638,0.9929488134312536,0.00684524655898206,3.4233182342829565e-05,6.373989285456753e-07
2.757018017445245e-07,3.6088671377156934e-07,1.3553879419334658e-06,0.0001064575381467889,0.9998915504853958
0.11674627590022635,0.8773351386154766,0.00575423637794969,0.00010529673906881375,5.9052367278568896e-05
0.000813451157954753,0.05144655343928723,0.9434321872098594,0.004297869981894063,9.938211004630728e-06
0.3080880765273934,0.6788921927966366,0.012830019290119822,0.00015049394150101145,3.921744434926788e-05
5.1546332746050966e-05,0.00020067891664615154,0.0010617807743363,0.998659959217468,2.6034758803556506e-05
0.000207575855750472,0.0005301799500695041,0.6524378002308365,0.3432182889399861,0.003606155023357414
0.04911819096468896,0.9370836361727255,0.013647056733143597,0.0001314224474079056,1.969368203404935e-05
0.001993630636780485,0.7590703264115329,0.23787916016527746,0.0010431098742800617,1.3772912128945446e-05
0.033099114549108924,0.902085474063004,0.06464187364085573,0.0001211697444024998,5.236800262877252e-05
0.007790395689665898,0.7360192296992514,0.25372281036991823,0.002424358055515482,4.320618564894799e-05
0.510114025093971,0.4814380827600919,0.008333264456783332,0.00010190350720464243,1.2724181948994327e-05
0.2694223001034098,0.729101687402938,0.001339653971443152,0.00012382371363400148,1.2534808575090823e-05
0.03138934662177804,0.829888442016286,0.12652458368893327,0.012112654015752119,8.497365725069467e-05
0.04610812833962232,0.8794216990054887,0.07361583079311831,0.0007471888720834541,0.00010715298968721135
4.197369359577125e-05,0.00233571953388515,0.9972800666550461,0.00034106887309068073,1.1712443822829293e-06
0.0959298485316918,0.8956354454482313,0.008307709352556905,0.00011453810071961171,1.2458566800407477e-05
0.028122407427957834,0.9390499369890792,0.03160903124074891,0.0010300685338822128,0.00018855580833173905
0.07597914805511975,0.19417988353566387,0.728490341946477,0.0011415008697533027,0.00020912559298602189
0.9959261572576945,0.003953477307707127,0.00011327118555528284,6.701277550719145e-06,3.929714922823623e-07
0.9999092410070501,7.148973442361686e-05,1.5304468259526214e-05,3.694991128129314e-06,2.697991384191879e-07
6.1541005285795e-05,0.0003600241879256049,0.374596111441172,0.6248068314306267,0.00017549193498991777
0.0003135494890383354,0.7977691716967438,0.20086097046957177,0.0010472068761799398,9.10146846623713e-06
0.5611967375157324,0.4317626621337165,0.0069594952381359185,6.566227281024883e-05,1.5442839604931894e-05
1.3576650769599947e-07,1.5242781114382092e-07,6.43711554687722e-07,2.035282896372472e-05,0.9999787152651627
0.554887925819247,0.4394467325840549,0.005191131815969527,0.0003368046661262134,0.00013740511460237322
0.9993321621476142,0.0003941831632455225,0.0001982542852598574,3.9799883157993476e-05,3.560052072210994e-05
0.99798329555804,0.0009454619772595401,0.0005572586004824699,0.00047665617486481495,3.732768935315997e-05
0.00015390775172044666,0.000248517233048635,0.5836154805428484,0.41597112482132353,1.0969651058834453e-05
3.2637704162443984e-07,1.002975774765676e-06,3.586174424362923e-05,0.000333835282969028,0.9996289736199709
0.9996638606984044,0.0003143351028194927,1.902491115069355e-05,2.4344562503272114e-06,3.4483137509225376e-07
0.00012842924131523304,0.00040503409105237704,0.06105426766720678,0.7911225293951472,0.14728973960527855
0.0006396165884722335,0.9626837999249832,0.0365929320404944,8.180141714895924e-05,1.8500289010361086e-06
0.9646950269991607,0.03288685058370237,0.002408249215659836,7.808557686542419e-06,2.0646437908905987e-06
0.017748299707072576,0.9633963296779722,0.018165754565599882,0.0006111255064626114,7.849054289283152e-05
0.00013874113555486375,0.00016195017892931503,0.24035834060973318,0.7592805745155551,6.0393560227437624e-05
0.00012244659284339483,0.0010002953635258177,0.9838421204413449,0.015030549939983377,4.587662302539469e-06
0.471572563890891,0.5193271282865969,0.008821537813830122,0.00021202262411550689,6.674738456635306e-05
0.8741897715527654,0.12398842810083519,0.0017163203807559837,5.502689777948957e-05,5.0453067864053305e-05
7.415415510702078e-05,0.0004943117190977181,0.3503131445684571,0.6491142290326217,4.160524716529485e-06
5.106547063686903e-07,4.460806357463994e-07,2.73493468413125e-06,6.831658075519686e-05,0.9999279917492185
0.99984317418219,0.00015156250516352733,4.029159893521397e-06,1.0032631683125331e-06,2.3088958474648794e-07
0.17558526286780593,0.34762717131886456,0.46832352511181763,0.008134103173476539,0.0003299375280352528
0.00020772753252217683,0.001927494191049201,0.996137570730195,0.0017250116181390949,2.195928094524793e-06
0.13570962636682923,0.8368165159176996,0.02636273568758476,0.0009213855839409577,0.0001897364439457087
8.991185693607436e-05,0.0004094020441652235,0.47126503994289953,0.5282265884622401,9.057693758994993e-06
0.8466345163420822,0.15175272461071967,0.0016016516389599335,1.0036878566542397e-05,1.0705296717375913e-06
0.04290600206838795,0.768555028949099,0.1877924058927609,0.000642346763329651,0.00010421632642253126
7.317933474082342e-05,0.0001977742965843323,0.0007818939970951405,0.8632316809841573,0.13571547138742246
0.00040614484204622213,0.2591229625192414,0.33993988054412083,0.40044954376779146,8.146832680011857e-05
0.0016844697097642349,0.36275173471305683,0.6319519452445902,0.0034992105461540183,0.00011263978643481269
0.9997645953317281,0.00022257534322121203,8.879578715502158e-06,3.559648828127707e-06,3.9009750713588207e-07
0.9994008290028545,0.0005658229301408271,2.4594012964299548e-05,5.61740514286388e-06,3.1366488973418815e-06
0.00014179742893249836,0.005320002773933611,0.9929734885314255,0.0015635272997523099,1.1839659560435821e-06
0.2978628844613495,0.6687744318507035,0.03324468692112635,0.0001031654376227725,1.4831329197873355e-05
0.9762714035913582,0.023046274759820608,0.0006125614719009365,6.366105565639837e-05,6.09912126391561e-06
0.0006604955532319699,0.6669606196579857,0.3181112635813862,0.014091003221655218,0.00017661798574079108
3.0176848383078303e-07,4.82136917345403e-07,1.282970230650427e-06,3.7539506599477795e-05,0.9999603936177686
0.00011740812440427651,0.0012873496658234176,0.9747142452058467,0.023875769675039987,5.22732888549992e-06
0.059483464738370274,0.8886470359465908,0.05095522211500561,0.0008963308307789165,1.7946369254559618e-05
0.9943717875119031,0.005509907249736957,0.00010905876957878783,7.360125141656438e-06,1.8863436394521122e-06
0.9865476630616925,0.013132319555803022,0.00030676380318289903,1.1688458209007348e-05,1.565121112618323e-06
0.409837526192715,0.5390523785125065,0.050271986532457,0.0007580110474233102,8.009771489816374e-05
0.003676762326075763,0.9455885730766292,0.05022672361450919,0.0004979572152831583,9.983767502808506e-06
0.0681564317604245,0.9157024919472273,0.015207013996876493,0.000616473776546631,0.0003175885189248821
0.9776875156478066,0.022122746758191338,0.00013279741645422466,3.177070414285558e-05,2.516947340483853e-05
2.259554975108853e-05,9.01368299045261e-05,0.010123239354725828,0.9897456559874005,1.8372278218042534e-05
0.9814334959045488,0.018483434761341625,6.30497716887048e-05,9.28389255579948e-06,1.0735669865165424e-05
0.9144075086978123,0.08480362418320733,0.0007384718223260809,4.690129219070507e-05,3.4940044635293466e-06
9.781603633779058e-05,0.00042557562746846063,0.011259750906573726,0.9881284896434179,8.836778620206171e-05
0.00026147700698485186,0.0008661742100539448,0.4783119578226332,0.5199178570599403,0.0006425339003876457
0.37721208951141444,0.6203647457908132,0.0023537699972766514,3.541834728084968e-05,3.3976353214770666e-05
0.0013758684656865986,0.2222983052260174,0.77490460324475,0.0014148563960848233,6.366667461221768e-06
0.0002487593098699421,0.900785926555675,0.09890717791660676,5.672537296210882e-05,1.4108448859964694e-06
0.32891908642002565,0.6634432382011223,0.006662416369683204,0.0005641493755097076,0.00041110963365908353
0.00020839625629256116,0.003964989441886212,0.9819505193255128,0.01386522193748462,1.0873038823887877e-05
0.00023633489413189452,0.0007356066783253766,0.5741661280055547,0.424146512053529,0.0007154183684590007
0.00021783809856027117,0.015063562082132782,0.9840520139691737,0.0006598142149135668,6.771635219653692e-06
0.0002570541793548602,0.000882932368410484,0.7382773774978494,0.26055274148779756,2.989446658782372e-05
0.0001360117520578955,0.0006325493655577409,0.7718214100032006,0.22740038439037258,9.644488811096048e-06
0.9996529341216566,0.00032761004223965436,1.5032592535061987e-05,2.4079893095720985e-06,2.0152542591390915e-06
7.097106754614594e-05,6.729184823032573e-05,0.0006443976076440692,0.9560970018176497,0.04312033765892978
4.6014030355576394e-05,0.03605358695468837,0.9631983980168289,0.0006990776159803911,2.923382146737003e-06
0.00013353375199210175,8.499798375323572e-05,0.016933511570421028,0.9314096672214124,0.051438289472421364
0.015589258830934719,0.42739553128162433,0.5335520666624295,0.023336561913864667,0.00012658131114676966
0.00023561477086253901,0.06825075977131387,0.9293210456912768,0.0021902457047071272,2.334061839690411e-06
0.0002605047403693262,0.043396281169912176,0.9558478423716554,0.0004889666267561596,6.405091306845988e-06
0.6126268480845485,0.3839172171484334,0.0033160262273824177,0.00010371730059143412,3.61912390441089e-05
0.9994086653965805,0.0005438911081160809,4.200632193671959e-05,5.227378376891624e-06,2.0979498991168268e-07
0.8840372180103669,0.11410250732436962,0.0017996808381301281,5.187033003594982e-05,8.723497097255463e-06
0.00014086103592425277,0.00015799445936587876,0.7116730663320368,0.28801580992192977,1.2268250743319596e-05
0.00017057191406411542,0.0761422351569133,0.9227573236935099,0.0009265345516624432,3.3346838500696503e-06
0.37923666921745813,0.6090234869176556,0.01164818907241421,7.392772621828551e-05,1.7727066253706705e-05
0.0010479148831034908,0.8392324318525969,0.1574014669652855,0.002308015562211492,1.0170736802609404e-05
0.0014445379863886993,0.8893487162853189,0.10908718665308209,0.00011403524563637424,5.523829573700465e-06
0.07811751139729153,0.9010952231132605,0.02060290919374059,0.0001757490107552905,8.60728495213e-06
0.9997662986584273,0.00019401078904734273,3.369108216289566e-05,2.955710300606188e-06,3.0437600618330042e-06
0.00013854973018217687,0.0002508086359069824,0.07929424759152107,0.9137481343852119,0.006568259657178031
0.00016848938928173157,0.005376546272880818,0.9938151570859565,0.0005038979935976907,0.00013590925828329346
0.00034432348343092024,0.04082201128298432,0.7435437736929256,0.21520806263839706,8.182890226221052e-05
0.0008560632954058442,0.1551172488072702,0.8381121455167201,0.005878980737674579,3.556164292934484e-05
0.14511411904166388,0.8521165013595379,0.0027153746514411914,4.665515873708031e-05,7.349788620141864e-06
0.07043685242292974,0.26735564213567975,0.6546644304149235,0.007400323641104906,0.0001427513853622501
9.599726081091815e-05,0.0004976873108588313,0.1581537817503548,0.841194539677388,5.799400058729549e-05
0.9998378648866197,0.00013791108545110407,2.121041004737604e-05,1.8742745887895231e-06,1.1393432930042174e-06
0.9985713018852633,0.0013469727463249566,6.81998491743266e-05,1.27442674656191e-05,7.812517716898409e-07
0.00032169197745149565,0.17786696768733753,0.8028169777576076,0.0187355142683589,0.00025884830924436585
0.00011746493203789598,0.00017553743395665105,0.03500468636778888,0.963673630507969,0.0010286807582476044
0.9225334973279209,0.07646032742977751,0.0009352233867671331,5.7233137148766775e-05,1.3718718385706975e-05
0.9988127360337401,0.0010896325319191486,9.04656725147302e-05,6.076096073336366e-06,1.0896657526581382e-06
0.0004906072161195768,0.0003894851579875505,0.04247712309657895,0.9566354204727044,7.364056609507376e-06
0.0002855311747223112,0.17784575055467522,0.8212385706364337,0.0006183621231740555,1.1785510994790532e-05
0.677501123702545,0.32169446213141206,0.0005999860828094817,0.00018056351566383556,2.3864567569542614e-05
0.9987574742261405,0.0012196903051493446,1.9473221102442597e-05,2.5031567016651762e-06,8.590909063216385e-07
0.9787745160735455,0.021094524377892186,8.261294538490926e-05,3.962576528149764e-05,8.720837895951466e-06
0.9141470375053129,0.08312847369501242,0.0021162757319389794,0.0005738275539459729,3.43855137896862e-05
0.1176792829672423,0.8771938408465141,0.004465121472160933,0.0005909314338350663,7.082328024781791e-05
0.9997981969103453,0.00017768258697962994,1.8301685793023335e-05,4.2094525895806995e-06,1.6093642924822301e-06
0.9996022703439023,0.00037454682374625536,1.5487964011081813e-05,5.271521517590921e-06,2.4233468229285425e-06
0.00012060712452302459,0.00017267031869319367,0.002673288904121649,0.8425095534967746,0.15452388015588747
0.00024250068995818446,0.05944241124886475,0.7610681636191284,0.17919434088863587,5.258355341272259e-05
0.0044928564133177844,0.4758526382190392,0.5191379537166207,0.0004763509652610742,4.0200685761207146e-05
2.7869685434203452e-05,0.00010128331736208472,0.02021883312284125,0.9796373351158463,1.467875851612351e-05
0.0001864756174966628,0.00022934113847087847,0.4887607721473374,0.5108022703996113,2.114069708379807e-05
3.846461853813716e-06,8.217299610442919e-06,8.868882565197202e-05,0.0011509053378070723,0.9987483420750767
2.601199175080968e-05,0.00011367238079654686,0.6146019787549066,0.38524194635794345,1.6390514602544985e-05
0.18654288256695567,0.7812205557163261,0.03173518856887845,0.00047539475090858257,2.597839693107762e-05
0.0010763920353338726,0.0011629334690530324,0.03167656864162088,0.8488142557592214,0.11726985009477081
0.001075362199494036,0.5661839511475433,0.4324803773715155,0.0002502829841541391,1.0026297293072894e-05
0.4234218072831656,0.5623454129752602,0.013986690910648778,0.00020696722491550312,3.912160600998546e-05
0.14549487466959501,0.773620370433708,0.08058961359425579,0.00015956708991621645,0.0001355742125249279
0.0012990309207303002,0.8460458038777111,0.1522511149364669,0.00038868274278033545,1.536752231120381e-05
2.5895949342269796e-05,0.004157825477049582,0.9951517397364075,0.0006621485162346788,2.390320965904435e-06
0.05640091212144119,0.9141164545345187,0.028957335771178965,0.0005148881002936211,1.0409472567587065e-05
0.9998587778067548,0.00012377926368770846,1.4551226818140879e-05,1.1280726726694614e-06,1.7636300667232003e-06
0.9999138741384249,8.366079203067418e-05,2.0670005146499854e-06,3.193272271959162e-07,7.874180247715448e-08
0.02027271765515611,0.6307087548553072,0.34745446922336287,0.00143001967250099,0.00013403859367288503
0.0009072867879973442,0.945370633432195,0.051604533916267174,0.0021119417529403325,5.604110600211952e-06
2.1121644253714e-05,0.00016816103891104524,0.09300548159609241,0.9066753162576332,0.00012991946310958997
0.00018643839566339282,0.33619101608089463,0.6264643337304717,0.037144036406795804,1.4175386174405412e-05
0.8539702854971598,0.1429361298633074,0.0030782579188663355,1.0636330530298059e-05,4.690390136301427e-06
8.532814001188923e-05,0.00017442006909251676,0.001305684682421272,0.9982645597033653,0.0001700074051091054
4.285631736763147e-05,0.00016234705748383136,0.004662180738960847,0.23307074877630285,0.7620618671098848
0.0014519151912743005,0.970998492824536,0.02697788836894094,0.000568316426062478,3.387189186260296e-06
0.0004599256375950712,0.9535183369980963,0.04579241501410236,0.00022206145430046046,7.2608959056249215e-06
0.999151031241035,0.0008296666157154458,1.7205219103856693e-05,1.368253117266391e-06,7.28671028457407e-07
0.0003671699356423944,0.17007375670792088,0.828892306485383,0.0006515599716262822,1.5206899427465249e-05
0.9986723807498661,0.00130354317053203,1.820721860207693e-05,3.331953514346668e-06,2.536907485552357e-06
8.372521406922295e-05,0.29713013711538566,0.6909227449146659,0.011823547745609973,3.9845010269218495e-05
0.03366112430246078,0.7748524960406281,0.1890763220472411,0.002366775448701877,4.3282160968107465e-05
3.355031482598727e-05,5.7370725754307144e-05,0.002434220227544818,0.02848314227229243,0.9689917164595824
0.9998481051145709,0.00014876225069210695,2.639138574603502e-06,4.26123828979273e-07,6.737233328449098e-08
7.922712057229666e-05,0.00010492836966308599,0.013300761732338308,0.9853663881534427,0.0011486946239835855
0.35968149774261293,0.6332723409851434,0.006529738503674097,0.0004470312397756599,6.939152879389367e-05
0.00019693643365792715,0.00035792450375999425,0.19717066269172748,0.802081033610743,0.00019344276011160324
0.9319922234591183,0.06713112567216803,0.0008716174906012449,4.774196675541448e-06,2.5918143699418437e-07
0.03673344515197441,0.8235629873636938,0.12222471706284857,0.01732384617722921,0.000155004244253966
0.15036871729008242,0.8439481399785914,0.005582127349400116,9.79019020971953e-05,3.1134798289426185e-06
0.0010284781658339039,0.6029699908762097,0.39439409672591574,0.001588710787063615,1.8723444976774066e-05
6.433079189120658e-05,8.93919735345358e-05,0.027193677587104555,0.972605887405476,4.6712241993627105e-05
4.908108509142882e-07,1.6939093784810656e-07,1.4658597848692953e-05,1.9008752434628308e-05,0.9999656724479279
0.020424502547736093,0.32350283872137203,0.6558588286010965,0.00016628674948965982,4.754338030558231e-05
0.00014638278404316773,0.0002554368427143336,0.8614623759628929,0.13812802514591302,7.779264436709047e-06
0.00013404090224281075,9.278706342417478e-05,0.004593146984554655,0.09997222192649553,0.8952078031232829
3.329487114702903e-05,5.360815205463655e-05,0.0017987818115361796,0.9798305594764052,0.018283755688856984
0.00021341764903350856,0.00419644334300369,0.9637662973530284,0.03181777467145255,6.066983481590165e-06
0.0001772786766582763,0.00026676649462883457,0.008438157826652791,0.953140146958977,0.037977650043083296
1.1168035807265629e-05,1.2285065304983455e-05,0.0008558580810958126,0.006933580855793961,0.9921871079619979
7.518901688486127e-05,8.8568044275069e-05,0.03367164008946648,0.9660213653315234,0.0001432375178503917
0.0767860858113204,0.8702322892040631,0.05273207837446936,0.0002400987437356167,9.447866411665614e-06
5.711072213334867e-05,0.011624663578134518,0.9491620480207936,0.03914900748843604,7.17019050239194e-06
0.09381536403871356,0.8805167911967805,0.025512151093840228,0.00014647741898227064,9.21625168349462e-06
0.9917220548155443,0.007845673916758273,0.00040082787659474853,2.7868587915350153e-05,3.5748031873936025e-06
6.6602629420531e-05,0.3901697765329206,0.6079951271388893,0.0017238937958469025,4.459990292279938e-05
0.9996518472428367,0.00031222507578478336,3.149168433380285e-05,3.144875039371174e-06,1.291122005307374e-06
0.003741189626775204,0.9518344783463437,0.04434106848994538,8.117984326048736e-05,2.0836936752427373e-06
0.010231803246979929,0.9261213752886541,0.06318321500067585,0.00045231945741659935,1.1287006273505736e-05
0.7878727466666879,0.20379395261159636,0.00776255523924705,0.0004943801384151139,7.636534405332675e-05
0.9998497588410022,0.00014598327402269185,3.6315458303310797e-06,4.70474976071693e-07,1.5586416885176807e-07
6.434669593016377e-05,0.00019515932052980233,0.5883257869004564,0.41139442644824553,2.0280634838041574e-05
0.036734036595038475,0.9562064915685198,0.006967765748621712,8.885010322508968e-05,2.855984594814174e-06
0.00883123179736936,0.9571427890932116,0.03389690616229223,0.00012370722091357975,5.365726213385863e-06
0.9998261939546612,0.00014852355584362754,2.2894900001068915e-05,1.508667223556314e-06,8.789222704008449e-07
0.00021951627282854576,0.00046644971162588687,0.9731115143327552,0.026193022664873895,9.497017916561168e-06
0.1596815455685166,0.2321785252753168,0.6072353256162467,0.0008823733663985683,2.2230173521317444e-05
0.00014769072087312643,0.00016830529339346962,0.695656836395975,0.303852032279911,0.0001751353098474088
0.08619991516330464,0.8169047524169744,0.09673593350795831,0.00012585059123325647,3.354832052947608e-05
0.00017270739685169056,0.00032290791073286075,0.740065131202752,0.2594308508141357,8.402675527738423e-06
7.663990968229506e-05,0.00028241087605019715,0.56098123827781,0.4386087548742296,5.095606222795251e-05
0.0004418446251818978,0.10173537833702308,0.5831815389662756,0.3145661141973802,7.512387413928618e-05
0.0003970290611238998,0.9876867424445928,0.01190034830276763,1.5283885552598854e-05,5.963059630104868e-07
0.9994659183762724,0.0004999386195366934,3.0478793653030955e-05,2.4893135690683365e-06,1.1748969689163795e-06
0.00015493369370162644,0.000421371083153555,0.050905540261578335,0.8526410726881153,0.09587708227345117
0.9992843329378611,0.0006708088165337296,3.767367327918886e-05,6.604904769799141e-06,5.796675563351129e-07
0.00015464596578502877,0.00024476283215363234,0.19130882845682334,0.7423105309073313,0.06598123183790662
0.00014322716997184997,0.0030924118092411903,0.9942445088758483,0.0025170616478418003,2.7904970967219743e-06
0.5466698660268777,0.446165060630166,0.006418575043328575,0.0007084941793242427,3.8004120303443535e-05
0.9691854868138561,0.030391570779520153,0.0004176511183082129,5.0125137813934195e-06,2.7877453432236135e-07
0.08430781827083794,0.8869771445933586,0.025883844767580242,0.0027220872953158414,0.00010910507290737914
0.9988364655356664,0.0010367186656302745,0.00011962226280306741,4.003228031825747e-06,3.1903078684080864e-06
0.0001486577191053434,0.0035169044365181853,0.9804509054049185,0.015878685096873117,4.847342584717014e-06
6.647134320929719e-05,0.0001926224394262334,0.0024611395649417824,0.35178594260114904,0.6454938240512736
7.483517419167936e-05,0.00036151353453497655,0.19604952791451632,0.8035024821941964,1.164118256072109e-05
6.303315678069508e-05,0.001450049465621094,0.9967144572650131,0.0017709806950781245,1.4794175070923385e-06
0.00027460809349532175,0.00044747728750154037,0.0100616705817658,0.40350525762497647,0.5857109864122608
0.010008373929450974,0.8528346876984494,0.13668697040855693,0.00043011245289297433,3.985551064997498e-05
7.248036288861679e-05,0.00025877584224202156,0.14732296813939597,0.8521500101396343,0.00019576551583909212
0.8497468974837399,0.14755125329864896,0.0018846275415121884,0.0005164546747218506,0.00030076700137727244
0.00016867691965628237,0.0005236843344373902,0.003414424457579939,0.6241026416037994,0.3717905726845271
6.511875785018356e-05,0.00016103690931111285,0.04082979484668958,0.958861819906928,8.222957922123463e-05
0.9992871798174469,0.000476882599479112,0.00022648717419479356,8.773449525155556e-06,6.769593539287443e-07
6.052760388115618e-05,0.48501694619900737,0.5148407895574292,8.01908933075638e-05,1.5457463746107459e-06
1.5177350421977033e-05,5.36156416445054e-05,0.016396844675821975,0.9834945518237729,3.98105083384464e-05
0.00026732039170065247,0.0010073329529733475,0.030172999829136453,0.9685171097195276,3.523710666180885e-05
3.861498391941568e-05,7.064125802511012e-05,0.0012599554980511191,0.2631809060049808,0.7354498822550236
2.5439674327269653e-05,0.0038713561958170304,0.9952655891909388,0.0008343827092980018,3.2322296190620173e-06
0.0012094967690840666,0.12296001596859185,0.8756683751353795,7.901331662656237e-05,8.309881031806376e-05
0.9998378096500102,0.0001485070203565112,1.1161754006843716e-05,1.6890622755762553e-06,8.325133508949846e-07
0.00011722969167020311,0.00040537814392778833,0.9148290592232537,0.08462117119995535,2.716174119296698e-05
0.9870387854104665,0.012854382270315204,0.00010423816438377673,2.1985348466435813e-06,3.9561998783586926e-07
0.3595169476655519,0.6345535394133807,0.005884639319319886,4.120978995792831e-05,3.6638117896397507e-06
0.7901103382657629,0.17301149573451557,0.03648663055317199,0.00017330923214197878,0.0002182262144074336
0.7801160451575212,0.21901482724099286,0.0007971205233561743,4.575472638071298e-05,2.6252351749015388e-05
0.8354695584485262,0.16396512413003805,0.0005277093679261421,3.3232270203867855e-05,4.37578330562771e-06
0.00040136387910220917,0.020483743479102152,0.769649695343845,0.20927132690801512,0.0001938703899355821
0.0003540452702293256,0.0006277216292285238,0.056110484895917745,0.9284487778649525,0.014458970339672052
0.9820175084312038,0.017580212803016543,0.0003359189989518033,6.306468873476009e-05,3.2950780928901835e-06
1.8124314368974832e-06,3.879055749241653e-06,4.0749209538444286e-05,0.0008544568660058502,0.9990991024372695
0.18593479135961297,0.7874059404692353,0.025969098209871044,0.0006678932968220366,2.2276664458645276e-05
0.0008104980309597897,0.27412908646347445,0.7225993498089806,0.0024352638134109146,2.5801883174275072e-05
0.002046331434723208,0.9203390136374758,0.07703193539466296,0.0005790401640268516,3.6793691110951626e-06
0.027899573774728723,0.9209879774970585,0.050873268230404174,0.0002187381222345019,2.0442375574201308e-05
0.9990727432509549,0.0008749543995722742,4.598468748020573e-05,4.953611920255373e-06,1.3640500725320008e-06
0.00022621299011802492,0.0004090606707252698,0.44338313695302783,0.5559458542745478,3.573511158110796e-05
6.997505793000249e-05,0.00029840876054960057,0.04647149463479887,0.8237436765942403,0.12941644495248125
3.355660479365435e-05,3.452816688501077e-05,0.019969191337569,0.9799278165939889,3.490729676354124e-05
0.9995510421277176,0.00043046776371382875,1.4538105911072225e-05,3.4284469339076182e-06,5.235557235171974e-07
0.0026747826721276757,0.7361900845333836,0.25715044937087783,0.0039533263579716715,3.135706563919902e-05
0.012392893043013789,0.7480700013338563,0.23703759754688092,0.0024785692579400655,2.093881830896583e-05
0.9995788006601719,0.0004156533532832283,4.528592594668578e-06,8.627121085557197e-07,1.5468184154965367e-07
0.00010747336093343759,0.0004137404511851828,0.02189304497467143,0.9277770105660312,0.04980873064717876
0.0003001088737719698,0.5185904754953957,0.4806825524776134,0.00042338316862522977,3.479984593773697e-06
0.6856195190339196,0.2654955990889504,0.0484936134100306,0.0003140525792405664,7.721588785884653e-05
0.0001365046746480998,0.0005155421899278425,0.9243014223414815,0.07503200425939713,1.4526534545538131e-05
0.9963720628228309,0.0036075582562116295,1.2346369440464469e-05,4.979072475494842e-06,3.0534790416236756e-06
8.364189802344577e-05,0.0005001784226579069,0.0018406727030100345,0.4453407154715338,0.5522347915047747
7.44505656771059e-05,0.0008564150838461198,0.2232731658456904,0.7755905992352758,0.00020536926951063666
0.0038374398965322666,0.445071775486756,0.5502791436580632,0.0007635409093673636,4.810004928131583e-05
0.3501589421910266,0.2928577492302521,0.35246765436323113,0.0043630998477343025,0.00015255436775590012
0.07825128591601571,0.9070586563030039,0.014539350830573164,0.0001464315008453477,4.275449561857585e-06
2.1052669888573736e-06,5.86231334468713e-06,3.63586583708321e-05,0.007025777048017972,0.9929298967132776
0.0005977308081779321,0.0871390238406673,0.8781610427399157,0.03394164093470272,0.00016056167653629068
6.399479902953351e-05,0.0001083105098589791,0.00875169697412239,0.45913926041838005,0.5319367372986091
1.9479089057740103e-05,7.837583673621079e-05,0.11039819972415443,0.8894863364505604,1.7608899491171544e-05
0.0799478377412307,0.9161541233274765,0.0038684671477116506,2.5755173031058e-05,3.816610550050092e-06
4.5096536670674294e-05,0.010750423466238612,0.9374608365403796,0.051713952365413256,2.969109129803709e-05
0.9998991450170256,9.426144283240071e-05,6.096180932829925e-06,3.807927920220486e-07,1.1656641694176644e-07
0.7189220119424976,0.2801476028270152,0.0008864051331845059,3.902411107427653e-05,4.9559862285716686e-06
0.00033882819748541073,0.005969846256859138,0.4958198089251918,0.49778625459672504,8.526202373861613e-05
7.328446617718619e-06,1.3896633617611555e-05,0.00018595672207641844,0.1478156731983011,0.8519771449993873
1.4237095519258628e-06,1.0836763634616052e-06,0.00013474366194317106,0.0012061133307981328,0.9986566356213432
0.0004154646501616031,0.13299048209064018,0.8488879028714911,0.017580476311134508,0.0001256740765726176
0.919001636486218,0.08070546487272183,0.00027225056481901765,1.9298019490493313e-05,1.350056750626783e-06
0.008024906305197551,0.39753083378694104,0.5867474941619174,0.007583268856281258,0.00011349688966283967
3.3964431480679727e-06,2.30275459231666e-06,2.398334776568018e-05,0.0015683205436358484,0.9984019969108582
0.00011003201446236518,0.0006858624468575096,0.9827403511220418,0.016460140855448186,3.613561190024487e-06
0.00021499381784473596,0.001438248683411454,0.6469381996751035,0.3513240924932507,8.446533038961882e-05
0.00012852460337026364,0.03302683702218485,0.9656252808690069,0.001212839355051676,6.5181503863454056e-06
0.9991859598779735,0.0006750367532594315,0.0001221903670481625,1.5893875559924406e-05,9.191261587472473e-07
0.00041499007714467184,0.9288192719054025,0.06521313071231513,0.005516986278216624,3.562102692109384e-05
0.3030132657357223,0.692767841771051,0.004191114362051722,2.6758703945283497e-05,1.019427229594605e-06
2.256827362350808e-06,1.9604315777930494e-06,0.00014579519000223028,0.003058100055765074,0.9967918874952926
0.0012619249177138294,0.6356172756894792,0.36234143798230284,0.0007579992442472924,2.1362166256651607e-05
0.9025330779058596,0.09668281662131856,0.0007408544321684768,2.9828000917183663e-05,1.342303973603469e-05
0.9936309259202978,0.006292641490123098,5.3765575555769674e-05,2.0140736535822645e-05,2.526277487529622e-06
0.00019295871654017018,0.0002989164213228963,0.010157663858162332,0.9862451543241344,0.0031053066798401026
0.9999348196374777,4.3620124837546475e-05,1.4897628920408697e-05,5.75172301570546e-06,9.108857486785973e-07
0.00016194448281866365,0.0683161524345642,0.9154870296253789,0.01602826084734619,6.612609892069697e-06
0.0005057491757966462,0.7542820976350446,0.24505019674823939,0.0001581403570769489,3.816083842423366e-06
0.999954613583974,4.164958904526958e-05,2.9008370848322637e-06,5.631438365439409e-07,2.7284605939231587e-07
0.0015761674469353568,0.8893158114399258,0.1087475473134898,0.00035573617937453725,4.73762027429892e-06
0.0009178782575834833,0.514000019687738,0.48467916689055746,0.0003574562743422004,4.5478889778895454e-05
4.366848484623751e-05,0.026969144017840965,0.9706404543764023,0.0023352824545917086,1.1450666318541924e-05
0.0019790722490646553,0.634190914357053,0.36298595189579447,0.0008363166856640641,7.744812423811087e-06
0.9995977519632863,0.00038092895237102297,1.356208849608306e-05,6.441477260903863e-06,1.3155185854939016e-06
0.7260497599567389,0.2705843424127973,0.002890345725084421,0.000373244617796875,0.00010230728758254902
0.9998578918447247,0.00012804959422116303,1.2677614652942171e-05,1.10344255948049e-06,2.775038419551651e-07
0.00020405685277780252,0.0006186486034955481,0.8812108958645389,0.11795336135817086,1.3037321016637084e-05
1.7072485760333172e-07,2.8734148912717663e-07,5.256101035585627e-06,7.098232278156193e-05,0.9999233035098362
0.9998657698871041,0.00011772180861948639,1.3067863934261255e-05,1.597151034691506e-06,1.8432893074548396e-06
0.0016513946790014172,0.12984038219238167,0.8505896291493426,0.01790535219995369,1.3241779320634265e-05
0.00017017352855936915,0.013039520296848212,0.8646499201539813,0.12198751648162534,0.00015286953898578298
0.7266050187579144,0.2691316227443588,0.004139271528441032,0.00012000944361122689,4.07752567446362e-06
0.00038219986638533685,0.0012670923858040296,0.04932488217234033,0.9368539749598539,0.012171850615616413
0.9994974017890714,0.0004203955397129972,7.001470158375593e-05,9.67495681498235e-06,2.5130128169266712e-06
0.064675795158877,0.8683696546385601,0.06432905811761132,0.0024883741466362576,0.0001371179383152691
0.5661289032950859,0.42985443853152755,0.0037859071475797043,0.00021085924358912466,1.9891782217839448e-05
0.9994278890586069,0.000514133347667971,5.02249895065913e-05,7.081824321324021e-06,6.7077989738644e-07
0.9394396296940354,0.05922579505547752,0.0012843301339814097,4.259076153694602e-05,7.65435496872892e-06
0.5688584203432598,0.42538029470538874,0.005510715830763836,0.00015479793756692585,9.577118302087276e-05
0.132964659808711,0.846946743443938,0.019672873131902368,0.000328532667101367,8.71909483472756e-05
0.00010776976879820158,0.0001880582456599328,0.9777585440752269,0.02193674888365367,8.87902666125003e-06
0.008597888507370775,0.030850458796423064,0.3034291326210561,0.6461970227972876,0.010925497277862387
0.2894615307514545,0.7095811445319777,0.0009292943803005241,2.1088142235501794e-05,6.942194031892363e-06
9.275202385461216e-06,8.011735487192447e-06,1.3367170175818398e-05,0.0019237909757658753,0.9980455549161857
0.08739237799264467,0.9091358446549429,0.0033334190686483524,0.00012157403541627768,1.678424834788021e-05
8.823234505247281e-06,1.9066681034406466e-06,0.0007167810040363551,0.002062068518575446,0.9972104205747794
0.9157010780942617,0.07888038980351385,0.005347466038795856,4.107879237525217e-05,2.9987271053277858e-05
0.5468245034099879,0.44207891788948517,0.011010249453718979,7.307606604606496e-05,1.3253180761841781e-05
0.129530554179362,0.8030819288485904,0.06619082356632634,0.0002863457643727391,0.0009103476413486821
0.24612376724016705,0.6986720886209045,0.05447006368533426,0.0006236886044652382,0.00011039184912897848
0.2550435118099516,0.5792496094724777,0.165361876136075,0.0001661570085248757,0.00017884557297082672
5.869526371088317e-05,0.00010967844104889637,0.001195020566713157,0.41007356873594936,0.5885630369925777
3.2089808875206702e-06,4.333357418065512e-06,0.00030185597861350763,0.013006572077824,0.9866840296052569
0.000385076154833941,0.0028541955853879845,0.9177583856578037,0.07897328683396777,2.9055768006671157e-05
0.9997449828404172,0.00021667596631104853,3.062275157604193e-05,7.475101578150832e-06,2.4334011751195334e-07
0.00018052468776710335,0.00028478452710055017,0.03917515379595628,0.9435450459920443,0.01681449099713176
0.00010944607629865721,0.00025869185914019726,0.28880760848036274,0.6952883442994137,0.015535909284784757
1.893191539113094e-05,7.801067236528703e-05,0.0037164006246712252,0.03694897082155799,0.9592376859660143
0.00032246588884999824,0.0006824862034586108,0.9686746859851132,0.030296543291996138,2.3818630582123472e-05
0.9998620046437797,0.00012417994096426726,6.062365895319966e-06,6.652870327193822e-06,1.1001790336908506e-06
0.14450982107857813,0.8366353380147203,0.018744970145366593,0.00010477831074962217,5.092450585290524e-06
0.9998532953777202,0.00011977398803650628,2.024916310227232e-05,4.1989669486330825e-06,2.482504192607168e-06
0.9996801472383278,0.0002872633404423711,2.9742729847527786e-05,2.5900977941326892e-06,2.565935881911519e-07
4.1611793107676605e-05,0.0006421198430227015,0.9778773849302865,0.021436721904324878,2.1615292581861804e-06
2.580614823040119e-05,5.71597232088211e-05,0.016053100407665742,0.9806036596402756,0.0032602740806195003
0.14279389625015046,0.7654731778621121,0.08611521471701349,0.0036354653438097277,0.001982245826913948
0.00029792165654624015,0.16666429684311,0.8328410504629956,0.00019350188090482183,3.2291564434091173e-06
4.2337219958138866e-05,0.0005721160717660195,0.10472631569677375,0.8944279568632965,0.0002312741482055023
4.589135448037791e-05,8.347571722352177e-05,0.019901852536661505,0.9666482170726195,0.013320563319015136
0.987252889799744,0.012705428361431523,3.366794506664966e-05,6.4986874272850464e-06,1.5152063307004833e-06
6.524599980571655e-05,0.00011773312259779298,0.9216891076519101,0.0779874567648573,0.0001404564608291741
4.8523814037499134e-05,0.0003290016110095652,0.5286977643933777,0.47089602021902893,2.868996254634825e-05
0.07184244835301815,0.6351566108527129,0.27398444974473507,0.018965639092227697,5.085195730628918e-05
0.9998055945478372,0.0001869375751238777,6.575886300278245e-06,7.303261841201693e-07,1.6166455469570194e-07
0.0008633131511501954,0.044813937186806145,0.9404695787287634,0.013845113684145142,8.057249135062595e-06
0.010015824029649728,0.9702006508656409,0.01964515147488401,0.0001310281703685418,7.345459456632443e-06
0.9999145728429771,6.986327743312155e-05,1.3781383569149152e-05,1.6790147569872284e-06,1.0348126355466298e-07
0.10701784696495405,0.8647110226807341,0.028160212246084865,0.00010265992857720925,8.258179649727673e-06
2.0291532881386715e-06,4.127118006087588e-06,2.609946359653389e-05,0.0015676933925673961,0.9984000508725419
1.250322537244169e-07,2.6883694469300445e-07,3.0526457450700734e-06,9.86619393340997e-05,0.9998978915457224
2.3996606611971997e-05,9.031952840277195e-05,0.22631633662397366,0.7735553865626815,1.3960678330112907e-05
0.0001174986403664155,0.001769208970075203,0.12584181299223915,0.870959516962055,0.0013119624352640955
0.004701411587087296,0.9801391341429267,0.014491179869243252,0.0006240178634783619,4.4256537264331214e-05
0.9997210924134929,0.00026057096227992844,1.5804835027279056e-05,1.8323357099861211e-06,6.994534899584963e-07
0.0009736275531819694,0.62786539821532,0.37068381146980045,0.0004613015703796691,1.5861191317984485e-05
0.9835005389396642,0.0159940644411645,0.0004661190313711723,3.67881365282292e-05,2.489451271958537e-06
0.00016207882227782598,0.00025560792197441325,0.5850926202618776,0.41428999716961695,0.00019969582425324485
0.9996050937464743,0.0003388483518917139,5.108896611634666e-05,3.5134112826387714e-06,1.4555242348318557e-06
0.001433813905075704,0.5478508817352495,0.450090603904237,0.0006184063670219276,6.294088415838645e-06
4.532540784090351e-05,0.00014010684178644969,0.5850886817699887,0.41470838349114036,1.750248924353462e-05
0.0028551482340732357,0.4252581018152865,0.5716233463267881,0.0002572395271437302,6.164096708432037e-06
0.999293406101102,0.0006745154437958514,2.0724573378411015e-05,5.951499383419441e-06,5.402382340229804e-06
0.0015909978677991212,0.04744555102677555,0.9484362891613081,0.0025169856153949093,1.017632872243302e-05
0.9998527315801213,0.00012351307258186576,1.63348754123221e-05,7.228412368849084e-06,1.920595156030218e-07
0.0009355473409773801,0.12139597639757725,0.8090955562137648,0.06844297965483359,0.0001299403928469469
0.9884457047984659,0.011299521628775766,0.0002283988534135736,1.924851140053818e-05,7.1262079441925065e-06
0.9997822313664029,0.00016849050656734643,2.834875846926601e-05,1.9267427950768752e-05,1.6619406100463802e-06
0.0008871370610364953,0.22548386787733013,0.762128518500072,0.0113941897084099,0.00010628685315144059
3.8699569281991037e-07,1.181825400489747e-06,5.6316746390977955e-05,0.000539120594120711,0.9994029938383949
0.7165979879007067,0.27833676248087375,0.004616875651638765,0.0004254539062131679,2.292006056763331e-05
0.025595633693225393,0.9021233114991215,0.07196704338875258,0.00028243954691182767,3.157187198857447e-05
0.00027551124679164196,0.001889438883223924,0.18693219924378088,0.8102614599906508,0.0006413906355527734
0.9998009121768839,0.00017787472027769815,1.8067306151127976e-05,2.837423995340339e-06,3.0837269196152694e-07
1.3164923803593793e-06,9.513336317008564e-07,1.029756981904207e-05,0.0001696020861951789,0.9998178325179737
0.17091136758432351,0.8253665934230503,0.0025596019095188746,0.0009422672272842435,0.00022016985582300013
0.9943382967442697,0.004489223178048311,0.0006580664266026045,0.0004231481558693572,9.126549521021993e-05
0.0010738443493363624,0.5680701181488323,0.4264126459159022,0.004389549220778572,5.38423651504796e-05
0.0003403325041106749,0.00031404085291275087,0.20284882134684093,0.7960196190463174,0.0004771862498182681
0.987861636816779,0.012090566726897204,3.781743979175208e-05,9.035324735090488e-06,9.43691797002489e-07
0.00016623871067082086,0.0009315019931965798,0.9397033432885934,0.05915039759708115,4.8518410457988824e-05
7.747629479429263e-05,0.0031727732039638222,0.996647652041979,9.884924649680452e-05,3.249212765908553e-06
0.9996192390001098,0.00035688420568964356,1.9004684214596486e-05,2.9623353654916203e-06,1.909774620256688e-06
0.008936544559329018,0.8482067189331876,0.1239051371587129,0.01890273005654556,4.886929222493481e-05
9.993254640682573e-05,0.0001938547887939088,0.001474489026621607,0.9982029843204441,2.8739317733552163e-05
0.0001756554624414342,0.09121554564247045,0.8876389953317094,0.020938372170509447,3.1431392869449325e-05
0.0857269157915125,0.8573113706506726,0.05681551910801108,0.00013711271960144868,9.08173020238007e-06
6.489758000072126e-05,0.00013857938318164814,0.011472325189291215,0.9882697475334561,5.445031407022886e-05
0.9998601050126891,0.00011523747762446866,2.3236442870875906e-05,1.3433847962036856e-06,7.768201936017769e-08
0.016130654568068923,0.7862594092735613,0.192315424484228,0.005250705429205366,4.38062449364496e-05
0.9999458286327605,4.454545874295165e-05,7.032447555637034e-06,2.403924093886959e-06,1.8953684710473132e-07
0.00020343245052126415,0.005377898133970257,0.984635898277273,0.009776395464056046,6.375674179263495e-06
0.9998720334791669,0.00012091784077057886,4.484442463781384e-06,2.413319891979972e-06,1.509177066831176e-07
0.00022729949132114808,0.2870700773622226,0.7125282156945568,0.00017184043268274047,2.5670192165770878e-06
0.98389114685753,0.015886298871385256,0.00019598190337968754,1.6161051186324625e-05,1.0411316518754717e-05
0.9186713316200338,0.0803577838597354,0.0009518915520379997,1.2644359946255278e-05,6.3486082466754005e-06
0.0007029695137628061,0.7054851902190348,0.29262810974196635,0.001169161599069806,1.4568926166186919e-05
0.9996680546171826,0.0002946686500104605,3.26434887896022e-05,1.7288715946151623e-06,2.9043724226064673e-06
4.910800608257294e-05,3.813986187720483e-05,0.00026760298288017035,0.10548940990035609,0.8941557392488039
0.9994045327145465,0.0005591878240035924,2.7273109272994917e-05,4.150236218778332e-06,4.856115958035188e-06
4.1150565723848413e-05,0.0004285347055524614,0.8877760854314607,0.11173559558451931,1.8633712743642453e-05
0.0001459918086548208,0.012326518647889206,0.833357486791171,0.15396854715697292,0.0002014555953121272
0.00010808761233608204,0.00041116577244951344,0.004356923610539012,0.9818319444567104,0.013291878547964866
5.414953533703587e-07,4.2590837265749615e-07,1.3279566966098623e-05,7.554776257661545e-05,0.9999102052667311
0.31431287589825607,0.6790944792934169,0.006482190025080023,0.00010203539753702536,8.419385709854191e-06
0.00018029706838072794,0.002325447696405633,0.9497632170652188,0.0477264653771157,4.572792879100206e-06
0.7375596312821401,0.24992329840661556,0.012467205822699128,3.999509471871359e-05,9.869393826513257e-06
0.99924977837989,0.0004937316645502529,0.00020762643548925358,4.603403207117904e-05,2.8294879992236793e-06
0.13553030508680172,0.831875839701977,0.03139731692266415,0.0011130860384200698,8.345225013717441e-05
0.9209573075417448,0.07796985766679103,0.001035115000594013,3.583496104622526e-05,1.8848298236611185e-06
2.532902393752779e-05,0.00023402473364284552,0.9784551043517039,0.021276515338212305,9.026552503290946e-06
0.06524512041099502,0.7674969989669187,0.1619212075846041,0.0050164297046221525,0.00032024333286001484
0.0005448120378006031,0.00393269975657682,0.012504239066081902,0.3862533683618993,0.5967648807776414
0.9995344493351164,0.0004391272118795285,2.2155344971068466e-05,3.0836123925773525e-06,1.184495640459848e-06
0.9998658826315016,0.00012219958028680472,1.0197720339460936e-05,1.3506552591450818e-06,3.6941261284658494e-07
0.9995112136235601,0.0004694570999558775,1.714628479197873e-05,1.6231716800030262e-06,5.598200121353992e-07
9.861774879128577e-05,0.0004452315565796453,0.004350015317878418,0.9045561225954774,0.09055001278127334
0.21908583207018023,0.7553663658754894,0.02541047266271126,8.940008370239855e-05,4.792930791649491e-05
0.024237252692364,0.33639492521556646,0.6389946778584377,0.00019911002086670413,0.00017403421276510672
0.00025367358704241023,0.0009975744847969493,0.33986327150675105,0.6587557941335628,0.00012968628784699546
0.0015385899200215955,0.7282159793274466,0.2688687610146715,0.0013690468641614215,7.6228736988591154e-06
0.000441771751976468,0.009535373162765957,0.9684887452015922,0.02152650908282318,7.600800842185192e-06
0.999597208158183,0.0003626298819143639,2.5083728928652746e-05,1.4119134955938013e-05,9.590960180134223e-07
3.472900471359855e-05,0.00028239792082253014,0.9551378315634201,0.04453596594950753,9.075561535972183e-06
2.3156847991664925e-06,2.7886750358973923e-06,1.8488861733955386e-05,0.009264368241261109,0.9907120385371699
0.009789228445000185,0.7277774003575005,0.2557806580930688,0.0064561740310617255,0.00019653907336879509
0.9973376459449574,0.0025224221557385183,0.00010922281632674271,2.849107926948355e-05,2.2180037075413775e-06
0.07584221718892402,0.8645470278789281,0.057514214630399005,0.002054549407693774,4.199089405493084e-05
6.427337990249641e-05,0.005949935046695332,0.9899917397863878,0.003987049880520769,7.001906493671785e-06
1.3126830486844256e-06,2.0791803338667612e-06,1.1785217184602342e-05,0.001556524347835223,0.9984282985715975
0.0002118942564407204,0.0008207899354521778,0.7153118542264507,0.27328337671957653,0.010372084862079987
0.985337134237399,0.014573181294019667,6.85011798424951e-05,1.8940286173243212e-05,2.24300256569352e-06
0.023360019691330287,0.9552359621089033,0.019922369039738395,0.001438201754184397,4.3447405843867985e-05
0.005294971813884815,0.8156595430702182,0.1769138042717474,0.002119287222837221,1.2393621312521956e-05
0.0006338156887295575,0.003949685235777954,0.8060320694739673,0.18915595599863982,0.00022847360288541762
2.9613275428919265e-05,0.00010599863256809026,0.038422028143609274,0.9611270592756365,0.0003153006727571768
0.7459301450670186,0.2531980658389131,0.0007953238156988639,5.5160293731726286e-05,2.130498463778343e-05
9.748670143702658e-07,1.7335315625739615e-06,6.975008794446639e-06,0.0003506110854264454,0.9996397055072022
0.02106720228639456,0.954731328337095,0.023260777575586727,0.000878864288363474,6.182751256036622e-05
2.157037071574495e-06,3.6809413212877143e-06,2.6776065491501557e-05,0.0021221538248885957,0.997845232131227
0.9972337175443349,0.0026309628849392626,9.786654627845162e-05,2.769340601119594e-05,9.759618436251566e-06
0.9792305831567488,0.020498894577910654,0.00023617533645122575,2.6964122354995762e-05,7.38280653424144e-06
0.00035554233144948464,0.11650766413574139,0.876799320876867,0.006301822284845474,3.5650371096872076e-05
0.0035009600535656615,0.9465148584647617,0.04861846016867984,0.0011421000390123839,0.00022362127398056474
0.9997360564592123,0.0002500757293839712,1.2785086177700066e-05,8.223283713464071e-07,2.603968549134013e-07
0.8404985672201714,0.15929594652150544,0.00014208380613694657,4.3416789423136316e-05,1.9985662763095635e-05
7.090839259722962e-05,0.001040472333254376,0.45178634278448027,0.547079452092655,2.282439701326258e-05
1.6208006042777896e-06,3.056866108630401e-06,7.59444176006049e-05,0.007064868472152224,0.9928545094435343
0.015638980924666986,0.737382939059368,0.24403549802451677,0.0029121617594538973,3.0420231994475263e-05
0.0009416370588881103,0.11881961930031887,0.8691340053408909,0.011083686868351076,2.105143155108018e-05
0.00012750159831320112,0.10805495964675454,0.8914124679935455,0.0003991371364855463,5.933624901161822e-06
0.0003178520036056027,0.5531589099497339,0.4457673253142205,0.0007540380775763386,1.874654863795285e-06
0.10098028680083228,0.8869878342710809,0.011935048275086483,9.14935931626634e-05,5.337059837821788e-06
0.9996257260742996,0.00032104985590861206,5.029133488548588e-05,2.660282208104783e-06,2.724526984956962e-07
0.0021449851069779108,0.6573807989335558,0.3362079467250204,0.004221677414848497,4.459181959724036e-05
1.2882084502082538e-06,1.8750670548980288e-06,2.1422591715341522e-05,0.0003372889431258736,0.9996381251896536
0.00020323410470355718,0.015616319872734773,0.9720179088315131,0.011852093065944529,0.00031044412510407293
0.025251697569096503,0.8806440823849933,0.09386591289262236,0.0002158105372942872,2.249661599372519e-05
0.6653221061100637,0.329540975957947,0.005089759030914895,4.297370671211633e-05,4.185194362224019e-06
0.9980966060067197,0.0018428287846923104,4.360665936078387e-05,1.0768458640511094e-05,6.190090586797322e-06
0.9992344021719026,0.0007038717393073437,5.6527837630108134e-05,4.244674483423844e-06,9.53576676411297e-07
0.0001688149989945216,0.0025303526972779173,0.9899379357075143,0.007359467882068965,3.4287141444480304e-06
0.00041461454567015023,0.6144776016398656,0.3693779684930704,0.01570275677307706,2.705854831675339e-05
0.9950037604629088,0.004961612293520909,3.335707032133604e-05,9.703739459531252e-07,2.997993030730474e-07
0.953444941899939,0.038903337092051175,0.003016046067400814,0.004271383020977052,0.0003642919196318698
0.0005891226481127804,0.5552623203410166,0.12635930689915248,0.317748131386897,4.111872482099771e-05
0.00016724241180055295,0.0005490168854655924,0.950549758525467,0.048711353747399724,2.2628429866989922e-05
0.0001694894890468218,0.26708597862151046,0.711793210623047,0.020874796573389576,7.652469300624638e-05
8.758817590093857e-05,0.0003926411348912436,0.024017767657064818,0.8116080563559136,0.16389394667622936
0.26747489910905414,0.5951101592954496,0.13526545306003446,0.0020956896013057816,5.3798934155913596e-05
5.432517387592311e-05,0.00014792331385251383,0.5301583642785322,0.4696051144012571,3.427283248228038e-05
0.9991684906907522,0.0007950670076282589,2.9554428881487516e-05,3.4650072562920014e-06,3.422865481828092e-06
0.17314476234665307,0.8075942157661875,0.0172737778405762,0.0019484083523473702,3.883569423588679e-05
0.9370119851982305,0.06278915116137151,0.0001581504454819224,2.445077599211126e-05,1.6262418923815753e-05
0.11261707658571724,0.8850582647744726,0.002209891533154173,0.00010089136086454846,1.3875745791542995e-05
0.007991075657901782,0.9770503159032523,0.014777410018793657,0.00017627448183029436,4.923938221933813e-06
0.9950185313618322,0.004879277173709933,6.577990043055612e-05,2.9860068432673094e-05,6.5514955948368615e-06
0.9993678446794759,0.0006012739217350582,2.65763368204079e-05,2.939230262754566e-06,1.365831705908497e-06
0.0016821695016540936,0.6728714353490844,0.32475082888515894,0.0006898927661547781,5.673497947754516e-06
0.00036282177413753195,0.0010344417446666353,0.9673190180198653,0.03127949160796093,4.226853369471748e-06
0.00018440819712859651,0.008525722534674877,0.9908547826500981,0.00043277788766993595,2.3087304285601563e-06
6.332202676165396e-06,1.0533506599716897e-05,0.0003598647909293265,0.02816671927406647,0.9714565502257283
2.8305467323658748e-05,6.500648205795309e-05,0.0013891083804473308,0.9984027778375025,0.00011480183266850995
5.244812878509466e-05,0.0012208704800443415,0.9938885531761329,0.004834983041435771,3.1451736021370547e-06
0.006136236880522829,0.9272160631322178,0.06652647982465684,0.00011785577435658248,3.364388245853936e-06
0.00027025880129014285,0.014403730688409572,0.6961649538434995,0.28859378202440333,0.0005672746423973524
0.00010859903826744249,0.0024609306729690647,0.9965301936322044,0.0008938948468439883,6.3818097152159945e-06
0.8188707191606669,0.1787514702952585,0.0017351942372260192,0.0006046988825826438,3.791742426596901e-05
0.02003916822666015,0.9440218408880866,0.035188554863418785,0.0007318215317679712,1.8614490066471407e-05
2.563448584886366e-05,0.00013676075646151226,0.9680895941279694,0.031742574245185666,5.436384534759853e-06
0.9213494090156364,0.07784195817339577,0.000574829459378499,0.0002286043839866159,5.198967602966672e-06
0.00019484453971993092,0.001453456570617627,0.023065872571811717,0.9743100147468683,0.0009758115709824458
0.0003058827920714535,0.002601604779080656,0.9082085170494643,0.0886812592332841,0.00020273614609949605
0.015135200276412662,0.5144582910701878,0.4696944503764261,0.0005064091394758818,0.00020564913749752391
0.00018375636566887957,0.0009071924492081858,0.9766907061099733,0.02219659764076214,2.1747434387427575e-05
4.8711640677927155e-05,0.0767081302630255,0.9230262068146318,0.00021525016023288938,1.7011214321542298e-06
0.0002977307228343422,0.0011208845588576342,0.18306078176171814,0.8154399153799898,8.068757660012234e-05
2.431672199775619e-05,0.00017848359551268198,0.9919655475468844,0.007828777925433872,2.8742101711711884e-06
0.9989770353243275,0.0009833755083540115,3.3775378425017336e-05,4.72788609766012e-06,1.0859027957152142e-06
0.9994203717710868,0.0005647542315632918,1.3139350838879421e-05,1.1850197974127213e-06,5.496267133548598e-07
0.7487018828010399,0.23572783802817798,0.015016522381002527,0.0005135410295107911,4.021576026873363e-05
0.00030890636436711153,0.00016035805814524135,0.013353539998983041,0.9263631277425354,0.05981406783596906
0.09054698863987408,0.9016265984952216,0.007604655896074403,0.00021545842812993235,6.298540699853816e-06
8.177110113586168e-05,0.00027728115966708765,0.03292964513324052,0.9660449315278925,0.0006663710780641315
0.8036762711966311,0.18849969008329853,0.007624461014547448,0.00012342979073608215,7.614791478712971e-05
0.9995666068255092,0.00041326671211816573,1.7347062313162888e-05,2.214495313488552e-06,5.649047459743585e-07
4.624870390181763e-05,0.00010502295308398024,0.0036266370114916673,0.10569907565042445,0.8905230156810982
0.9868326405449855,0.012995228543222917,0.00016314602071314236,7.307897522635902e-06,1.6769935557914305e-06
4.6955061678366046e-07,9.419768604562099e-07,2.6210662773577204e-06,4.275350183676699e-05,0.9999532139044087
0.0008560960839471725,0.7799989994407702,0.21448799709104827,0.0046473937471864036,9.5136370478687e-06
4.899302255297491e-05,0.00016517311652758759,0.05875468614111641,0.9391646024783751,0.0018665452414279473
0.999837004690268,0.00013307582638720248,2.0641484283937494e-05,8.775553724259236e-06,5.024453364818451e-07
0.9993634710563523,0.0005611482996775289,6.972934789791331e-05,3.483699745059768e-06,2.1675963271836364e-06
0.4555596100806023,0.5428049783519254,0.0015499778124711595,5.630810268828551e-05,2.912565231274787e-05
0.0007350551721684538,0.22694172144030972,0.7655472665879604,0.0067302740394524635,4.5682760108985676e-05
0.9100229803906635,0.08722219558038743,0.0021174425747100354,0.0006089173665402031,2.8464087698652675e-05
0.00012343679695139741,0.9751288051459613,0.024653624825658464,9.354909128792703e-05,5.841401410357869e-07
0.0001434642726787089,0.0008893185507346459,0.8432269914655259,0.1557105206534321,2.9705057628714346e-05
0.0024676489532704416,0.056023621740650606,0.8846955390007316,0.056713651662582736,9.953864276475892e-05
0.00038071594259186334,0.0018202705068890896,0.006860730196241816,0.1820128770607689,0.8089254062935084
0.05435473565466423,0.9379209118367978,0.007312299689746977,0.0003998098809746159,1.2242937816583902e-05
0.021942540103993973,0.9610383495088566,0.01683566334044482,0.0001811930744051241,2.2539722995033116e-06
0.00012348856432768435,0.0008708390997877286,0.003948656106563869,0.4447437021886107,0.5503133140407099
0.5630448000517619,0.42905728158304346,0.0074766642421601175,0.000410725253096675,1.052886993787313e-05
0.00018394010750074472,0.0003959805734070897,0.011771693911823852,0.5241793027033597,0.46346908270390863
9.132827372327163e-05,0.021497156989978464,0.977849207062605,0.0005584486549362011,3.859018756994648e-06
0.0026475119276752773,0.5478661826722186,0.44829969358687116,0.0011440701702522225,4.254164298266978e-05
0.2021206613820379,0.5211115787671893,0.2626464843634337,0.013720621369812464,0.0004006541175267226
0.0001381316313113395,0.003947705703204313,0.5128818830486915,0.48245976813868896,0.0005725114781037333
0.00017888639728089086,0.0006016200542111529,0.2949497378677019,0.7040172513876446,0.00025250429316142533
0.41358427730638314,0.584954441334247,0.0012795291241909587,0.00010272131069502421,7.903092448376993e-05
0.9533534262578056,0.04638075512587213,0.00019666239268482369,3.716019190500689e-05,3.199603173239086e-05
0.9995955794506584,0.0003666779298322606,3.5849036545431925e-05,1.4701876942214603e-06,4.233952696244093e-07
8.497664082633607e-07,4.656958473430918e-06,2.6107511424441454e-05,0.0026558080730076142,0.9973125776906863
0.009821975544221756,0.9065242497249881,0.0729207953216453,0.010523648270953524,0.000209331138191198
0.0005957095949186448,0.3854782517392194,0.6134989767150825,0.0004084448920159837,1.861705876360773e-05
0.9996019387362699,0.00037563785454543106,1.6381395204600844e-05,5.804396874366013e-06,2.3761710570431688e-07
0.620915633568774,0.3637197961257332,0.015271933251839186,5.5136686512070595e-05,3.750036714150891e-05
3.841429066232463e-05,0.00011114334815670964,0.8060786459859259,0.19375967941576547,1.2116959489401638e-05
0.9947676271175991,0.005155064812348492,7.375974163001591e-05,3.2282148413041045e-06,3.2011358107522806e-07
0.053040474727060964,0.9346074861285244,0.012056786512055816,0.0002781916854916577,1.706094686738979e-05
0.00010725551265511441,0.0003116964892007439,0.10863279085836203,0.8907786422604993,0.00016961487928282397
0.00019181709408650478,0.0002496916308173944,0.04867562713881558,0.9508665217430192,1.6342393261301786e-05
0.00012412963638736748,0.05017983938877778,0.9113146703449806,0.03833655666657632,4.480396327779388e-05
2.329205872829847e-05,2.3315782362817366e-05,0.0014917695630534374,0.027376131799486853,0.9710854907963686
4.97913100573932e-05,0.00022122557514560326,0.0038076163060018434,0.9941332107417782,0.0017881560670170008
0.9210852142487352,0.0781409070670513,0.0007359858049307666,3.467442622216037e-05,3.2184530607134946e-06
0.00022888421624293765,0.03078918848812755,0.9528795658257329,0.016094089910550467,8.271559346354898e-06
0.0004951346773829406,0.026455724109771966,0.9700422431795369,0.002987151128507584,1.9746904800609243e-05
1.8185442971442435e-05,6.29329319629865e-05,0.11263046939264719,0.8872748523883912,1.3559844027225318e-05
0.9925314872867301,0.007377318857349867,8.198355389151381e-05,7.948560041925604e-06,1.2617419864600706e-06
0.999863034544569,0.00013027164300072957,5.475131453411812e-06,7.492879737599561e-07,4.6939300298263327e-07
0.01112863930222579,0.6413715644697923,0.34387084269387747,0.0035750067820381455,5.3946752066582704e-05
0.0006446113858169065,0.0017749703884699726,0.5146302257978554,0.48186444861815336,0.0010857438097043248
7.359843783939788e-05,0.00018084012671217296,0.7624803350133257,0.2371255219278179,0.0001397044943048406
0.0009376469233663533,0.001332316898091082,0.5479224480270137,0.44921947169135706,0.0005881164601718717
0.5891535657995953,0.4083334259650609,0.0024316769577269128,6.168006317117782e-05,1.9651214445663486e-05
4.409972158960815e-05,0.00013630845836477043,0.08511166317397792,0.9146374436328903,7.048501317746837e-05
0.2851310282679749,0.7108784741134311,0.0039238346909516815,6.368912133770424e-05,2.973806304655061e-06
9.08847267441434e-05,0.02286908878262832,0.9750921139182124,0.0019396980590163275,8.21451339883214e-06
0.006008474603953926,0.9697745641365273,0.023821241273437196,0.0003779900640444161,1.772992203704459e-05
1.60777454376717e-05,2.1803165426392848e-05,0.0013108451290092667,0.1423860198823269,0.8562652540777997
0.06278980283191544,0.8467146730948896,0.0896933321128896,0.0006951224462040508,0.00010706951410149686
0.00013420264128487545,0.0005675842806412895,0.138307482046856,0.8595420361315819,0.0014486948996360164
0.0001328930362489916,0.0002920764470487194,0.9772651989016478,0.022291766531491237,1.8065083563283738e-05
5.0143375358565306e-05,6.335116874440081e-05,0.0035158046989188082,0.9268750754048071,0.06949562535217123
1.4918313911541214e-05,6.839345167597323e-05,0.007286869539742421,0.9924934722653223,0.00013634642934787043
0.000831900651055045,0.0010761519263706159,0.20734588662939293,0.779624309305463,0.011121751487718533
0.0010426814672390044,0.23223868338666315,0.7238827583837455,0.042717936856654794,0.00011793990569765032
0.9994612282080791,0.0005113280222926062,2.038992617622578e-05,4.390508947994989e-06,2.663334503862787e-06
0.00028177031463208,0.03727503536050121,0.9605195948017722,0.0019191664806873464,4.43304240721268e-06
0.7627773975547277,0.23514956808412785,0.0017080970165611966,0.0002016098029479255,0.00016332754163521848
0.9996250648650575,0.0003426091592861011,2.990965483909913e-05,1.723880751073615e-06,6.924400663001204e-07
0.9995778669053071,0.0003634101649577864,4.9937773272950615e-05,7.731233068845242e-06,1.0539233933406636e-06
7.232630311222835e-05,0.00025952334797713447,0.34128814444177963,0.6566250792676149,0.0017549266395159037
0.9993002796279974,0.0006573678538628582,3.977176103343986e-05,2.342195291875137e-06,2.3856181453518856e-07
0.9996467490659305,0.0003228565761221019,2.8126584667927782e-05,1.8261542049449388e-06,4.416190745476283e-07
0.0002853212041141409,0.007132787431322025,0.9521549606935222,0.040420831942895405,6.098728146332914e-06
0.0631915476313996,0.9327152638944419,0.003714066309640404,0.0002333877924516654,0.00014573437206638206
0.001347083587431641,0.8994775896134529,0.09862719823285375,0.0005342987967085877,1.3829769553183367e-05
4.4754035806987246e-07,6.947065079506793e-07,9.149749568322022e-06,0.00034281226460616127,0.9996468957389594
0.39335718424654054,0.5789297421081189,0.027490980101574525,0.0002115236007256037,1.0569943040651674e-05
0.00020383150729365982,0.0004863742653753431,0.045751017990564156,0.9535165556637409,4.22205730258766e-05
1.374370224994575e-05,5.865403254493564e-05,0.017327631218662588,0.9824012742078917,0.00019869683865090672
0.00019925392275690597,0.4594027428527241,0.5402429258235011,0.00014901388573619782,6.063515281696128e-06
0.07304279826098707,0.8742341027947473,0.05260670085817113,0.00011402916413269691,2.3689219617903713e-06
0.011367652568621139,0.9339291646739559,0.054371334519544706,0.00030251166609909915,2.933657177921658e-05
8.313830863117958e-05,0.0003705537751465257,0.003650613134594824,0.990952038961289,0.00494365582033845
0.0012586602923697144,0.31833018578879124,0.6720093807113853,0.00834394537847802,5.782782897565407e-05
0.000618384046814497,0.17791680777512853,0.821188917715709,0.00027151446492040745,4.375997427409262e-06
7.320764044080201e-05,0.0217698365522343,0.9634365848126869,0.014711165735268098,9.205259369702667e-06
0.00024028625602642557,0.000676003540346335,0.005295451839160434,0.9890624095014505,0.004725848863016417
4.277039687256838e-05,0.00032220157978118025,0.01014734653698506,0.9891437008416278,0.0003439806447334231
0.00010605892196159693,0.0004365330775133983,0.12713105876895262,0.8500460675137901,0.02228028171778236
5.179803688026485e-05,0.001250172528400452,0.07291499722225342,0.9256360631597612,0.00014696905270469664
0.9986904673244965,0.001090830007967361,0.00020469272529128815,6.2586896320179634e-06,7.75125261298316e-06
0.006519513739595843,0.7839611208303096,0.20890805642040444,0.000578513841910178,3.2795167780107855e-05
0.9983818415202649,0.0015063807336112261,9.58802148249961e-05,1.0832199888593161e-05,5.065331410134493e-06
0.0005994793258425897,0.04892660495194146,0.9480442260368664,0.002408808612796865,2.088107255255307e-05
0.003958394320700973,0.9665833115976377,0.02765753362667219,0.0017697326280873284,3.102782690196737e-05
0.00022784811696989905,0.0009774101801932904,0.12195425033057229,0.8690009585088829,0.00783953286338156
0.9998596543824724,7.905413551064914e-05,3.999202238376861e-05,2.0589612254919444e-05,7.098473781208663e-07
3.4050927854772955e-05,0.000113560912797235,0.022695019703782203,0.8898388808839129,0.08731848757165296
0.00021765932937130094,0.0006780750317476516,0.0010788011090389596,0.8290657016197859,0.1689597629100562
8.945088058523597e-05,0.09034780552513588,0.9083071930556614,0.0012536550496590458,1.8954889585840534e-06
2.7816717483923e-07,3.2543855017168523e-07,3.7748278781114106e-06,0.0001414030900298801,0.999854218476367
0.0001387357295157608,0.0016546121108539662,0.5576838663950244,0.4403610327090614,0.00016175305554449985
1.699065821420164e-05,2.8235363613963585e-05,0.0019312144283929107,0.015356035716339594,0.9826675238334395
0.8246655564597227,0.1730994463687031,0.002111633092940349,7.323775914574592e-05,5.012631948823576e-05
0.00017506931859272637,0.08139570700415333,0.9174566987529325,0.0009636326062397169,8.892318081712454e-06
0.9950878482815109,0.004897337313460345,1.3105438037333483e-05,1.4351794175872808e-06,2.737875738100575e-07
1.5397196185999888e-05,1.4839040080949496e-05,0.0005218506223657171,0.014725360603051135,0.9847225525383161
0.07116615737969954,0.901996452861477,0.026515044085969487,0.00031799074624490125,4.354926609021497e-06
0.00013387886209713875,0.00024176766279576843,0.004326460679814763,0.9941951388499704,0.0011027539453220133
0.00011797162913943094,0.00012313188375674518,0.0005950082205271446,0.1641811921573912,0.8349826961091855
0.00013442403632625872,0.5872447480872603,0.4107264825719364,0.0018679861404154129,2.6359164061785475e-05
0.9993153735568631,0.0006616530901417441,2.0367824724601735e-05,2.3784035093227436e-06,2.2712476130470184e-07
0.8461222055790555,0.14906880651484775,0.004722529801533226,8.13885442588619e-05,5.069560304725873e-06
0.6921209293407748,0.3063467617187212,0.0012574864277289717,0.0002197888556845713,5.503365709036732e-05
5.24656890484756e-05,9.114103788848292e-05,0.0023224296852679873,0.974406289324634,0.02312767426316096
0.23106001495569406,0.7646730830379631,0.004183221513012625,7.429460299510244e-05,9.385890335226847e-06
0.06991054014114116,0.8964504531825384,0.03203984795330264,0.0015003599758489016,9.879874716890907e-05
0.00033897183697662405,0.058880425981967084,0.9375085707718654,0.003266081502122459,5.949907068560029e-06
0.9997857411409355,0.0001950757246316703,1.650542384780066e-05,1.6743431757046336e-06,1.0033674093917039e-06
5.00864697277168e-05,5.308689516425096e-05,0.46157244827452276,0.5383152900231306,9.088337454664128e-06
0.17447838917445185,0.8088857197911067,0.01632253409997826,0.0002995679725059239,1.3788961957325434e-05
7.853367175917582e-05,0.00013074043586715664,0.013281843804129114,0.9862799181943851,0.00022896389385952383
0.9998535008400253,0.00012225466728962584,2.1801143356530006e-05,1.824281552227484e-06,6.190677763377562e-07
0.9654858204439303,0.03438731975927097,0.00010707776758053707,1.2221167703564704e-05,7.560861514489915e-06
0.28684101404358847,0.7114726333685244,0.0016268560128357443,3.854155645272571e-05,2.0955018598598757e-05
0.31046196404534815,0.6850056764426941,0.0045107564066796885,1.6957453294649243e-05,4.645651983418364e-06
0.00014999236286186753,0.8595923505401575,0.13934856907495408,0.0009043954823986711,4.692539628037274e-06
0.9998275826429859,0.00014023531677522798,2.7726031476941386e-05,1.8590300030028395e-06,2.5969787589813437e-06
7.163492765425106e-06,3.594192407756912e-05,0.0007098550191875802,0.04259486059495009,0.9566521789690192
0.8478542541035514,0.15064952314376281,0.0014306540039762756,5.02081251043995e-05,1.536062360513141e-05
0.979169549669647,0.020651747099907355,0.0001560291516454734,2.0607846165172077e-05,2.0662326350415983e-06
0.9998135186094228,0.00016300970559372782,2.091142306224633e-05,2.155304962133419e-06,4.049569591521355e-07
0.004941965254853566,0.17104767818769928,0.8220242732080392,0.0019466582366229163,3.942511278511643e-05
0.7488593067769861,0.2332407597101949,0.017238089961753373,0.0006188515259176575,4.2992025148060966e-05
2.866801162056683e-05,1.9966499228060338e-05,0.0087235855921729,0.9911095403020476,0.00011823959493106527
0.0001018188350631351,0.0012294388183232083,0.9339033970178703,0.06475356148947353,1.1783839269897376e-05
0.0027826686108002696,0.6237262081128861,0.237951194180814,0.13525905345780537,0.0002808756376940558
0.9791427981467311,0.020582470113182108,0.00022136572347660266,3.2772344989708686e-05,2.059367162069656e-05
0.5773988356972753,0.42177116113924384,0.0005873071792138954,0.0001383056669410342,0.00010439031732592827
0.512902624191582,0.4610418904589216,0.025929270234249176,8.349496633840147e-05,4.2720148908738405e-05
0.09844403111193607,0.8086391419135464,0.09238908966317069,0.0004993319302026439,2.84053811440941e-05
0.6154805238209402,0.37500135173378457,0.009175212203931525,0.00019719563799292373,0.00014571660335077442
0.9988574372270196,0.0010150159045762845,0.00011552372498064363,1.0514246235054705e-05,1.5088971883265755e-06
0.000666750706820849,0.2922017131812779,0.7045221161008608,0.002594279809342427,1.5140201698040591e-05
0.07038514580367705,0.9171381031437801,0.01234363237522069,0.00012103182313992025,1.208685418242804e-05
2.4911893079013316e-05,3.953557895986985e-05,0.0003745754508832683,0.17723330640675647,0.8223276706703214
2.9406973801686812e-05,0.0006204315509290132,0.9956129173938304,0.0037359778928578603,1.2661885810449413e-06
0.00025827810052995255,0.09871251427378076,0.8951859690943456,0.005793659065359862,4.9579465983923385e-05
0.34887760786722033,0.6458385669226843,0.005190921723192654,6.175895908750249e-05,3.114452781529574e-05
0.9998598759512138,0.00012924811389599435,9.693790317173806e-06,8.190246059515599e-07,3.631199671546406e-07
0.007379485149679485,0.9100871512569703,0.08236835480071526,0.0001593547739521213,5.654018683013281e-06
0.0012375890234155125,0.9678364770228474,0.030330864622768332,0.0005883834512109396,6.685879757797277e-06
0.9993815767267729,0.0005883964680830436,2.516546954613706e-05,4.339086736268466e-06,5.222488618438831e-07
0.028147930830446026,0.9697240822712491,0.002036869088057768,8.698220932555884e-05,4.135600921813598e-06
0.4323014958152869,0.5607066912219413,0.006788191344082659,0.00017431469750056188,2.930692118869269e-05
0.9870367212009759,0.012577525354519722,0.00017257043919151831,0.00020332820883255516,9.854796480265037e-06
0.9993191781462646,0.0006710703392439637,8.559170841681223e-06,1.0860840321236323e-06,1.0625961768732684e-07
4.900965092608202e-05,0.00013090777921407744,0.8819459743452429,0.11785780003364811,1.63081909688263e-05
0.00033353168370237534,0.0010547688026422163,0.0046330690526956535,0.41586980586021927,0.5781088246007404
0.11887564134612631,0.8771151096317252,0.003943968188250829,6.127897352977535e-05,4.001860367994246e-06
0.9352305201134927,0.06285245663054341,0.0018741424024581856,3.9874190340163e-05,3.006663165425946e-06
0.7923181244901292,0.20207583438687796,0.005182985079396478,0.00033876213838001485,8.429390521644663e-05
0.841295243653441,0.157843514920268,0.0008104523672437763,4.205177245027372e-05,8.73728659681218e-06
0.00018564070748644718,0.0003484520275946789,0.005304690636323696,0.9831233511682249,0.011037865460370442
0.9989209747910001,0.0009225530603281815,0.00015047731699149367,4.546397742894447e-06,1.4484339374596854e-06
0.9994856335566762,0.00047866593710844756,3.2375139071983206e-05,2.5003741217604724e-06,8.249930215950994e-07
0.0008373651547504556,0.6423075435306886,0.3553359869866621,0.0015032348888037747,1.58694390952265e-05
6.036854798052945e-05,0.0004479374490193112,0.5864775466724572,0.4130001276180171,1.4019712525919366e-05
0.999798532615207,0.00018169016293064242,1.6099678888060077e-05,2.5137620593392037e-06,1.1637809151596847e-06
0.00021587796211054047,0.02520043206306204,0.5830175102737533,0.39128820420722754,0.00027797549384651367
0.021209157860714326,0.8766183121619909,0.10129025193144996,0.000868253288428359,1.402475741647041e-05
0.5456928963137461,0.45383762508652054,0.00026039300441665225,0.0001388640779601894,7.022151735658935e-05
0.0011498678494872192,0.49276440346225536,0.5050755705591887,0.0009951487141477775,1.5009414920935224e-05
0.00023800323084593325,0.025620542739964926,0.9737149960234839,0.00042165206807459013,4.805937630584074e-06
0.009895398480576835,0.9877598105639832,0.0018863569289549829,0.0003062804331405397,0.00015215359334462553
0.00025322137941845714,0.0006852177392904557,0.19727244229112556,0.7939572243581811,0.00783189423198432
0.9996387567060263,0.00034223723036340404,1.6883676612995477e-05,1.746138339106743e-06,3.762486581659762e-07
0.00010978234390926462,0.000726191925204077,0.9850539013959348,0.014107635750489919,2.4885844617413063e-06
0.08882831086435652,0.9008311996862677,0.009381024202845431,0.0008017411334029205,0.00015772411312740906
6.89213695316878e-05,0.0001724882921115199,0.0004057618350406293,0.6278675723848905,0.3714852561184257
0.33160236312013824,0.6556630194702584,0.012348014300111622,0.00025415377179213006,0.00013244933769959423
0.9998887889083292,0.00010216468967330321,6.910485632753474e-06,1.3436582429923936e-06,7.922581214926338e-07
0.048786265764323405,0.9024874150799175,0.048438338587847116,0.0002533616015978775,3.461896631406643e-05
0.0002540026439494361,0.00044573414523953994,0.3247031851980615,0.6741365097715875,0.0004605682411620174
0.0010587441220419793,0.0040352422342387955,0.341182679876475,0.6377963883735419,0.015926945393702343
0.9189507010295259,0.0806728385125702,0.00022111343022779734,0.00015207387069687367,3.2731569793461398e-06
0.7379389331751065,0.25380499399884787,0.00804032774432345,0.00018121520491556388,3.452987680644411e-05
0.019055166255774962,0.7351758524162368,0.2450654617405877,0.0006910531240379743,1.2466463362414709e-05
0.21684100901300277,0.7805354511484944,0.0024072094163438075,9.703035637576543e-05,0.0001193000657830963
0.0003366850106131782,0.34637852446596046,0.6523521542216523,0.0009256035969989878,7.032704775276664e-06
0.9985729370413463,0.001390826931564749,2.10972173908745e-05,1.4247389941190961e-05,8.914197567840151e-07
0.9984469882308497,0.0014456515327767002,9.166745695301846e-05,1.2898490243023032e-05,2.794289177671047e-06
0.999704587035871,0.00028527404471569053,7.746397810858868e-06,1.4469247786944198e-06,9.455968237639022e-07
0.002565492546229937,0.48332527355814253,0.5093845801767245,0.004164057377839236,0.000560596341063881
0.00018901249110382524,0.0019206242952719602,0.9763455569634576,0.021528372671598767,1.6433578567779738e-05
1.6349357280491598e-05,2.455680184314006e-05,0.00031417685733220577,0.046454088955932164,0.953190828027612
0.9994818448763337,0.0004998777724414652,1.3155652453413776e-05,4.652922662885886e-06,4.687761085105354e-07
0.00030951250838194083,0.002937865329442517,0.9951793132730891,0.0015660090083774983,7.299880708935112e-06
0.7554626421836884,0.24287013879498134,0.0013727626601226352,0.00016059281886064925,0.00013386354234686337
8.25976796981804e-05,9.059095646136551e-05,0.14660301361237937,0.8528074192250014,0.00041637852645972777
0.9503713821541308,0.04835912857815422,0.0011903316430959742,7.317834027527631e-05,5.979284343687654e-06
0.07557274245380792,0.901803030493966,0.020042716649914638,0.0025666865455695434,1.482385674186248e-05
0.0009389108851874406,0.0012161056398050536,0.44317116840434695,0.5536782994986877,0.000995515571972751
0.00018996338020883547,0.00026193948930773776,0.8823575459360188,0.11645249200904774,0.0007380591854170404
0.9002561516962544,0.09927278045584109,0.00045641542200270025,1.2535206594825346e-05,2.1172193069584036e-06
0.4273466254892257,0.5344848663709387,0.03771931920400963,0.000422674411971893,2.651452385414563e-05
0.37490361135484235,0.6173882792751848,0.006565000002390782,0.0006165785504334984,0.0005265308171486038
0.00010669154471725795,0.0002931892257272401,0.02375949202141629,0.9558185295407379,0.020022097667401133
0.7357573026996327,0.26252165941124417,0.001566096286758915,0.00010127310708912067,5.366849527504829e-05
5.669868927836496e-05,0.0020149556616342935,0.9941575341343926,0.0037683391434261307,2.472371268723875e-06
0.9498389076536037,0.04959851984262632,0.0005059656910374429,4.379288421560238e-05,1.281392851702057e-05
0.0005732558725699452,0.00018976797899488898,0.02222835644266479,0.8041620244991982,0.1728465952065721
0.00016260897998180947,0.0005488328222770302,0.03903461791392998,0.9601443489272626,0.00010959135654852843
0.4348029228353508,0.5602637179709686,0.004627034214776762,0.00025439716477225217,5.1927814131546784e-05
0.0007404032595781247,0.0015352477460817604,0.5310702610966155,0.46298021580334264,0.0036738720943821673
8.322048930172292e-05,0.00013102727188796795,0.4533420468650508,0.5464225164978119,2.1188875947626744e-05
0.8786070570142247,0.11939266206829804,0.0019409822114288377,4.854429057150269e-05,1.0754415476893789e-05
0.9998383651827585,0.00014541589496184417,1.3448050391553283e-05,1.3558583200840623e-06,1.4150135682002702e-06
0.9992528074580282,0.0006909135906669741,4.571835052907359e-05,7.1270457587526556e-06,3.4335550168422353e-06
0.9992533418498212,0.0006942093435482415,4.5012858742183254e-05,4.241070847597015e-06,3.1948770407978523e-06
0.014439537413085776,0.9770560783247458,0.008377990985814768,0.00011273471066278571,1.3658565690685369e-05
0.9443279394765184,0.05473597545773508,0.0009211903084167515,1.2394148190852566e-05,2.500609138859504e-06
0.027687869203052985,0.9655366460863184,0.006070732394023053,0.0006888604109602743,1.5891905645368917e-05
0.033886007312837634,0.9411517576716648,0.024861275355919536,7.195831083814669e-05,2.9001348739676516e-05
0.00032228336976286565,0.43615956294755037,0.5628143083570194,0.0006881266398463104,1.571868582093641e-05
0.00015027460127449175,0.0003525116453582508,0.016261277029316665,0.5851053683249579,0.39813056839909267
0.003625050663753566,0.7378081413542071,0.2529291231564768,0.0055689137089827995,6.877111657967369e-05
0.16203719605737785,0.783993289228854,0.05342389063977764,0.0005035257429335606,4.209833105706582e-05
0.9470178331435958,0.05278464567474678,0.00017417501709097148,2.150939179991862e-05,1.8367727665830463e-06
5.611139554249157e-05,0.00019414668486293326,0.9015285229958412,0.09819496470794141,2.6254215811917585e-05
5.761717860370259e-05,0.00024645388331970855,0.07252886028689308,0.9256309217242454,0.0015361469269380632
9.305817134701229e-07,1.6204490654263222e-06,1.6032383208766245e-05,0.0020032295926913925,0.997978186993321
0.0010962683684357319,0.03778302279348404,0.9571523209462677,0.0039543900781918405,1.399781362082844e-05
0.00138819694848951,0.25161580195436695,0.7361323431656989,0.010792128541911158,7.15293895334634e-05
0.8835115539947745,0.11480810075338577,0.0015827041739597141,7.079046270327635e-05,2.68506151767998e-05
3.979068741644338e-06,4.3587052820702755e-06,0.00036471438706362185,0.005514313507665084,0.9941126343312476
2.4755372694834598e-05,1.1555106865994927e-05,0.041196061579765166,0.9587600576735981,7.570267076027135e-06
0.009138371973130941,0.2623834660461311,0.7280218906161696,0.00029081855073907607,0.00016545281382926007
0.00011443067156409149,0.0002782347210620332,0.001826142055995014,0.9955379407627964,0.0022432517885824107
0.9996482225130435,0.0003174113386176214,2.8217184826951505e-05,4.20315047741543e-06,1.945813034616675e-06
0.9996492003367097,0.00030092021868484864,2.2172723003299486e-05,2.3224119184341958e-05,4.482602417643487e-06
4.274310388906562e-05,0.00010463983608412581,0.015804583091024147,0.9838157621484883,0.00023227182051433092
0.9983650407603554,0.0015822955569469647,4.5408456196100044e-05,5.6689451019075484e-06,1.586281399546508e-06
2.1629283198996913e-05,0.0006505898177521178,0.9965507917024473,0.002775218425024709,1.7707715770251367e-06
0.0017385981172741741,0.2898820129336266,0.7068446519319997,0.0015275270981783393,7.209918921224873e-06
0.0006819384862719337,0.6678495957821864,0.33018049480477446,0.0012747280974858982,1.3242829281156624e-05
0.9996363484084853,0.0002886965355906114,5.708843791914453e-05,3.7570119393091247e-06,1.4109606065846775e-05
0.9897620461333855,0.009824442876227852,0.0002589276952311168,0.00015183094534363385,2.7523498119250145e-06
5.364882616698851e-06,1.1641291487073554e-05,0.0002536051801551173,0.00402041785647881,0.9957089707892623
0.9998230822121267,0.0001714283223263018,4.717708331029847e-06,6.040825651224911e-07,1.6767465066704742e-07
0.9991100676786021,0.0008512511497244349,3.321088253804806e-05,4.760100463332889e-06,7.101886720614068e-07
0.9998851502966769,0.0001079527068534169,6.0980911883742496e-06,6.851944494890166e-07,1.1371083177477237e-07
0.9747993968133042,0.024671005052139806,0.0004971796674967895,2.7671743904623374e-05,4.746723154522479e-06
0.001316958766350497,0.9520122386693772,0.046529410476269614,0.0001378213250363866,3.570762966186801e-06
0.00023430085171676992,0.04157848983961958,0.948821618662076,0.009350048566409908,1.554208017780359e-05
0.0019021906759192325,0.3613641567619808,0.6295720310948701,0.007116111694230103,4.5509772999775945e-05
0.9997604237133039,0.00022714254805118788,1.0741549876340158e-05,1.2345533219681296e-06,4.5763544675560533e-07
0.47124854527473115,0.5279569948122094,0.00075249671930554,2.5262671992641043e-05,1.670052176132327e-05
0.9996618361926612,0.0002574481948268078,6.303502831368425e-05,1.6879908115381357e-05,8.006760829408211e-07
0.0001535367586473013,0.06275148241983541,0.9254370733792067,0.011645401497392318,1.2505944918287968e-05
0.00044329087444036934,0.0019330126161514944,0.1426437672268662,0.8525305657725326,0.002449363510009305
0.0007928203227638161,0.019674526883827207,0.9640629722015982,0.015456089394838737,1.3591196972054845e-05
0.0012095798483495017,0.05382111957403044,0.9445140137099793,0.0004533810368140583,1.9058308265660192e-06
0.9992061633668755,0.0006797277087172984,8.152712318352499e-05,3.0808321066978194e-05,1.7734801566903158e-06
0.9995324399365004,0.0004044206124169148,5.843850187737721e-05,3.608100922108488e-06,1.0928482833471557e-06
0.8357821767418155,0.16236298882739092,0.0018339037334645198,1.53830646881251e-05,5.547632641131163e-06
0.9996149169317832,0.0002952771001418552,7.237530724962922e-05,1.5858404328552637e-05,1.572256496817888e-06
0.00033308333759523017,0.7532637692782345,0.24588256620865812,0.00051762702522939,2.954150283017119e-06
0.9792777000339675,0.02063474712925381,7.815911396340578e-05,7.624077243052442e-06,1.7696455720598114e-06
0.00010442611873759898,0.005085656304239438,0.8915667297403256,0.10293877545837804,0.00030441237831941713
6.875655956577316e-05,0.00017976339686151576,0.01706476749769973,0.9823973642227658,0.0002893483231073024
4.053004053338396e-05,4.244573548678287e-05,0.00041618836202173416,0.023921706623506275,0.9755791292384518
3.887963124040497e-05,0.00020538545094824813,0.9919120781067184,0.007841718411327397,1.938399765515494e-06
0.00551305902936244,0.7884819917644952,0.2048045571595708,0.0009573900923459564,0.00024300195422552375
0.9993949805659522,0.0005701951420960126,2.9468141279220527e-05,4.117170439844361e-06,1.2389802328555225e-06
0.0014429843362989358,0.06397167215838824,0.9332277015094411,0.0013385490819231127,1.909291394854072e-05
0.9999258200941601,6.463147558810351e-05,9.157665023020234e-06,3.310701689302692e-07,5.969505986041283e-08
0.0005775069338435678,0.17770613709542613,0.8210325627199788,0.0006649967416093648,1.8796509142248968e-05
1.8095675517932528e-05,5.9867033583300625e-05,0.112391737318171,0.8875252687965486,5.031176179177819e-06
0.00015952345244343781,0.00018094756435975244,0.05041750834649423,0.9019135190843354,0.047328501552367314
0.0003286170175225976,0.7057199044596315,0.29193214168412945,0.0019938891516825537,2.5447687033913798e-05
1.9637569407102037e-05,1.687230653766319e-05,4.513763464805729e-05,0.008195055775124643,0.9917232967142826
0.16018573728054428,0.8376440792115675,0.0019513380891520652,0.00013586642725873913,8.29789914775293e-05
0.0002071059844177622,0.26947872689602353,0.7294072373252871,0.000898275176086875,8.65461818475918e-06
0.06992646729024435,0.8857484906473415,0.043657022917209104,0.00045611919572810885,0.00021189994947687309
0.9996326064998104,0.0003199440101444013,4.078210133213943e-05,5.736719158045845e-06,9.306695549284375e-07
0.9904187994595793,0.009441593950685985,0.000133671319045749,3.7906122918069416e-06,2.1446583970943224e-06
0.00029625584121112717,0.30769768799868025,0.691423163617326,0.0005797414831358745,3.1510596467594393e-06
0.2661961598107559,0.6813034318193513,0.05127605053561099,0.0011946674492789155,2.969038500302217e-05
3.923162406020321e-05,0.000139336118569889,0.005123594627574851,0.9946090000386675,8.883759112760473e-05
8.464314788456615e-05,0.009827733192373317,0.9669994082023421,0.023075213899567158,1.3001557832983449e-05
0.9996696779904427,0.00027721126810638787,5.180501086831701e-05,7.809246274868241e-07,5.248059550703401e-07
0.0027834865520534133,0.9683161994198651,0.028838960874438938,5.740937358448345e-05,3.943780058169399e-06
1.4453026090612064e-05,6.539062504047181e-05,0.0020239298461937143,0.19384469827601325,0.8040515282266619
0.8934437625948741,0.10535008325503163,0.0010680290425456153,0.00012986891113606733,8.256196412459502e-06
0.0002114505562852227,0.6572586063795974,0.3421541015088224,0.00037334816370772236,2.49339158725182e-06
0.001075894591817381,0.49242430413854454,0.5049883665210916,0.001506213618307854,5.221130238731287e-06
0.9302180534182284,0.06922744298185353,0.0003923890760648991,0.00013336515878653035,2.874936506661656e-05
0.9995176480496721,0.0003736799391214593,0.00010024046497933984,6.121346135190741e-06,2.3102000916185678e-06
0.5146928667668487,0.48165506398837193,0.003634932661745928,1.2537834286280607e-05,4.598748747122137e-06
0.9995304510332242,0.0004312248914747585,2.7333858525684047e-05,9.0097013499491e-06,1.9805154252457e-06
0.0007876801258766416,0.33526694520964295,0.6635977588894931,0.000341931785314977,5.683989672265403e-06
0.6000175828665449,0.39662406825183705,0.003142155964891848,0.00019848528202960405,1.7707634696521944e-05
0.9996080633078509,0.0003656544181861998,2.468856974654005e-05,1.45297551709898e-06,1.4072869940167134e-07
0.40713095432562546,0.5860357299847385,0.0067914904690796985,3.484633041461462e-05,6.97889014179519e-06
0.9997822734979961,0.00020511191530260347,9.510768375077781e-06,1.3153954458783647e-06,1.788422880401138e-06
0.00012291236444259343,0.04222127773743983,0.9551360674136042,0.002499084534762105,2.06579497513473e-05
0.00016296816336614571,0.5433660615113853,0.4563875041092794,8.206132416543554e-05,1.4048918036558052e-06
0.09576311839062882,0.39451721179799654,0.5071091095594693,0.002545741957762582,6.481829414288464e-05
0.0002596924945492382,0.00026792688988903836,0.014249227898066237,0.46904595672080474,0.5161771959966908
0.00012127332141615366,0.00017106598545640995,0.012689336379309834,0.8258307014628725,0.16118762285094518
0.2941734737955166,0.7003682017615634,0.004920620264271424,0.00046221331259273203,7.549086605592131e-05
0.9993992785197746,0.0005608938391129288,2.8046812901369572e-05,9.845507665761635e-06,1.935320545214517e-06
3.742560647841078e-07,1.2541619886805784e-06,6.792127305055904e-05,0.0002846478357952743,0.9996458024731006
3.8187776321169166e-05,2.5584153555162527e-05,0.0014643986887272135,0.16892193201566275,0.8295498973657337
5.8032325839853874e-05,0.0003181847207507719,0.035630759226735226,0.9238565546800952,0.04013646904657915
0.873342632207444,0.12494538545376661,0.0011874492292490643,0.00048430184147598353,4.0231268064368535e-05
0.0011526309857714393,0.7105884688209988,0.28657455552366984,0.0016752824800154574,9.062189544455263e-06
0.9999108950615024,7.590823835563938e-05,8.8778242358385e-06,4.188871806872336e-06,1.300040992690541e-07
0.0008717796665333242,0.07081567074247139,0.9206385766680913,0.007636601350280318,3.7371572623535074e-05
6.804788465352651e-06,1.2415201032844982e-05,0.0001239342181054974,0.013548070763215226,0.9863087750291811
0.000690548021161158,0.35673174316418044,0.5925009889730811,0.049965803762797266,0.00011091607878003525
0.016775529258944422,0.7261263868479181,0.25681364590294625,0.0002631703975826385,2.1267592608347215e-05
0.9971157375748868,0.0027296597699978196,0.00013376646504241325,1.0417333692676319e-05,1.0418856380285031e-05
5.079046277249865e-06,5.312668634349225e-06,0.0001444873774309338,0.06751271205042014,0.9323324088572372
0.9981335915750991,0.0014709175920182736,0.000371002028268746,1.4764686024385926e-05,9.724118589328196e-06
0.012760518899459117,0.8727855217531761,0.11359843603542807,0.0008436506200594928,1.1872691877044545e-05
0.0001683905891681894,0.0001792230447941121,0.002886046452368955,0.8807790120488197,0.11598732786484924
0.9996980368893466,0.00029295014608925554,7.335978423757639e-06,1.26379519206649e-06,4.1319094814205807e-07
5.887415001645073e-07,7.747784715330854e-07,8.071835382631262e-05,0.0005906929146238043,0.9993272252115782
7.644716652483344e-05,7.601913002456801e-05,0.0021950438080121826,0.9974476713216949,0.0002048185737435814
0.9992529278834613,0.0007118849872920847,2.1156540450713027e-05,9.430480835647963e-06,4.600107960173799e-06
8.642590451196611e-05,3.6873533555109936e-05,0.0028219222846911753,0.29010708759369985,0.7069476906835419
0.00013545440015189832,0.0015400950483603403,0.9955812443715248,0.002740671441264541,2.5347386983517855e-06
0.9991085382210946,0.0008577032174162283,2.8392313052250547e-05,3.3762368746892456e-06,1.9900115620972976e-06
0.0001299175936248727,0.00029225818740467044,0.02302180496829441,0.9734514419037117,0.0031045773469644935
0.9992780253500932,0.0007139436874967224,4.031296193021596e-06,3.728935751077338e-06,2.707304661391878e-07
0.0003559787009735246,0.0008416157002241657,0.8502511086319938,0.14843706433148815,0.00011423263532041244
4.037120481773261e-06,1.788136818804649e-05,8.454718800084395e-05,0.0013329277573530711,0.9985606065659762
0.0002386104319102069,0.1063166537782601,0.8913568417926551,0.0019833527132955666,0.00010454128387905346
0.9995289992295918,0.00042917988866861197,3.9538560459977215e-05,1.4404630937402082e-06,8.41858185816038e-07
0.9988478449781355,0.0011349087214176815,1.581193250866481e-05,1.1616524130367895e-06,2.72715525330089e-07
0.3192168557784087,0.6242048090748816,0.05604564498691835,0.0005122223126914166,2.046784709993049e-05
0.9987069326642405,0.0012260884104683982,4.9527522849427594e-05,1.657243121539497e-05,8.789712265850654e-07
0.0008135811230657773,0.9096605544339551,0.08927093140250825,0.0002497148017926123,5.2182386783917114e-06
0.000345608523451356,0.00045293967059223996,0.1696899940894238,0.8281033908445399,0.0014080668719927416
0.00045171515789323597,0.16453347640651467,0.8174454212051168,0.017561350707639943,8.036522835414161e-06
0.008642301359673013,0.9800954748952196,0.00885519890563246,0.0023555077457412567,5.151709373368522e-05
0.186405127663915,0.7898586319122403,0.023546509722943188,0.0001368469863279483,5.2883714573664585e-05
0.9982712471627787,0.0015326282106656213,0.00018358783668434955,8.266505809118338e-06,4.270284062311711e-06
0.805545485142644,0.19321705121566046,0.0011700325589812776,6.420527122520477e-05,3.2258114889341463e-06
0.002179769094763023,0.019155122533565036,0.9722628556748766,0.005826814714968682,0.000575437981826463
0.00021337674308827766,0.00037452754194917736,0.009617186180931173,0.9172651539959512,0.07252975553808029
0.0001005797325033749,0.001317036427599162,0.9969157638410782,0.001656092586695964,1.0527412123174316e-05
0.0011020702493732294,0.11574733654117819,0.20034869060591062,0.6819645382725702,0.0008373643309678025
0.0022162646086432377,0.08196918970753864,0.9153858001468433,0.00041602107708655587,1.2724459888364228e-05
0.9996286276302842,0.00035532068041190055,1.3425185914485798e-05,1.982910692255978e-06,6.435926971569658e-07
0.9958638664224126,0.003876134510344491,0.00023488275408665112,1.4021566756225359e-05,1.1094746400171298e-05
0.08843950908642643,0.8951283647879524,0.014901604969853554,0.0015145330527484191,1.5988103019086754e-05
0.00011936701083268041,0.04219056047668917,0.9574488709893383,0.0002392280246513769,1.9734984883109994e-06
0.9748273988461236,0.024419166006446596,0.0007435923520811111,8.576276562582066e-06,1.2665187863474932e-06
1.4430795291894312e-05,0.0002043069272228102,0.02583955880041493,0.9736007429044289,0.00034096057264151734
0.9992471305657393,0.0007315362086957981,1.749518672969621e-05,1.5678729331691891e-06,2.2701659021388114e-06
0.0638280889447803,0.9185963820081917,0.016761786820737617,0.0006353682078612109,0.0001783740184293055
0.00015331682099337994,0.00018483602500086573,0.41708054846303444,0.5825461336047871,3.51650861841931e-05
0.4127511114839756,0.5849375676596896,0.0022490319236922896,5.033366747538239e-05,1.1955265166979072e-05
0.9994136836230774,0.000531578574857971,4.8604571789035944e-05,5.727430869501092e-06,4.0579940600402e-07
0.281498446093085,0.44368988527201725,0.26866927258017076,0.005976738124618279,0.00016565793010871578
0.001476042824640426,0.9170700866824577,0.07461786385912557,0.006810676182116487,2.53304516597564e-05
0.0016299260376335103,0.9732882818346275,0.024629486893884976,0.00043966088716677876,1.2644346687242382e-05
0.0001403848440392536,0.029897608093419556,0.9697647017060343,0.00019578041931764538,1.5249371891718904e-06
0.00015909415416987007,0.0003800062426509052,0.005772201138739094,0.9936761412890978,1.255717534251014e-05
0.9998134867298701,0.0001722058984521479,1.1051346735651778e-05,1.799962633925249e-06,1.4560623079571744e-06
0.00010403752607084764,0.0001736313498652811,0.6915229322238093,0.30819353645848646,5.8624417680740195e-06
5.059346923746427e-05,0.00010196067297543802,0.00921275960807436,0.04935189525898943,0.9412827909907234
0.00013962053004998139,0.0003588551870644998,0.34637489204661176,0.6529706589246014,0.00015597331167238748
0.0034190970406523034,0.8667307051707802,0.12928887941706502,0.0005445613626412179,1.6757008861107553e-05
0.9995175529134147,0.00047245528459505503,7.029257182061098e-06,2.828311150223334e-06,1.342336579294727e-07
0.9994327690034039,0.0005541481111085852,1.0872279761811333e-05,1.8491965465208899e-06,3.6140917892926676e-07
0.13755157310953614,0.8202452290821496,0.03833175786430279,0.003726359661289931,0.000145080282721393
0.19844343017193383,0.7493635197785826,0.05185084673437202,0.0003205901594402248,2.16131556711193e-05
0.9597937504661851,0.03992720936745439,0.00024966064369348845,2.5866289250370664e-05,3.5132334165444984e-06
1.4884940208662087e-05,3.0281984236872075e-05,0.0007173955410929349,0.020226044195469084,0.9790113933389923
0.0009431941039280255,0.10457190225056738,0.8911596862142441,0.0033057730739165887,1.9444357343961525e-05
0.9270589415253663,0.07193644245496779,0.0008634647939814189,0.00013574586400952294,5.4053616750392515e-06
0.2559490417404339,0.7404015496815812,0.0035341874746665646,0.00010714396314305256,8.07714017529497e-06
0.9902633814275563,0.009507988831202775,0.0001655274729247627,6.194943665865316e-05,1.15283165718458e-06
2.3816865419118736e-05,0.0008118706784178796,0.9857186455389525,0.0134431844044966,2.4825127140999653e-06
3.5726296694302414e-07,5.577117536637344e-07,4.553708664798861e-06,0.00013385768912209313,0.9998606736274926
0.0002836373259123752,0.000855023217365051,0.8834307069010331,0.11538769337801438,4.293917767496733e-05
0.00012654376804726387,0.00014240674544501448,0.002903966206028818,0.28051842259860665,0.7163086606818723
1.6514718215172866e-05,0.002109300310930452,0.9930803002908487,0.004792143056609299,1.7416233963715266e-06
0.0002367729830043064,0.0004294090756156968,0.20125525768434147,0.7891361813487123,0.008942378908326172
0.00014029019174587113,0.0039022816855029587,0.6735042718132153,0.3222807231478362,0.00017243316169979138
0.001181952100755991,0.07643762953101078,0.9206060950547873,0.0017512649489813594,2.3058364464447966e-05
9.498329158168621e-05,0.0001425696866165049,0.9471341221768379,0.05257841931692887,4.990552803514618e-05
0.0002912732291591904,0.027928436989488267,0.9689263283658728,0.0028464863577588465,7.475057721117341e-06
0.0004777247245965153,0.573289027657801,0.42488218650338583,0.0013156739596434028,3.538715457321035e-05
0.5416068559003124,0.4334860147121356,0.0245261508802334,0.00016722919279893726,0.00021374931451957155
8.19380554805807e-05,0.2443683498202906,0.7546284081196494,0.0009182173966694482,3.0866079099698904e-06
0.0001265948548642179,0.0005654998537651539,0.020916802513187723,0.9355201416375637,0.0428709611406193
0.03347649881821158,0.842664716250432,0.12355168616961755,0.0002706063119343818,3.649244980446156e-05
0.20003090050996852,0.7149895899049502,0.08393385226027195,0.0009515088494057393,9.414847540382183e-05
0.06809901156802446,0.9201593803464218,0.011521178037820129,0.00020767897973238456,1.275106800107579e-05
0.0001971462938678185,0.0008323414347531298,0.0053261780606707766,0.19727991437312262,0.7963644198375858
0.9378772254242862,0.060928290665597,0.0011683478950733307,2.328409640935229e-05,2.8519186342286966e-06
1.015722593842235e-05,2.0443586054908982e-05,0.0009316346365671754,0.025941522111169173,0.9730962424402703
0.7764479698183048,0.21812905978157435,0.005026324896906736,0.0003909390082581951,5.70649495614418e-06
0.18232380266237203,0.8079913109260914,0.009575690030532274,0.00010046942637285795,8.726954631508133e-06
0.0003071966511330173,0.005353625647870367,0.9883581323390315,0.005969349071203273,1.1696290761663139e-05
0.0006044802790352223,0.31605443679266043,0.6787028329248139,0.004611221717449507,2.7028286040956288e-05
1.8638417421332203e-05,3.381664365034971e-05,0.00016096157909023995,0.027583440671366453,0.9722031426884715
0.9998095466368295,0.00018484523107752636,4.019960357006838e-06,1.1896336879970257e-06,3.985380479092789e-07
0.0014845236587491281,0.005122028975733745,0.992535174259847,0.0007427392935560421,0.00011553381211407946
3.0623732906861856e-05,0.00016493420444184718,0.7253727795276022,0.2743965738338799,3.508870116919131e-05
0.01598072735357039,0.9642973026339838,0.01932540623327945,0.00033554887545061155,6.1014903715606176e-05
0.00014041902442929176,0.09293559734938175,0.9059693797451595,0.0009385918699950275,1.6012011034384173e-05
8.985604369949078e-05,0.00010849798011467681,0.001513199716006865,0.19862523636786888,0.7996632098923101
0.08312226428768954,0.20780082767120947,0.7087235049526269,0.00017816597236545743,0.0001752371161086141
1.5791567007495152e-06,2.001833160379753e-06,6.910910822295379e-06,0.0008145497546557882,0.9991749583446609
0.9999063757314003,8.789560973986564e-05,4.678514248977296e-06,4.165539570090827e-07,6.335906540174879e-07
0.9990975721842762,0.0008209217367951816,5.584947923943705e-05,2.055945944631912e-05,5.097140242883605e-06
0.0009818901134325973,0.9168959039787568,0.08169761240813052,0.00041351002408966545,1.1083475590368422e-05
0.32912949623724286,0.6572176809261062,0.013167010116405895,0.0003311361190690286,0.0001546766011759975
0.00013675110285544243,0.00036041054909672607,0.344544104961142,0.6548940575298896,6.467585701624958e-05
0.0003307681400395454,0.5063736756613496,0.49174883011571313,0.001541116570509224,5.609512388450606e-06
0.08388229887461018,0.8996539985917841,0.015736423402179556,0.0005940046606675941,0.00013327447075842165
0.00010880207289699872,0.0044937839289516885,0.9745710511255318,0.02081676776818462,9.59510443504017e-06
0.005221948781264746,0.18769148488134732,0.806384766230353,0.000643496475946612,5.830363108811845e-05
0.9993621099660369,0.000602554635242734,2.676735773151725e-05,7.331679688447297e-06,1.2363613002604486e-06
0.004384362139962672,0.6225059084659196,0.3718858160026252,0.001188382341839264,3.553104965304419e-05
0.0001676863400301402,0.021336908225644935,0.9771674137200993,0.0013251343547447652,2.8573594808413205e-06
0.0001386227521906767,0.0012977208822126346,0.9405896441311541,0.05794796072731821,2.6051507124548e-05
0.0001227461965506998,0.0001959928662224056,0.7490195721062175,0.2506398286751707,2.186015583884644e-05
0.0009623493864221102,0.1789341691230912,0.8192060684520367,0.0008858696089209485,1.154342952898017e-05
0.9998822197166268,9.860498252942748e-05,1.6877707704624146e-05,1.3722431675634027e-06,9.25349971614819e-07
0.0005410071473338355,0.5332330603948744,0.4660159360403413,0.00020237869112400974,7.6177263263937584e-06
0.00023835377960588737,0.06040925021126688,0.9331036010062563,0.006233682153118552,1.51128497521847e-05
0.0008048271375218893,0.8570502266061221,0.13723891185470677,0.00489123279781781,1.480160383130997e-05
0.9993843238460688,0.0005352522689385338,7.488701563472294e-05,4.469947653479567e-06,1.0669217047293829e-06
4.7586787102166255e-05,0.0005643510976796082,0.9872559016041018,0.012127407647578334,4.752863538166002e-06
0.00027350672119788203,0.00036125068517816407,0.03676421388537393,0.795668788612334,0.1669322400959159
0.00017090228009122038,0.000733678808239172,0.08507806829045954,0.9138078855863344,0.00020946503487564346
0.9999062292383185,8.863933241363414e-05,3.4944166704804266e-06,1.0587984880284596e-06,5.782141093578422e-07
0.0002928336726887256,0.0012577717187941735,0.9418247745998984,0.056618190041809076,6.429966809636139e-06
0.9912546852877826,0.008675216103231652,6.429807949751018e-05,4.9879015280034616e-06,8.126279601780306e-07
0.00024017718963783053,0.0008601608272634152,0.137831481751509,0.7954755656251155,0.06559261460647435
5.554660295841163e-05,0.0007725191686335655,0.8318888799183943,0.1672503685921488,3.2685717864968515e-05
0.00019293476995387035,0.000744025468569682,0.8883307354175695,0.11072397054853304,8.333795373938779e-06
0.9949370494556734,0.005001048035035461,5.850221809048855e-05,2.9764730393090827e-06,4.2381816165236e-07
0.3849226915926677,0.6057315062547483,0.008879837812201391,0.00038719628431579055,7.876805606676966e-05
0.0007793312092485367,0.2698635080132179,0.7228086416938468,0.006540850986125057,7.668097561765983e-06
0.0008037239499552887,0.031060714110234082,0.8883585326982533,0.079638379999891,0.00013864924166645266
0.9989481544670512,0.0009770731847989341,4.96436450021686e-05,1.90728265473786e-05,6.05587660025428e-06
0.5791626894159532,0.4156098968118279,0.005174490761864478,4.1879933453771835e-05,1.1043076900626865e-05
5.728007712550173e-05,0.00013883126483341078,0.06685417435724851,0.9329116520576605,3.80622431321595e-05
0.0001091072077682873,0.00033960907384678003,0.0038181679308993046,0.9801052780858385,0.015627837701647142
0.0006558322605742351,0.040137513631775146,0.9530598808254076,0.0061064432755731585,4.0330006669995775e-05
0.0004155229527634173,0.00857045319947313,0.9065874659230929,0.08439455621790835,3.200170676210424e-05
0.030373666485250445,0.8841312366005752,0.0848956834684295,0.0005924225052240507,6.990940520605647e-06
7.900056876686593e-05,0.019432322803253885,0.9800187743888601,0.00046776795104205046,2.1342880770814565e-06
1.4287487928962444e-05,6.944050896069103e-05,0.00040005941571164547,0.9994972019033379,1.901068406073011e-05
0.9994183706030029,0.0004802694820816751,8.966723602777119e-05,1.1239027352806728e-05,4.536515350587738e-07
0.0005914888811585666,0.000817265704866052,0.3920032546518632,0.4952979750772593,0.11129001568485292
0.00022829454883815738,0.0035688767262493782,0.9677110191989404,0.0284628647130465,2.8944812925816123e-05
0.0041980091826358205,0.9353044313153326,0.059312165777316544,0.0011293770617761378,5.60166629388305e-05
0.0003126852403392524,0.029613837961212135,0.9642814426606237,0.005770162989730497,2.187114809448217e-05
9.092541771674006e-05,0.00032603460884997207,0.028668487820351717,0.964854875500414,0.006059676652667593
0.9253813699040632,0.07443517930454177,0.00012425476241399516,2.4087336831776628e-05,3.5108692149331105e-05
0.9994677680358041,0.00042957236376289754,7.26215591202101e-05,2.7018195094252312e-05,3.0198462185329595e-06
0.7230004585720319,0.23908205618770548,0.03765374083571973,0.0001810632049327073,8.268119961011219e-05
2.9371330404582556e-07,1.7571625460505382e-06,5.869370085381642e-06,0.0002513634185867126,0.9997407163354779
0.9028648845954813,0.09698408749204233,7.291111740964854e-05,4.77904052357311e-05,3.0326389831054567e-05
0.05674343556701904,0.40170352625784406,0.5394445755869349,0.001979535280465237,0.00012892730773681133
0.0052916237972411686,0.9477170199378444,0.04678985075850531,0.0001960594884836411,5.44601792554923e-06
0.00027402397882269437,0.0023767342831608382,0.2755313661518686,0.7109594804034058,0.010858395182742071
0.9987021382135917,0.0011929596264175129,9.055684431048949e-05,9.53525799468667e-06,4.810057685450912e-06
0.00030281561335877263,0.00045673506439369323,0.07720792185167763,0.9219874599576743,4.506751289553239e-05
0.6939730468736467,0.30410807192500694,0.0018122019984034275,9.556062951409576e-05,1.111857342891939e-05
0.9694457379296995,0.029928134341281214,0.0005984177793603107,2.586608380459759e-05,1.8438658543174896e-06
0.901797931349186,0.09604621218612641,0.001969155563099448,0.00017859301234041052,8.10788924781615e-06
0.972090302680264,0.027784218058502584,0.00011970461428878967,3.9899183878712645e-06,1.7847285567397362e-06
0.8668442606529165,0.12828745978432435,0.004257960122538555,0.0005621544374072432,4.816500281341234e-05
0.9989768007714044,0.0007542020563659575,0.00025025949824610146,1.5819415756085062e-05,2.9182582274351647e-06
0.011800035071480872,0.9358447904146684,0.050010506275465175,0.002326111355901839,1.8556882483927605e-05
9.039188929447471e-05,0.00045226666561429626,0.002797712010668301,0.9672393585096386,0.02942027092478455
0.9996329544418396,0.0003543708096561585,1.0139017966229638e-05,2.1081939526584644e-06,4.2753658524252896e-07
0.9998427153570381,0.00013291717873530312,2.3591082981357244e-05,6.940936744369526e-07,8.228757089002098e-08
0.36318385499164896,0.617915893085688,0.018405618910994865,0.000465009062469082,2.9623949199104862e-05
0.562772065643423,0.4339052009966895,0.0032610693936596575,4.522729725748062e-05,1.6436668970262296e-05
6.487559000555445e-05,0.0001253873123374234,0.008872651312245837,0.9873040957694279,0.0036329900159831657
5.72020536393712e-05,0.002787975274933192,0.992353186212758,0.00479766231124976,3.974147419650512e-06
0.00025212764047686083,0.06908097783909618,0.9279606795751135,0.0026821770347330355,2.403791058059276e-05
0.746841354776569,0.2525001616490798,0.000560782503740452,6.372529972825487e-05,3.3975770882417226e-05
3.650748937050033e-05,6.71401250670844e-05,0.28357268889628334,0.7163162120300738,7.451459205215727e-06
0.0010222388827505666,0.40755645216837616,0.5912148028255134,0.0002028415266137606,3.664596746113258e-06
0.00011019411344773364,0.0012126356121626657,0.996276408014916,0.0023976405612549873,3.121698218718962e-06
0.9575522379312688,0.04216333713500023,0.00027650554945761615,6.677172094913998e-06,1.2422121782427553e-06
7.571647696897485e-05,0.00016159969126273565,0.005638720559845697,0.6810538519649555,0.3130701113069671
0.9996285086362451,0.00035378621472713763,1.3253759753332917e-05,2.9504032701411233e-06,1.5009860042267498e-06
0.7583723514483658,0.2333951800737932,0.007895134818795094,0.0002834606079332071,5.387305111272715e-05
0.270572105011908,0.6735917823320503,0.05563796553447513,0.00017799185778109375,2.0155263785356218e-05
0.11093758264506329,0.8872443965620269,0.0016487057408565082,9.07290973915449e-05,7.858595466174218e-05
0.02337892033391192,0.9239951196975466,0.04969480673959419,0.0027798963981530054,0.00015125683079452633
0.02909845981964262,0.9215733743655998,0.049068256605249015,0.00023207797069319227,2.7831238815241564e-05
0.005668524950403928,0.942877261181843,0.05130250518254567,0.00014852582634177476,3.1828588654460232e-06
0.00023291133874082302,0.13254717414348202,0.8582567125695671,0.008928842148411609,3.435979979838964e-05
0.032788394049210134,0.66943163332173,0.29700310028923227,0.00043610145298748155,0.00034077088684009757
0.9996720981855299,0.0003100430381303501,1.3523087658631028e-05,2.6883631543712553e-06,1.6473255267452058e-06
0.0020532887789548922,0.7503924638903426,0.2462460700099224,0.001280493769587976,2.7683551192192253e-05
0.11848400389312223,0.8663564943664848,0.014859165251329525,0.00028425119761270464,1.6085291450673287e-05
2.6704834198289686e-05,2.5246343196973866e-05,0.003389897394308487,0.9911115826743743,0.005446568753921891
2.1711569792653557e-07,2.5686087622255853e-07,6.644066858237926e-06,0.00031466676410581173,0.9996782151924617
0.0005413167508395797,0.9615266065922946,0.037575020305973365,0.00034449075706921865,1.2565593823303703e-05
2.3201141209203134e-05,5.795779691741623e-05,0.14553424841460028,0.8543789236313382,5.669015934964623e-06
0.04185491395208933,0.9561023459005162,0.0017119621352473956,0.0001794779328208758,0.00015130007932610167
0.9587534580492004,0.03816319986032059,0.002956410475022219,0.00010717120527895043,1.9760410177935505e-05
0.001067135875525308,0.0412288065254672,0.9572702090281708,0.0003930627636377912,4.078580719896584e-05
0.9913521313702159,0.00857302375767769,6.751663237831503e-05,6.218365570173764e-06,1.1098741580246773e-06
0.1288402690230676,0.8677442011949853,0.0033089204436827467,9.570558907450352e-05,1.0903749189769327e-05
0.00026902529595088646,0.9635823157201315,0.03595374934378558,0.00019275906959333574,2.1505705387340403e-06
0.0001965772768425072,0.0057836223464941185,0.6145256438100316,0.37945116821392677,4.298835270489342e-05
0.9750091458076036,0.02448221782414253,0.0004689652887848247,3.2874166524175584e-05,6.7969129449909375e-06
0.01311053859588666,0.9847226724690451,0.002030172757037885,0.00013290166173243785,3.71451629799145e-06
6.706261031757197e-05,0.0002092356228019263,0.09774315551914506,0.9018760033613835,0.00010454288635186262
0.2131833258386207,0.7462913427861282,0.0400543202528735,0.00030083309453816785,0.00017017802783963752
9.069607794693377e-05,0.0002508348595600108,0.08790527392541085,0.8920198952807087,0.019733299856373454
0.9998069864997691,0.00016941335422031225,1.934519512338394e-05,2.5134201739031274e-06,1.741530713228167e-06
3.0496006333604107e-07,2.776832130413981e-07,5.060112406874983e-06,0.000871996358950875,0.9991223608853658
5.1204455336214954e-05,0.00026931356146287487,0.6614779558516714,0.3381993365224058,2.18960912360089e-06
5.507081623220122e-05,0.0005536775611461236,0.9928077369107914,0.0065784165990213075,5.0981128088062155e-06
0.014573804892129899,0.7965124566726167,0.18682525557832552,0.002058223980048081,3.0258876879781193e-05
0.00020464821174139014,0.0026497810259282838,0.007163601055367833,0.9872566381594966,0.002725331547465844
0.09346101105737703,0.9023507900829695,0.004124895679042144,6.025906008438651e-05,3.044120527161747e-06
9.463787790841685e-06,2.677363995952262e-05,0.00037118156332464523,0.0077372414749474205,0.9918553395339776
0.01731292039929466,0.7452151822754124,0.236126031746203,0.0013218326993548728,2.4032879735172154e-05
0.00017328384177581584,0.008967206563583397,0.9808043845343533,0.010040547639395507,1.4577420891932485e-05
0.46738775897984275,0.5190469075061307,0.01333952251330093,0.00020002454383866766,2.5786456886822514e-05
1.93293071753226e-05,1.6447972293437382e-05,0.00014995867741761699,0.03271462025848669,0.967099643784627
0.03382928538521658,0.9562555756917805,0.009608539171231174,0.00028178533504415285,2.4814416727550288e-05
0.1331421113682414,0.6132481115876969,0.2533843968758827,0.0001756070694767347,4.977309870236271e-05
0.4268534880993127,0.5720695711530128,0.0010264606974945071,4.00234741260308e-05,1.0456576054061597e-05
5.19866897666856e-05,0.0001449892522817585,0.03434606989714522,0.9653814229126549,7.553124815138421e-05
2.4486664013139604e-05,0.0001511912080157967,0.9250992798915244,0.07471092146644796,1.4120769998642655e-05
0.9996796094437881,0.0002613007775175813,4.5685902293066665e-05,1.1526906921618399e-05,1.8769694795348392e-06
0.9954314991725537,0.004487016848318371,5.761203716144695e-05,2.2238367938962236e-05,1.633574027759618e-06
0.00013286076357666522,0.00018105007445430585,0.02951510542473275,0.9693448927443379,0.0008260909928983056
4.85612661677351e-05,0.0011431055514517546,0.9714989059325462,0.027290022451709545,1.9404798124746092e-05
0.06121569371446152,0.9078116257268388,0.030521141222914643,0.0003881999255558624,6.333941022919424e-05
3.4931001706822957e-07,3.6236162075700586e-07,1.0336612510850805e-06,6.459850422514446e-05,0.999933656162886
2.4736836529474202e-05,8.401418521390067e-05,0.0021688722383631782,0.9973726192814744,0.0003497574584189524
0.9997195829553137,0.0002659523072077453,9.963414631897131e-06,2.901934599668358e-06,1.5993882467680546e-06
0.03527928261640205,0.5667049113304344,0.39344805368331237,0.004371452294919389,0.00019630007493187632
0.00965090294568661,0.7632881161780526,0.22175367436051938,0.005281464459933093,2.584205580839699e-05
0.9993903766885629,0.0005933945243119921,1.42032989127691e-05,1.7269062239239778e-06,2.9858198843918735e-07
0.9702548371734564,0.02945394581306773,9.41307799318566e-05,0.00018346510986329666,1.3621123680733004e-05
0.9918111190570472,0.0080725342949338,0.0001059438373309636,9.505680467772581e-06,8.971302200313317e-07
0.997628240606831,0.00178139770219935,0.00045921499403033737,0.00012112297829391747,1.002371864562224e-05
0.0010371418414980944,0.7000123119902762,0.29696979677197755,0.0019765335756736337,4.2158205744943986e-06
1.5046153872660925e-05,6.45109744381995e-05,0.008948898970151851,0.9907192027457901,0.0002523411557471581
6.46533505007185e-05,7.845843731433837e-05,0.015682145624815975,0.8993163273554879,0.08485841523188112
0.0010794712919454926,0.6694956543911459,0.3257382723856173,0.0036701517421106515,1.645018918072623e-05
0.2263648351372626,0.7351794808935864,0.03779995133251745,0.0005416107394897601,0.000114121897143872
5.3355972236059584e-05,0.01075632253800792,0.9880889987222166,0.0010984419282070673,2.880839332124911e-06
7.417990120804739e-05,0.0012205131868740179,0.9938182329933861,0.004883785807997905,3.288110533925114e-06
0.9992646032996976,0.0006885234364715434,3.638311838971893e-05,8.803359474247095e-06,1.6867859667519264e-06
5.7078370848211086e-05,0.00014825444646715508,0.0042828448904559035,0.9922256811451877,0.0032861411470410705
0.9973010509477485,0.002451703394316625,0.00022501023016447945,1.781302908065064e-05,4.422398689584677e-06
0.7327346618217312,0.259156184966347,0.008039919750265544,5.482227404908169e-05,1.441118760730442e-05
0.0041246757449623014,0.24262766845040123,0.7504541022108085,0.002730435189077551,6.311840475023092e-05
0.0028194611339294067,0.9528849539666627,0.042776521568434374,0.0013454671378291484,0.00017359619314447595
0.3406523212156133,0.6352440042579965,0.02311226534505936,0.0005044793399527766,0.0004869298413781633
0.9713850375855364,0.02575717776055058,0.0025385822056658933,0.00026314585446163995,5.605659378567152e-05
0.00040704002872680046,0.000542880787140018,0.01103569744930697,0.8075720432862269,0.18044233844859933
0.9998209460333382,0.0001467744805187161,2.6029377201728895e-05,5.267055769198889e-06,9.83053172390526e-07
0.002347692791236595,0.9217560610487624,0.0755049413931655,0.0003802268171648652,1.107794967074309e-05
0.00021124876820852924,0.0003085053075177339,0.8908360947481121,0.10863035942493911,1.3791751222743773e-05
0.00020861913541259536,0.0005493604090768713,0.02707130619865646,0.9632093012805993,0.008961412976254784
0.9938982192280289,0.006056912054382434,3.275628099432884e-05,9.3594410140483e-06,2.75299558027249e-06
2.6714747798829094e-05,6.333637762954274e-05,0.001768053766670156,0.9981371718643994,4.723243501997308e-06
0.9993889137715045,0.000578591816527817,3.0419035634721537e-05,1.4029496580424932e-06,6.724266749365977e-07
0.0004748123931400693,0.0019102954504506687,0.8976576642034683,0.09994759060479623,9.63734814480235e-06
5.681908601998789e-05,0.0002169540455564263,0.018813389500599444,0.7555351859086823,0.22537765145914182
0.4124224215900853,0.5731990802055934,0.004306785446718007,0.009582092201131808,0.0004896205564714377
0.6488554724824118,0.3493763012348527,0.0013077348503209108,0.00041120673227274944,4.9284700141739863e-05
2.692815111349687e-05,9.103425982969206e-05,0.004607694073373799,0.9924793306653139,0.002795012850368891
0.999769018229918,0.00022070152418726365,6.662767256794022e-06,2.300761456924475e-06,1.3167171808551787e-06
0.9819912693429466,0.01794914939117114,4.614882506438778e-05,8.286301072791313e-06,5.14613974528388e-06
0.016952973521239274,0.9603302225792988,0.022568901143498205,0.000144379439264267,3.523316699389302e-06
0.05016907033868006,0.9432973038584291,0.005895133417740738,0.00021070669767702866,0.0004277856874729672
2.1446912893612216e-05,8.096367737324452e-05,0.006119211762211744,0.9936827811818422,9.559646567923417e-05
0.9977821575320797,0.0019746707867152745,0.00018805142143094446,3.584156797001546e-05,1.927869180398301e-05
0.05816210490565855,0.9192180146929608,0.021526179807281078,0.0010654561733795746,2.8244420720079115e-05
1.7717043438430094e-06,4.810164490446994e-06,1.2564994944470662e-05,0.0006911081396991355,0.9992897449965221
0.00012859472404373826,0.0009429692400121185,0.5613421124389568,0.4368517221926989,0.0007346014042884009
0.010008320425414297,0.96105320175401,0.028734287992528022,0.00019236489596805294,1.1824932079819386e-05
0.044096784886464034,0.6903387625442542,0.2652686334318255,0.000285318065491431,1.0501071964893451e-05
0.0076835495058284265,0.7910685259410289,0.11933176561363243,0.08079582794318267,0.0011203309963275
0.00011918933078398507,0.09941326964176662,0.8982571129791245,0.002207106143085776,3.321905239076693e-06
0.00010436654612819514,0.00033106157116433946,0.016656430456629033,0.9828247971379357,8.334428814267779e-05
0.7464289505842286,0.25316512081938614,0.0003581498021109546,3.621155907125819e-05,1.156723520294952e-05
0.0035570360464775314,0.9633058682230223,0.032553016241402645,0.0004911209438492844,9.295854524839158e-05
0.00021256845810999143,0.48376868710754983,0.5151019800067347,0.0009076147302321773,9.149697373332479e-06
0.0005565101541282722,0.021834380872882884,0.9482024169303811,0.029296337813613793,0.00011035422899403861
4.448931260623515e-05,0.00035773038564239714,0.9938828561756966,0.005711888397332395,3.035728722367065e-06
0.11524708213227976,0.7961537232503972,0.08560820942324689,0.002944863572272329,4.61216218038383e-05
0.12547732998564942,0.8646216900096959,0.009335507693294417,0.00040944544209093264,0.00015602686926937962
0.9995175548185267,0.00044476868446617705,2.2412436237213025e-05,1.3920364386470078e-05,1.34369638340523e-06
0.9991325120944259,0.0008195257810796271,4.05992054268787e-05,5.8281710233250844e-06,1.534748044411839e-06
0.00027650241723044987,0.011725838156268358,0.9581181636941439,0.02980537771097375,7.411802138362379e-05
0.33717795436361264,0.41234647508475436,0.24798887604002487,0.002200680544629567,0.0002860139669785607
0.0005439912184126656,0.3467539712813235,0.652302890277592,0.0003889096451474558,1.0237577524300342e-05
0.4531126179170285,0.5373178419717168,0.00950374588579969,5.668144525713564e-05,9.112780197882537e-06
0.0004350458864796571,0.39847959494357793,0.5978793617495021,0.00318501666963802,2.0980750802488237e-05
4.355270869432254e-05,7.320373523214944e-05,0.006805179699318257,0.19606353138638632,0.7970145324703689
0.005085113228988641,0.5702522056408567,0.4216916600788895,0.002881304257282807,8.971679398242663e-05
0.6928468152675172,0.2878815392706611,0.018865581122351437,0.0003986256736064408,7.4386658637538195e-06
0.00016263315124295563,0.017146332883138427,0.9818675016948744,0.0008217299234022006,1.8023473422221097e-06
0.0002811848011630294,0.006586763662926271,0.885651227969938,0.10741643049328037,6.439307269234111e-05
0.004972209063505469,0.8797988466649319,0.11506716289816483,0.00015436021162087214,7.4211617768112835e-06
0.7374123254002282,0.26131592255254255,0.0011696299234908074,9.324242810497821e-05,8.87969563354072e-06
0.9948935249181813,0.004135119270909029,0.0007693824879307264,0.00011251985746332137,8.945346551548129e-05
0.05516604640316635,0.20678147398696592,0.7373486337355335,0.0006895460331951027,1.429984113913976e-05
0.0005800862184795189,0.0001879259279397614,0.8106488116855155,0.18816261229724107,0.0004205638708243298
0.8827695688269734,0.11600077865552093,0.0012171193288154868,1.1671985477127184e-05,8.612032129605785e-07
0.9911919954711307,0.008733680223656077,4.576508335054383e-05,2.51329042140712e-05,3.426317648585581e-06
0.9994701888555272,0.000503420642308055,1.721131819749404e-05,7.3376769342564685e-06,1.8415070332484702e-06
0.8425017765540291,0.1556918761637095,0.0016494247679321415,0.00012049083754728857,3.643167678194901e-05
0.0003336657200166566,0.0011483348800316183,0.5690891981109334,0.42927766922535493,0.0001511320636633852
8.061471936684799e-05,0.00030812089316638026,0.9915222734578166,0.00808399719861288,4.993731037340368e-06
0.9991570954162291,0.0007971186795900354,3.517753957129243e-05,9.726467873984196e-06,8.818967355106591e-07
0.7195629739721426,0.27652239620917,0.0035623505529835757,0.0003389978753249567,1.3281390378655324e-05
0.015224195452747117,0.7113358654939292,0.27180446805183595,0.0013769952611419683,0.0002584757403455275
0.00011225001842906838,0.0006341789323578793,0.3126943814166875,0.6863332191644017,0.00022597046812393779
9.017960859337747e-06,1.2570906814428033e-05,9.998861378240326e-05,0.003927647029213872,0.9959507754893299
0.13806387844039134,0.5454782744805367,0.2965399326111782,0.01926865641459957,0.0006492580532941815
0.9951718981255925,0.0044135627107064,0.00038026377717656495,1.6226080669896727e-05,1.8049305854809998e-05
0.9845953778045118,0.015293499217937918,8.841326055488422e-05,1.2643825542190734e-05,1.006589145328176e-05
4.057501593067008e-05,0.0003052685637819867,0.03967378551044912,0.9599661519193537,1.4218990484434988e-05
0.00014412452027075742,0.00027748416570528406,0.007155628777269327,0.9846849590328862,0.0077378035038684215
8.590969286886407e-05,0.007611394495767248,0.9333938484212796,0.05871359194810828,0.00019525544197582882
0.00044607027853855416,0.0008101908945185447,0.06637456122992173,0.7277492469640958,0.2046199306329253
0.00048543597288491536,0.8111181597703453,0.1860129624275643,0.0023785296343684483,4.912194837073016e-06
0.9982018345658291,0.001438676364626139,0.00013650552099161574,0.0001802143764342027,4.276917211926268e-05
0.9999382027319472,4.731010046100818e-05,1.2091912240075674e-05,1.3135772303663898e-06,1.081678121246174e-06
0.00019073765438192873,0.007602409762472244,0.6190676360314642,0.37299848224137594,0.00014073431030572794
0.8183354407040592,0.17978902821232498,0.0016721854478606681,0.00017071490690033706,3.26307288548627e-05
0.9993065743454407,0.0006552013552355177,3.255331928343915e-05,5.184236496187651e-06,4.867435440314082e-07
0.7714179814006582,0.22673545740130008,0.0017414249506191683,7.879036004081248e-05,2.6345887381738267e-05
0.0005545620321518131,0.09714384407076833,0.898368437514381,0.0039147950075677646,1.836137513119906e-05
5.1478121926235354e-05,0.017444385610366347,0.9790702029133912,0.003430772996295642,3.1603580205572524e-06
9.634547718371662e-06,2.664960880787827e-05,0.1272323531492462,0.8727171720434203,1.4190650807376004e-05
8.808476485304579e-05,0.00016993818339391668,0.00749041890392379,0.4518629090381719,0.5403886491096573
0.027209702010966834,0.9586447612697293,0.013593225582925923,0.00016334622087267015,0.0003889649155054285
0.0027667934126696676,0.1608187771176123,0.8357488890855675,0.0004854540471981012,0.0001800863369523548
0.00022293683247725526,0.0016477178206847902,0.03817860844562019,0.9539938085331241,0.005956928368093782
0.00013025534312296759,0.00023428246228697434,0.012028996080718975,0.7839656981623567,0.20364076795151434
0.004138379964320133,0.6783972389189972,0.3171818835465238,0.00027616488673731473,6.332683421516199e-06
3.78427388815171e-05,8.454579815434581e-06,0.00018890221615552386,0.004367959630888207,0.9953968408342594
0.99966136443128,0.00026746523722938256,6.702007464949564e-05,2.151547643839486e-06,1.998709197218517e-06
0.00015923348152813605,0.00018328550003080516,0.011308712053909204,0.5349162929800559,0.4534324759844759
0.00010965039930808269,0.00026705958520134544,0.01042732339292639,0.9872865825499961,0.0019093840725678407
0.30509871573313385,0.6767954282113057,0.017546995390456194,0.0004983186088302008,6.054205627406775e-05
5.249200257175962e-05,8.246972887276511e-05,0.002126325694481756,0.18323736221310447,0.8145013503609693
0.998019637868706,0.001182857731969892,0.0007564351662154067,2.757347689426104e-05,1.3495756214362912e-05
0.9994780733954552,0.0005121662115197427,5.683865113100932e-06,1.3984397761124147e-06,2.6780881359813487e-06
0.00036886637638501314,0.38175724386394944,0.6171640370407856,0.0007044719723163155,5.380746563657707e-06
0.01002462436240355,0.4081627227130751,0.5791175416857963,0.0026506783337672656,4.443290495774781e-05
2.987485444130421e-05,8.11151478396641e-05,0.1554861191704742,0.8443665226296369,3.6368197608070154e-05
0.00023724731931449856,0.0029804873051376773,0.9534545533556286,0.043119794366548,0.00020791765337127064
0.2510796148003301,0.7282819301838866,0.009216447304844819,0.009472105637178992,0.0019499020737593735
0.015562593882111692,0.2444504932096642,0.7007384606677254,0.039191507091708544,5.694514879011075e-05
0.9993934184711297,0.0005056841363891647,9.320874218534846e-05,5.980982534529219e-06,1.7076677612099687e-06
0.00020222368381852656,0.002319957551414083,0.16469111703814843,0.8320634612839088,0.000723240442709998
0.8587078419260535,0.11339928908963277,0.027489721621680858,0.00036887611207189123,3.427125056088198e-05
6.230828140764755e-05,0.0005015211575199684,0.9949194179983125,0.004512361156862609,4.391405897259711e-06
0.00024826053980230934,0.0003368958869969431,0.28924475447159825,0.7089492307634325,0.00122085833816995
2.7546565591206333e-05,0.0002858621307955169,0.9008305686824771,0.09881897657259722,3.704604853891027e-05
7.593170999608813e-05,0.00026826062249197245,0.2022566495632264,0.7973405840629614,5.8574041324332376e-05
0.9994563844713632,0.0005179002993565151,2.427730679873796e-05,9.82994870661992e-07,4.549276110090082e-07
0.00265110121171332,0.965997588473244,0.031094097902221427,0.00019990339360541362,5.7309019215843424e-05
0.999408346331155,0.00045655237749667643,0.00011886225388381875,1.3854954019627655e-05,2.384083444903658e-06
0.7448491786407214,0.2413229300441164,0.013286305219420678,0.00045565696202216004,8.592913371944152e-05
5.490670218394469e-05,0.00017308708408373094,0.2520840144652079,0.747664913228535,2.3078519989564697e-05
0.00013783879542574512,0.00015769346533620285,0.0059499556669164455,0.9913497044332878,0.0024048076390336104
0.9994554043431784,0.0004725376069506193,5.393414697025201e-05,1.5648366212903267e-05,2.4755366876701924e-06
0.9994062222766427,0.0005834561918764418,6.480295850708932e-06,1.948166803457133e-06,1.8930688266218108e-06
0.0007322834991811261,0.5029016883001719,0.4959427024525794,0.0004191342470945014,4.1915009731370995e-06
0.00012148585142126177,0.0014884037711178795,0.9974804863697532,0.0009039026393173669,5.721368390369882e-06
0.9997618126192973,0.00020973176348189305,2.366899626926065e-05,4.424470000346315e-06,3.6215095121383485e-07
0.9997238947912427,0.00026108282808389203,1.3965349228748165e-05,7.36789422768041e-07,3.2024202182086904e-07
0.9992962002620058,0.0006664709371346192,3.395264596204656e-05,2.539790324403186e-06,8.363645727888814e-07
3.6855874840413964e-05,0.001876086096792954,0.3764566030559598,0.6216106284201706,1.982655223621351e-05
0.9998350386628161,0.00015372172754072152,7.681943931178636e-06,1.4275945718344615e-06,2.1300711401606293e-06
0.009401122388030167,0.03688939020561998,0.9518665275157654,0.0012767650751383884,0.0005661948154461998
0.1414863114366603,0.8480885711813986,0.009886366849561897,0.0004497813611172875,8.896917126219055e-05
0.00011403599328301114,0.00036661412083518753,0.5983945887458143,0.40110215759026097,2.260354980650383e-05
0.9996359610086469,0.00035271309537490713,9.941052133055902e-06,8.453429265437622e-07,5.395009186785256e-07
0.9994612569336613,0.0005186791354689858,1.7751710899852288e-05,1.8973193772362376e-06,4.1490059264980193e-07
0.999721821053859,0.0002569482137885817,1.7109319927394816e-05,2.482743712855141e-06,1.6386687122256802e-06
1.996205741895793e-05,6.89310859599178e-05,0.001554247903741477,0.015418053940378231,0.9829388050125015
0.00015292737761167115,0.0003370881244855212,0.03402542562357204,0.9501172447091548,0.015367314165175807
0.7190091674852482,0.2721212529939384,0.008613367553434398,0.0001898378375001556,6.637412987892998e-05
0.9993271037960796,0.000658854355564262,1.1653002278770399e-05,1.2650576813067078e-06,1.1237883960541027e-06
0.9137121581017997,0.08560274664391808,0.0006749101981245629,8.905989401243907e-06,1.2790667563581372e-06
0.9997241427653192,0.0002620420356518767,1.2760717799269331e-05,8.581011023120199e-07,1.963801274788696e-07
0.9994377379474643,0.0005443428425807311,1.26171355954212e-05,4.969138118010804e-06,3.3293624125590177e-07
0.13689337471977361,0.8275605434276735,0.03529696411215422,0.00022941460935282953,1.970313104582675e-05
0.9997102498566051,0.00027766061498229203,8.473364177696973e-06,2.9399735964633467e-06,6.761906385850121e-07
0.0002627587917893832,0.001044685851991777,0.85902892608322,0.1396452841951369,1.8345077862096695e-05
0.0004241367285357012,0.07139630709516841,0.9275528791937714,0.0006197617581815483,6.915224342900944e-06
9.550305902777647e-05,0.00018862168138290727,0.6276768667591918,0.37200499713689583,3.401136350168936e-05
8.872467035692396e-07,1.298550581178489e-06,2.5883884966261506e-05,0.0005881946615177667,0.9993837356562313
0.00018482747500069946,8.662194577555432e-05,0.017890611373317628,0.713699696251193,0.2681382429547131
0.00018454404582205977,0.0007030049651216566,0.005080837806575835,0.8447813409603908,0.14925027222208972
0.9890951976764452,0.010615438002920452,0.00028176036923861753,7.0990275784878995e-06,5.049238171580736e-07
0.9998065730893387,0.00018152386596002526,7.789213696964674e-06,3.3211421278499585e-06,7.926888763965246e-07
2.0482288794735018e-07,5.061966465182184e-07,1.8398081538060818e-06,5.6602737495337435e-05,0.9999408464348163
0.00012382751394124372,0.0002624082937701111,0.005736954665645565,0.9909458783574399,0.0029309311692030256
0.08987670731834188,0.6971296160184652,0.21268201923644367,0.0003048720309467041,6.7853958023855746e-06
4.506053778345889e-07,1.1960621473366715e-06,3.5774112084007527e-06,0.00010095367212542131,0.9998938222491409
0.2767070897313504,0.7203939971169417,0.0027100147438903206,0.00016195887692687012,2.6939530890634873e-05
9.19858955122628e-06,1.4887045098633954e-05,0.009061996006007962,0.9906162660471112,0.000297652312231098
0.5156614394785837,0.4785002784373594,0.004899671099470714,0.0008950875998314331,4.3523384754870626e-05
0.2508759308334948,0.5801028439651376,0.1557389628412775,0.012997470405764213,0.00028479195432593864
2.8971620191505486e-05,8.754345615926269e-05,0.20802702708408016,0.7918038792550021,5.257858456696751e-05
0.5312314951616721,0.4630940168776282,0.00515976313719594,0.00042486353588613824,8.986128761753986e-05
0.9997249015394886,0.00018398812348031536,8.863406229138298e-05,1.7467229873025777e-06,7.295517521926075e-07
0.9993991594226838,0.0005758262675259427,2.2211352301671463e-05,1.6369449882581253e-06,1.1660125003799893e-06
0.9996813093205182,0.0002846538509433039,2.406543071788874e-05,7.200654733068185e-06,2.770743087288249e-06
9.269215316474564e-05,0.0002640165506875955,0.7111136214241977,0.2885054217291263,2.4248142823725742e-05
0.622870353399139,0.362266445968382,0.014692234522783903,9.977691099095756e-05,7.118919870405619e-05
0.016658519736590913,0.9793158290175773,0.003987683002645341,3.2351620627713754e-05,5.616622558657004e-06
0.00014010982669109307,0.04374000954541424,0.947721422779628,0.008371043375879853,2.741447238692346e-05
0.05171391899490646,0.9456348748748771,0.0024072778168668534,0.0001704252350053914,7.350307834410803e-05
0.9993828715937739,0.0005918082956095151,1.6404249719540674e-05,7.845495212602984e-06,1.070365684294692e-06
0.9988139030500641,0.0010268612656081449,0.0001464564338630855,7.895049994850341e-06,4.884200469635608e-06
0.003908238650534864,0.9477476638070323,0.04783712554295586,0.0005048903175526058,2.081681924244517e-06
0.044306396748540575,0.948839544610713,0.006730730809239826,0.00011600296025461324,7.324871252060563e-06
0.8612263592180748,0.13836276935435696,0.00039738920647057463,1.1064156413135846e-05,2.4180646844051083e-06
0.9986771183605888,0.0012482300794170727,6.239222897773862e-05,7.929508280041994e-06,4.329822736188474e-06
0.00018464276352601983,0.00031671915355207793,0.15475473893137623,0.8445571539141083,0.00018674523743735926
0.000950639013958147,0.9217995547396384,0.07717054509098875,7.697601955733634e-05,2.2851358574348395e-06
1.4119024120192283e-05,5.0571834672760095e-05,0.00031901045657056884,0.12422099007033256,0.8753953086143039
0.5721247490506913,0.42331791013729775,0.004313681912913735,0.0002132924252480795,3.0366473849000995e-05
0.999229987097531,0.0007443882650030223,2.070475827023969e-05,2.7363150641420584e-06,2.1835641315273015e-06
2.753831499934716e-06,8.054606664587596e-06,0.00021510812192210028,0.001861497285386055,0.9979125861545273
0.00019298891336384092,0.000631359928892423,0.9755748919688609,0.02358858565725968,1.2173531623177304e-05
0.9996673108135279,0.00026656818853977614,5.2490140597693136e-05,1.07828342373528e-05,2.848023097271473e-06
0.0007444346933850195,0.3472000069233706,0.6518974363331927,0.00015422518314075635,3.896866911005704e-06
6.122414683991115e-06,1.062873401101086e-05,0.00030377299992406066,0.013922164080401088,0.9857573117709798
0.18919133148231596,0.7770224363272525,0.03366896800187027,0.00010464266242465756,1.2621526136381306e-05
0.00014330566828404796,0.0005484561292114448,0.0782019377577465,0.9193197039013563,0.0017865965434016359
0.2477737583793309,0.7106203902941354,0.04109074006554291,0.00037194829243616966,0.000143162968554717
0.9993881632598279,0.000569935652921823,3.7597538351684445e-05,3.6308843762925587e-06,6.726645221776092e-07
1.189452495855212e-05,2.700963432595972e-05,0.0004863268671015336,0.9994639044625893,1.086451102466645e-05
9.439518101058736e-05,7.737689972921335e-05,0.020955512692418788,0.9786813957315037,0.00019131949533784
0.0006955808516203889,0.49788576131844486,0.49434450793647844,0.007029548049157303,4.460184429894385e-05
0.00016569493023583018,0.003342549275207511,0.9852905793271207,0.01118193147195022,1.9244995485796688e-05
0.9897089356211152,0.009911535608826955,0.0002893299552322784,8.666857912472123e-05,3.5302357007376408e-06
0.9998555010200841,0.0001370614745855374,5.9583650644535555e-06,6.82237169363605e-07,7.969030966629646e-07
0.288194832609323,0.6958165986417822,0.01568729945574696,0.00023094156075709435,7.03277323908878e-05
0.9992296180961763,0.0006878530409395613,7.754981756056089e-05,3.428618997535982e-06,1.5504263258015023e-06
9.832702189821947e-05,0.0003385048448613731,0.8557357821936491,0.14381413102899906,1.325491059224562e-05
0.0003537108797531891,0.0015920204376851054,0.6053340988292778,0.39259979094296577,0.00012037891031802728
0.0007238599223266851,0.4592184907130791,0.5253397467092344,0.014699735836195214,1.816681916455063e-05
7.386101814959338e-05,0.00017957626691736102,0.029093158285460916,0.969043474250592,0.0016099301788802239
0.0001678157765422463,0.00046588184588672657,0.8348495564328491,0.16445137459869352,6.537134602854633e-05
0.0359926829219617,0.9606231805410705,0.0033546385806908128,2.2482885767634386e-05,7.015070509276627e-06
0.999523565470839,0.00046042197335358293,1.1054687171247013e-05,2.2868040810909143e-06,2.6710645551070764e-06
0.8598145922247742,0.13389440993697174,0.00622872722368017,4.3460085414909785e-05,1.881052915918553e-05
5.779363287562768e-05,0.00015587897312749457,0.7808199079279824,0.21896220081921153,4.218646802983709e-06
0.9993685826253053,0.000541012092689961,7.262670505893697e-05,7.185882280777917e-06,1.0592694665318259e-05
0.9977346855846024,0.002245732015868546,1.8586812078275483e-05,7.412310202385432e-07,2.543564305392472e-07
0.01599615282016031,0.900543201272427,0.08306625478285296,0.00030783682449171034,8.655430006807282e-05
0.0182134158182625,0.9633903788744086,0.01679276307535437,0.001563945256919435,3.9496975054891614e-05
7.689511313705056e-07,5.038953707695558e-07,3.465395952412154e-06,6.489694968388403e-05,0.9999303648078616
0.0012725832894333665,0.6055192976786657,0.37284958548445557,0.020311342978454043,4.7190568991165464e-05
0.9899918154154095,0.00994265079418682,5.586544053257634e-05,7.5944391042738e-06,2.0739107667834657e-06
0.9357253118954296,0.06281892659820691,0.001410116452016635,3.792342734914363e-05,7.721626997641314e-06
0.00029318704944491695,0.044878068631027807,0.9545055366105976,0.00032178287003072694,1.4248388990079393e-06
0.0013906502800073166,0.5602440231330573,0.31672911529913594,0.1207909521057757,0.0008452591820236995
0.9837076371253448,0.016196271919134735,8.078315067941116e-05,1.328978240737118e-05,2.018022433995013e-06
0.0007904678820850372,0.0006246463050923885,0.020472059716322738,0.9503994079917751,0.027713418104724795
0.00025798485441894364,0.0004163011852028112,0.02881475882255655,0.7646125882751557,0.20589836686266605
0.11209043242371242,0.86166458147007,0.02592535883743909,0.00025296447902268816,6.666278975567798e-05
0.1441852193310451,0.8549097214240339,0.000892316579890947,1.054435519110454e-05,2.1983098390343756e-06
0.0002390591469543125,0.16873290409420208,0.8304211850347656,0.0006025799569482359,4.271767129740714e-06
0.9992459302739963,0.0006361386538356726,0.00011314656196442438,3.4646549899096585e-06,1.3198552138326377e-06
0.020293641081283245,0.9529630567875551,0.026206404198501818,0.0005166994055044035,2.0198527155519637e-05
4.0646686248244804e-05,0.00015975352205741257,0.9177708629232431,0.08202200054524754,6.73632320367431e-06
6.01095515241126e-05,0.00017055994337945943,0.004769906123608366,0.9314330381909464,0.06356638619054178
6.964032259499934e-05,0.00014817323485263921,0.0009567218208622717,0.5489810470138851,0.4498444176078051
7.580214774398828e-05,0.00018124137178089116,0.3185840987497414,0.6810051794772385,0.00015367825349514672
0.9998842295659098,0.00010330259733665717,8.549622206926345e-06,2.8190748489829356e-06,1.0991396975562742e-06
0.0007639503572990747,0.02078416888558393,0.9257001870674119,0.05263372837992495,0.00011796530978009668
0.00042799106247067573,0.9358802204246981,0.06103761891203731,0.0026463563002992628,7.813300494566458e-06
0.0002128489317873275,0.7854132307677824,0.21333365330879592,0.0010357946817031237,4.472309931283115e-06
0.9865116482784622,0.013260574417757232,0.00020340737797939113,2.248231766039966e-05,1.88760814085863e-06
7.296865224166547e-05,0.026492390845993256,0.9618174237423218,0.011593601784828897,2.361497461441398e-05
0.0002088485333253028,0.00016037152970836918,0.07206850036908577,0.9269112399739067,0.0006510395939739128
1.612975089081252e-06,2.2053130605440283e-06,3.281579128115686e-05,0.004348472952537094,0.9956148929680321
0.9736959904722904,0.026090980745606795,0.000185483314172139,2.5494781990390055e-05,2.0506859404566625e-06
0.0001198632273222833,0.0012992182738034385,0.5943670489320261,0.40417398515680825,3.988441003994006e-05
0.00015861623564828817,0.0015495656438489877,0.9740253725063452,0.024261980909417415,4.4647047401605666e-06
7.228628242913298e-05,0.0002325978315191302,0.7981894515665593,0.20149455160594315,1.1112713549258488e-05
0.3848275753343181,0.6061098455263865,0.008779471018606195,0.0002711314992030992,1.1976621486118989e-05
4.928743512828325e-05,0.0011309712574565558,0.9900252238389234,0.008790032035533728,4.485432957988574e-06
0.0001882597272799027,0.021903130443544278,0.9746529252355258,0.003247064471803168,8.620121846919624e-06
0.6551661544893502,0.34352740993611475,0.0012865068721709277,1.7389441811271022e-05,2.5392605528897095e-06
0.2376496086879403,0.7564500884546261,0.005884218916482693,1.5121119722560897e-05,9.628212284006706e-07
0.01040334357202819,0.7420613813019891,0.2465791060954644,0.000916425115424388,3.9743915093794674e-05
0.9995266911122658,0.000428411914646666,3.3683738615881574e-05,7.506192098105791e-06,3.7070423733035462e-06
9.613606537034908e-05,0.00021235947507172438,0.03190721211649641,0.4769604502650884,0.490823842077973
0.9357845491975113,0.06282922804911627,0.0012963259603166542,6.097766702905411e-05,2.891912602663031e-05
1.9297700547514396e-05,2.718033501928971e-05,0.0011113014480820657,0.060300748734914214,0.9385414717814369
0.04730380078827796,0.9423649599279743,0.010225549187274757,9.067963521174002e-05,1.5010461261132656e-05
0.0002795091936988137,0.0012337601898305688,0.9146907157066826,0.08373571980667051,6.029510311748372e-05
0.08739497663414085,0.8867208730875018,0.025230107035242873,0.0006352265076495011,1.8816735465183198e-05
5.4674137346408666e-05,0.0001482648780779356,0.9899593048675152,0.009834298132057587,3.4579850029233385e-06
1.5907613102989615e-06,3.0664470115249855e-07,7.908135013895744e-05,0.0001849767639818879,0.9997340444798677
0.9998087095923214,0.00017783124411216994,1.1193701205812606e-05,1.7969157839648178e-06,4.6854657671893697e-07
0.0001390790404759536,7.982115400582492e-05,0.00999346049987334,0.5916495285727597,0.39813811073288524
0.00017084863421007075,0.007023979054724701,0.9384098757463216,0.054135989374618325,0.00025930719012530777
0.000323567806249458,0.0018477773953917013,0.9932996165091967,0.004510760735007386,1.8277554154739702e-05
0.9997630011970698,0.00022162618620934893,1.1089440078574256e-05,3.046982969193868e-06,1.2361936728682169e-06
2.305857602852996e-05,3.810573544698723e-05,0.007877726705916806,0.9917693606988363,0.00029174828377144166
0.018816186956471543,0.9075455554330903,0.07297385241941372,0.0005415348747475783,0.0001228703162768258
0.0011140982415848175,0.45466937919217526,0.5432848468834178,0.0009191771098005701,1.2498573021433307e-05
0.0002791328872594339,0.001339522777219457,0.0077781954017899675,0.9824745347778077,0.00812861415592356
0.0001247259823452614,0.00849527500916051,0.3297066204985829,0.6616255469730358,4.783153687558549e-05
0.293713224211522,0.7031800012706585,0.0029591376755734606,0.00014268927676609332,4.94756547990451e-06
0.1030644400337454,0.884533072898131,0.012305280181267525,8.940095923932109e-05,7.80592761673507e-06
0.0001787337448339961,0.0009165934189782112,0.80764707619446,0.19123703486272378,2.056177900402045e-05
0.004702859961373561,0.1597240646280986,0.7200332767091698,0.11544843529076815,9.136341058975165e-05
0.00013812463462380912,0.010566364339245281,0.9790369076104792,0.010239948889255657,1.8654526396018433e-05
2.736101142558752e-06,3.407636320212715e-06,5.218865908227028e-05,0.013189897450200563,0.9867517701532543
9.415749281078915e-05,0.00014918151584083003,0.004030570455574364,0.7111935980521505,0.28453249248362344
0.005647944628889466,0.9393451694834299,0.05376612011174505,0.0012300421463315512,1.0723629603826694e-05
0.49632381385892466,0.5024918896051626,0.0008968484207436294,0.0002487039263849119,3.8744188784263016e-05
0.0009273104620713453,0.851688366656928,0.14714524338409798,0.00023597647319129425,3.103023711354183e-06
4.464544828767546e-05,0.00013391877029768253,0.02424186767373632,0.9754096895287666,0.00016987857891156546
0.2752840310376951,0.634567049839789,0.08755008648729676,0.0025540800804561953,4.475255476297893e-05
0.00022608910828311745,0.6208745448687015,0.37839409677066443,0.000502611620770819,2.6576315801126003e-06
5.768214165610956e-05,0.0001226154202423168,0.038471455290921955,0.9613276167136936,2.0630433485977183e-05
0.0001295821237729983,0.09995742087474495,0.8981814282718811,0.0017215193954884355,1.0049334112625553e-05
0.9989431783781236,0.0010007086848287208,4.833491208835196e-05,7.3189685450541875e-06,4.590564142170914e-07
5.053648766501704e-05,5.6407421062758076e-05,0.010226052077534275,0.9847478141948806,0.004919189818857464
1.0525634190576447e-06,1.3459486733329955e-06,4.0325728393176615e-06,0.0003333836133625779,0.9996601853017058
0.0021946410513771293,0.8433757380477404,0.15425360291597148,0.00017421318529868787,1.8047996122984077e-06
0.0007359377540357664,0.0037348613413501768,0.34723780769712004,0.5690872665289257,0.07920412667856827
0.9989471300665765,0.0009634090611443525,7.839370425652333e-05,5.252159078594378e-06,5.815008944071442e-06
6.249470285781168e-05,9.540354706591296e-05,0.004359480182925366,0.8420904973852611,0.15339212418188972
0.29038478899727077,0.701464893289441,0.008105707761224658,3.41820669084881e-05,1.0427885155201889e-05
0.9992295556957315,0.0007254410342917307,4.0301288709299346e-05,3.156977683607737e-06,1.5450035837980268e-06
2.6813722722721386e-05,6.307440714008765e-05,0.021702548219254224,0.977808465176488,0.0003990984743949991
0.00011508933160302592,0.004484127039657935,0.9901760129723985,0.005220600385868503,4.170270471738564e-06
0.06906721544479344,0.90961691685745,0.021178475650925198,0.00012576646248370807,1.1625584347699282e-05
0.9995613495328569,0.00040159664758610637,1.58161582903156e-05,1.7088466984637455e-05,4.149194282182454e-06
0.0001968260365332667,0.00026251208530957387,0.00476583602009463,0.9945301017108894,0.0002447241471732041
0.127751217094894,0.850967996357456,0.02100254847350524,0.00019069319688313932,8.754487726157769e-05
0.0010856732764809034,0.9417502023659675,0.056044489074893136,0.0011114129426845769,8.22233997404795e-06
7.705320377693373e-05,0.00034452508780746446,0.009571415578529611,0.9897877032716712,0.00021930285821488509
0.9995836455032624,0.0003976996871480001,1.5253757960008638e-05,1.8727103470210244e-06,1.5283412824083805e-06
0.996828339001205,0.0031422014406255077,2.3167960777986992e-05,4.276987340471169e-06,2.0146100508452457e-06
0.3494485111040417,0.6316367603783747,0.01832780293698088,0.0005061283304567611,8.079725014618536e-05
0.00018698311539828616,0.001004055691553792,0.17244838335367688,0.8261946060707954,0.00016597176857563808
0.9994505251715049,0.0005119335798898152,3.29136216542627e-05,2.153094590835203e-06,2.4745323601130648e-06
0.9991554827420333,0.0008053400566825483,3.401986237165987e-05,3.897641537243838e-06,1.2596973753618517e-06
0.7854136304845328,0.2129360312583864,0.0016098554541327127,2.746132821119207e-05,1.3021474736759875e-05
0.9997066196684969,0.00026654178996546996,2.471267862370689e-05,1.7810307542661972e-06,3.448321596867025e-07
0.0502144395384571,0.45572439565397455,0.4936680529530752,0.000344988680798011,4.812317369502494e-05
0.9997862976426616,0.00012347060654863335,8.65985396610735e-05,3.112482273868223e-06,5.207288547938264e-07
8.203777794819973e-05,0.00023069992431210497,0.4070871715717193,0.5925887058553361,1.1384870684208147e-05
0.4803328280443584,0.5051970796355995,0.014203452668775788,0.00020542878729236323,6.121086397400451e-05
0.9996793709851466,0.0002391567046255463,7.536062476078707e-05,5.490482445788009e-06,6.212030213218362e-07
0.9998096435120133,0.00014175605033901997,4.425612423465918e-05,3.7175007703666056e-06,6.268126426490714e-07
5.873941548294729e-05,0.0005684522435859065,0.6033154457278755,0.39603366530575623,2.369730729938284e-05
0.00032542013870290673,0.03464065117471542,0.8689967363183911,0.09600603343954689,3.115892864357181e-05
0.0011933027512346101,0.8037878150326336,0.189582236032907,0.005422578468203611,1.4067715021206868e-05
0.000579730668953648,0.6407129415355528,0.35819477324666604,0.000509549069181874,3.0054796455387206e-06
5.756748216640484e-05,0.0003475351989187283,0.00240083531464582,0.7105147013989842,0.2866793606052847
0.7355356682792249,0.26271734403686325,0.0017088786752379912,2.626367193563038e-05,1.1845336738344404e-05
0.9997173818186886,0.0002688784617649414,1.2061648058788962e-05,1.0362414937619315e-06,6.418299938342668e-07
0.12186277548063665,0.8609855790959761,0.016829966092931904,0.00031536401058490757,6.315319870298075e-06
0.12648771513447551,0.8539402380369178,0.019111683408966646,0.0004493876256572705,1.0975793982530645e-05
0.00029577234250499146,0.00153447181330047,0.6874699008365638,0.31039384467966147,0.0003060103279692982
7.402108612699243e-05,0.000579401447941133,0.11064675290983794,0.885922345479773,0.0027774790763208566
0.933907285702552,0.06586866138393771,0.00018374818001417324,3.287302446777784e-05,7.431709028421575e-06
0.9988473966584503,0.001055708368049477,7.903616317391403e-05,1.5373604108603975e-05,2.485206217750821e-06
0.04123373716610659,0.9496173485573813,0.00832614625051072,0.0006099744190964186,0.00021279360690515774
0.9141169375136187,0.0850590714693173,0.0008111660832850353,1.0536978668797045e-05,2.287955110174956e-06
0.08022107835210751,0.9175036346904462,0.001748425113257696,0.0003975909254635122,0.00012927091872511247
0.5176307368044949,0.4614049787992446,0.019610081453450504,0.0011740408085167905,0.00018016213429315728
0.00014580492617380028,0.00045144007060850337,0.948612189816841,0.05077379029017478,1.6774896202145206e-05
0.9811777666539913,0.018640180452830474,0.00017694410448425884,3.824297837275701e-06,1.284490856880438e-06
0.4529799310594282,0.40819158331018107,0.13852779623687053,0.00016852480742348845,0.00013216458609669366
0.0025209160104482636,0.05499815485876089,0.49217638172869005,0.4497074908529167,0.0005970565491841696
0.9438335690044334,0.05563692920596076,0.0004845599237140251,3.626841927312366e-05,8.673446618575906e-06
0.11006483000670361,0.8873470989284556,0.0025283461181896468,5.437253959970068e-05,5.352407051439768e-06
0.9982059988495503,0.0015843821622647583,0.0001716217941430854,3.142575900124489e-05,6.571435040494516e-06
0.0001361483078184494,0.000247016039194468,0.1705977284108197,0.8290066813548165,1.2425887350835577e-05
0.30507103933547,0.6837606319929037,0.01102409939000301,0.00010440617668997458,3.982310493313435e-05
0.9931994255150131,0.006598441184230527,0.00018389036043050917,1.6552767290679727e-05,1.6901730352651735e-06
0.9942067583795263,0.005695436186453996,8.603439075860681e-05,9.998514023567368e-06,1.7725292377207296e-06
0.9893816713384923,0.010417038074692393,0.000128929496847882,6.673841053460941e-05,5.6226794328310066e-06
0.0009315329038387903,0.2742821343413667,0.7241453580147471,0.0006289013997216153,1.2073340325733573e-05
0.9721338609863445,0.027810315024723312,5.0769233851032825e-05,4.827953898276209e-06,2.2680118270509552e-07
0.4127570581126288,0.5846142624561911,0.0025212557271292596,0.0001062776898694246,1.1460141814341105e-06
0.00031417824759799254,0.0008401000450039795,0.7097880856485,0.28898275947419044,7.487658470743832e-05
0.9998721448131657,0.00012278899988314094,4.582773083689638e-06,4.2502210053487994e-07,5.8391767172169736e-08
0.00012657259125311099,0.00023003611976186417,0.4256223063538755,0.571583065171782,0.002438019763327524
0.9996890227556717,0.00019334930826060058,0.0001134664966826899,3.3061293759862893e-06,8.553100090398158e-07
0.00025650714854996666,0.024708838367536724,0.9719466844218317,0.0030819251502727857,6.044911808785733e-06
0.9997555630646531,0.0002291619950930126,1.3514467277594124e-05,1.2332822915737716e-06,5.271906847738209e-07
5.907913841370445e-05,0.0001714205637066581,0.3668115378248644,0.632927552344321,3.041012869430036e-05
0.00016671322493225406,0.0007598621280162488,0.29449858687867886,0.6018725556816789,0.10270228208669387
0.989728163433715,0.009135154384246431,0.0011185565392990231,1.4001192688442622e-05,4.124450050957352e-06
0.925228539829605,0.0743142258956574,0.0003503999937378999,8.01932748209163e-05,2.664100617871417e-05
0.00017134312734343911,0.0004678243402928796,0.9172485734973274,0.08209339371608847,1.8865318947935255e-05
5.5931763346651795e-05,5.921620375141069e-05,0.006717149136674176,0.1037932848447077,0.8893744180515202
0.07258592058398948,0.9232761130938685,0.0040939287699639,3.9323047930620305e-05,4.714504247309951e-06
0.0021982443496151053,0.07062019734632279,0.9136741462506022,0.013435043311640062,7.236874181975173e-05
5.6971149108635135e-05,0.00012800520796903839,0.04577834987853431,0.9531609118375084,0.000875761926879495
0.9998413509647266,0.00013052841450745089,2.4800693775612697e-05,1.93617499242739e-06,1.383751997744454e-06
0.00147224937048755,0.2949996880777571,0.6990132230388563,0.004477378202257815,3.746131064111097e-05
0.913586185398976,0.08569907515059404,0.0006426273336917851,5.619917082085969e-05,1.59129459171905e-05
0.00041280079741920175,0.0015647035587440514,0.08357603539993876,0.9134262374381761,0.0010202228057218565
0.00040162957910039944,0.12981499431929233,0.8662519072110514,0.003521519856685526,9.94903387021529e-06
0.9995960561214495,0.00039304440557970806,9.431056452752629e-06,1.0721280941563628e-06,3.9628842371311747e-07
0.05739844877094418,0.936538207073394,0.005904165755717117,0.00015118452116251064,7.99387878221362e-06
0.9989667392620003,0.0008785988953584037,0.00013627046185065532,1.4114285821333714e-05,4.277094969373891e-06
0.0015230025712460811,0.21793307539432114,0.77904505166659,0.001487325297468289,1.1545070374434657e-05
0.04447435852862509,0.8983279738926109,0.05642049878412632,0.0003174310373122764,0.0004597377573256508
0.7911058598516688,0.20814039522994682,0.0005727791228755366,8.459516898551122e-05,9.637062652324366e-05
0.9829438006350861,0.016877878001346346,0.00013530219729665806,3.9013078826284564e-05,4.006087444682046e-06
0.9775410052739969,0.022083598305050918,0.0002947898236660533,4.130584616908141e-05,3.930075111686676e-05
3.0308712208068652e-05,4.2458960118421635e-05,0.0032438231431773674,0.2014401461323758,0.7952432630521203
0.0002377769893697131,0.18432936368808742,0.8151663280039009,0.00026447857917661884,2.0527394654211157e-06
0.871075321566411,0.1278198393228664,0.0010144634680503035,6.674944183140289e-05,2.362620084098257e-05
0.9996505281263495,0.0003156549950954735,1.5960690506931676e-05,1.2255683840343447e-05,5.600504207666694e-06
0.01472405039710289,0.9657956327287164,0.019090767437039753,0.0003703436403714277,1.9205796769711864e-05
2.5461261731793606e-05,3.679318925290357e-05,0.010095086568918596,0.989765452649145,7.720633095174374e-05
0.849494261869855,0.1446425870602423,0.005684908575421357,0.00015207067408113404,2.6171820400185548e-05
8.675372485171343e-05,0.0012687527905180943,0.2855182573940404,0.7130798576765559,4.6378414033876115e-05
0.9999381867787096,5.386322522870801e-05,7.72792883692941e-06,1.7819612461096173e-07,4.3871100179376526e-08
0.00013034884589689872,0.0047429425236020445,0.8195406967742744,0.17551893067189736,6.708118432941442e-05
0.00012625839196831829,0.0025189705521866546,0.960437042501751,0.03684264201865526,7.508653543870182e-05
0.0002056995056891307,0.0002890880821185793,0.07634057480678744,0.5140579514939757,0.4091066861114293
0.8486756702648928,0.14984891651121934,0.0013298031120458993,0.00011536055948155548,3.0249552360372378e-05
9.324194045902425e-06,1.9218192904022445e-05,0.00038633564371816825,0.01502638511460053,0.9845587368547314
2.2172896276379307e-07,3.3967658456109885e-07,2.0950020688938537e-06,6.238768409084916e-05,0.9999349559082931
0.00019592827535624925,0.021258223988883287,0.883423389920661,0.09440181803744067,0.0007206397776586587
0.0002557430610077014,0.001843706713958139,0.9833885626960102,0.014487476408370675,2.4511120653060062e-05
0.9980654604586299,0.0018160202511036064,0.000104971796742835,8.741599480378849e-06,4.805894043324096e-06
7.607035809617277e-05,0.0008763450530931413,0.9709478572747524,0.028029334377980986,7.039293607724885e-05
0.9992284351029933,0.0007444852550719512,2.0619136601890915e-05,3.987142351794458e-06,2.473362981112748e-06
0.00010669625936236977,0.0006577572611404477,0.8316110034325539,0.1676008807081854,2.3662338758022205e-05
0.04876186498357911,0.9069496015528478,0.04326130991650268,0.0009730380556123981,5.4185491458128104e-05
0.010392265932526413,0.23512786773087171,0.7538782954649906,0.0002471730451074938,0.0003543978265037036
6.48899730709853e-05,0.00013482041598998038,0.014902357261308015,0.8577577276632291,0.1271402046864019
0.9998871923145306,9.127949790525722e-05,1.7421697907371622e-05,3.641694152695932e-06,4.6479550415005456e-07
0.0001720945719061087,0.0011267449437995887,0.9846445486004548,0.01405254486125855,4.067022580794725e-06
0.999703687043468,0.00023833600743384086,4.7233846409472736e-05,5.089070671061676e-06,5.6540320176386976e-06
0.000110209363101909,0.00020831331998804088,0.804507796325589,0.19515886898948973,1.4812001831305583e-05
0.9989436820681302,0.0010099312894290495,3.924368776971113e-05,4.6705616583687374e-06,2.472393012438375e-06
0.8022362111495042,0.1971641991124021,0.0004846073066796002,6.042599098679816e-05,5.455644042739999e-05
0.00024666522238597554,0.003230982920146963,0.8563792150801696,0.14006112020255704,8.201657474046973e-05
0.6242005395077064,0.37327598604407863,0.0017539559503579104,0.0007013646864784355,6.81538113787054e-05
0.00020211423483120535,0.005534068463646545,0.9874947672876551,0.006748267855576372,2.0782158290723514e-05
0.23996186515262868,0.7389887278109712,0.02055922992336468,0.0004625528269222332,2.7624286113275628e-05
2.6209749463143573e-05,0.00029591791349697623,0.0043063881209176764,0.9925947218603204,0.002776762355801851
0.4698651384083251,0.5261987830353458,0.0038638470930331273,6.609334063904008e-05,6.138122656855251e-06
0.008179832867641687,0.8895366273190501,0.08433730359722665,0.01788518979756876,6.104641851271187e-05
0.0074046238784290525,0.38905271785173967,0.5943229100929073,0.009146256382283863,7.349179464028348e-05
0.49135798275668685,0.5018148002981787,0.006584124862191169,9.331374834307402e-05,0.0001497783346003055
0.07731218571792513,0.7280934293084875,0.1926744437424491,0.0017835031250960376,0.00013643810604210184
0.1772868620871894,0.8061076316782211,0.01638151907945626,0.000210411367886478,1.3575787246530102e-05
0.00011896815778821391,0.02838524233921476,0.9620888040314965,0.009396416097651914,1.0569373848452277e-05
0.001025032077480028,0.9827619299466489,0.016162897419223665,4.9318137346489736e-05,8.224193010464378e-07
0.9291648102179125,0.06629647227932041,0.004349475618767885,0.0001709365126460432,1.8305371353151654e-05
4.1078592078858254e-05,0.003122693037892094,0.9943360320415037,0.002494603777019958,5.59255150548831e-06
0.5712955347068911,0.42629211714688214,0.002307597271221014,7.650505739801192e-05,2.824581760759937e-05
0.8947679770501572,0.10473286624057376,0.00040572851849037504,4.438371468657214e-05,4.904447609203331e-05
0.9668859025835658,0.03278213722361263,0.00025707228427714973,6.590678402572252e-05,8.981124518718921e-06
6.006027894902211e-06,1.0400500003678737e-05,2.597351057075037e-05,0.0015553878226436065,0.998402232138887
4.05067271180684e-05,0.00015906531767210085,0.02319865302251832,0.9754830782407717,0.0011186966919198309
0.1283901476827499,0.33019230905493113,0.5394286597385964,0.0019146689223185499,7.421460140391036e-05
0.9936560091330802,0.006126571867464441,0.00020987861239339463,5.3726533060066145e-06,2.1677337557538553e-06
0.9941116620138059,0.005659267051849557,0.0002212511832042485,5.091130683261489e-06,2.7286204571923015e-06
4.369494678040779e-05,0.00023594201053893672,0.0021912615973236713,0.994303706565039,0.003225394880318056
0.0012482994937234753,0.7618927970568732,0.236070425081604,0.0007773314630260326,1.1146904773167077e-05
0.003479153588316208,0.17142751442275128,0.8245169970922831,0.0005664516346686798,9.883261980787316e-06
6.97854715453864e-05,0.00034855606600240225,0.8208040192974239,0.17875770028381055,1.9938881217946955e-05
0.0006126836950908086,0.25409709745652564,0.6614137089305523,0.08368893184616326,0.00018757807166802073
0.9991473838465494,0.0008267115611741421,2.326803325642383e-05,1.4467601627803174e-06,1.1897988572603843e-06
0.38646133114221765,0.5234297685531948,0.0806728156995287,0.0031929071236531797,0.0062431774814056505
0.8966987390980113,0.09713329819041158,0.005876983721057453,0.00026705775478928816,2.3921235730222008e-05
0.00016275545998626882,0.0003188589321489648,0.1272724893934682,0.8715240438052221,0.00072185240917446
0.005288803996036746,0.7763632942152162,0.21811200804395162,0.00022550230572740404,1.0391439068206488e-05
0.9985232811263682,0.0014233110142189188,4.3438354243967534e-05,8.436899235765854e-06,1.5326059330924219e-06
0.09807179135205855,0.4049075586107417,0.49220609445524505,0.00429585257414729,0.0005187030078074541
0.20098772172179527,0.7926384634434128,0.006018753594837267,0.0002978783746829391,5.718286527167776e-05
0.0002511847635630096,0.00031637500815046677,0.06482543889291885,0.9345147635954063,9.223773996132876e-05
0.7240130580348125,0.2657297079140765,0.009872676779963755,0.00014606623101869225,0.00023849104012833885
0.9995617623819839,0.0003155404399276408,0.00011657824262439661,5.104729159031154e-06,1.014206305036446e-06
5.932062999545453e-05,0.0002523481868228496,0.12219006284050912,0.8774285738271322,6.969451554026548e-05
0.0006257674088574728,0.07524152892665142,0.9229434283419532,0.0011817832525198003,7.492070018165363e-06
0.0005012532224278884,0.02178778844819554,0.9680571524108832,0.009590687868252686,6.311805024079591e-05
7.017829451957215e-05,9.427508547664439e-05,0.012332022829690694,0.9870626442571087,0.0004408795332043413
0.14426735538862195,0.8547834672465802,0.0008790679400743622,6.537006931801752e-05,4.739355405478452e-06
0.9729262660237074,0.02660398636375662,0.00045004971470763016,1.0792275449929609e-05,8.905622378549168e-06
0.00928928490659424,0.8980573587593433,0.09162590292560831,0.0010118761151751456,1.557729327899225e-05
0.9933248533320855,0.00659644496816982,6.662784605770246e-05,1.1204417590993468e-05,8.694360961934222e-07
0.9889777976077325,0.010756019566914961,0.0002465949057542249,1.786664251649038e-05,1.7212770817548816e-06
0.02369869997612778,0.9650340793695015,0.009075287637177796,0.001953960990362373,0.0002379720268306116
0.33964684888560154,0.6553569399925275,0.004956979884915278,3.763316710172274e-05,1.5980698537773014e-06
0.45852312269542367,0.5398154926696443,0.0015849839255835305,3.640897562371094e-05,3.9991733724819824e-05
2.620467277285556e-05,8.92688914917185e-05,0.0016476061957502817,0.4921318892755785,0.5061050309644066
0.000325774344063045,0.0342400789380228,0.964777866572222,0.0006520635870755449,4.216558616647425e-06
0.9461384411799505,0.05360804353054188,0.0001350488148398515,0.0001067220893735814,1.1744385294337516e-05
6.495536365649525e-05,0.0001353558341098221,0.23422851734151154,0.765539191301344,3.198015937816503e-05
0.9982377714401247,0.0016538453607703087,9.03966924900239e-05,1.3085111965895559e-05,4.9013946491127475e-06
5.2094414327992217e-05,6.269685791633449e-05,0.007947661039431694,0.7229867912557886,0.26895075643253546
0.0003394155117294932,0.0037831174928116443,0.9700653524123273,0.025787070882755735,2.5043700375753887e-05
0.8731353164190778,0.12644819580139183,0.0003278676060068855,7.545249096626329e-05,1.316768255727013e-05
0.00018366803896085018,0.0054018591449815365,0.8961363262121761,0.09821335892269673,6.478768118478214e-05
0.9996433449954041,0.000328597270857214,2.1965916148624e-05,3.878362861978915e-06,2.2134547279330304e-06
0.8401505482556918,0.159533291167647,0.00025894093673829596,4.303201021564923e-05,1.418762970702427e-05
5.1672895287408936e-05,0.0001297511703459134,0.009239654463657515,0.5177980640954749,0.4727808573752341
0.9980086255263234,0.0018990444497095878,6.2688451298203e-05,2.073431063207521e-05,8.907262036627414e-06
7.17962521026193e-05,0.0003067677483461548,0.993902605637384,0.005716020673737092,2.8096884303119298e-06
0.00014289534605019437,0.0005196816617580569,0.6598312997428728,0.3388953576453034,0.0006107656040157079
9.582873566565949e-05,0.00011880069883033369,0.8382292249772189,0.16154793201750514,8.213570779925239e-06
0.006324342806798937,0.5800135137466073,0.40714055026255264,0.006405736793572353,0.00011585639046894492
0.004820970676863204,0.8643221192279443,0.13047324064263188,0.0003790860906944003,4.583361866209954e-06
8.404435059430959e-05,8.977333273926334e-05,0.01972215907536755,0.704479254898127,0.27562476834317196
6.714511297690603e-06,1.7218145804094154e-05,0.0031390535814922265,0.1494831680084945,0.8473538457529115
0.002577494366610721,0.04458077726342214,0.9137703015171624,0.03899474255070122,7.668430210335672e-05
0.0003071722781891677,0.7702191308431207,0.2278885133745628,0.0015643910741491454,2.0792429978093878e-05
6.704127081887228e-05,0.002368025054516234,0.96986971722496,0.027688383586148457,6.832863556599453e-06
0.8934934916605733,0.10612666119291765,0.0002987923831280364,7.475810186013256e-05,6.296661520685201e-06
0.0066237784830537345,0.31293915011695655,0.6470593106076515,0.03325669147072364,0.00012106932161454709
0.00014571747729462403,0.1490329508276143,0.8503043898221887,0.0005022774089592012,1.466446394307188e-05
0.0009071091487189687,0.1807987839284582,0.7321754093870682,0.0860555450691316,6.315246662320341e-05
5.475994603491033e-05,0.0027806261001835576,0.9950112491366497,0.0021492529967953736,4.111820336415752e-06
7.265990361146184e-05,0.00024259365860598668,0.060007812931285105,0.9396663371589151,1.0596347582413086e-05
0.0011838689100343225,0.3132007564696939,0.6770249699068858,0.00850217075491629,8.823395846967321e-05
0.006294467664216683,0.8901449967573813,0.10263828674604933,0.000904396448728584,1.7852383624065638e-05
0.0004111297750429291,0.04346031781960533,0.9519518715483263,0.0040678558111471655,0.00010882504587815382
0.0001545023449549523,0.0003502409730138013,0.9690323303040534,0.030461653067489824,1.273310487931203e-06
0.01780626005560409,0.9693524772492335,0.011972046690869579,0.0008581659339688264,1.1050070324203433e-05
0.0005043638811461034,0.0007611512153374424,0.06797154981485534,0.9298165806047837,0.0009463544838775053
0.9846212190982654,0.015323157174068566,4.899462207525954e-05,4.7302000097759385e-06,1.898905580835488e-06
0.5689484215024094,0.38871457001026644,0.03743805548570691,0.0031309887586269394,0.001767964242990266
0.988938145906634,0.010899310590312648,0.00015398422958850562,7.0610751142429335e-06,1.4981983507305224e-06
0.0007938165765924634,0.005075943043163044,0.9875997699858078,0.0065263049614291335,4.165433007387914e-06
0.10197118021917544,0.8705104738497751,0.022845130097456437,0.0038363101075329364,0.0008369057260602394
0.03015376580604454,0.8603847261037447,0.10792500198249445,0.0014953169679000349,4.1189139816274045e-05
0.00022998700800876302,0.007540212730501716,0.9384544074116532,0.05367144182019525,0.00010395102964104253
0.999094967267026,0.0008374591083045268,5.3334618158471386e-05,1.2037914781888035e-05,2.2010917292576305e-06
1.5048107220651041e-05,2.2192771570469432e-05,0.0008843554919518054,0.1315055026454712,0.8675729009837859
8.121179282620823e-05,0.00041259597226891173,0.9537943516406083,0.04570444838038903,7.392213907564333e-06
0.002356521045366233,0.3287483180212548,0.5981450961649237,0.06917801924885897,0.00157204551959625
0.2546440675223305,0.3272984214706102,0.4173289637371892,0.0003519275360041786,0.00037661973386602537
0.0004940295233493095,0.308977140275118,0.6904011934475165,0.00012507292212688445,2.563831889352438e-06
0.999325778701303,0.0006423143029036459,2.6469599389308054e-05,3.975198078891224e-06,1.4621983253108506e-06
0.7368563300091097,0.25578109321200027,0.0072557085808497845,9.049754032048171e-05,1.637065771979437e-05
1.017715337129069e-07,3.070628074563744e-07,4.3073049853230135e-06,5.680576310659682e-05,0.999938478097567
0.9763070311011702,0.02331192809589176,0.0003759371850858832,4.461947274687317e-06,6.416705772993726e-07
0.9357841824868984,0.0623025732264202,0.0018433804367930635,6.51890451671388e-05,4.674804721276613e-06
0.7609227594016245,0.23710896080488156,0.001810169608696272,0.00015546910597898184,2.6410788186886408e-06
0.012388787018441342,0.16827427025111874,0.8185768379977089,0.0006355224641977183,0.00012458226853321789
0.9987367643368931,0.0011381431075867963,0.00011346524098483269,5.98459418190713e-06,5.642720353322949e-06
0.0006340456510822496,0.055191489390170254,0.8855616724999821,0.05818386622632892,0.00042892623243653925
0.006011399514776452,0.2164451587397756,0.7510736130293876,0.026402571363749818,6.725735231059598e-05
0.0006649798802747345,0.8584884830349178,0.14054337212918624,0.00030126842915476136,1.8965264666008528e-06
0.33434204202323775,0.4726604917984644,0.18503115373504633,0.005590090799121633,0.0023762216441299802
0.0001508094864347167,0.0025160285568565344,0.09247736821232194,0.9046264742912181,0.00022931945316854107
0.8950717167276739,0.10192175136312502,0.0029591267706368094,4.031416897523405e-05,7.090969589082796e-06
6.829756628542877e-05,0.000673591759994926,0.9810725825872098,0.01817972422053275,5.803865977186391e-06
6.652142879089215e-05,0.024201821036177226,0.9736796335460741,0.0017727739055983594,0.00027925008335933987
0.1797468336238362,0.6897371773596715,0.12520971314563728,0.005044063239581144,0.00026221263127381106
8.41296988879257e-05,0.0001239790167990485,0.011046298919401641,0.9356732510770787,0.053072341287832656
2.8620725293385274e-05,0.00018042584714026387,0.9776309129816672,0.022156973915125174,3.066530774134666e-06
0.5823447503805145,0.41493044429883935,0.002398087528846644,0.0002651353548389035,6.158243696071247e-05
0.0006415916021011944,0.5821577680650488,0.41684839605463575,0.0003442355364357281,8.008741778488687e-06
0.0885660317129726,0.9003318319028604,0.010820605548559266,0.00024040447461326739,4.112636099446214e-05
6.665240611788686e-05,0.0006544664364053485,0.6408203797769196,0.3584451944110967,1.3306969460514099e-05
0.9997168737314127,0.0002706353111454447,9.685073343092899e-06,2.4479551353998327e-06,3.5792896329748255e-07
0.00048224400796525877,0.00027387044378542405,0.022816468157521592,0.974183569352503,0.002243848038224691
0.001984795590551708,0.9166825467660059,0.08126451608119943,6.685007662171043e-05,1.2914856213659698e-06
5.55166597848126e-05,5.5456236514044154e-05,0.011985682439599781,0.9799104433481983,0.007992901315903278
0.0012659178959232226,0.7816294112798216,0.21048870631204225,0.006596966430833794,1.8998081379160446e-05
0.0003113494069665713,0.0006422427142473058,0.012667512208662973,0.9695701948151814,0.016808700854941714
0.01702495987737648,0.9132454535571788,0.06804969246545832,0.0016648838977209473,1.5010202265608425e-05
0.0005210879682611096,0.12920703984810386,0.869807442124577,0.00046195192561577136,2.4781334421431897e-06
0.9996292040454792,0.00032992508748895305,3.19277831971663e-05,8.457834105416744e-06,4.852497293922143e-07
0.00014332782934217694,0.00028340189388301526,0.6395037023030816,0.36005515088672335,1.4417086969885447e-05
1.1333596869317591e-05,1.1867679447250571e-05,0.0005505304892109715,0.01057017976692923,0.9888560884675432
0.14016673943880548,0.8547287991813004,0.005017121906803566,8.474214101071428e-05,2.597332079760284e-06
0.9989794516388993,0.0007919136499596394,0.0001710870081108504,4.8334667590373385e-05,9.21303543961187e-06
3.674915719633722e-05,6.0050070629229234e-05,0.22821180474703467,0.771664149546454,2.72464786856889e-05
0.003432752523092798,0.5186290313639794,0.47765336774005923,0.0002765203741373712,8.327998731141954e-06
0.15813584523446247,0.8398361969171728,0.001972608653529069,4.542668624706595e-05,9.922508588571434e-06
0.951423659199852,0.04762091849356901,0.0008915790669329407,5.2594613696803084e-05,1.1248625949032488e-05
0.0010276887397926994,0.013413621338968808,0.30784445457146103,0.6774100365438968,0.0003041988058806063
0.264585834131281,0.6410804080521072,0.0919785555449083,0.0023131911629990245,4.201110870451031e-05
3.883352362436215e-05,0.00010767052607648219,0.024693785409480872,0.9751055115161169,5.419902470141213e-05
0.002310178211402399,0.13761871667898232,0.8595285562816889,0.0003523831083710741,0.00019016571955518004
0.0011687741709571395,0.000978593703704304,0.1794773102439872,0.8077193633238722,0.010655958557479148
0.3410442583625137,0.5131464481895288,0.14551140005946217,0.0002792776261196986,1.8615762375504378e-05
8.147191483256771e-07,2.7327201612607687e-06,2.641047014578739e-05,0.00040741999422254057,0.9995626220963221
0.9994332257207681,0.00048176787066900355,7.410739704185136e-05,9.718378046481453e-06,1.1806334746144007e-06
0.9995991310288601,0.0003772822288697816,2.0022845778366772e-05,3.1558079021795e-06,4.0808858971797653e-07
0.13148575901595747,0.8571269461978598,0.011126565146376716,0.0002421709710516196,1.8558668754441118e-05
0.0004087941086468399,0.01825655178768849,0.971516011795298,0.009671589035983162,0.00014705327238345484
0.020044183287191087,0.5283117419456228,0.4512051812899299,0.00026786726324503864,0.00017102621401106455
9.147958165575944e-07,1.95700854425528e-06,3.038052103267146e-05,0.0009526925872997222,0.9990140550873068
0.014362300824337431,0.959125028294569,0.026100991184396686,0.0003997928446168937,1.188685207996404e-05
0.0003049817868959098,0.02496081853347712,0.9592182054524032,0.015474646898157756,4.134732906611585e-05
0.009866426793787929,0.8467129999062915,0.1432608376713874,0.00015626010313008701,3.4755254031951305e-06
0.9964553000609064,0.0035051087906896356,3.7223059323304284e-05,1.940902619268334e-06,4.2718646145930634e-07
6.332396388981869e-05,0.00011194385105382619,0.14659993310686287,0.8531983777538483,2.642132434512383e-05
0.999549222173403,0.0004377005508563785,7.77573902691445e-06,4.832737706932061e-06,4.6879900650283694e-07
0.00010984553802528326,0.00030229503278764473,0.008314334554535063,0.9893424994554837,0.0019310254191683002
0.994970880149192,0.004911326241569195,0.0001053631265898654,8.725813890240634e-06,3.7046687584944595e-06
0.9997293529253042,0.00024690890323778275,1.9105667740813605e-05,1.865903196309477e-06,2.7666005207560016e-06
0.9998713438338619,0.0001183533895695627,8.895711603194832e-06,1.1630363153560059e-06,2.4402864996446037e-07
0.9995511167652603,0.0004257546404723909,1.823686533804693e-05,3.6830283589682746e-06,1.2087005703727306e-06
1.0597262909333234e-06,2.071028084007967e-06,0.0001533791634550316,0.0033258401794984634,0.9965176499026716
0.3280187024173054,0.668945259917757,0.002195320404272772,0.000633320870675333,0.00020739638998954987
8.539101237387553e-06,1.1010988201737648e-05,0.0001566346088630633,0.020890550906178373,0.9789332643955194
0.8763242383110427,0.12015997492938049,0.003432442132990542,6.569768771187809e-05,1.7646938874598706e-05
7.82460779062028e-05,0.0002777953278962717,0.037086917185008346,0.9621586461729211,0.000398395236268144
0.8312098281664883,0.16455756071231978,0.003914313503258812,0.00029568676428778787,2.261085364522268e-05
0.0001390518231984586,0.2038379956456185,0.7950972522436784,0.000916332768570864,9.367518933686836e-06
0.991133998107421,0.008644243880529935,0.00018458663524386276,2.5296663514008778e-05,1.1874713291211549e-05
0.7991148983952677,0.2006026090361138,0.00022499890407581835,4.2881842549926785e-05,1.4611821992713257e-05
0.05876327191767599,0.9068753956916965,0.03417643158104208,0.00017385237549276096,1.1048434092535584e-05
0.9346424376304506,0.060193762223370244,0.005137072215592074,2.4026473231179412e-05,2.7014573559716953e-06
0.998981323414926,0.0009625656651665093,4.4858637763212714e-05,1.0259900188804364e-05,9.923819556868803e-07
0.9995103570213013,0.0004772589395629035,1.0611797678707937e-05,1.1240036816485976e-06,6.482377755880974e-07
0.0153911009911684,0.9369441560321763,0.04666114312542814,0.0008896548466663899,0.00011394500456069489
0.0002875066758110997,0.7849768080762223,0.21390782818530732,0.0008177879828351275,1.0069079824102135e-05
0.8293036324602315,0.17045913760853967,0.00018661997536392706,2.9767755205068323e-05,2.084220065972935e-05
0.5967618404462907,0.4010598726671641,0.0020122761881004128,0.0001500366042350178,1.5974094209753937e-05
0.08233588678662916,0.9032250256700672,0.014047253356873879,0.00036785742836968074,2.3976758059983078e-05
0.08565781233174756,0.9122933759563189,0.002001443553617613,4.3479824217167656e-05,3.888334098712527e-06
8.11361436486765e-05,0.00030342765587348643,0.4871886842309403,0.5123924931381253,3.425883141220776e-05
4.236403078445159e-05,0.0015640286249589616,0.988324713569848,0.010065952629085754,2.9411453230039415e-06
7.632629680497442e-05,0.0001482013322718525,0.009424038336022789,0.9903027569594318,4.867707546843298e-05
0.00013717846981600544,0.0004930494269832989,0.7436608553484362,0.2556885609308668,2.035582389782298e-05
0.00024143745372487213,0.00021306445454731494,0.9142198347626282,0.08509268253660832,0.0002329807924914549
0.4406098996210571,0.542485851818979,0.016741591116638584,0.00014344336836517077,1.9214074960108554e-05
2.5315249870934887e-05,8.466706363191446e-05,0.01939063233847951,0.9441307577207064,0.03636862762731124
0.00014769778883575975,0.0009578681397198588,0.00405400168555106,0.9324372826893912,0.062403149696502264
1.804087514228113e-05,2.2610671214609954e-05,0.002084390913939104,0.03654194884702131,0.9613330086926828
0.9551475767144034,0.04357959906174238,0.001134477234096786,8.46513621222313e-05,5.3695627635205486e-05
0.15964500723369493,0.8317775225717468,0.007651890575799405,0.000727345029074779,0.0001982345896841586
0.0014936029102153602,0.18553593126581785,0.8085194387945336,0.004425566710082327,2.5460319350894443e-05
0.002921385918646362,0.9034456925691634,0.08884802085876332,0.004755439589487377,2.946106393956891e-05
3.8363778395758526e-05,7.884572833151228e-05,0.01863112540074143,0.9808928436616314,0.0003588214308998673
0.9998190491192479,0.0001544031473814806,1.852841673041155e-05,7.575082281365384e-06,4.4423435888185657e-07
0.9991562500089572,0.000830066614467986,1.0220453920393562e-05,1.910224140914975e-06,1.5526985133547823e-06
0.9978703338156601,0.001686687684138109,0.00036493790063987417,6.664902265122496e-05,1.1391576910634012e-05
0.039776947650331705,0.8566589337583328,0.10293364766017116,0.0005126709959046774,0.00011779993525959227
0.9997001054805633,0.00023676612199999804,4.556445423574067e-05,1.542930811514118e-05,2.134635085726356e-06
0.8347621941131353,0.1645473075984007,0.0006357660982226226,5.0969849885142425e-05,3.762340356150677e-06
0.00014391739263267336,0.00023722060256093296,0.011990499656977698,0.9875219700199167,0.0001063923279120138
0.9996558713814445,0.00031704602168903254,2.3934726337613483e-05,2.1107274069260883e-06,1.0371431217443192e-06
0.9996371222623465,0.0002902828829097956,6.987401960908592e-05,1.7466934600255115e-06,9.74141674701223e-07
0.0004669858552605177,0.0006745562283575418,0.0049680413342607106,0.4324199642267059,0.5614704523554153
0.9006037498654319,0.09902539289495603,0.0003361886942142315,2.4604149190659965e-05,1.0064396206887957e-05
7.425624760708424e-05,0.00032409566718531984,0.7781658468211624,0.22142728846062357,8.512803421646525e-06
8.954603644441434e-05,0.0003082271351803346,0.9542104264009921,0.045371421391062074,2.037903632119364e-05
0.9995863486107537,0.0003906805332478615,1.8699139544819837e-05,2.2325370430437497e-06,2.0391794106251314e-06
1.471543323228243e-07,2.513541003167658e-07,1.2428499275967814e-05,8.731931086004948e-05,0.9998998536814313
8.20415299670379e-06,8.269991969074433e-06,0.0006319164056834213,0.009995385515869334,0.9893562239334814
0.6649529298036454,0.3329997251767379,0.0016861052353516078,0.0001506177926015398,0.0002106219916634854
5.7342933159486756e-05,0.0005767495374039466,0.9918645063646081,0.007500072706620752,1.32845820779108e-06
0.9911800376285863,0.008682752886021121,9.813793852607845e-05,2.4373091172684635e-05,1.4698455693821828e-05
0.0023781794012253774,0.11110735721765931,0.8862631749535733,0.00011125386082735928,0.0001400345667144318
0.9997642344757912,0.0002276468351300665,6.339044093959317e-06,1.5710703536853223e-06,2.08574631049713e-07
0.8752927995821346,0.123657037461073,0.0009435506694927292,5.844174329735762e-05,4.817054400241233e-05
0.9996608227045221,0.00029781178061728564,3.213169815535447e-05,4.041882498519131e-06,5.1919342069877505e-06
0.0002836834929086468,0.0011116604823280605,0.6809530283832739,0.317342891349001,0.0003087362924884299
0.017667625201681067,0.4851943124944928,0.49587542773444493,0.0011687399262598397,9.389464312156932e-05
0.00024356544950951701,0.00035185361917778484,0.01580233249059419,0.2873069918859441,0.6962952565547743
6.488730805396537e-05,0.00010525140988537316,0.010257921638463258,0.896969815961761,0.09260212368183651
0.9992265953055232,0.0007227619982593867,4.148503017788044e-05,8.837587068588241e-06,3.200789710525604e-07
7.627273946620897e-05,0.00010470170608538286,0.0033751442116169436,0.991231670906802,0.005212210436029529
4.91184923509142e-05,8.933768082366352e-05,0.9981131730027482,0.001745067771408456,3.303052668594613e-06
0.8599719609421977,0.13803997036626506,0.001965783521534198,2.012458902292991e-05,2.160580980177338e-06
0.9985018208927015,0.0013156244573326,0.00016813920984763619,1.1463989285433942e-05,2.951450833059347e-06
0.5049157923477244,0.4853056393710468,0.009568453057814093,0.00020259163296301874,7.5235904517116055e-06
0.9516916707956501,0.04796081633144213,0.00021408260198984213,7.463655063062535e-05,5.87937202873777e-05
0.9995433168388332,0.00044257681611281874,1.3115530189343606e-05,7.685392423562705e-07,2.2227562219549767e-07
0.0005436852125632082,0.9322946965696128,0.06682662070180474,0.00032611402083663484,8.883495182446975e-06
0.09787084616570281,0.8889361540715964,0.012820851783878125,0.0003548871957494201,1.726078307324733e-05
0.9998433672695057,0.0001485120235899647,6.3686609337759145e-06,1.4339933624076564e-06,3.180526082465913e-07
6.687133113003067e-05,0.0002887853248311936,0.5144908409527116,0.4851214628810977,3.2039510229560556e-05
0.037797035458458174,0.9444843435379037,0.017654288485600973,5.3243475810407945e-05,1.108904222667787e-05
0.00036311995308516257,0.0026664349868344953,0.9517843714796027,0.045107861247074284,7.821233340342291e-05
0.00011422445255878654,0.00018310902530986964,0.8646508284546864,0.13474917705794626,0.00030266100949869466
0.9995577928699161,0.0003991634174652325,4.018246918092945e-05,2.599425735884585e-06,2.618177019899219e-07
0.007591790886641204,0.9718351682963393,0.020471471529198707,9.954753323057486e-05,2.021754590033918e-06
6.837955699220403e-07,1.2521418595706598e-06,3.027253451371746e-05,0.0007103310417172003,0.9992574604863397
0.9973347153894877,0.0019436331004097202,0.0006266043027325517,6.937290858463105e-05,2.567429878565425e-05
8.28332816253328e-05,0.0001441498105558157,0.00305601963924146,0.5898191585511078,0.40689783871746965
0.0001151870530616277,0.00021702678832716596,0.0015272344937350068,0.8478903362707145,0.15025021539416158
0.9995800927095299,0.00038686622454010567,2.281893281149536e-05,9.141261189806072e-06,1.080871928845004e-06
0.00010021104627617558,0.000296172696055889,0.025359006079346432,0.9741520377312431,9.257244707830575e-05
0.00016174254103401713,0.00024894260717734333,0.11038859229490863,0.8891077524120284,9.297014485155172e-05
0.55500288858032,0.22993565820575304,0.2127574727572138,0.002232082333028688,7.189812368442806e-05
0.4303041313681575,0.5595498949201766,0.010015552087224378,7.428436685231463e-05,5.613725758927204e-05
0.00025267608970319725,0.030017143921715304,0.9683777647230681,0.001349957066710104,2.4581988033473657e-06
0.00013394537096015542,9.932778772389568e-05,0.0015552175534077506,0.8425808288206388,0.1556306804672694
0.07367969476930845,0.8666219050211196,0.05930002773107179,0.00036567845048334543,3.269402801675402e-05
8.417534168792593e-05,0.00017793805534519914,0.005960579732488367,0.7051383154398969,0.28863899143058147
4.263629026478834e-05,0.00013328884857554744,0.0072565003349858844,0.9910048693599588,0.0015627051662149808
0.0002123074871597869,0.0004519826388846945,0.011179245895095363,0.9879972126903498,0.00015925128851035022
0.4959101928389354,0.4980530804753327,0.005973206638414241,3.6650459913371746e-05,2.6869587404273896e-05
0.005371450780897556,0.9909323160554662,0.003636888225640492,5.7915416149794356e-05,1.4295218461080379e-06
0.9358618635141202,0.06341030655168259,0.000260602831914117,0.00029091937166446456,0.00017630773061887188
0.0037813523901936833,0.6001009002999309,0.3915568650017144,0.0045391579441683245,2.172436399273335e-05
0.00014005512933149835,0.0001236048761772396,0.9927182784098746,0.007013511626114136,4.5499585025354266e-06
0.0006716722642023566,0.438570361389183,0.5596761135963616,0.001060187247407115,2.1665502846035905e-05
0.8060436255181114,0.18696677613406232,0.006876627869372743,9.317805434302167e-05,1.9792424110285468e-05
0.9991441123482128,0.0008135355884565499,2.8149743918130325e-05,1.3059114463179118e-05,1.1432049496062162e-06
0.7305839397955075,0.2688991175597488,0.00031795985328363465,0.00016230074367580886,3.668204778426064e-05
0.0014236092623266243,0.5871706884184029,0.4040585501745266,0.007267132066367816,8.002007837617668e-05
0.02243300521447433,0.4799384464147336,0.47739521365848026,0.020140683865211916,9.265084709998632e-05
0.01313353228503068,0.9472672623004248,0.03948173232025455,0.0001003704547296323,1.7102639560509712e-05
0.9009801518919929,0.09724029283595848,0.0014514967086885963,0.00031577764139885904,1.2280921961296018e-05
0.9999743472378049,2.415901357751534e-05,1.2337258579140083e-06,2.0801568968033547e-07,5.200707012362532e-08
0.9503357643195318,0.0490067677907665,0.0006150856771902783,3.369337305399072e-05,8.688839457580246e-06
7.072645368433145e-05,0.0004984428458649542,0.9560216183500225,0.04339621338443159,1.2998965996533803e-05
0.09243517547953893,0.8690277688303307,0.035555852510155674,0.002884242107451595,9.696107252325828e-05
0.03756097508509095,0.9424130293493123,0.019704144165485493,0.00029010701411499824,3.174438599638264e-05
5.0181282902092844e-05,7.714116464427662e-05,0.029159789300530276,0.9706742847170454,3.8603534877911456e-05
0.00014298295834868987,0.00010529982548677783,0.1879732620757958,0.8116277959572555,0.0001506591831131867
9.28309182173776e-05,0.07096911632618755,0.9287448088261633,0.0001915350919225748,1.7088375090310392e-06
0.551702975431877,0.44514924176976123,0.0031291243293773354,1.523503984606199e-05,3.4234291384499496e-06
0.07242629063620135,0.11485314918270273,0.8072869881224403,0.0044516883789890395,0.000981883679666611
0.00022297681458034738,0.15730392289437725,0.8422278221728503,0.00024078630542840812,4.491812763722147e-06
0.01117181944860527,0.8850405727773324,0.10363510219852538,0.0001485637240557493,3.941851481246123e-06
0.6784720829705044,0.30872103308338245,0.01222552998253396,0.0005496333312735796,3.172063230575731e-05
0.05462942201194973,0.5988733054760115,0.34580781438861896,0.0004116635556236432,0.00027779456779623726
4.576073983283551e-05,0.00015292212462392871,0.0015251512203842594,0.9317970949962925,0.06647907091886647
0.00011635743487534667,0.00016101436806373022,0.0014697529222211197,0.11062458788216518,0.8876282873926747
0.13093830984835386,0.8667851158018826,0.0020391621538378155,0.00022738380697739582,1.0028388948518823e-05
0.9997459354907412,0.00023054978446525535,2.066693865455574e-05,2.4692612385382602e-06,3.7852490046989737e-07
0.0003540239197996564,0.02185207980656928,0.9655985224255865,0.012172553204696198,2.2820643348575675e-05
0.0038887375523448484,0.9810505591516567,0.014995192952162537,6.277387149381375e-05,2.7364723420015304e-06
0.000337748920004875,0.02323629649416008,0.9762662793091229,0.00010387547989826137,5.5799796813906833e-05
0.8223709147937321,0.17711869132233188,0.0004233652831570051,4.313001394840755e-05,4.389858683076778e-05
0.9332682995558567,0.05487564531574045,0.01183838449458176,1.608906612870196e-05,1.5815676925666385e-06
0.00010929216899754122,0.0013624679364296738,0.9693442392236112,0.029157150751350655,2.684991961088945e-05
0.9737184172855559,0.025523949011035826,0.0007296530515226277,2.6314641014730332e-05,1.666010871074206e-06
0.0008228578548965883,0.02728086108353468,0.968576110009387,0.0033097810440788885,1.0390008102673672e-05
6.958538062693247e-05,0.02275060975648123,0.9764375464395088,0.0007399508051675662,2.3076182154852472e-06
0.09741422838754238,0.9010064888088463,0.0014941999742370485,8.328686757855719e-05,1.7959617957713282e-06
0.052744684252415804,0.9426489478562166,0.004558465645836911,3.354045937451148e-05,1.4361786156024636e-05
6.546742729981389e-05,0.0038638714199695254,0.9899952553400795,0.006056758159728484,1.864765292266755e-05
0.00010690591295653269,0.00016851577746340132,0.0542481545177415,0.5118555619145291,0.4336208618773096
0.00016984095544251264,0.00044267463805921554,0.06158634644643434,0.9363950586361461,0.0014060793239177747
0.9994147891488478,0.0005164445848973604,5.736690420227323e-05,8.167008907546421e-06,3.232353144821126e-06
5.226459344172924e-05,0.00018767701365765966,0.01811775280767646,0.9815972353327248,4.5070252499370005e-05
0.17325927191502005,0.8088898831923725,0.016863486086579584,0.0007620680509099705,0.00022529075511770473
0.0001063880235965443,0.7697721601727628,0.22975335242227993,0.00036350240391541644,4.5969774451871e-06
7.523948421878996e-05,0.00026181686308829897,0.023471606887352586,0.9751753224351399,0.0010160143302004548
3.6265786250985596e-05,0.0001408752758648199,0.45341666520016155,0.5463882244595686,1.796927815413609e-05
9.939066084410637e-05,0.0003822998503322028,0.40916648885074886,0.5902953247586724,5.6495879402524854e-05
6.722379296354594e-05,0.00013069046829278537,0.0037129306043606537,0.9959037466665802,0.0001854084678026993
0.2352096800882953,0.43951879193128873,0.3227786707854667,0.0021672253503425636,0.00032563184460669583
0.6075319881767723,0.3854774555076932,0.006871457984395286,8.844996626238314e-05,3.0648364876653463e-05
0.9992076963575582,0.0007469827631164683,3.643249117033079e-05,3.4802969919977812e-06,5.40809116301388e-06
9.12050289208603e-05,0.029959420947981055,0.9498271404519254,0.02011202129003046,1.0212281142212998e-05
0.9998231933579046,0.00015371491018371968,1.749767024976786e-05,4.992416466722249e-06,6.016451952912199e-07
3.281392412889823e-07,4.619898485929726e-07,1.3299685307246843e-06,4.736103370205618e-05,0.9999505188686774
0.9279975419699376,0.07065176825825316,0.0012218467402010788,9.400271924613888e-05,3.484031236178008e-05
0.5947774211433039,0.3749607186700523,0.029524682601094508,0.0005483066502391167,0.00018887093531008708
9.566395467678421e-05,0.00016674492526116248,0.009083695885777619,0.4957114360244019,0.49494245920988267
0.0004898535292295277,0.00022713725539289526,0.027329801075696478,0.5720558918347137,0.39989731630496744
0.003265752024681406,0.3646639241905566,0.6303894842768936,0.0016187369182292621,6.210258963911662e-05
0.0001109225107953454,0.10919855168890125,0.8889430507324712,0.0017449282604408175,2.5468073911939626e-06
0.13985867670138202,0.8592448697069367,0.0007987887788265534,8.147437156462111e-05,1.6190441290228533e-05
0.00019859723914190646,0.10925412890446516,0.8902028683988705,0.00034292613432160437,1.4793232009066468e-06
0.0001707637369898569,0.0005021123371379803,0.5722684653331616,0.4270280863321484,3.05722605621312e-05
0.2553780360006424,0.7384990330524976,0.0058991850674559735,0.00013482772719231167,8.891815221155651e-05
0.005507609485114708,0.19928371573454956,0.7021977393537959,0.09183491622324472,0.001176019203295122
1.6751763824211687e-05,6.468094981634626e-05,0.020156494137428194,0.8632471488271072,0.11651492432182395
0.9998975474341626,9.933407687775582e-05,2.6071643630018895e-06,4.259617742562409e-07,8.536282248592203e-08
0.9992700600367556,0.0006724230910244612,4.3537867751272605e-05,6.938557251141401e-06,7.040447217366818e-06
0.9400770882077696,0.058871265807589335,0.0008834390748061083,0.00011946242430232798,4.8744485532720135e-05
7.464136039513234e-07,2.611028881876188e-06,1.2305739657243463e-05,0.00039075261825270745,0.9995935841996042
4.9672643589085875e-05,0.0003814188296477815,0.9739815692755284,0.025582984609958295,4.35464127650004e-06
0.00135452373662882,0.9570968735951824,0.041485804941967505,6.099708260655563e-05,1.8006436147026153e-06
0.004587931244287378,0.9648569700915525,0.03048129169754569,7.055344586870651e-05,3.2535207458633663e-06
0.9999216166470446,7.605226135012098e-05,1.9809259473258893e-06,3.2603299521628057e-07,2.4132662916128475e-08
0.9961742509708555,0.003616407191497077,0.0001791229654095082,2.586564163614775e-05,4.353230601815386e-06
0.010169061538321382,0.9457999061301624,0.04310939225364968,0.0008673018055723117,5.433827229415688e-05
3.3496138908943197e-06,5.211690706033975e-06,5.197373355833659e-05,0.004679570716427129,0.9952598942454176
0.8422405132218695,0.15616703381525388,0.0014429807410455677,0.0001141315534900276,3.534066834126422e-05
1.0401860561141784e-06,1.95562225976813e-06,1.1750096458619681e-05,0.0004035935763004239,0.999581660518925
0.6952991976584313,0.3006127062937359,0.004003370391931215,6.799877602361747e-05,1.6726879877881352e-05
0.00012399040557362477,0.02201358967138639,0.06496679712777599,0.9125963340846355,0.0002992887106284339
0.000286876384193623,0.005276747846882796,0.9878851989513181,0.006544918630213279,6.258187392143634e-06
0.0001594250491295279,0.00024117099594037815,0.27641541186483737,0.7230832399863975,0.00010075210369523648
0.00037142060322060516,0.0032201980470162274,0.7217051150597195,0.2741050414078978,0.0005982248821458905
0.004729936138685815,0.0989619468551694,0.8916474026373079,0.004580121311426175,8.059305741088255e-05
0.09820557058108509,0.8668544405387364,0.03421884437820715,0.0006840968518792736,3.7047650092358444e-05
0.06428637545718931,0.8974609906516703,0.03730340806967752,0.0009105776322540737,3.864818920862702e-05
0.9997177496313808,0.000264956629969998,1.1712220364061672e-05,4.82656374804957e-06,7.549545372613069e-07
0.5767719877701554,0.3928408858478463,0.02540007924840655,0.004586499079923529,0.00040054805366823693
0.3369563893935976,0.5881396677411428,0.07450879531472143,0.00026724516622883505,0.00012790238430924705
0.005645891658109753,0.47619746562632853,0.5123054833590729,0.005280561838475494,0.0005705975180132931
0.9999767702051399,2.15226233476787e-05,1.3929882904760678e-06,2.6567240410312717e-07,4.85108177359013e-08
0.047067098327381235,0.951404141962482,0.001370725903817875,0.00014030559564064647,1.7728210678347855e-05
0.99328786186191,0.006551015217858864,0.00012876405395844518,3.115468421738677e-05,1.2041820554793498e-06
0.0016234943369589758,0.6977512593372706,0.2989931057965496,0.0016059608844310551,2.6179644789902777e-05
0.00011515280760929166,0.01672676626385267,0.8318200529936987,0.15059646446516176,0.0007415634696775242
0.006086569096533451,0.8926032596750376,0.10095622787762118,0.00034396947741461534,9.973873393284891e-06
0.00011510845664556565,0.00227625681451179,0.9912544200538523,0.006348616166918673,5.598508071421554e-06
0.8273520962750638,0.17079668298017278,0.0017602904845612608,7.098775614773866e-05,1.994250405460279e-05
0.00018737717159722045,0.02152881414722309,0.850418602717643,0.12746938180968756,0.00039582415384917165
0.3012281378588061,0.6956856990406837,0.002938301904427088,0.00012617608648302832,2.1685109600047184e-05
0.12301165786180075,0.8487391874646717,0.0273939806175789,0.0007940222451257883,6.115181082286894e-05
3.330343851996462e-07,9.1981118475313e-07,7.590536904055324e-05,0.0010127299688727739,0.9989101118165167
0.00021219376182369252,0.0005812580905282115,0.1430501046935827,0.7586692487098449,0.09748719474422034
0.00012654561813464665,0.4207450694943561,0.5779064946494917,0.0012169196404338053,4.970597583945667e-06
0.8051193437696961,0.1857808339132278,0.007925974569296754,0.0009449125963180155,0.0002289351514612989
0.9992984179322449,0.0005557575696249063,0.00013995191034899142,3.8101858957329217e-06,2.062401885516047e-06
0.010388243157405245,0.9567081771866676,0.03283547078367868,6.548564313573415e-05,2.623229112938476e-06
0.000457939368233019,0.03939132438788232,0.8932243437987099,0.06689871967389556,2.767277127934411e-05
0.001374140553467394,0.17113010224059752,0.317913413699388,0.509527583707682,5.47597988650312e-05
0.6752065550014088,0.3208853110685075,0.003788740808790609,0.00010699215278849615,1.2400968504519604e-05
0.03297320679523254,0.7070442565971067,0.24036100428312873,0.018952020817118838,0.0006695115074133972
0.9997583454520651,0.00021429820612949057,2.2039892133948025e-05,4.59963119440712e-06,7.168184769176038e-07
0.001791936557113509,0.9496539616588443,0.04841312566841275,0.00013862425173031656,2.35186389903213e-06
1.2881821867083249e-05,7.240910911793065e-05,0.0011486780285231953,0.9987589608850574,7.0701554345364865e-06
0.3580697725608015,0.6288904883335724,0.012957427888302484,7.056313594004166e-05,1.1748081383653331e-05
4.385398649459642e-05,0.00018659615157863994,0.9900751333355179,0.009667543076869579,2.6873449539341158e-05
0.0002842712076281982,0.0007263630085412043,0.2901812847683122,0.7087295471436238,7.853387189457497e-05
0.9997092290894276,0.00026672125819028294,1.8260364160412977e-05,4.74557912275387e-06,1.0437090988725662e-06
0.7071419182870003,0.28623705626533463,0.006339451934925767,0.00016645758568648275,0.00011511592705283387
0.000384023796524022,0.9206719640783725,0.07839055297384119,0.0005497413413905687,3.7178098717276065e-06
0.5553891110000015,0.4373652478615849,0.006831394407826862,0.00025468927784238663,0.00015955745274430738
4.949521874023639e-05,0.0001942850718468808,0.9677984670509095,0.03195574290279529,2.00975570802325e-06
0.00025901014329868374,0.0007854563924532621,0.06630557879376447,0.9255176183498648,0.0071323363206187256
0.011219265449928137,0.943944489366966,0.043665556558332354,0.001140469897439878,3.021872733356886e-05
7.817669052076689e-05,0.0011175143131555096,0.9558588473057358,0.042938483159498844,6.978531089089665e-06
0.014189286907615648,0.8288642493296888,0.1565858179514885,0.00019532335424249277,0.00016532245696476532
0.00021935101981907483,0.03177872622785006,0.964453263776585,0.003542550377587574,6.108598158257784e-06
0.0005504371959477143,0.7249772981792396,0.27308156517807364,0.001362278154447326,2.8421292291619495e-05
0.05262549260091851,0.5633975039523015,0.38240101726307907,0.0013762922140813912,0.0001996939696196601
0.03941093922353287,0.8426772676067544,0.11559668068438957,0.0022832607362408405,3.1851749082182246e-05
0.0009439725147287998,0.7744777115748231,0.22089063910265372,0.0036636386543624625,2.40381534318964e-05
0.0002561541158541818,0.0007158520954236467,0.5099460743358041,0.48855296796287867,0.000528951490039389
0.0011759125008438496,0.8903999101546342,0.10813721504453956,0.00027726509161622514,9.697208366294083e-06
0.02293848087923039,0.9663546178097918,0.009945542426438978,0.0007231879231102194,3.817096142855065e-05
0.0002936272739335293,0.0998133876330194,0.8372019692844515,0.06265706797376779,3.3947834827685644e-05
0.00013142360876793605,0.001071741880301476,0.8784682241016591,0.1202878133047749,4.0797104496415924e-05
0.9994558082369482,0.0004538873870711399,8.521289474119174e-05,4.076826891675797e-06,1.0146543479291825e-06
0.3717612252986589,0.4866566764595274,0.1410748198471861,0.00020513997282984412,0.00030213842179777734
9.77221675681644e-05,0.000492270568081443,0.6635269486669461,0.33568593531025726,0.0001971232871470749
0.9993453731587559,0.0006368246935313923,1.4808292404372631e-05,2.1753366433164263e-06,8.185186651826959e-07
2.795078627508326e-07,3.954404927247256e-07,2.3472164581168282e-06,0.0002778529489700931,0.9997191248862164
0.11632346049987569,0.8501536858197075,0.03287597848208696,0.000539317263130989,0.00010755793519899097
0.0004910712348980258,0.7247098009667092,0.2625305013961934,0.012260253605638984,8.372796560371265e-06
0.503967607083101,0.4304591448197855,0.0637942232125241,0.0017014766404552816,7.754824413434864e-05
0.9941279640490658,0.005829555451491677,3.811019544510864e-05,3.36447055921615e-06,1.0058334381223197e-06
6.265566652627112e-06,1.2461603908012505e-05,0.00038326939931019184,0.010259164811455898,0.9893388386186732
0.028524094123686665,0.9695695756316679,0.001650353085449805,7.33286920951959e-05,0.00018264846710062106
0.8787672392599065,0.12050800553909918,0.000564426017975435,9.856536159501144e-05,6.176382142385824e-05
0.0005154689674140884,0.0033037027616915817,0.4991692280913179,0.49641854960886206,0.0005930505707142385
0.9973794549143813,0.001173746558636196,0.0014129490304985708,3.141692491819608e-05,2.4325715658514116e-06
0.0003953853897727139,0.039439256012843364,0.610437692638844,0.3472864908626871,0.002441175095852923
5.582642997951521e-05,0.0001879073626664012,0.012252582734570364,0.9559430074748934,0.031560675997890385
0.893108268796634,0.10474595167180586,0.001925471493818786,0.0001497877751062845,7.05202626349639e-05
0.9869873941707472,0.012923622470269312,6.315556476668318e-05,1.879646023768037e-05,7.031333978921665e-06
0.0005277592271125955,0.00023557513410050424,0.07919091513893022,0.9194742582299821,0.0005714922698746363
2.9170503079329714e-05,6.1025136028313985e-05,0.01880605996827933,0.9581722792182055,0.022931465174407573
1.0134002981910939e-07,2.800045077547093e-07,3.729095384636476e-05,0.00020733886611512905,0.999754988835501
5.8727792922839714e-05,0.00021375763900924525,0.8801778406370692,0.11954643400596313,3.2399250356486087e-06
0.9150499113103526,0.08451142344792135,0.0002944140858795584,0.00011799030498660752,2.62608508600012e-05
0.00019324773229346265,0.08582243433920697,0.9086308825812797,0.005347404986276304,6.030360943592396e-06
0.00023305930378359524,0.0023910781748672063,0.10399968587302874,0.8933448958386607,3.128080965956233e-05
0.9996704236827991,0.0002865838522354112,3.737026191291605e-05,5.1652215155859405e-06,4.569815371145089e-07
0.008234019308208402,0.9632827054173201,0.028422037548028942,5.3139849808109096e-05,8.097876634414323e-06
0.9408350407684228,0.058956922232233325,0.00018445560565097277,2.021623135535725e-05,3.3651623376503752e-06
1.54829749764663e-05,2.040345681975824e-05,0.0019694945721789366,0.04184237067288445,0.9561522483231403
0.00288600503884815,0.6250767086552561,0.37136703783970093,0.0006649124589771639,5.33600721762415e-06
7.494338129108481e-05,0.0004927503788543522,0.05017157494519613,0.948801135201138,0.00045959609352051067
0.9912678603088121,0.0086905632514743,3.277304572764845e-05,6.738545795634879e-06,2.064848190470142e-06
5.213845758057092e-06,6.310192096000017e-06,0.00041641835835094933,0.028378188820955465,0.9711938687828394
0.0003889029845203086,0.013636397090167972,0.9848983833811671,0.001068404426313554,7.91211783102455e-06
0.9950544973270453,0.003769538720679315,0.0011255640274386274,3.965679129817261e-05,1.0743133538416185e-05
0.0001641271842555795,0.007870339294676745,0.04571029545508271,0.9461076347055654,0.00014760336041965043
0.9998853484286669,9.344544936714249e-05,1.643964178913975e-05,2.2192033072309847e-06,2.5472768696713134e-06
0.034475321986801255,0.9608424983506968,0.004452792780102937,0.00022495685033586157,4.430032063238508e-06
0.0014995554237654692,0.521712991907977,0.46427428431818685,0.012460965072884937,5.220327718575568e-05
0.5195115091757686,0.47569626777645063,0.0043127862326371984,0.00041014144052804676,6.92953746155158e-05
0.00011056021692374566,0.04188163773483463,0.9396639252119038,0.018334720279376025,9.156556961711118e-06
0.9855122034974919,0.014012371542121687,0.00044021762626240437,3.2947375602132575e-05,2.2599585217206973e-06
0.9998698378806523,0.00012055119348532225,8.152457481730798e-06,1.2221136012253847e-06,2.363547793188597e-07
0.9992979397982745,0.0006932037374615332,7.816012309733905e-06,8.338133023049374e-07,2.0663865178904608e-07
0.4217031144142875,0.5722741530340603,0.005511545067486649,0.00047260897401361256,3.85785101520138e-05
9.941187527774093e-05,0.0005272919946777461,0.1397334023722954,0.8593611061002556,0.0002787876574934522
0.00011288386259284459,0.0008295450016678599,0.870125074207107,0.12886840748429426,6.408944433803143e-05
0.5507779337780765,0.4303670659537567,0.018588618584476437,0.00022273987083026452,4.36418128601657e-05
4.922170750186083e-06,7.438298941205179e-06,6.142766890334117e-05,0.02006429053792837,0.9798619213234769
0.9563055845937362,0.03997687701410887,0.0031401132562403696,0.0005463722937485216,3.105284216597042e-05
0.009243432515923493,0.9656420895134042,0.022168510620799213,0.0029306947354384807,1.5272614434550106e-05
0.02900393201661682,0.9559813925320019,0.01480365947652158,0.0002026348414875192,8.381133371987985e-06
0.4591259108682556,0.5315892507824035,0.008514943727731565,0.0006288937637940888,0.00014100085781515204
0.00017131655971165064,0.0004889330998150987,0.8371692550420802,0.16216566226790782,4.833030485328715e-06
6.815467791673777e-05,0.0004901703439544858,0.6438638036764476,0.35547225812470096,0.0001056131769802126
0.9905447190698069,0.009401562605870915,3.544956550262783e-05,9.106057335738849e-06,9.162701483939868e-06
0.0001961520844734823,0.019238735634138644,0.9273960152910651,0.05315373294155717,1.5364048765462718e-05
0.9987734091324312,0.0011504438966399935,5.9180255170191454e-05,1.594705796247181e-05,1.0196577963327662e-06
0.00019282595074435194,0.0011734509839769344,0.986029746304427,0.01259935546855343,4.621292298267249e-06
0.9997299660881892,0.0002566974259292751,1.1676441066527758e-05,1.4836389843302728e-06,1.764058307814254e-07
0.12964976013215457,0.8640013432167166,0.005969469625691156,0.0003658681330617053,1.3558892375885222e-05
0.9993902186955579,0.0004791286484678076,9.435561989210092e-05,3.422278572833381e-05,2.0742503540114746e-06
0.7190409060329487,0.2698293269837054,0.011074229157041239,4.639229667397987e-05,9.145529630704493e-06
0.0007210145467926518,0.9486040035451202,0.05042345980537403,0.0002490776558999507,2.4444468132587763e-06
0.00012886072006131503,0.009306793308046221,0.9883904297013725,0.0021407972254300503,3.3119045090040506e-05
0.00021523681609626722,0.0008294950257164624,0.023209298214690935,0.7099015156879993,0.26584445425549696
0.9588390151225337,0.04049852157264671,0.0005952572450453682,2.5087640628749077e-05,4.211841914539805e-05
8.377244594132931e-05,0.2725570286215663,0.727247337281524,0.00010930020893985216,2.5614420286650947e-06
5.1035908851807806e-05,7.582405534087931e-05,0.0007173139771058053,0.9986720207256784,0.00048380533302315215
0.9985396725739768,0.0013644414952578765,7.073110118544241e-05,1.7087713730925657e-05,8.067115849060753e-06
0.26531366842341475,0.715864036020659,0.018655716608790226,0.000150122064990714,1.645688214550907e-05
0.08569257561649979,0.8837263618726808,0.029490089052880166,0.000986251658275753,0.00010472179966343415
0.9991371293135068,0.0007991374591606915,5.2969838244649874e-05,1.032354150709002e-05,4.3984758072040864e-07
0.6812644111419905,0.3152285020329296,0.0034551925498059795,3.9577582313913666e-05,1.2316692960054163e-05
0.010632348522127247,0.87611000801106,0.11279499644005675,0.0004457079461549828,1.6939080601111e-05
0.045133790398764057,0.9461671911633887,0.008610679344206937,8.020458499023272e-05,8.134508650069777e-06
0.9983542985101509,0.0016062039122178198,2.6838945591066263e-05,9.562479109717482e-06,3.0961529304460957e-06
0.9994709100397866,0.00046719408607033525,4.696011953051553e-05,1.0201684305140386e-05,4.734070307375969e-06
0.7178771764948552,0.27195447547947404,0.0074544729248939325,0.0026273254085451567,8.654969223178416e-05
3.1164265116110124e-05,0.00012031859848464705,0.0012271451663036584,0.9476960436333141,0.05092532833678162
0.003303217117671813,0.9892169424031323,0.006910235270458777,0.000563701279407398,5.9039293299308506e-06
0.00010433298578640248,0.0006447658643294143,0.8513399050399499,0.1478758659915648,3.513011836943241e-05
0.00019024489673658866,0.0010247325557199555,0.402755294219719,0.5956293359569623,0.0004003923708620617
0.23454294962169026,0.7190917912330657,0.04324963081398934,0.002640235223942153,0.00047539310731264066
3.0191744835853984e-07,3.700631534954342e-07,1.9456851078924535e-06,7.664721184474322e-05,0.9999207351224455
0.9992117893159247,0.0007387727327407228,4.402644135369369e-05,3.650013576496066e-06,1.7614964044918622e-06
0.18567754248130872,0.8120044933124326,0.002229885241268064,7.367044570579052e-05,1.4408519284774552e-05
0.9993831707107602,0.0005752012135525791,3.755079044337356e-05,3.7308179076257864e-06,3.46467336167371e-07
0.5732212287723828,0.4220541825516887,0.004468644305077359,0.0001963736832252304,5.9570687625826546e-05
0.1542801488052498,0.8417200940888372,0.0037146344970064226,0.00018800340284228534,9.711920606441238e-05
6.21141552497259e-05,0.0002164522047486409,0.002084611497243348,0.9799654162529886,0.01767140588976983
0.9997822950797083,0.00019205104572798202,2.429034889104634e-05,1.1031568981125332e-06,2.603687745533579e-07
0.999433502305208,0.0005282856444329553,3.2798141533056705e-05,4.415733887363312e-06,9.98174938506403e-07
5.966474385285938e-05,0.00018057059829571317,0.9492566183893416,0.05049965093568205,3.4953328277006034e-06
0.0001528854581765006,0.008262535176231026,0.8595546497942984,0.13187980804674884,0.00015012152454532782
0.16949163789186109,0.8243153259798549,0.0054659922289040505,0.00041944329453933387,0.0003076006048405007
0.00012823975940592155,0.0006834415901925769,0.01149872108542941,0.9793779137101264,0.008311683854845677
0.0046263965279779206,0.9301231490965519,0.06490591230899882,0.00033387259949051244,1.0669466980776821e-05
0.17187652697082179,0.1794055443538575,0.6460904047660417,0.00217772705765361,0.00044979685162543123
0.9996638098069689,0.00020737539381114896,0.00011613679204331853,6.862921486948757e-06,5.815085689792644e-06
0.4444241476560892,0.5498040922080829,0.005635054073068066,0.00013158291857033147,5.123144189599247e-06
0.9842055396273237,0.01550939502381094,0.0002503837717473851,1.8907741125159574e-05,1.5773835992936287e-05
0.00018115076995371684,0.0005103968905194686,0.010465145680231866,0.3301015366250198,0.6587417700342751
7.012555089986102e-05,0.00027396188382747093,0.38801506398913815,0.611490469519992,0.00015037905614259276
0.0135084140961879,0.9397323706631191,0.04516756709078959,0.0015587937638181903,3.2854386085248984e-05
0.9989916206347147,0.0009667028845818204,3.662346511545723e-05,3.623302898346918e-06,1.4297126898175113e-06
0.00028136482487727097,0.0012748172664139928,0.9415522731534453,0.05681321176421123,7.833299105228347e-05
0.05218192817480541,0.9343409581441319,0.01333240289893574,0.00011744994163438722,2.726084049277162e-05
0.5849313260541754,0.40815353591918535,0.006561019498679005,0.0003407262246390534,1.339230332105745e-05
0.1265938176363014,0.8679297706880164,0.005420587267385372,5.2103854879779595e-05,3.7205534172913974e-06
0.0001697756179000042,0.002271509807365988,0.9799425871391099,0.017612548620807036,3.578814817129624e-06
0.0023536357517183453,0.5674331117814412,0.4244607939447317,0.005739803115925177,1.2655406183580289e-05
0.01554140776843156,0.9314177959309535,0.051793866058996586,0.0010458048776171573,0.00020112536400120035
0.9192957598533257,0.08007855984535163,0.0005290889502897012,8.160598882482159e-05,1.4985362208246696e-05
0.04245649942125871,0.9482257212299626,0.009212623656747037,9.821839301514716e-05,6.937299016517983e-06
1.1389828053413908e-07,2.9070650207699567e-07,2.020709148266055e-06,9.849062236724575e-05,0.9998990840637018
6.410090337382393e-05,0.00023172690418783926,0.007819321085920154,0.8951802871557242,0.09670456395079403
0.9998943022446644,0.0001029654318063718,2.3612384846511305e-06,3.1981510283146584e-07,5.12699415095281e-08
0.5887721270400209,0.40646710716420503,0.0046511195146173205,8.251907437748703e-05,2.7127206779407324e-05
0.9996631485078502,0.00020485737379724508,0.00012670744401034026,3.2581055934625804e-06,2.028568748540414e-06
0.00024581068004640467,0.379846513076954,0.6181324781476897,0.0017719469374417817,3.2511578681654687e-06
0.00012503530020340446,0.021674373860081624,0.9695923851542725,0.0085924718057937,1.573387964866504e-05
0.1850059394986347,0.7565800998978235,0.05578785621736216,0.0021233036327412847,0.0005028007534385168
0.0001069321344312921,0.0006341445480015479,0.9773473801021731,0.021904536759957523,7.006455436587442e-06
0.000356295352667366,0.0404939739931815,0.9552379046618666,0.003900118555228281,1.17074370562535e-05
0.0007981448200181241,0.6672885042918054,0.3293909307196862,0.0024370567137153923,8.536345477494988e-05
0.985440963298278,0.014487259861161991,6.267916025671208e-05,7.121751150149023e-06,1.9759291532033453e-06
0.8141790043719227,0.18166650184454974,0.00399247339266319,8.231018975775068e-05,7.971020110663819e-05
0.20697872131098907,0.6443154665127697,0.14840648588562688,0.00024591992833213896,5.340636228224729e-05
0.003187424709285957,0.00719221024381429,0.9777296302833965,0.011853621105764161,3.711365773892108e-05
0.999748283246174,0.000220077477167651,2.9984191714040828e-05,1.2784294971081209e-06,3.766554470366228e-07
3.9089804793261524e-05,0.00016701006502100533,0.1312085067698591,0.8669398029010329,0.0016455904592937612
0.048758338137041654,0.8636966785701938,0.08654671554858416,0.0009480513458846544,5.0216398295750665e-05
0.002858607451001783,0.7880676342587859,0.2083657903072515,0.0006837942282771542,2.417375468356795e-05
3.8543300649884146e-05,5.159398680225739e-05,0.011773920428501082,0.9878446803234824,0.0002912619605644455
0.003705896287591682,0.6262937489241049,0.3607752373021379,0.00911465841140866,0.00011045907475680216
0.0001239991983681478,0.00031143380359278136,0.0017381960484307763,0.9636155418407241,0.03421082910888428
0.00016790928606708272,0.00110462359739634,0.2582977626246383,0.7286407832951398,0.011788921196758562
0.999497978958092,0.0004215581801833281,7.174653441059894e-05,4.23625116695321e-06,4.48007614710317e-06
0.9994455472159373,0.0005314274568226227,1.7333006758677007e-05,4.269795374478181e-06,1.4225251069299716e-06
0.35699423576822,0.6383783380159356,0.004503190457939935,9.3587183799652e-05,3.064857410479003e-05
6.993807629692809e-05,0.00010579142203488523,0.09257238994211539,0.9072396060581792,1.2274501373793619e-05
0.00014705653813751717,0.0007130722458546073,0.2330947955805509,0.7659967700447934,4.8305590663754445e-05
0.9864334800644458,0.013247436114442113,0.0002719058807466195,4.503027717739475e-05,2.147663188083459e-06
0.655553093195491,0.32260690456634533,0.02137105577665046,0.00042576991149814215,4.3176550014864316e-05
0.9992030286501956,0.0007553334292788365,3.0928120760717153e-05,8.516307844430328e-06,2.1934919202445564e-06
0.23217756684615193,0.7609710709280071,0.006791809099079279,4.40191493078542e-05,1.553397745389055e-05
1.3997051095295287e-06,1.7978772437488143e-06,1.5664450470215696e-05,0.0006171613489415768,0.9993639766182348
0.9992026613852941,0.0006963689392719835,8.956259947930182e-05,1.0164911582513514e-05,1.2421643721782357e-06
0.9832453621003823,0.01658666459055486,0.00015395607887817094,9.20344080308476e-06,4.8137893817444106e-06
0.0002856761350576601,0.0001351974901153518,0.028545613149958703,0.9077652475050142,0.0632682657198542
0.6088172263143964,0.38957480155614593,0.001560749703827317,4.075368968363756e-05,6.468735946838488e-06
9.287955975262204e-05,0.0004644215338403315,0.04421155820294183,0.9490851638102415,0.006145976893223715
5.2421893381481265e-05,0.00010180209176806526,0.0003628427505190857,0.030926138362990557,0.9685567949013408
0.5328065687055351,0.45175467910868605,0.015231640667967328,0.00019015397871222293,1.6957539099354977e-05
0.00014971091460269024,0.00017547516884888062,0.05769374246546112,0.9414687407646449,0.000512330686442419
0.011535151011094799,0.9852301753721815,0.0031530322916426905,7.942675188660506e-05,2.214573194378744e-06
0.006529227875786413,0.6736462531412246,0.31782575121027706,0.0018836372907434188,0.00011513048196860324
0.0034285066648820813,0.9872315968174504,0.009178920766577772,0.00015258394622061138,8.391804869052005e-06
5.433265300294103e-05,0.00010814718167741045,0.8880842729593743,0.11174771254196807,5.534663977014502e-06
0.07261409979180941,0.8989001604999701,0.02690128750596085,0.0015379952559088042,4.6456946350868794e-05
0.00017065627804661596,0.00024826692830677425,0.14249493069894376,0.8567002874170097,0.0003858586776930039
0.9997608241900929,0.0002336330800372592,4.352593649338489e-06,9.434259893488025e-07,2.4671023135957894e-07
0.9995656567692024,0.00042513308673956563,6.521986007000426e-06,1.853928611798717e-06,8.342294390365005e-07
0.0002921881750374486,0.0026856310349745484,0.9171896554089157,0.07980375260504372,2.8772776028605e-05
