Class_0,Class_1,Class_2,Class_3,Class_4
0.027405977249145508,0.22837120294570923,0.541893720626831,0.13563556969165802,0.06669353693723679
0.006473151501268148,0.020552463829517365,0.20453369617462158,0.687309741973877,0.08113088458776474
0.00593967130407691,0.03951306268572807,0.4822632074356079,0.4142046272754669,0.05807938799262047
0.005939914379268885,0.012072036974132061,0.22134648263454437,0.6965177655220032,0.06412377208471298
0.0076974062249064445,0.019253017380833626,0.11245277523994446,0.6027045845985413,0.2578922510147095
0.07777049392461777,0.36985185742378235,0.34988850355148315,0.11722371727228165,0.08526536822319031
0.5443488359451294,0.2967672049999237,0.03696412593126297,0.04077025130391121,0.08114956319332123
0.07667756080627441,0.7576231360435486,0.08010973781347275,0.018596557900309563,0.06699292361736298
0.05645537003874779,0.6914599537849426,0.17942631244659424,0.015850679948925972,0.05680771544575691
0.13707667589187622,0.6588165163993835,0.11536354571580887,0.01839214749634266,0.07035115361213684
0.024489035829901695,0.3543924391269684,0.5133232474327087,0.044567085802555084,0.06322826445102692
0.17314857244491577,0.5930736660957336,0.13441091775894165,0.035751793533563614,0.06361503154039383
0.4252966046333313,0.3936091959476471,0.05500097572803497,0.03761382773518562,0.0884794145822525
0.013114124536514282,0.10986711829900742,0.685050368309021,0.13189342617988586,0.060074977576732635
0.1816949099302292,0.5921651721000671,0.11955650895833969,0.04395396634936333,0.0626293420791626
0.4642579257488251,0.38099992275238037,0.03837142884731293,0.04327046126127243,0.07310021668672562
0.2679351270198822,0.5471600294113159,0.06256324052810669,0.05181051418185234,0.07053117454051971
0.6258882284164429,0.237516388297081,0.020235292613506317,0.04243762791156769,0.07392240315675735
0.5142422318458557,0.3466520607471466,0.02838199958205223,0.03516671061515808,0.07555708289146423
0.07655379176139832,0.7623076438903809,0.09488281607627869,0.012238097377121449,0.0540175661444664
0.57062166929245,0.296088844537735,0.027660276740789413,0.031025441363453865,0.07460376620292664
0.48701196908950806,0.3658893406391144,0.03165873885154724,0.03973003476858139,0.07570990920066833
0.004785624798387289,0.03208861127495766,0.3989628851413727,0.4916093051433563,0.07255357503890991
0.011298883706331253,0.03854336589574814,0.29893311858177185,0.5715695023536682,0.07965514063835144
0.0035415792372077703,0.006850452162325382,0.006283408962190151,0.31955063343048096,0.6637739539146423
0.014284963719546795,0.05553676187992096,0.35547658801078796,0.49331536889076233,0.08138636499643326
0.008763163350522518,0.16175563633441925,0.6738304495811462,0.10797812044620514,0.04767267405986786
0.0003107533557340503,0.0008816071203909814,0.029761265963315964,0.9246219992637634,0.044424377381801605
0.5009463429450989,0.3440762162208557,0.041315414011478424,0.03321049362421036,0.08045149594545364
0.005726538132876158,0.058807771652936935,0.586044430732727,0.28977781534194946,0.05964339151978493
0.04943281039595604,0.7661160230636597,0.12191146612167358,0.012472756206989288,0.05006687715649605
0.09334848821163177,0.3861240744590759,0.3489516079425812,0.09928523004055023,0.07229064404964447
0.4904901683330536,0.3261018395423889,0.05285457521677017,0.04979204759001732,0.08076146990060806
0.6015280485153198,0.2315870225429535,0.03532843664288521,0.04522101953625679,0.0863354355096817
0.10523485392332077,0.5458205938339233,0.23386405408382416,0.0517929270863533,0.06328748166561127
0.03563030809164047,0.6989441514015198,0.20169934630393982,0.011696463450789452,0.052029747515916824
0.6174821257591248,0.24066384136676788,0.022392071783542633,0.04518626257777214,0.07427571713924408
0.7110299468040466,0.16632682085037231,0.013341064564883709,0.030320513993501663,0.0789816677570343
0.015346064232289791,0.11116868257522583,0.6790501475334167,0.14412648975849152,0.05030854791402817
0.6614750027656555,0.17702749371528625,0.025337396189570427,0.043227195739746094,0.09293300658464432
0.6122034788131714,0.251137375831604,0.024881504476070404,0.034111522138118744,0.07766620069742203
0.00034788460470736027,0.0007832582923583686,0.0003155752783641219,0.04520157352089882,0.9533516764640808
0.008769601583480835,0.03564336523413658,0.30233392119407654,0.5601601600646973,0.09309293329715729
0.01703403703868389,0.4659547805786133,0.43894046545028687,0.024695664644241333,0.053375113755464554
0.009293128736317158,0.017117759212851524,0.042787279933691025,0.6620473265647888,0.2687544822692871
0.6409077644348145,0.1834341287612915,0.0306907519698143,0.04935438185930252,0.09561296552419662
0.6189448833465576,0.21885760128498077,0.025506148114800453,0.04370652139186859,0.09298482537269592
0.005181434564292431,0.03158944845199585,0.36770349740982056,0.5171051025390625,0.07842051237821579
0.001716173137538135,0.002468307502567768,0.0014894879423081875,0.07222650200128555,0.9220995306968689
0.041276585310697556,0.3787967562675476,0.4508049488067627,0.07839248329401016,0.05072927102446556
0.6195598244667053,0.2274135947227478,0.023184919729828835,0.04152130335569382,0.08832042664289474
0.13545052707195282,0.6639176607131958,0.11615931987762451,0.022518767043948174,0.06195372715592384
0.054995618760585785,0.3301469683647156,0.46562474966049194,0.08709269016981125,0.06213998422026634
0.007526152767241001,0.16285043954849243,0.7195284366607666,0.06374327838420868,0.046351682394742966
0.7750149965286255,0.11695686727762222,0.006999420002102852,0.03163627162575722,0.06939242035150528
0.4932851493358612,0.32771265506744385,0.048516206443309784,0.04921992868185043,0.08126607537269592
0.0020479841623455286,0.0028352723456919193,0.0022965772077441216,0.09487767517566681,0.8979424238204956
0.4828853905200958,0.3494236171245575,0.04805547371506691,0.03967757523059845,0.07995793968439102
0.6779112815856934,0.16902180016040802,0.02179958112537861,0.04307262599468231,0.08819475024938583
0.007470053620636463,0.1568836271762848,0.7263662815093994,0.06658700853586197,0.04269307106733322
0.6321102380752563,0.23200203478336334,0.02004188299179077,0.039634305983781815,0.07621153444051743
0.008286924101412296,0.013602289371192455,0.0182013101875782,0.35149064660072327,0.6084187626838684
0.7041805982589722,0.15499557554721832,0.013442975468933582,0.038336317986249924,0.08904453366994858
0.003078826004639268,0.008421751670539379,0.039633918553590775,0.8730910420417786,0.07577455043792725
0.005466881673783064,0.015711983665823936,0.12787196040153503,0.7330644726753235,0.11788474023342133
0.011120717972517014,0.21291454136371613,0.6716495752334595,0.05643875524401665,0.04787643626332283
0.17305639386177063,0.6663732528686523,0.07796645909547806,0.01799754425883293,0.06460642069578171
0.5603809952735901,0.2902354300022125,0.028614014387130737,0.04202648997306824,0.07874302566051483
0.2624322175979614,0.5674883127212524,0.08403421938419342,0.02689966931939125,0.05914557725191116
0.31900814175605774,0.47442424297332764,0.07808955013751984,0.039580151438713074,0.08889781683683395
0.48772984743118286,0.35675153136253357,0.0360088087618351,0.040029387921094894,0.07948040217161179
0.007160722278058529,0.021335868164896965,0.13637956976890564,0.705922544002533,0.129201278090477
0.014482335187494755,0.13839295506477356,0.5854668021202087,0.19190281629562378,0.06975509971380234
0.00550567964091897,0.00902444589883089,0.1780831217765808,0.7388973236083984,0.06848940253257751
0.31081220507621765,0.5288057327270508,0.06508926302194595,0.022660166025161743,0.07263262569904327
0.6842166781425476,0.1900133639574051,0.016347935423254967,0.029633093625307083,0.07978887856006622
0.01333613134920597,0.03778579458594322,0.13375914096832275,0.6160672307014465,0.19905167818069458
0.5224465131759644,0.3231322765350342,0.03849329054355621,0.03425567224621773,0.08167217671871185
0.0043366472236812115,0.017924755811691284,0.2725723683834076,0.6225776672363281,0.08258860558271408
0.007837822660803795,0.07085589319467545,0.57780522108078,0.2889106273651123,0.054590411484241486
0.005120391957461834,0.010985919274389744,0.12494901567697525,0.7189981341362,0.13994650542736053
0.49508485198020935,0.3269108831882477,0.04886205121874809,0.04534788429737091,0.08379426598548889
0.03266328573226929,0.33839669823646545,0.4563111960887909,0.09867769479751587,0.07395114749670029
0.10898949950933456,0.40037235617637634,0.37374451756477356,0.05439785122871399,0.06249570474028587
0.008821981959044933,0.05876902863383293,0.5187911987304688,0.3596060574054718,0.054011743515729904
0.0025977911427617073,0.003774803364649415,0.01467088982462883,0.6485921144485474,0.3303644061088562
0.5561599731445312,0.291042685508728,0.034378744661808014,0.03685291111469269,0.08156552910804749
0.59466952085495,0.23370912671089172,0.03277529776096344,0.05181766301393509,0.0870283842086792
0.5693237781524658,0.2900840938091278,0.025567177683115005,0.04023637995123863,0.07478860765695572
0.6021260619163513,0.22334247827529907,0.03779355436563492,0.04823844134807587,0.08849946409463882
0.5563471913337708,0.2647138237953186,0.04566109552979469,0.04975474998354912,0.08352309465408325
0.01079527847468853,0.02759997360408306,0.08328411728143692,0.6251052618026733,0.25321537256240845
0.02019507996737957,0.4554779827594757,0.4445819854736328,0.03421306982636452,0.04553179070353508
0.01944032683968544,0.5241407752037048,0.38785549998283386,0.01891467534005642,0.049648694694042206
0.606224000453949,0.22516243159770966,0.03143096715211868,0.04475073888897896,0.09243186563253403
0.5568445920944214,0.2976844310760498,0.033129896968603134,0.03556874021887779,0.07677231729030609
0.5684931874275208,0.30551254749298096,0.026164542883634567,0.028274236246943474,0.07155545055866241
0.6498634815216064,0.1873984932899475,0.024863924831151962,0.04781666398048401,0.09005747735500336
0.01868385076522827,0.08002154529094696,0.4647449851036072,0.3559449315071106,0.08060472458600998
0.6451699733734131,0.2005912810564041,0.02358504943549633,0.04408295452594757,0.0865706279873848
0.04446813091635704,0.5517153739929199,0.3190344274044037,0.03570585325360298,0.0490761399269104
0.006993152666836977,0.13376878201961517,0.7083110809326172,0.10856881737709045,0.04235810413956642
0.5942349433898926,0.26801806688308716,0.026310913264751434,0.03569861501455307,0.07573740929365158
0.08213045448064804,0.7450894713401794,0.1073279157280922,0.013199703767895699,0.05225241184234619
0.15213380753993988,0.6447537541389465,0.11253336817026138,0.02265475131571293,0.06792434304952621
0.004982797894626856,0.014078324660658836,0.09897798299789429,0.7615131735801697,0.12044781446456909
0.004388521891087294,0.007107274141162634,0.036829933524131775,0.5532127022743225,0.39846161007881165
0.007526671979576349,0.015511560253798962,0.2713627219200134,0.6452178955078125,0.06038115918636322
0.06993409991264343,0.6083598732948303,0.23891176283359528,0.03525003790855408,0.04754418879747391
0.013225344009697437,0.18132460117340088,0.6973641514778137,0.058591749519109726,0.04949411377310753
0.36209699511528015,0.474355012178421,0.05676422640681267,0.03469954803586006,0.07208423316478729
0.004025253467261791,0.00470650102943182,0.0512080080807209,0.7487503290176392,0.191309854388237
0.09325620532035828,0.5651581287384033,0.23367682099342346,0.04721776768565178,0.06069103255867958
0.040525078773498535,0.6430675387382507,0.26715487241744995,0.01474967785179615,0.0345027931034565
0.46196824312210083,0.38365474343299866,0.03232797235250473,0.04289139062166214,0.07915768027305603
0.30982252955436707,0.5335344672203064,0.05816158279776573,0.030785050243139267,0.06769634038209915
0.009796733036637306,0.09919069707393646,0.7422946095466614,0.09157545119524002,0.05714251473546028
0.004212967585772276,0.007187937386333942,0.007819393649697304,0.3854726552963257,0.5953071117401123
0.017201269045472145,0.04763852059841156,0.1415567398071289,0.48552873730659485,0.3080747127532959
0.1800536960363388,0.6602796912193298,0.07467366009950638,0.02254529297351837,0.062447644770145416
0.3898552358150482,0.4041680097579956,0.08595790714025497,0.04386401176452637,0.0761549323797226
0.0034384808968752623,0.007990725338459015,0.06651538610458374,0.8446337580680847,0.07742169499397278
0.5249300599098206,0.3072590231895447,0.03844158351421356,0.05175015702843666,0.07761907577514648
0.6983489990234375,0.1544198989868164,0.018766550347208977,0.04089530557394028,0.08756916224956512
0.2919410765171051,0.5341449975967407,0.07215321809053421,0.03437431529164314,0.06738633662462234
0.010459637269377708,0.03822920098900795,0.42722299695014954,0.45945072174072266,0.06463737785816193
0.053541399538517,0.3701842427253723,0.4118315279483795,0.09998816251754761,0.06445460021495819
0.01344956923276186,0.36697688698768616,0.5381113290786743,0.03385022282600403,0.04761195555329323
0.053548213094472885,0.6871854662895203,0.1924736499786377,0.022435655817389488,0.04435696452856064
0.008940513245761395,0.2332271784543991,0.6725905537605286,0.042366426438093185,0.04287537559866905
0.006168060004711151,0.0729774758219719,0.6177225708961487,0.243305042386055,0.059826888144016266
0.6350169777870178,0.21365031599998474,0.024480165913701057,0.03711467981338501,0.08973785489797592
0.6308088302612305,0.23408083617687225,0.023366330191493034,0.034499816596508026,0.07724422961473465
0.5311748385429382,0.2909358739852905,0.042575567960739136,0.047259505838155746,0.08805430680513382
0.5697078704833984,0.30247241258621216,0.02273961901664734,0.03645731881260872,0.06862278282642365
0.022715045139193535,0.23192526400089264,0.5791727304458618,0.10892938077449799,0.05725758150219917
0.3376946747303009,0.46679428219795227,0.07812542468309402,0.03459947183728218,0.08278612792491913
0.6146765947341919,0.24212154746055603,0.022445306181907654,0.038067396730184555,0.08268922567367554
0.006867365911602974,0.08398988842964172,0.6849366426467896,0.17294856905937195,0.051257483661174774
0.008820326067507267,0.030708851292729378,0.27179765701293945,0.6125247478485107,0.07614842802286148
0.580609142780304,0.2676409184932709,0.02909216471016407,0.03407184034585953,0.0885860025882721
0.004870792850852013,0.012821619398891926,0.08695213496685028,0.7530407309532166,0.14231470227241516
0.6496607661247253,0.19620074331760406,0.01875840127468109,0.043519359081983566,0.09186068177223206
0.5239618420600891,0.3362191915512085,0.03177506476640701,0.03236595541238785,0.07567783445119858
0.004561695270240307,0.007072167471051216,0.005029669962823391,0.11768625676631927,0.8656502366065979
0.009824806824326515,0.012757174670696259,0.010404885746538639,0.2126467525959015,0.754366397857666
0.034152302891016006,0.7614506483078003,0.1467398852109909,0.010441179387271404,0.04721596837043762
0.1253880262374878,0.6045188903808594,0.15521340072155,0.03374279662966728,0.08113694190979004
0.1271812915802002,0.7056112289428711,0.07006676495075226,0.0205675195902586,0.0765732154250145
0.05973440036177635,0.6556670665740967,0.22642739117145538,0.017191611230373383,0.04097951576113701
0.1407051384449005,0.6867595314979553,0.07468430697917938,0.036885131150484085,0.06096607446670532
0.027915911749005318,0.5745289921760559,0.33136624097824097,0.020624099299311638,0.04556483402848244
0.015479777939617634,0.03360079973936081,0.018562739714980125,0.20748655498027802,0.7248701453208923
0.6473093628883362,0.19682857394218445,0.019414011389017105,0.04587332904338837,0.09057479351758957
0.012320298701524734,0.3431489169597626,0.5682318806648254,0.03159153833985329,0.04470735415816307
0.009850592352449894,0.07507743686437607,0.6152784824371338,0.24197737872600555,0.05781615898013115
0.3174535930156708,0.5057558417320251,0.07743153721094131,0.03089149296283722,0.06846755743026733
0.010531041771173477,0.035506609827280045,0.42887479066848755,0.4612678587436676,0.06381974369287491
0.010856125503778458,0.266514390707016,0.6377317905426025,0.030102072283625603,0.05479568615555763
0.041612204164266586,0.7432549595832825,0.15567918121814728,0.017211895436048508,0.042241793125867844
0.6817740797996521,0.1600736677646637,0.02060461789369583,0.04620879888534546,0.0913388729095459
0.007317617069929838,0.11481861025094986,0.7691715955734253,0.057447511702775955,0.051244717091321945
0.37156379222869873,0.4643837809562683,0.051584430038928986,0.03529074043035507,0.07717723399400711
0.012605785392224789,0.2879718542098999,0.6048576235771179,0.05136379227042198,0.04320095106959343
0.006814699620008469,0.17879660427570343,0.7382649183273315,0.029368719086050987,0.04675503447651863
0.4636741280555725,0.3726852238178253,0.0495627336204052,0.030483359470963478,0.08359456062316895
0.052995435893535614,0.6815744042396545,0.1860690414905548,0.0177598986774683,0.06160123646259308
0.5969263315200806,0.26061418652534485,0.027949118986725807,0.03181181848049164,0.08269856870174408
0.004434879403561354,0.01610451377928257,0.18192800879478455,0.6641888618469238,0.1333436816930771
0.16860447824001312,0.7044350504875183,0.04286709427833557,0.022422313690185547,0.06167108565568924
0.49840259552001953,0.3200452923774719,0.058778565376996994,0.04180942103266716,0.0809641107916832
0.5910434126853943,0.2611372470855713,0.027567265555262566,0.03297942504286766,0.08727265149354935
0.004667364526540041,0.01650230772793293,0.2793410122394562,0.639250636100769,0.06023871526122093
0.051553357392549515,0.7283477187156677,0.16089555621147156,0.013842613436281681,0.045360781252384186
0.38948506116867065,0.451555073261261,0.0526546910405159,0.03645513951778412,0.06985006481409073
0.007775730919092894,0.015181748196482658,0.01584998518228531,0.38058170676231384,0.5806108117103577
0.20140449702739716,0.6162276864051819,0.09790437668561935,0.02107199840247631,0.06339142471551895
0.27491411566734314,0.4327601492404938,0.18375301361083984,0.0377003476023674,0.07087238132953644
0.007800143212080002,0.09236229211091995,0.6286067366600037,0.21788226068019867,0.05334853380918503
0.004557406064122915,0.013596941716969013,0.1681710183620453,0.7422430515289307,0.07143168151378632
0.021147608757019043,0.23442812263965607,0.6064432859420776,0.07289205491542816,0.0650888979434967
0.015185661613941193,0.032670192420482635,0.024580281227827072,0.46988242864608765,0.4576815068721771
0.4165574908256531,0.3934931755065918,0.06980690360069275,0.039604831486940384,0.08053769916296005
0.0058622644282877445,0.017251567915081978,0.140115424990654,0.6388431191444397,0.19792766869068146
0.5115810036659241,0.3417312800884247,0.029530072584748268,0.04140730947256088,0.07575024664402008
0.008802622556686401,0.03956517577171326,0.5929379463195801,0.2961013615131378,0.06259287148714066
0.038260605186223984,0.3955373466014862,0.4324176013469696,0.06885186582803726,0.06493262946605682
0.0031168796122074127,0.008076082915067673,0.062480244785547256,0.8645598292350769,0.061766888946294785
0.01051512360572815,0.2869950234889984,0.6225161552429199,0.042710840702056885,0.03726288303732872
0.01711995154619217,0.3144496977329254,0.58083176612854,0.04593069478869438,0.04166775941848755
0.005689189303666353,0.01271776296198368,0.07974101603031158,0.788891613483429,0.11296042054891586
0.2578890323638916,0.6062663197517395,0.04792298004031181,0.022938322275877,0.06498340517282486
0.012164641171693802,0.1605331301689148,0.6290605068206787,0.13325022161006927,0.06499150395393372
0.006801008712500334,0.07697483152151108,0.6336433291435242,0.2337796837091446,0.04880117252469063
0.09641123563051224,0.6573889851570129,0.17063665390014648,0.025246676057577133,0.05031644552946091
0.598676323890686,0.24291467666625977,0.026073100045323372,0.04535366967320442,0.08698226511478424
0.019758200272917747,0.0744934231042862,0.33383333683013916,0.47633206844329834,0.09558296948671341
0.2593506872653961,0.41883790493011475,0.18830282986164093,0.061483800411224365,0.07202474772930145
0.5477540493011475,0.27625149488449097,0.038055527955293655,0.047624621540308,0.0903143659234047
4.8655310820322484e-05,8.050030010053888e-05,4.922907828586176e-05,0.03285282477736473,0.9669687747955322
0.26312971115112305,0.5645806193351746,0.07760200649499893,0.028979718685150146,0.06570795923471451
0.616938054561615,0.2315455675125122,0.022867459803819656,0.04148858040571213,0.08716029673814774
0.42341944575309753,0.39375245571136475,0.058725107461214066,0.03828827291727066,0.08581462502479553
0.04901522397994995,0.4445295035839081,0.3285278379917145,0.08074498921632767,0.09718245267868042
0.6697039008140564,0.19425451755523682,0.017900723963975906,0.031689830124378204,0.0864509791135788
0.7117213606834412,0.15606611967086792,0.013897822238504887,0.03906863182783127,0.07924605160951614
0.13604208827018738,0.651924729347229,0.1274007260799408,0.02229032665491104,0.062342170625925064
0.00495875021442771,0.008591193705797195,0.012504592537879944,0.6411181688308716,0.3328273892402649
0.6159607172012329,0.226957306265831,0.023801952600479126,0.04648548737168312,0.08679445832967758
0.010427669622004032,0.3702697157859802,0.5506231188774109,0.02914486825466156,0.039534617215394974
0.0011024728883057833,0.002678921213373542,0.03132660314440727,0.8526692390441895,0.11222275346517563
0.5304301381111145,0.32539549469947815,0.0361640527844429,0.038953810930252075,0.06905654817819595
0.004258973523974419,0.007343539036810398,0.005203762091696262,0.2054923176765442,0.7777014374732971
0.006750233471393585,0.14827780425548553,0.704166054725647,0.09992381930351257,0.040882036089897156
0.011131275445222855,0.190323606133461,0.6455711722373962,0.10054641216993332,0.05242755636572838
0.004412915091961622,0.007521773222833872,0.005017935764044523,0.09108810126781464,0.8919593095779419
0.6602543592453003,0.17876188457012177,0.0229672621935606,0.047078102827072144,0.09093836694955826
0.21348609030246735,0.59378981590271,0.09113060683012009,0.033068232238292694,0.06852512806653976
0.004851645790040493,0.01669503003358841,0.263912558555603,0.6479459404945374,0.06659479439258575
0.004803495015949011,0.01046302542090416,0.058200739324092865,0.8051943182945251,0.12133847922086716
0.26341909170150757,0.562908947467804,0.06993643939495087,0.03314938396215439,0.07058610022068024
0.576414167881012,0.2788318693637848,0.0277156513184309,0.030565062537789345,0.08647334575653076
0.5776601433753967,0.26880356669425964,0.02905002236366272,0.038303278386592865,0.08618295192718506
0.5480936765670776,0.2730315029621124,0.045466020703315735,0.04758923873305321,0.0858195424079895
0.01737922988831997,0.4441078305244446,0.45792409777641296,0.02817373163998127,0.05241518095135689
0.6111183762550354,0.23406283557415009,0.02517688274383545,0.04280495271086693,0.08683700114488602
0.0012493198737502098,0.0035186384338885546,0.012791784480214119,0.8926737904548645,0.08976650983095169
0.001645049313083291,0.0015295877819880843,0.05417308583855629,0.8704410791397095,0.07221118360757828
0.0009670844883657992,0.003279149765148759,0.020260341465473175,0.9292510747909546,0.04624224826693535
0.39849963784217834,0.43518465757369995,0.058518290519714355,0.03880223631858826,0.06899534910917282
0.011255787685513496,0.06487593799829483,0.4221534729003906,0.4207441210746765,0.08097066730260849
0.29587769508361816,0.5389455556869507,0.06750350445508957,0.03208967670798302,0.06558359414339066
0.00645462004467845,0.06152915582060814,0.6121112108230591,0.2658352851867676,0.05406971275806427
0.009306562133133411,0.1757480949163437,0.6945523023605347,0.07507491111755371,0.0453181266784668
0.6566211581230164,0.17416566610336304,0.026001999154686928,0.04777998849749565,0.09543115645647049
0.7687552571296692,0.12027634680271149,0.007529175840318203,0.031847983598709106,0.07159119844436646
0.6993862986564636,0.158700093626976,0.016912611201405525,0.040118563920259476,0.08488243073225021
0.0059110322035849094,0.035498276352882385,0.4641322195529938,0.44924941658973694,0.0452091358602047
0.004427431151270866,0.011188573203980923,0.08694036304950714,0.8263086676597595,0.07113493233919144
0.00979389064013958,0.047934241592884064,0.4691031277179718,0.4148668646812439,0.05830179154872894
0.013436134904623032,0.06381639093160629,0.5953317284584045,0.2607945501804352,0.06662112474441528
0.5586099028587341,0.2665799558162689,0.0422004833817482,0.05007554218173027,0.08253410458564758
0.016499385237693787,0.09165280312299728,0.5980480313301086,0.23323267698287964,0.060567133128643036
0.25514113903045654,0.5367498397827148,0.11463546007871628,0.030405888333916664,0.06306765973567963
0.650539219379425,0.2006130814552307,0.018532630056142807,0.044435303658246994,0.08587977290153503
0.6786328554153442,0.16544975340366364,0.020995765924453735,0.04462193697690964,0.09029968082904816
0.007780525367707014,0.10590615123510361,0.6562452912330627,0.1870666891336441,0.04300132393836975
0.565240204334259,0.27706408500671387,0.0342458076775074,0.03921562805771828,0.08423426002264023
0.010488687083125114,0.0970209613442421,0.6213245391845703,0.20501746237277985,0.06614825874567032
0.002698480384424329,0.005413530860096216,0.0015818800311535597,0.07794934511184692,0.9123567938804626
0.005681408569216728,0.040496520698070526,0.4793922007083893,0.4144260883331299,0.06000378355383873
0.05176285281777382,0.6293937563896179,0.23120707273483276,0.03835512325167656,0.04928120598196983
0.010381866246461868,0.21074673533439636,0.6927474737167358,0.03482456132769585,0.051299359649419785
0.7235680818557739,0.16874925792217255,0.011968250386416912,0.02461959421634674,0.07109469920396805
0.6177200675010681,0.2219509482383728,0.025144385173916817,0.04734963923692703,0.08783502131700516
0.0077879782766103745,0.03027065098285675,0.2945055365562439,0.592014729976654,0.07542112469673157
0.4420662820339203,0.38124531507492065,0.055405016988515854,0.03962700068950653,0.08165638148784637
0.6006035208702087,0.2330404371023178,0.031085647642612457,0.047704048454761505,0.08756625652313232
0.6412928104400635,0.21973828971385956,0.021499330177903175,0.03243313357234001,0.08503638207912445
0.061326246708631516,0.5135325193405151,0.3199726641178131,0.047741737216711044,0.05742678418755531
0.5922674536705017,0.24898257851600647,0.027731312438845634,0.03823169320821762,0.09278697520494461
0.7305218577384949,0.12540537118911743,0.01463344506919384,0.039210811257362366,0.0902285948395729
0.03503308445215225,0.2596701979637146,0.532841682434082,0.11549945175647736,0.056955598294734955
0.07892490923404694,0.6669948101043701,0.17668454349040985,0.013071895577013493,0.064323790371418
0.6196842193603516,0.21930217742919922,0.024045484140515327,0.04670703411102295,0.09026119112968445
0.033306218683719635,0.20233364403247833,0.439448744058609,0.224151149392128,0.10076027363538742
0.004683373495936394,0.00710250623524189,0.08925978094339371,0.7874255180358887,0.11152888089418411
0.12927865982055664,0.340501606464386,0.3854813575744629,0.07788238674402237,0.06685604155063629
0.6861627101898193,0.16544479131698608,0.018952136859297752,0.04183930158615112,0.08760114014148712
0.4886975586414337,0.33843526244163513,0.05146849900484085,0.046645667403936386,0.07475297152996063
0.3027910888195038,0.4897216260433197,0.10218595713376999,0.03642340004444122,0.0688779279589653
0.007387314457446337,0.02010701783001423,0.1089240089058876,0.5635274052619934,0.30005425214767456
0.01092478260397911,0.09032849222421646,0.7224346995353699,0.11579937487840652,0.060512688010931015
0.004645595792680979,0.006218246184289455,0.03955860435962677,0.6434277296066284,0.30614981055259705
0.671880841255188,0.1768743097782135,0.02168213576078415,0.04278947040438652,0.08677330613136292
0.0875898152589798,0.6672788858413696,0.14651012420654297,0.03979365900158882,0.058827415108680725
0.007694115862250328,0.23134027421474457,0.6728011965751648,0.047069255262613297,0.04109514504671097
0.6773018836975098,0.18175287544727325,0.015080736018717289,0.042478837072849274,0.08338568359613419
0.004434056114405394,0.0062530809082090855,0.13312453031539917,0.786762535572052,0.06942568719387054
0.2418382316827774,0.5681596398353577,0.09132079035043716,0.025505082681775093,0.07317623496055603
0.005248513072729111,0.10495390743017197,0.7257496118545532,0.12530028820037842,0.03874773159623146
0.47980305552482605,0.36703839898109436,0.03894391655921936,0.037495508790016174,0.07671905308961868
0.004238370340317488,0.007777811028063297,0.13121412694454193,0.7677749991416931,0.08899463713169098
0.01084064319729805,0.016874302178621292,0.014063291251659393,0.20203106105327606,0.7561907172203064
0.2199416607618332,0.5521572232246399,0.1123165711760521,0.031616393476724625,0.08396817743778229
0.007916580885648727,0.1744350641965866,0.7160155773162842,0.06515158712863922,0.036481235176324844
0.018635481595993042,0.40372228622436523,0.48895010352134705,0.02622285857796669,0.062469251453876495
0.13357722759246826,0.6212220788002014,0.14057011902332306,0.029755963012576103,0.07487458735704422
0.00044596983934752643,0.0007366247591562569,0.0006368241156451404,0.09290385991334915,0.9052767157554626
0.1759331226348877,0.602459192276001,0.10645154863595963,0.04213995859026909,0.0730162262916565
0.009807365015149117,0.05730651691555977,0.5844841003417969,0.2911255359649658,0.057276464998722076
0.005470287054777145,0.037969548255205154,0.46483078598976135,0.43224605917930603,0.059483300894498825
0.00018995237769559026,0.00014799871132709086,0.001632024417631328,0.6992304921150208,0.2987995445728302
0.5846821069717407,0.26480820775032043,0.025787537917494774,0.041616592556238174,0.08310562372207642
0.04445995017886162,0.17295153439044952,0.5237790942192078,0.1969788521528244,0.06183050200343132
0.02044724114239216,0.4525792896747589,0.4392307996749878,0.023429064080119133,0.0643136128783226
0.5210452079772949,0.3116399943828583,0.0417742095887661,0.04041511192917824,0.08512550592422485
0.10712635517120361,0.5647774338722229,0.21136674284934998,0.04572487995028496,0.07100459933280945
0.5464748740196228,0.2866869866847992,0.04144294187426567,0.0462283156812191,0.07916685938835144
0.0041462210938334465,0.010758334770798683,0.10358598083257675,0.8194843530654907,0.06202511116862297
0.002318293321877718,0.005059585440903902,0.001685203518718481,0.10279661417007446,0.8881403207778931
0.01987336203455925,0.23294974863529205,0.6201339960098267,0.06648499518632889,0.06055782735347748
0.5866087079048157,0.27967458963394165,0.026554062962532043,0.032018743455410004,0.07514391839504242
0.6037294864654541,0.2377990037202835,0.02840622141957283,0.043731965124607086,0.08633339405059814
0.0034535028971731663,0.007218192797154188,0.0032074125483632088,0.0704137459397316,0.9157071113586426
0.38316261768341064,0.48226648569107056,0.0396190769970417,0.029257502406835556,0.06569429486989975
0.009529241360723972,0.05013209953904152,0.4132533073425293,0.4554424583911896,0.07164297252893448
0.03967310115695,0.26888155937194824,0.4788774251937866,0.13848215341567993,0.07408582419157028
0.7036985754966736,0.14656321704387665,0.016599567607045174,0.0425371378660202,0.09060148149728775
0.035237282514572144,0.20472362637519836,0.4489348530769348,0.20513403415679932,0.10597021132707596
0.3786783218383789,0.4366929531097412,0.06502766907215118,0.03503100201487541,0.08457006514072418
0.19271939992904663,0.6569846272468567,0.05498286709189415,0.03381763771176338,0.06149547919631004
0.009887797757983208,0.06602180004119873,0.6887257695198059,0.18529748916625977,0.050067219883203506
0.005994895473122597,0.018810506910085678,0.18664109706878662,0.7042236924171448,0.08432978391647339
0.41416412591934204,0.4232032597064972,0.05521325767040253,0.03617997467517853,0.0712394267320633
0.6535159945487976,0.21154940128326416,0.02083946391940117,0.03396991267800331,0.08012514561414719
0.00939528364688158,0.26330944895744324,0.6488869190216064,0.04360613599419594,0.03480220586061478
0.05956828594207764,0.5829696655273438,0.2604602873325348,0.043448466807603836,0.05355335772037506
0.5111041069030762,0.333021879196167,0.0409165695309639,0.04041866958141327,0.07453884184360504
0.6026014685630798,0.2490585446357727,0.02467871643602848,0.04399118945002556,0.07967013865709305
0.5091264247894287,0.3108396828174591,0.04017649218440056,0.05001768842339516,0.08983975648880005
0.6015087366104126,0.2309994399547577,0.03213493525981903,0.04842697083950043,0.08692987263202667
0.6657993197441101,0.20595359802246094,0.017297828570008278,0.03588603064417839,0.07506319135427475
0.08961489051580429,0.6598197221755981,0.18190020322799683,0.020670004189014435,0.04799512028694153
0.29555070400238037,0.5496701598167419,0.06800048053264618,0.020753929391503334,0.06602473556995392
0.006595063488930464,0.04207465797662735,0.4324093461036682,0.4392361342906952,0.07968483120203018
0.6692504286766052,0.17481884360313416,0.020240066573023796,0.04764946177601814,0.08804115653038025
0.02694936841726303,0.5742461085319519,0.31677356362342834,0.01977546326816082,0.062255583703517914
0.6797899007797241,0.1852216273546219,0.01752690225839615,0.03584250062704086,0.08161900192499161
0.018284952268004417,0.4295583963394165,0.48902609944343567,0.027585215866565704,0.03554527834057808
0.0016984350513666868,0.0051318141631782055,0.10549100488424301,0.8312814235687256,0.05639728158712387
0.009233847260475159,0.013801101595163345,0.010087375529110432,0.14448535442352295,0.8223922848701477
0.012082966044545174,0.13304618000984192,0.6554225087165833,0.14345607161521912,0.055992286652326584
0.006947814952582121,0.11900944262742996,0.7770824432373047,0.049564022570848465,0.04739630967378616
0.4771760404109955,0.36288708448410034,0.040971118956804276,0.040072571486234665,0.07889308035373688
0.0832146629691124,0.6387096643447876,0.12700416147708893,0.037230316549539566,0.11384113878011703
0.007621946278959513,0.05203256011009216,0.527084231376648,0.3638811409473419,0.049380112439394
0.002040228107944131,0.006119659636169672,0.1192815750837326,0.817388117313385,0.055170513689517975
0.004737525247037411,0.012425730004906654,0.14128348231315613,0.7522469162940979,0.08930635452270508
0.3753051161766052,0.4529147446155548,0.06534067541360855,0.03142201155424118,0.07501742243766785
0.07664445042610168,0.6200389266014099,0.2254238724708557,0.028652792796492577,0.049239981919527054
0.6228916049003601,0.23881208896636963,0.02198796719312668,0.02870781160891056,0.08760057389736176
0.6324997544288635,0.2129853069782257,0.024834491312503815,0.0383894182741642,0.09129096567630768
0.6619211435317993,0.1774003505706787,0.022410281002521515,0.046307045966386795,0.09196126461029053
0.0060379658825695515,0.02073618397116661,0.2598120868206024,0.6204513311386108,0.09296240657567978
0.6389968991279602,0.2086610198020935,0.02047710306942463,0.04654610529541969,0.0853189080953598
0.20302410423755646,0.5960766077041626,0.08345142006874084,0.036679722368717194,0.08076812326908112
0.052379392087459564,0.6842018961906433,0.20196698606014252,0.019143862649798393,0.04230782017111778
0.6061655879020691,0.2336415946483612,0.02533896267414093,0.04801487177610397,0.08683902770280838
0.5314481258392334,0.3071366548538208,0.03688759356737137,0.04232059046626091,0.08220699429512024
0.5169126391410828,0.29459235072135925,0.04773302748799324,0.05187675356864929,0.08888527750968933
0.002503004390746355,0.005189354531466961,0.0016241689445450902,0.09355373680591583,0.8971297144889832
0.5817449688911438,0.26114386320114136,0.02920946292579174,0.03524474427103996,0.09265699237585068
0.004214648623019457,0.01240856945514679,0.15400244295597076,0.7593837976455688,0.0699906125664711
0.6165681481361389,0.24893948435783386,0.02368442341685295,0.030510839074850082,0.08029711246490479
0.5648151636123657,0.2854459285736084,0.0332295224070549,0.03564128652215004,0.08086808025836945
0.6779853105545044,0.1703481376171112,0.021017249673604965,0.04255220293998718,0.08809708803892136
0.0059510827995836735,0.010118326172232628,0.007042112294584513,0.1555333286523819,0.8213551640510559
0.0057271867990493774,0.09811095893383026,0.6962173581123352,0.15241937339305878,0.0475250668823719
0.40352314710617065,0.446506142616272,0.03506508842110634,0.0404973141849041,0.07440831512212753
0.679235577583313,0.18901699781417847,0.01593938283622265,0.029268478974699974,0.08653953671455383
0.015320030972361565,0.2571448087692261,0.5901882648468018,0.0787326917052269,0.058614153414964676
0.629386842250824,0.24306173622608185,0.021436743438243866,0.029216160997748375,0.07689857482910156
0.006417832337319851,0.09404511749744415,0.6715672016143799,0.17827211320400238,0.04969767853617668
0.007774829398840666,0.016081063076853752,0.06696030497550964,0.7550610899925232,0.1541227102279663
0.577875018119812,0.2651903033256531,0.0309982318431139,0.04250907152891159,0.08342741429805756
0.05226527154445648,0.6547827124595642,0.21186380088329315,0.02991795912384987,0.05117029696702957
0.11632396280765533,0.5618699193000793,0.21746854484081268,0.04799282178282738,0.05634472146630287
0.008080306462943554,0.2978801429271698,0.6200002431869507,0.03641355410218239,0.03762570023536682
0.5085166692733765,0.34139057993888855,0.034836430102586746,0.037814103066921234,0.0774422213435173
0.004230152815580368,0.009383965283632278,0.0024958874564617872,0.09532035142183304,0.8885695934295654
0.007258099969476461,0.2256874144077301,0.6738715767860413,0.05228862166404724,0.040894296020269394
0.009210607968270779,0.0288007203489542,0.40368980169296265,0.49693384766578674,0.0613650381565094
0.006848740391433239,0.02044905349612236,0.15116092562675476,0.7064856290817261,0.11505568772554398
0.47249269485473633,0.36761000752449036,0.044533368200063705,0.04020942002534866,0.07515442371368408
0.5553451180458069,0.2724132835865021,0.0358787439763546,0.039681848138570786,0.09668100625276566
0.025251468643546104,0.3981550335884094,0.4816505014896393,0.03464533016085625,0.060297705233097076
0.00890355184674263,0.06746742874383926,0.5489906668663025,0.309825599193573,0.06481271237134933
0.1381920576095581,0.685104250907898,0.09279410541057587,0.014372854493558407,0.06953677535057068
0.21718385815620422,0.5338940024375916,0.12973541021347046,0.044258031994104385,0.07492860406637192
0.050852734595537186,0.44404733180999756,0.3759341239929199,0.07035970687866211,0.0588061697781086
0.520706057548523,0.3028252124786377,0.04914359003305435,0.04902665689587593,0.07829852402210236
0.5424180626869202,0.29299676418304443,0.035270947962999344,0.03429647535085678,0.09501766413450241
0.008575018495321274,0.09974849224090576,0.6339659094810486,0.20465634763240814,0.05305410921573639
0.6082504987716675,0.25723204016685486,0.027415825054049492,0.02709166891872883,0.08000999689102173
0.006346812471747398,0.014886220917105675,0.08441906422376633,0.6103559732437134,0.2839919328689575
0.0230451337993145,0.26274290680885315,0.577061653137207,0.08064097166061401,0.056509263813495636
0.465375155210495,0.3574698567390442,0.05320807546377182,0.04919526353478432,0.0747515931725502
0.04536068066954613,0.4452778398990631,0.3581961691379547,0.07045184820890427,0.08071348071098328
0.3084094524383545,0.5308219194412231,0.06127539277076721,0.02740968018770218,0.07208355516195297
0.6358160972595215,0.19848847389221191,0.02761761099100113,0.04863318055868149,0.08944457769393921
0.007591991685330868,0.047942955046892166,0.43759721517562866,0.4224262833595276,0.08444155007600784
0.6818804740905762,0.17861294746398926,0.018651284277439117,0.04027784988284111,0.0805775448679924
0.46639418601989746,0.3731559216976166,0.037274401634931564,0.04088965803384781,0.08228585124015808
0.4616768956184387,0.3644444942474365,0.046267300844192505,0.0376313291490078,0.08998005092144012
0.05308949574828148,0.7483571767807007,0.12124094367027283,0.01650596596300602,0.06080634891986847
0.03314223140478134,0.6516238451004028,0.2496049404144287,0.020511595532298088,0.0451173409819603
0.005478012375533581,0.00889667496085167,0.01114915031939745,0.36144477128982544,0.6130313873291016
0.22786222398281097,0.533962070941925,0.11740980297327042,0.04011857882142067,0.08064724504947662
0.014107226394116879,0.28781160712242126,0.6066022515296936,0.03270306810736656,0.058775853365659714
0.018603334203362465,0.166423499584198,0.5703142881393433,0.18767492473125458,0.056983884423971176
0.39418089389801025,0.42726752161979675,0.060824647545814514,0.03413882106542587,0.08358810842037201
0.6909129619598389,0.1829083114862442,0.016388116404414177,0.030009528622031212,0.07978097349405289
0.2099805474281311,0.5742719173431396,0.10606476664543152,0.03023332916200161,0.07944942265748978
0.0022859887685626745,0.003284382401034236,0.0017463280819356441,0.06918054819107056,0.9235028028488159
0.00971936248242855,0.17432750761508942,0.703066885471344,0.06721214205026627,0.0456741638481617
0.6374516487121582,0.22850309312343597,0.01942756399512291,0.026875799521803856,0.0877419114112854
0.5340031981468201,0.3290213644504547,0.03194582089781761,0.026981085538864136,0.07804850488901138
0.007376117166131735,0.10772661119699478,0.6681839823722839,0.16772165894508362,0.04899156093597412
0.6248442530632019,0.22859470546245575,0.020791441202163696,0.04219360277056694,0.08357591181993484
0.0028033042326569557,0.005934793036431074,0.03140321746468544,0.7413011193275452,0.21855753660202026
0.0022580327931791544,0.006742250174283981,0.11631402373313904,0.8122149705886841,0.06247079744935036
0.013845435343682766,0.14775016903877258,0.6477596163749695,0.12659834325313568,0.0640464574098587
0.006422871723771095,0.07928919047117233,0.6478771567344666,0.22080470621585846,0.04560596123337746
0.631223738193512,0.2095993310213089,0.02241532690823078,0.04833684116601944,0.08842483162879944
0.0086912140250206,0.030543839558959007,0.49110519886016846,0.41492459177970886,0.054735198616981506
0.0075469790026545525,0.024566786363720894,0.196211576461792,0.6866693496704102,0.08500532060861588
0.1054476797580719,0.6574762463569641,0.16806243360042572,0.0247698612511158,0.04424376040697098
0.09655937552452087,0.6851539611816406,0.14425504207611084,0.022797251120209694,0.05123436450958252
0.15393319725990295,0.662376344203949,0.09239144623279572,0.03084333799779415,0.06045561283826828
0.7480508685112,0.1235237568616867,0.010827496647834778,0.03600770980119705,0.08159013092517853
0.5700467228889465,0.2808290123939514,0.029085803776979446,0.03834238275885582,0.0816960483789444
0.006664378568530083,0.028271915391087532,0.41153910756111145,0.50773686170578,0.0457877516746521
0.020079489797353745,0.03494942560791969,0.02146848849952221,0.189504012465477,0.7339985966682434
0.011188196018338203,0.32686105370521545,0.5837504863739014,0.032209258526563644,0.04599100351333618
0.5753731727600098,0.26647791266441345,0.029533814638853073,0.04522246494889259,0.0833926573395729
0.006320481654256582,0.0456867553293705,0.45486512780189514,0.4123997986316681,0.08072784543037415
0.06752539426088333,0.6795086860656738,0.1768808215856552,0.022037863731384277,0.05404723063111305
0.3591645061969757,0.4995712637901306,0.03992028906941414,0.030066849663853645,0.07127707451581955
0.7879557013511658,0.0951596274971962,0.008319927379488945,0.030027534812688828,0.0785372331738472
0.6231887340545654,0.23360061645507812,0.025056563317775726,0.03552090749144554,0.08263325691223145
0.570158064365387,0.27275949716567993,0.03428930044174194,0.03404532000422478,0.08874776214361191
0.0025971587747335434,0.005984158720821142,0.15850062668323517,0.7765765190124512,0.05634160339832306
0.051279015839099884,0.6876283288002014,0.19479042291641235,0.01606030948460102,0.050241868942976
0.01348420511931181,0.0831766128540039,0.5706308484077454,0.2645282745361328,0.06818003952503204
0.7002312541007996,0.1494470238685608,0.01763519085943699,0.04317326843738556,0.08951323479413986
0.009861727245151997,0.036852359771728516,0.4965912997722626,0.3984915614128113,0.05820303410291672
0.05928778275847435,0.5509679317474365,0.29598140716552734,0.04003043845295906,0.05373241752386093
0.6567081809043884,0.19917526841163635,0.018989037722349167,0.0427129864692688,0.08241438865661621
0.5978243947029114,0.2643217444419861,0.023221455514431,0.03984275832772255,0.07478968799114227
0.015361307188868523,0.24727720022201538,0.6174231171607971,0.0672508180141449,0.052687522023916245
0.06365782022476196,0.3566461503505707,0.389956533908844,0.12713219225406647,0.06260717660188675
0.03432830050587654,0.5789739489555359,0.3239491581916809,0.022196926176548004,0.04055161774158478
0.6469811797142029,0.2078898400068283,0.02414720319211483,0.033081669360399246,0.08790003508329391
0.00526649784296751,0.01517090667039156,0.12722666561603546,0.7345811724662781,0.11775471270084381
0.005172002129256725,0.016858534887433052,0.2524471580982208,0.6526585817337036,0.07286369055509567
0.7018460631370544,0.16737651824951172,0.01617077924311161,0.03164530172944069,0.08296142518520355
0.5005213022232056,0.32175371050834656,0.05317224562168121,0.04506847634911537,0.0794842541217804
0.34288322925567627,0.5036733150482178,0.03974255174398422,0.04095825180411339,0.07274257391691208
0.5462788939476013,0.3010592460632324,0.032632727175951004,0.0377897284924984,0.08223944157361984
0.017135001718997955,0.02768876776099205,0.01765497401356697,0.24334344267845154,0.6941777467727661
0.010865184478461742,0.07307304441928864,0.575019896030426,0.2763795852661133,0.06466227769851685
0.6286759376525879,0.22655080258846283,0.022354094311594963,0.04223538935184479,0.08018378168344498
0.004709322936832905,0.010411744005978107,0.040594201534986496,0.734307050704956,0.2099776417016983
0.0068718926049768925,0.14112363755702972,0.7130539417266846,0.09707912057638168,0.041871339082717896
0.5501440763473511,0.3092440068721771,0.026207448914647102,0.03986663371324539,0.07453789561986923
0.5370473265647888,0.3023630976676941,0.0377952866256237,0.0389137826859951,0.08388050645589828
0.1553962677717209,0.5040277242660522,0.19871099293231964,0.06878427416086197,0.07308065891265869
0.09995371848344803,0.5743004083633423,0.21929135918617249,0.04567687585949898,0.06077763810753822
0.5774189233779907,0.23069825768470764,0.042945560067892075,0.05020424723625183,0.09873291105031967
0.5167251229286194,0.30668315291404724,0.045334700495004654,0.03788838908076286,0.09336857497692108
0.38982316851615906,0.4429529309272766,0.054974265396595,0.0361359603703022,0.0761137381196022
0.6675565242767334,0.19069522619247437,0.02283720299601555,0.03466615453362465,0.08424488455057144
0.0030967986676841974,0.004316940438002348,0.003533175913617015,0.10473538190126419,0.8843177556991577
0.6129549741744995,0.20900790393352509,0.03197913244366646,0.05199596285820007,0.09406206011772156
0.17462791502475739,0.5838479399681091,0.1409253031015396,0.03529675304889679,0.0653020516037941
0.01288386806845665,0.022866088896989822,0.01916184462606907,0.19540365040302277,0.7496844530105591
0.07122482359409332,0.698783814907074,0.14315374195575714,0.021304456517100334,0.06553325802087784
0.6173368692398071,0.2246500700712204,0.02734384499490261,0.04742243513464928,0.08324680477380753
0.013440076261758804,0.4201313853263855,0.4878052771091461,0.026932820677757263,0.05169035494327545
0.005988990422338247,0.09188050776720047,0.6671479344367981,0.1875716745853424,0.047410883009433746
0.7210851907730103,0.14550183713436127,0.012137564830482006,0.04142176732420921,0.07985374331474304
0.6941269040107727,0.16310590505599976,0.01646221987903118,0.043483197689056396,0.08282172679901123
0.705038845539093,0.14962683618068695,0.017264066264033318,0.04230022057890892,0.08577004075050354
0.16108310222625732,0.5760104060173035,0.17098097503185272,0.038990627974271774,0.05293486639857292
0.005908007267862558,0.008011292666196823,0.006468325387686491,0.12427259981632233,0.855339765548706
0.44252389669418335,0.37600016593933105,0.06087198853492737,0.03868858143687248,0.08191531151533127
0.00912484247237444,0.014686720445752144,0.02780037187039852,0.5554296374320984,0.392958402633667
0.03199761360883713,0.742077648639679,0.16965000331401825,0.011159884743392467,0.04511483758687973
0.010569848120212555,0.2935274839401245,0.6074612140655518,0.045561838895082474,0.04287964478135109
0.007930276915431023,0.013609860092401505,0.012970979325473309,0.28002697229385376,0.6854618787765503
0.008067627437412739,0.013654788956046104,0.01875382475554943,0.4248083233833313,0.534715473651886
0.008107255212962627,0.06349118053913116,0.5939396023750305,0.2769366502761841,0.05752537027001381
0.28272202610969543,0.526233434677124,0.08829648792743683,0.031332239508628845,0.07141571491956711
0.008230939507484436,0.049883872270584106,0.4735221564769745,0.40933507680892944,0.05902789160609245
0.023099828511476517,0.08923040330410004,0.218070849776268,0.4731332063674927,0.19646580517292023
0.06577001512050629,0.5860323905944824,0.2700166702270508,0.028019987046718597,0.050160862505435944
0.008938359096646309,0.21929612755775452,0.6639856696128845,0.07192177325487137,0.03585819900035858
0.0074759782291948795,0.06237371265888214,0.6074497103691101,0.2671762704849243,0.05552437901496887
0.5588198304176331,0.2757672667503357,0.031721267849206924,0.033638887107372284,0.10005279630422592
0.6312907338142395,0.20736071467399597,0.028247248381376266,0.045615751296281815,0.08748557418584824
0.11882897466421127,0.7685332894325256,0.05009099841117859,0.011005507782101631,0.05154111236333847
0.3507436215877533,0.4914208948612213,0.05512112379074097,0.033312659710645676,0.06940154731273651
0.05222860351204872,0.5892780423164368,0.28492894768714905,0.026769863441586494,0.04679451882839203
0.012086155824363232,0.048798155039548874,0.40760496258735657,0.4464048743247986,0.0851057767868042
0.0017229507211595774,0.0034554265439510345,0.0019767936319112778,0.09068818390369415,0.90215665102005
0.006318476516753435,0.07529666274785995,0.6290063261985779,0.24357903003692627,0.04579954966902733
0.006390730384737253,0.06621250510215759,0.6160837411880493,0.25401005148887634,0.05730295553803444
0.5984373688697815,0.2329222559928894,0.03584301471710205,0.04615422710776329,0.08664314448833466
0.0043183425441384315,0.010595596395432949,0.07126355171203613,0.8351574540138245,0.0786651149392128
0.0211531650274992,0.08854615688323975,0.3957545757293701,0.40752559900283813,0.08702049404382706
0.6558701395988464,0.20889604091644287,0.021593641489744186,0.028333764523267746,0.08530636876821518
0.004984929692000151,0.009546196088194847,0.024484194815158844,0.6485708355903625,0.3124138414859772
0.449228972196579,0.3355116546154022,0.07132429629564285,0.04824107885360718,0.09569402039051056
0.0063463072292506695,0.020420106127858162,0.22814065217971802,0.6743543744087219,0.07073850184679031
0.005158528685569763,0.16938090324401855,0.7627200484275818,0.022964246571063995,0.03977621719241142
0.007455006241798401,0.012935249134898186,0.009860130026936531,0.1856463998556137,0.784103274345398
0.15022557973861694,0.6429101824760437,0.11977193504571915,0.023975711315870285,0.06311662495136261
0.03790344297885895,0.346966415643692,0.47365087270736694,0.08284105360507965,0.05863817036151886
0.00642569363117218,0.01574786752462387,0.06808289140462875,0.7094100713729858,0.20033355057239532
0.02713608741760254,0.21800518035888672,0.5511149168014526,0.14889495074748993,0.05484890565276146
0.008501272648572922,0.1543491780757904,0.6902139186859131,0.10313256084918976,0.04380311816930771
0.00916907750070095,0.10021356493234634,0.7587002515792847,0.08675588667392731,0.04516114667057991
0.006524127908051014,0.17622990906238556,0.7203369140625,0.06138017401099205,0.03552888706326485
0.008066466078162193,0.014625564217567444,0.019583499059081078,0.4553152322769165,0.5024092197418213
0.09889089316129684,0.715962827205658,0.09496977180242538,0.022220423445105553,0.0679561123251915
0.056142617017030716,0.5729143023490906,0.2867063581943512,0.03548538312315941,0.048751331865787506
0.005815187934786081,0.010867662727832794,0.05862924084067345,0.7615644931793213,0.16312336921691895
0.465837299823761,0.3578622043132782,0.05765161290764809,0.04048512130975723,0.078163743019104
0.0005533045041374862,0.0008788456907495856,0.0006901735323481262,0.08596890419721603,0.9119088053703308
0.011148565448820591,0.0249321348965168,0.0775689035654068,0.6435297131538391,0.2428206354379654
0.008455878123641014,0.02566114254295826,0.2676725387573242,0.6091110110282898,0.08909942209720612
0.009468710981309414,0.024732962250709534,0.21236956119537354,0.6399269700050354,0.11350185424089432
0.029024308547377586,0.7033628225326538,0.2057948261499405,0.01332064252346754,0.048497434705495834
0.7267549633979797,0.1636589616537094,0.012022683396935463,0.025854429230093956,0.071709044277668
0.4945307970046997,0.33109721541404724,0.050738926976919174,0.040388379245996475,0.08324477076530457
0.3735039234161377,0.4390193521976471,0.0727924108505249,0.033117182552814484,0.08156716078519821
0.028576144948601723,0.37924450635910034,0.47475019097328186,0.05046793445944786,0.0669611319899559
0.008026884868741035,0.033065229654312134,0.5439592599868774,0.36012208461761475,0.05482656881213188
0.0015475419349968433,0.002345706569030881,0.001962247071787715,0.10885198414325714,0.8852925300598145
0.6854410767555237,0.15686443448066711,0.021227549761533737,0.044120002537965775,0.09234698861837387
0.0018621626077219844,0.0029265685006976128,0.0036987056955695152,0.17581047117710114,0.8157020211219788
0.34740957617759705,0.4596555829048157,0.07338397949934006,0.0339578278362751,0.08559297025203705
0.008060426451265812,0.043566275388002396,0.38142910599708557,0.4678521156311035,0.09909210354089737
0.44855737686157227,0.4003414511680603,0.03555629029870033,0.04130450636148453,0.0742402970790863
0.01194918341934681,0.20120657980442047,0.6717674136161804,0.06723863631486893,0.04783821105957031
0.014021184295415878,0.136805921792984,0.6403294801712036,0.14567303657531738,0.06317038089036942
0.4883352220058441,0.33211666345596313,0.05266021564602852,0.043721701949834824,0.08316615223884583
0.2497703731060028,0.5787773728370667,0.0696955993771553,0.037120271474123,0.06463637202978134
0.008746839128434658,0.07351454347372055,0.7430939674377441,0.1277424693107605,0.046902116388082504
0.011491930112242699,0.09999019652605057,0.6452025771141052,0.18637199699878693,0.05694319307804108
0.6714475154876709,0.20291675627231598,0.017899930477142334,0.028588347136974335,0.07914741337299347
0.002431399654597044,0.0064051393419504166,0.0274050235748291,0.871644914150238,0.0921134278178215
0.01579306460916996,0.4527983069419861,0.4621516466140747,0.024255553260445595,0.045001473277807236
0.3794064521789551,0.461613267660141,0.04228373244404793,0.04225848242640495,0.07443805783987045
0.6418381929397583,0.21607904136180878,0.02202172391116619,0.04080690070986748,0.07925422489643097
0.5305363535881042,0.33176732063293457,0.02216358482837677,0.03873058035969734,0.07680218666791916
0.0044419122859835625,0.010981861501932144,0.07491311430931091,0.755598783493042,0.15406434237957
0.00657094269990921,0.008806480094790459,0.010600474663078785,0.17767666280269623,0.7963454127311707
0.24710504710674286,0.5640110373497009,0.08441919088363647,0.04381304606795311,0.06065173074603081
0.003492336720228195,0.006327548064291477,0.004331164062023163,0.15584565699100494,0.8300032615661621
0.011256086640059948,0.13955697417259216,0.6721162796020508,0.1230837032198906,0.05398697033524513
0.011067909188568592,0.02752654440701008,0.1492423117160797,0.6878615021705627,0.1243017241358757
0.015978271141648293,0.20813167095184326,0.6402779817581177,0.08365864306688309,0.05195358768105507
0.523857593536377,0.3092659115791321,0.04016951844096184,0.04605644941329956,0.08065053075551987
0.6601839065551758,0.20121876895427704,0.020817317068576813,0.034479063004255295,0.08330091834068298
0.6420250535011292,0.22492629289627075,0.021175222471356392,0.035873234272003174,0.07600025087594986
0.005457534454762936,0.014240681193768978,0.12160934507846832,0.7758156657218933,0.08287673443555832
0.006043654400855303,0.07373446226119995,0.6916599273681641,0.18120989203453064,0.04735203832387924
0.0036617224104702473,0.006358467508107424,0.004879929590970278,0.25833624601364136,0.7267636060714722
0.597170352935791,0.23648183047771454,0.03545351326465607,0.04628872871398926,0.08460550755262375
0.666589081287384,0.18387675285339355,0.021974768489599228,0.04317000135779381,0.08438928425312042
0.00404733931645751,0.0060962350107729435,0.03482530638575554,0.5755897164344788,0.37944135069847107
0.048783477395772934,0.11944440752267838,0.14722895622253418,0.31804728507995605,0.36649590730667114
0.5957762002944946,0.23649100959300995,0.03415530174970627,0.047392845153808594,0.08618465065956116
0.0012615511659532785,0.002621165243908763,0.0013774678809568286,0.07768063992261887,0.9170591831207275
0.24122917652130127,0.47366413474082947,0.14161734282970428,0.06358648091554642,0.07990283519029617
0.0075282263569533825,0.013009720481932163,0.020710166543722153,0.44028347730636597,0.51846843957901
0.5344637632369995,0.3103197515010834,0.03489474579691887,0.03787028416991234,0.08245149254798889
0.6980640888214111,0.18233512341976166,0.01454714871942997,0.03317830339074135,0.07187539339065552
0.008164431899785995,0.1498413383960724,0.6828290820121765,0.1136806532740593,0.04548446834087372
0.006780780851840973,0.053062066435813904,0.7538372874259949,0.14104542136192322,0.045274436473846436
0.007585888262838125,0.1234961450099945,0.6824061274528503,0.14046147465705872,0.04605046659708023
0.4949864149093628,0.3626934289932251,0.03414453566074371,0.03757923096418381,0.0705963745713234
0.03252166509628296,0.3155216574668884,0.4705295264720917,0.10656717419624329,0.07486003637313843
0.011815735138952732,0.16405977308750153,0.6769842505455017,0.09378048032522202,0.053359780460596085
0.007266336586326361,0.16927292943000793,0.7135823965072632,0.06186435744166374,0.04801390692591667
0.3792158365249634,0.4206353425979614,0.0724560096859932,0.04939931258559227,0.07829350233078003
0.010358147323131561,0.062241651117801666,0.6791646480560303,0.19413453340530396,0.05410100147128105
0.15971487760543823,0.661381185054779,0.1046416386961937,0.015563825145363808,0.05869847908616066
0.022483989596366882,0.37009963393211365,0.5058892965316772,0.05421137809753418,0.04731573909521103
0.0028742249123752117,0.008008352480828762,0.08958654850721359,0.8026857376098633,0.09684514254331589
0.2810296416282654,0.46880125999450684,0.12304220348596573,0.058796390891075134,0.06833044439554214
0.6329795718193054,0.22541780769824982,0.020415620878338814,0.04128485172986984,0.07990217208862305
0.011201543733477592,0.37295451760292053,0.5373716354370117,0.026985833421349525,0.05148635059595108
0.6245883703231812,0.23336662352085114,0.020547088235616684,0.040478166192770004,0.08101975172758102
0.010195152834057808,0.31411609053611755,0.5954679846763611,0.032998256385326385,0.0472225658595562
0.002522742375731468,0.004319994244724512,0.00422387570142746,0.29012492299079895,0.6988084316253662
0.6434401273727417,0.18837977945804596,0.02967676892876625,0.04645238816738129,0.09205092489719391
0.5040772557258606,0.3434164226055145,0.034961260855197906,0.04058535024523735,0.0769597515463829
0.6644552946090698,0.19188106060028076,0.017358968034386635,0.04243545979261398,0.08386923372745514
0.005655594635754824,0.009392954409122467,0.029715513810515404,0.4482625126838684,0.5069734454154968
0.6929565668106079,0.15719005465507507,0.020189302042126656,0.040981754660606384,0.0886823907494545
0.0074464245699346066,0.15163613855838776,0.7159377932548523,0.07469500601291656,0.05028469115495682
0.2321891486644745,0.6280882358551025,0.05579157546162605,0.026692619547247887,0.057238444685935974
0.5712141990661621,0.2765304744243622,0.034234728664159775,0.034151893109083176,0.08386877924203873
0.43931207060813904,0.39651787281036377,0.04867708310484886,0.03755645826458931,0.0779365599155426
0.029897158965468407,0.5122576355934143,0.3917136490345001,0.026641247794032097,0.03949020057916641
0.23734301328659058,0.5164048671722412,0.1395445615053177,0.0367206335067749,0.06998690962791443
0.001962770940735936,0.004152115900069475,0.0010795410489663482,0.06468994170427322,0.9281156659126282
0.517438530921936,0.31492850184440613,0.03819335997104645,0.046326715499162674,0.08311301469802856
0.010954882018268108,0.01926526427268982,0.017547380179166794,0.3701815903186798,0.5820508599281311
0.05501331761479378,0.7314756512641907,0.1295698583126068,0.018740477040410042,0.06520071625709534
0.42475995421409607,0.39821547269821167,0.07051978260278702,0.030487315729260445,0.0760173574090004
0.6054293513298035,0.22949223220348358,0.02656559832394123,0.04970375448465347,0.08880915492773056
0.011116720736026764,0.20003962516784668,0.6498613953590393,0.09155648201704025,0.04742572829127312
0.7280252575874329,0.1304081231355667,0.013352317735552788,0.03904985263943672,0.0891643688082695
0.006696875672787428,0.01490568183362484,0.09244108945131302,0.7566864490509033,0.12926985323429108
0.00221996963955462,0.003304620273411274,0.0023308652453124523,0.0949779823422432,0.8971665501594543
0.004326341673731804,0.030494609847664833,0.4629780650138855,0.44806069135665894,0.0541403666138649
0.6107192635536194,0.23884908854961395,0.024114273488521576,0.045273710042238235,0.0810438022017479
0.008795558474957943,0.05494706705212593,0.5246410965919495,0.35006260871887207,0.06155358627438545
0.6168312430381775,0.23802383244037628,0.0213377196341753,0.039342839270830154,0.08446429669857025
0.006657771300524473,0.010194062255322933,0.006178154610097408,0.14965707063674927,0.8273129463195801
0.00673241913318634,0.021468641236424446,0.2573390603065491,0.6537131071090698,0.060746755450963974
0.5147269368171692,0.34009215235710144,0.03296728804707527,0.037428151816129684,0.07478553801774979
0.013494778424501419,0.49235299229621887,0.4325057566165924,0.01800505444407463,0.043641410768032074
0.008465602993965149,0.292575865983963,0.6245431303977966,0.0365639254450798,0.03785141184926033
0.007169770076870918,0.028350945562124252,0.24147002398967743,0.5898966193199158,0.13311266899108887
0.7822049260139465,0.10588165372610092,0.006823195610195398,0.030552664771676064,0.07453761249780655
0.01202217023819685,0.09176251292228699,0.6023032665252686,0.23124435544013977,0.06266772001981735
0.5117688179016113,0.3233710825443268,0.038206975907087326,0.03072190098464489,0.09593125432729721
0.14470942318439484,0.6165682077407837,0.1380637139081955,0.04564739391207695,0.05501136928796768
0.07876813411712646,0.6385689973831177,0.2024512141942978,0.029525848105549812,0.05068580433726311
0.6741856932640076,0.1781301647424698,0.017381595447659492,0.04755067825317383,0.08275189995765686
0.5516238808631897,0.3065952658653259,0.031436920166015625,0.03298715502023697,0.07735683023929596
0.5885940194129944,0.26034560799598694,0.03173890709877014,0.03573331981897354,0.08358808606863022
0.6505647897720337,0.18764762580394745,0.02282727137207985,0.05142306908965111,0.08753722161054611
0.6668576598167419,0.18176136910915375,0.022479739040136337,0.04356951266527176,0.08533173054456711
0.6590078473091125,0.21793876588344574,0.01881614327430725,0.02967981994152069,0.07455738633871078
0.5373272895812988,0.28790315985679626,0.039177510887384415,0.04630288481712341,0.08928913623094559
0.001148685347288847,0.001754384720697999,0.0012472359230741858,0.08442778885364532,0.9114219546318054
0.5974593162536621,0.2484266310930252,0.02568059042096138,0.04378041625022888,0.08465296775102615
0.6299548745155334,0.20652426779270172,0.029073448851704597,0.046230800449848175,0.08821654319763184
0.44240477681159973,0.35490691661834717,0.061385635286569595,0.053752873092889786,0.08754977583885193
0.004863941576331854,0.00769848981872201,0.10262255370616913,0.7651448845863342,0.11967010051012039
0.09777471423149109,0.7309572100639343,0.09955527633428574,0.01853613555431366,0.05317670851945877
0.0788409411907196,0.6924183368682861,0.1622207760810852,0.022118842229247093,0.04440116137266159
0.4430243670940399,0.3966450095176697,0.04591657966375351,0.03935844823718071,0.0750555545091629
0.5838518738746643,0.26872849464416504,0.02806316688656807,0.03639903664588928,0.08295748382806778
0.2611296772956848,0.49541714787483215,0.13274383544921875,0.04275443032383919,0.06795487552881241
0.6365452408790588,0.21367570757865906,0.02028411626815796,0.04790458828210831,0.08159031718969345
0.012671034783124924,0.08505997061729431,0.5661715269088745,0.26913702487945557,0.06696046888828278
0.009585892781615257,0.035705044865608215,0.3721049427986145,0.5078365802764893,0.07476747781038284
0.6507538557052612,0.1873369663953781,0.023776276037096977,0.04868799075484276,0.08944498747587204
0.01085033267736435,0.022976193577051163,0.06946816295385361,0.6509650945663452,0.24574019014835358
0.006013528909534216,0.01604318991303444,0.12907269597053528,0.766666829586029,0.08220366388559341
0.008966564200818539,0.03599005937576294,0.2507046163082123,0.6040955781936646,0.10024311393499374
0.009797164238989353,0.20836597681045532,0.6763248443603516,0.05725551024079323,0.048256490379571915
0.003947140648961067,0.01460717711597681,0.27100688219070435,0.6485387682914734,0.061900053173303604
0.6803576350212097,0.16759157180786133,0.02240688167512417,0.0420646145939827,0.08757942914962769
0.6061269640922546,0.2544918358325958,0.026980973780155182,0.02999802865087986,0.08240219205617905
0.6033711433410645,0.26789167523384094,0.022343477234244347,0.0324086956679821,0.07398497313261032
0.5741391181945801,0.25418201088905334,0.03181665390729904,0.039686620235443115,0.100175641477108
0.016811378300189972,0.4010005593299866,0.5114861726760864,0.033866629004478455,0.036835264414548874
0.36514222621917725,0.4165872037410736,0.0845397338271141,0.03993992507457733,0.09379102289676666
0.00629612198099494,0.027868684381246567,0.3669969141483307,0.5516119003295898,0.04722638800740242
0.008345626294612885,0.06896060705184937,0.6540675759315491,0.22334621846675873,0.045279886573553085
0.5355430245399475,0.2871594727039337,0.04841146990656853,0.04923552647233009,0.07965041697025299
0.004753527697175741,0.018539290875196457,0.24684999883174896,0.6697880625724792,0.060069095343351364
0.5350281596183777,0.28433340787887573,0.047776635736227036,0.04773422330617905,0.0851275697350502
0.011392934247851372,0.42062950134277344,0.499971866607666,0.023336321115493774,0.04466931149363518
0.7245329022407532,0.15544582903385162,0.011011643335223198,0.0367405079305172,0.07226913422346115
0.4491160213947296,0.4012123942375183,0.03722395375370979,0.039549320936203,0.07289830595254898
0.006678086239844561,0.00937093049287796,0.00813915953040123,0.14597052335739136,0.8298412561416626
0.577648401260376,0.26986509561538696,0.027086179703474045,0.04331248626112938,0.08208785951137543
0.009375317953526974,0.01560391578823328,0.028942681849002838,0.48137450218200684,0.46470361948013306
0.24084798991680145,0.5582507252693176,0.09438211470842361,0.02849382534623146,0.07802525907754898
0.554104208946228,0.29762330651283264,0.029346568509936333,0.04090030491352081,0.07802563160657883
0.4904268980026245,0.3302021324634552,0.04500440135598183,0.03826260566711426,0.09610392153263092
0.006664318963885307,0.029219646006822586,0.41404229402542114,0.4992386996746063,0.050835054367780685
0.5150160789489746,0.31275859475135803,0.03990928828716278,0.03424894064664841,0.09806713461875916
0.46095168590545654,0.368708074092865,0.04672811180353165,0.029673365876078606,0.09393882751464844
0.05998976528644562,0.7078682780265808,0.1679355949163437,0.015841595828533173,0.0483647882938385
0.5015069842338562,0.35071951150894165,0.033971212804317474,0.03844453766942024,0.07535777240991592
0.006002606358379126,0.024630168452858925,0.27643364667892456,0.6290557980537415,0.06387781351804733
0.004515597131103277,0.010868903249502182,0.17036810517311096,0.7247124314308167,0.08953499794006348
0.5301346182823181,0.3170647919178009,0.03364739194512367,0.039823051542043686,0.07933024317026138
0.005137936677783728,0.007182741537690163,0.004288135562092066,0.19927963614463806,0.7841115593910217
0.008695660158991814,0.09742668271064758,0.6857278347015381,0.15646420419216156,0.0516856350004673
0.6328603029251099,0.23385269939899445,0.021257176995277405,0.03343728929758072,0.07859255373477936
0.009060361422598362,0.0808420404791832,0.5306156873703003,0.3102845251560211,0.0691973939538002
0.0057098595425486565,0.10030873119831085,0.7399890422821045,0.11020956933498383,0.043782856315374374
0.6239423751831055,0.2294367104768753,0.01882512867450714,0.0456547774374485,0.08214103430509567
0.021335594356060028,0.6112771034240723,0.3121117651462555,0.016257379204034805,0.039018288254737854
0.004667683504521847,0.02270098775625229,0.2913241982460022,0.5803461074829102,0.10096099227666855
0.004010798875242472,0.006914347410202026,0.12433461844921112,0.7806603312492371,0.08407992869615555
0.6424503326416016,0.22732369601726532,0.019918037578463554,0.029581939801573753,0.08072594553232193
0.7746943235397339,0.10141989588737488,0.009265282191336155,0.031468793749809265,0.0831516906619072
0.003947893623262644,0.02060355246067047,0.3399967551231384,0.5675530433654785,0.06789880245923996
0.07279928028583527,0.5897661447525024,0.2560102641582489,0.030830152332782745,0.050594162195920944
0.008531474508345127,0.21232566237449646,0.6764926910400391,0.052007824182510376,0.05064232274889946
0.02387654408812523,0.4301096796989441,0.4652032256126404,0.03830554336309433,0.04250495508313179
0.006095971912145615,0.027986127883195877,0.3810076117515564,0.5349022746086121,0.05000796169042587
0.08387576043605804,0.6230648159980774,0.20716336369514465,0.02917104959487915,0.05672502890229225
0.7731543779373169,0.10318390280008316,0.009663849137723446,0.03317522257566452,0.08082271367311478
0.715180516242981,0.13028115034103394,0.0163448303937912,0.04055180773139,0.097641721367836
0.5606862902641296,0.266003280878067,0.040893737226724625,0.04856443777680397,0.08385235071182251
0.010077370330691338,0.034457504749298096,0.4247174561023712,0.46845605969429016,0.06229150667786598
0.013091180473566055,0.02851417101919651,0.07415951788425446,0.5967215895652771,0.2875136435031891
0.06325069814920425,0.3452458679676056,0.4434526860713959,0.09489668905735016,0.05315406247973442
0.008740945719182491,0.12856586277484894,0.6944799423217773,0.11865265667438507,0.049560546875
0.01092224195599556,0.3595091998577118,0.5722532272338867,0.02665158174932003,0.030663782730698586
0.0030602742917835712,0.009853878058493137,0.15033669769763947,0.7805303335189819,0.056218769401311874
0.6122190952301025,0.2596566379070282,0.020036112517118454,0.036836035549640656,0.07125209271907806
0.5074781179428101,0.3605438470840454,0.02811111882328987,0.03412361815571785,0.06974335014820099
0.004759851843118668,0.020485665649175644,0.3204686939716339,0.604647159576416,0.04963865876197815
0.11117798089981079,0.6491721868515015,0.1449856013059616,0.023876994848251343,0.07078718394041061
0.18155163526535034,0.5823376178741455,0.13493794202804565,0.03352852538228035,0.06764426827430725
0.0016694810474291444,0.0023773806169629097,0.0022774075623601675,0.10286333411931992,0.8908124566078186
0.033034954220056534,0.6532446146011353,0.23516646027565002,0.02401166968047619,0.05454226955771446
0.507681667804718,0.3154546022415161,0.041848622262477875,0.044147998094558716,0.09086716175079346
0.10867048054933548,0.6426625847816467,0.15706779062747955,0.029804669320583344,0.06179448589682579
0.004572127480059862,0.012304446659982204,0.10858379304409027,0.7639473676681519,0.11059228330850601
0.31358420848846436,0.5220187902450562,0.0658009871840477,0.03253729268908501,0.06605872511863708
0.038506943732500076,0.659044623374939,0.23122379183769226,0.02094608172774315,0.05027860030531883
0.6376875638961792,0.21168147027492523,0.024735966697335243,0.03570263832807541,0.09019222855567932
0.4926013648509979,0.33422863483428955,0.04319671168923378,0.05146058276295662,0.07851272821426392
0.023039011284708977,0.39180755615234375,0.49770674109458923,0.04365561529994011,0.04379115626215935
0.1671440154314041,0.6046921014785767,0.13510070741176605,0.0280256699770689,0.06503751873970032
0.6065728664398193,0.24503470957279205,0.02385239489376545,0.04593612253665924,0.07860390841960907
0.4901018738746643,0.3642169237136841,0.03471557796001434,0.03692428022623062,0.07404131442308426
0.12830519676208496,0.7267230153083801,0.0615113265812397,0.019486257806420326,0.06397422403097153
0.4420982897281647,0.3951839208602905,0.04967550188302994,0.03396263346076012,0.07907962799072266
0.014110380783677101,0.13671492040157318,0.6255863308906555,0.16397954523563385,0.059608761221170425
0.15503208339214325,0.6245402097702026,0.131087988615036,0.024930937215685844,0.06440872699022293
0.663091778755188,0.21459455788135529,0.017674563452601433,0.02898111380636692,0.07565797865390778
0.0008055478101596236,0.002417980460450053,0.06549690663814545,0.8852508664131165,0.04602866992354393
0.5431917905807495,0.3021000623703003,0.034389860928058624,0.03331461548805237,0.08700357377529144
0.6249578595161438,0.23404733836650848,0.020314041525125504,0.045266229659318924,0.0754145085811615
0.6655170321464539,0.20826923847198486,0.01871315948665142,0.02793397381901741,0.0795665979385376
0.6268353462219238,0.22384312748908997,0.023696504533290863,0.04640490934252739,0.0792200118303299
0.5723239183425903,0.23419977724552155,0.04797644913196564,0.05024559795856476,0.09525422006845474
0.6166179180145264,0.24094030261039734,0.0249334629625082,0.034821316599845886,0.08268696069717407
0.005032883491367102,0.01781015656888485,0.32326117157936096,0.6131672859191895,0.04072852060198784
0.008090573363006115,0.20995967090129852,0.6834467053413391,0.04796769097447395,0.050535399466753006
0.06352493911981583,0.5039974451065063,0.32519713044166565,0.04827782139182091,0.05900273844599724
0.09342825412750244,0.5545291304588318,0.24291011691093445,0.047352179884910583,0.06178039312362671
0.2614154815673828,0.5472936630249023,0.08808434754610062,0.028906088322401047,0.07430044561624527
0.009376291185617447,0.04761769250035286,0.6101385951042175,0.2750854790210724,0.05778193846344948
0.008492409251630306,0.03859748691320419,0.3911718726158142,0.5024067759513855,0.05933145433664322
0.0034415144473314285,0.0064792693592607975,0.0023811496794223785,0.1194356232881546,0.8682624101638794
0.006445773411542177,0.09041856974363327,0.6774492859840393,0.17546391487121582,0.05022244527935982
0.6699728965759277,0.19681954383850098,0.015677466988563538,0.04294564574956894,0.07458433508872986
0.10905291140079498,0.6747141480445862,0.1489058881998062,0.017029007896780968,0.050297919660806656
0.008382434956729412,0.02259640581905842,0.22853878140449524,0.6752352118492126,0.06524714827537537
0.6499732732772827,0.18769006431102753,0.02589014172554016,0.045704636722803116,0.09074188023805618
0.6533001065254211,0.22352342307567596,0.018513523042201996,0.031017964705824852,0.07364495098590851
0.003074642503634095,0.006580386310815811,0.0025022674817591906,0.10711503773927689,0.8807277083396912
0.02620449662208557,0.4921529293060303,0.4033304452896118,0.031069807708263397,0.04724228382110596
0.010606937110424042,0.020960703492164612,0.04763888940215111,0.6137858629226685,0.30700767040252686
0.23840203881263733,0.5712676644325256,0.09032267332077026,0.025152694433927536,0.07485496252775192
0.006707958877086639,0.023266326636075974,0.31472909450531006,0.6011261343955994,0.05417047068476677
0.006501092575490475,0.0369630791246891,0.6687767505645752,0.2372710257768631,0.05048811435699463
0.007176869548857212,0.017828945070505142,0.14188334345817566,0.7404889464378357,0.09262191504240036
0.009114040993154049,0.03322378918528557,0.3400573432445526,0.5499629974365234,0.06764186173677444
0.011756734922528267,0.020732741802930832,0.03374117612838745,0.5405166745185852,0.3932526707649231
0.3788849711418152,0.44279539585113525,0.06398341804742813,0.04599766060709953,0.06833863258361816
0.00614533293992281,0.01569177396595478,0.24243886768817902,0.6765016317367554,0.05922241136431694
0.49249735474586487,0.34144818782806396,0.04787537828087807,0.04150540009140968,0.07667367160320282
0.17498502135276794,0.6535495519638062,0.09224966913461685,0.0233432836830616,0.05587242916226387
0.46989327669143677,0.3501681983470917,0.05944596603512764,0.04028702154755592,0.08020560443401337
0.003211074275895953,0.010566851124167442,0.19089536368846893,0.7486056089401245,0.046721089631319046
0.5428924560546875,0.3100924789905548,0.02899141050875187,0.039757099002599716,0.07826656848192215
0.003698495449498296,0.010977709665894508,0.10621507465839386,0.7923502326011658,0.08675849437713623
0.4984557330608368,0.33424240350723267,0.047020331025123596,0.04458409547805786,0.07569745928049088
0.006330528762191534,0.01361567247658968,0.2579011023044586,0.6659141778945923,0.05623853579163551
0.2008724808692932,0.6064022183418274,0.09826363623142242,0.028448250144720078,0.06601345539093018
0.011471163481473923,0.1511448621749878,0.6901901364326477,0.09946414083242416,0.04772978648543358
0.729364275932312,0.13205306231975555,0.012408038601279259,0.03835426643490791,0.08782048523426056
0.527023196220398,0.326656311750412,0.0369001142680645,0.03402209281921387,0.0753982737660408
0.6659179329872131,0.1883704513311386,0.020895179361104965,0.038589950650930405,0.08622649312019348
0.431827574968338,0.37732845544815063,0.059925079345703125,0.04423408955335617,0.08668478578329086
0.008030707016587257,0.15600204467773438,0.7115263938903809,0.08304747939109802,0.041393354535102844
0.005858329590409994,0.03594666346907616,0.34652912616729736,0.5078297257423401,0.10383616387844086
0.005093174986541271,0.016642270609736443,0.14778558909893036,0.6482756733894348,0.18220330774784088
0.0015265371184796095,0.0023235424887388945,0.007056761533021927,0.40869614481925964,0.5803970098495483
0.18466833233833313,0.6211109161376953,0.10291935503482819,0.021458007395267487,0.0698433667421341
0.0038420134223997593,0.009901301003992558,0.06197967380285263,0.8524497747421265,0.07182718813419342
0.09522697329521179,0.6675079464912415,0.15232859551906586,0.015571312047541142,0.06936512887477875
0.7324035167694092,0.13937100768089294,0.01081314031034708,0.03972615301609039,0.07768616080284119
0.42314857244491577,0.38395917415618896,0.05917089805006981,0.03749143332242966,0.09622995555400848
0.49284324049949646,0.31447988748550415,0.05289791151881218,0.053870994597673416,0.08590792864561081
0.011089254170656204,0.027878902852535248,0.1410396248102188,0.6725594997406006,0.14743277430534363
0.30403199791908264,0.5752641558647156,0.036550045013427734,0.02420736663043499,0.05994646996259689
0.6838235855102539,0.1971232146024704,0.015687569975852966,0.02697991020977497,0.0763857290148735
0.7366001605987549,0.12442508339881897,0.012500706128776073,0.03855432569980621,0.0879196971654892
0.6834132075309753,0.17522668838500977,0.014872472733259201,0.04034348577260971,0.08614414930343628
0.5820063352584839,0.26632997393608093,0.031109459698200226,0.03836112841963768,0.08219307661056519
0.006363863591104746,0.00883824098855257,0.016530677676200867,0.45117631554603577,0.517090916633606
0.7215266227722168,0.16017305850982666,0.012753135524690151,0.027659045532345772,0.07788820564746857
0.01682097278535366,0.4808874726295471,0.4345185160636902,0.020855894312262535,0.046917129307985306
0.44725412130355835,0.39138177037239075,0.04558468982577324,0.027368295937776566,0.08841107040643692
0.7060434222221375,0.1460995078086853,0.01910560578107834,0.039604831486940384,0.08914662152528763
0.618424654006958,0.22254979610443115,0.027948275208473206,0.038984790444374084,0.09209244698286057
0.0023174022790044546,0.0070161656476557255,0.14008836448192596,0.8001518249511719,0.050426241010427475
0.14036184549331665,0.6425721645355225,0.12829680740833282,0.022519756108522415,0.0662495568394661
0.0031812447123229504,0.010326886549592018,0.1709917038679123,0.7648812532424927,0.05061890557408333
0.497539222240448,0.3632788360118866,0.029003703966736794,0.0356910265982151,0.07448715716600418
0.48140206933021545,0.34502384066581726,0.04493685066699982,0.04338787868618965,0.0852493941783905
0.3241289258003235,0.5205454230308533,0.06721104681491852,0.0282533448189497,0.059861235320568085
0.01472318172454834,0.06974949687719345,0.5698214173316956,0.28373926877975464,0.061966653913259506
0.6778662800788879,0.16409985721111298,0.02306004799902439,0.04190850257873535,0.0930652990937233
0.35206350684165955,0.44766202569007874,0.07321187853813171,0.037834566086530685,0.089228056371212
0.13792601227760315,0.6309204697608948,0.11586172878742218,0.05390772968530655,0.06138406693935394
0.6251187324523926,0.23338375985622406,0.02434450387954712,0.03315240144729614,0.08400071412324905
0.004016263410449028,0.0068222456611692905,0.009756729006767273,0.44290995597839355,0.536494791507721
0.07697740942239761,0.5959815382957458,0.24172963201999664,0.03753892332315445,0.04777248576283455
0.002613637363538146,0.006502619944512844,0.06038656458258629,0.8068987131118774,0.12359846383333206
0.013543941080570221,0.3686199486255646,0.5464912056922913,0.0368860624730587,0.034458860754966736
0.00529805663973093,0.014275399036705494,0.1412867307662964,0.7407505512237549,0.09838932007551193
0.007136090192943811,0.05597849562764168,0.49260395765304565,0.36264148354530334,0.08164000511169434
0.0058420579880476,0.13739736378192902,0.726637601852417,0.09327615052461624,0.036846838891506195
0.0017927632434293628,0.00369722000323236,0.0011239434825256467,0.07377263903617859,0.9196134209632874
0.667378842830658,0.20381547510623932,0.018354186788201332,0.030696965754032135,0.07975440472364426
0.5416914224624634,0.2987632751464844,0.03578460216522217,0.04480931535363197,0.0789513885974884
0.011546310968697071,0.02194918319582939,0.03734421730041504,0.5563878417015076,0.3727723956108093
0.582365870475769,0.25950080156326294,0.033493511378765106,0.03745498135685921,0.087184838950634
0.006211222615092993,0.0291232168674469,0.2908046543598175,0.5697844624519348,0.10407641530036926
0.49336448311805725,0.3595524728298187,0.03555618226528168,0.03772953152656555,0.0737973228096962
0.0025652297772467136,0.007201493717730045,0.0033651927951723337,0.04229523614048958,0.9445728659629822
0.13037165999412537,0.6965665221214294,0.09299870580434799,0.018425922840833664,0.061637185513973236
0.00079660105984658,0.0019095101160928607,0.017283566296100616,0.83189457654953,0.14811564981937408
0.36596810817718506,0.4131104648113251,0.11141570657491684,0.03486800566315651,0.07463773339986801
0.5208532810211182,0.3204062879085541,0.03623949736356735,0.036663174629211426,0.0858377143740654
0.5346348285675049,0.3266605734825134,0.03256884589791298,0.030556727200746536,0.07557893544435501
0.041241422295570374,0.6861303448677063,0.19995491206645966,0.020368924364447594,0.052304379642009735
0.007963316515088081,0.11277229338884354,0.6516475677490234,0.17873427271842957,0.04888259992003441
0.5915765762329102,0.25682681798934937,0.0294390469789505,0.039275895804166794,0.08288165181875229
0.6333732604980469,0.22522492706775665,0.023103756830096245,0.03622150048613548,0.08207663893699646
0.011105630546808243,0.045162901282310486,0.5389931201934814,0.3476145267486572,0.05712376907467842
0.007984299212694168,0.02890489250421524,0.27623191475868225,0.615602970123291,0.0712759792804718
0.21298861503601074,0.6063864231109619,0.09719590842723846,0.027537953108549118,0.05589108541607857
0.6829847693443298,0.19497069716453552,0.016104135662317276,0.028294166550040245,0.07764629274606705
0.02183716930449009,0.07989580184221268,0.29802367091178894,0.48030585050582886,0.1199374794960022
0.5134889483451843,0.3198743164539337,0.03514470160007477,0.04276339337229729,0.08872862160205841
0.40696272253990173,0.3956717550754547,0.06752677261829376,0.044114258140325546,0.08572458475828171
0.22864344716072083,0.6086871027946472,0.06818044930696487,0.01861756108701229,0.07587140798568726
0.7439253330230713,0.12535181641578674,0.012858044356107712,0.03602438047528267,0.08184037357568741
0.5195791125297546,0.3103790283203125,0.05062318593263626,0.03187401965260506,0.08754464983940125
0.6610468029975891,0.2083442658185959,0.017620913684368134,0.03676426038146019,0.07622375339269638
0.06597837805747986,0.6855910420417786,0.18425722420215607,0.02234233357012272,0.04183104634284973
0.6042654514312744,0.2516087293624878,0.022154539823532104,0.040988463908433914,0.08098283410072327
0.03409437835216522,0.7194716930389404,0.1822669804096222,0.013530068099498749,0.05063686892390251
0.017555836588144302,0.12670932710170746,0.63825923204422,0.15680645406246185,0.060669150203466415
0.6653633117675781,0.17956885695457458,0.021837351843714714,0.04712250456213951,0.08610795438289642
0.661311686038971,0.18311630189418793,0.022583018988370895,0.04472244158387184,0.08826658874750137
0.022247042506933212,0.2531460225582123,0.5969747304916382,0.07722292840480804,0.05040929466485977
0.4050696790218353,0.4366103708744049,0.03855409473180771,0.04174025356769562,0.0780257135629654
0.004228175152093172,0.013135314919054508,0.16646362841129303,0.7518885135650635,0.06428444385528564
0.05786886811256409,0.7336351871490479,0.13093726336956024,0.022146321833133698,0.0554124116897583
0.02810995653271675,0.32220351696014404,0.504930317401886,0.08753383904695511,0.05722234398126602
0.09595547616481781,0.6720530986785889,0.15577475726604462,0.021501371636986732,0.05471530184149742
0.0015389412874355912,0.002875623991712928,0.0017779514892026782,0.04777379333972931,0.946033775806427
0.013009436428546906,0.31986215710639954,0.5830349922180176,0.03923659026622772,0.044856902211904526
0.094667449593544,0.5863266587257385,0.2200138121843338,0.037535496056079865,0.061456646770238876
0.40970274806022644,0.45178478956222534,0.041876170784235,0.02984263002872467,0.06679355353116989
0.006233696360141039,0.052535392343997955,0.5922017097473145,0.2974185347557068,0.051610689610242844
0.37560132145881653,0.43816858530044556,0.07301393151283264,0.03383123502135277,0.07938484102487564
0.011488201096653938,0.024339336901903152,0.059805892407894135,0.6986371278762817,0.20572945475578308
0.006544510833919048,0.025167886167764664,0.29276683926582336,0.6144151091575623,0.06110566854476929
0.009889335371553898,0.03397388383746147,0.43590736389160156,0.4582410752773285,0.061988331377506256
0.143554225564003,0.6843209862709045,0.0955108031630516,0.019970791414380074,0.05664314702153206
0.02103308029472828,0.5892193913459778,0.33458468317985535,0.016870442777872086,0.03829248994588852
0.013632293790578842,0.038735341280698776,0.2256772816181183,0.6189182996749878,0.10303683578968048
0.1811438500881195,0.6232810616493225,0.09116829186677933,0.04037897288799286,0.06402771919965744
0.006883780937641859,0.09188559651374817,0.6672441363334656,0.18343405425548553,0.05055239796638489
0.7070595026016235,0.15394118428230286,0.012398036196827888,0.04264482110738754,0.08395650237798691
0.010190838016569614,0.045683395117521286,0.5224300026893616,0.3610081970691681,0.06068769842386246
0.0035445333924144506,0.010191913694143295,0.12033868581056595,0.7817374467849731,0.08418746292591095
0.054758500307798386,0.5670475959777832,0.2670518159866333,0.040554244071245193,0.07058794796466827
0.5880138874053955,0.25381946563720703,0.026906073093414307,0.046767979860305786,0.08449257165193558
0.29935529828071594,0.5124334096908569,0.07801166921854019,0.02864092029631138,0.0815587043762207
0.0013170340098440647,0.0041113984771072865,0.05752074345946312,0.8690875172615051,0.06796330213546753
0.6991910338401794,0.17095015943050385,0.015794308856129646,0.03112456016242504,0.08293989300727844
0.0789279043674469,0.7291620969772339,0.12176413089036942,0.020393775776028633,0.049752164632081985
0.06454070657491684,0.1716078519821167,0.30626922845840454,0.2888643443584442,0.16871796548366547
0.00726346205919981,0.021524786949157715,0.1633157581090927,0.6341941952705383,0.17370180785655975
0.0056558591313660145,0.011063995771110058,0.08424770832061768,0.7541598677635193,0.1448725014925003
0.0025972379371523857,0.0058786929585039616,0.0037338589318096638,0.2511095404624939,0.7366806864738464
0.44216203689575195,0.39480844140052795,0.043875228613615036,0.042856816202402115,0.07629749923944473
0.002290873322635889,0.005128433462232351,0.0013542247470468283,0.0586380772292614,0.9325883388519287
0.005676782689988613,0.028608223423361778,0.35866084694862366,0.5310113430023193,0.07604280114173889
0.6847969889640808,0.16474243998527527,0.01952526718378067,0.04305185377597809,0.08788339048624039
0.04059827700257301,0.16372919082641602,0.5445998311042786,0.19289430975914001,0.05817846581339836
0.4061110019683838,0.4166996479034424,0.06444309651851654,0.03458718582987785,0.07815911620855331
0.3757663667201996,0.44785675406455994,0.06887698173522949,0.03848543390631676,0.06901448965072632
0.0033517489209771156,0.004970751237124205,0.05156213790178299,0.7886393070220947,0.15147607028484344
0.0018821704434230924,0.0056729866191744804,0.07391979545354843,0.8459632396697998,0.07256177812814713
0.005865414626896381,0.024760615080595016,0.25531402230262756,0.5934724807739258,0.12058750540018082
0.3195425271987915,0.5217982530593872,0.06729821115732193,0.0226247850805521,0.06873617321252823
0.5405960083007812,0.2978267967700958,0.029843885451555252,0.05104914307594299,0.080684132874012
0.5828225612640381,0.25557881593704224,0.03415919840335846,0.046467237174510956,0.08097226917743683
0.009784321300685406,0.08766764402389526,0.7344076633453369,0.11342354118824005,0.054716806858778
0.040625158697366714,0.6420524716377258,0.2682657241821289,0.015222961083054543,0.03383369743824005
0.026311976835131645,0.7097939848899841,0.1982087343931198,0.01211828738451004,0.053567074239254
0.07342889904975891,0.7620346546173096,0.09810757637023926,0.013112724758684635,0.053316082805395126
0.7238265872001648,0.16705229878425598,0.012168282642960548,0.025057295337319374,0.07189560681581497
0.011307337321341038,0.03118915669620037,0.22293800115585327,0.6228725910186768,0.11169281601905823
0.00553060881793499,0.016057832166552544,0.25461891293525696,0.6626105904579163,0.06118198111653328
0.02830676920711994,0.5173132419586182,0.37653714418411255,0.03063800185918808,0.04720478132367134
0.006509887520223856,0.10751575231552124,0.7310450077056885,0.11043596267700195,0.04449336230754852
0.14234550297260284,0.5610949397087097,0.18124046921730042,0.04419476166367531,0.07112433016300201
0.16445022821426392,0.6643542647361755,0.08227316290140152,0.014678330160677433,0.07424404472112656
0.6937989592552185,0.18026800453662872,0.01575809344649315,0.030443599447607994,0.07973144203424454
0.009867747314274311,0.0575503334403038,0.5213255882263184,0.3503083884716034,0.0609479583799839
0.05613590031862259,0.6702088713645935,0.199663907289505,0.024761371314525604,0.04922989755868912
0.01140142884105444,0.2881688177585602,0.6153048872947693,0.04146360605955124,0.04366124048829079
0.01951805129647255,0.028532197698950768,0.03594103083014488,0.32682234048843384,0.589186429977417
0.006624817382544279,0.03116626851260662,0.27843186259269714,0.5634537935256958,0.12032321095466614
0.005818849895149469,0.04355163127183914,0.5733028650283813,0.3287593722343445,0.04856730252504349
0.007745325565338135,0.1465308964252472,0.6882547736167908,0.11275366693735123,0.044715385884046555
0.10746952891349792,0.6076535582542419,0.20059393346309662,0.02896304242312908,0.055319979786872864
0.7390710115432739,0.1279466301202774,0.013582820072770119,0.035423241555690765,0.08397628366947174
0.007119035813957453,0.02063903957605362,0.18996691703796387,0.7002753019332886,0.08199969679117203
0.6176393032073975,0.24201460182666779,0.025000236928462982,0.032581865787506104,0.08276403695344925
0.006262976210564375,0.0728159174323082,0.667773425579071,0.20191456377506256,0.051233112812042236
0.009669206105172634,0.024436872452497482,0.11220379173755646,0.7356295585632324,0.11806056648492813
0.4534727931022644,0.3650158941745758,0.05024353042244911,0.03847641497850418,0.09279139339923859
0.006898551248013973,0.01311189029365778,0.03212940692901611,0.6813929677009583,0.2664671540260315
0.055449228733778,0.7477394342422485,0.13788974285125732,0.015185294672846794,0.04373633861541748
0.0519009605050087,0.7025129795074463,0.18236036598682404,0.017684591934084892,0.045541152358055115
0.0007201861590147018,0.002675854368135333,0.021161049604415894,0.9425379037857056,0.03290495648980141
0.005131233017891645,0.01429042685776949,0.10956289619207382,0.6284323334693909,0.24258308112621307
0.7389495968818665,0.12492416799068451,0.012296297587454319,0.03790890425443649,0.08592108637094498
0.4898506999015808,0.3555029332637787,0.038054823875427246,0.03844957426190376,0.07814198732376099
0.6709163784980774,0.18359044194221497,0.01686759851872921,0.046968668699264526,0.08165689557790756
0.6847105622291565,0.18601690232753754,0.01746385544538498,0.030042137950658798,0.08176660537719727
0.04402592405676842,0.39749249815940857,0.41525697708129883,0.07811450958251953,0.06511004269123077
0.30483126640319824,0.4688440263271332,0.09572101384401321,0.048507243394851685,0.0820963904261589
0.6250790953636169,0.23287516832351685,0.02322367951273918,0.03953731805086136,0.07928474992513657
0.5792779326438904,0.2625548541545868,0.030149944126605988,0.039004575461149216,0.08901267498731613
0.09863105416297913,0.707869291305542,0.11269254982471466,0.026193806901574135,0.05461318790912628
0.629912257194519,0.2239154428243637,0.021003684028983116,0.045831307768821716,0.07933729141950607
0.004698651842772961,0.009348400868475437,0.02474471926689148,0.6160537600517273,0.3451545238494873
0.36529043316841125,0.4721098840236664,0.06040116772055626,0.027158576995134354,0.07503991574048996
0.02619396522641182,0.47427618503570557,0.417848140001297,0.03459760919213295,0.04708420857787132
0.710075318813324,0.16699981689453125,0.013725613243877888,0.030357444658875465,0.07884187996387482
0.1856379210948944,0.6209719777107239,0.1070057600736618,0.021864166483283043,0.0645202025771141
0.6001404523849487,0.2393200695514679,0.026627350598573685,0.035799290984869,0.09811285883188248
0.09712447971105576,0.37844398617744446,0.3417395055294037,0.11440493911504745,0.06828711926937103
0.46868833899497986,0.3583349287509918,0.050506047904491425,0.03835392743349075,0.08411677926778793
0.6160717606544495,0.23168142139911652,0.02259817346930504,0.04473188519477844,0.08491677045822144
0.009368878789246082,0.1451202780008316,0.7003307938575745,0.10391992330551147,0.04126005619764328
0.01660185120999813,0.35035407543182373,0.5570911169052124,0.03866871818900108,0.03728419542312622
0.009497889317572117,0.02334384247660637,0.10919159650802612,0.5761703848838806,0.28179633617401123
0.009191891178488731,0.028763867914676666,0.34774264693260193,0.5410696268081665,0.07323190569877625
0.6512052416801453,0.20706316828727722,0.019969891756772995,0.033268239349126816,0.08849354833364487
0.5958686470985413,0.2458352893590927,0.027177101001143456,0.040682367980480194,0.09043662995100021
0.03814864531159401,0.4173676073551178,0.42721036076545715,0.06189931556582451,0.055374063551425934
0.3354334533214569,0.4542355537414551,0.08300162851810455,0.03848976269364357,0.08883965015411377
0.702587366104126,0.14030010998249054,0.017641818150877953,0.045558854937553406,0.09391186386346817
0.021026108413934708,0.5368081331253052,0.375727117061615,0.02582899108529091,0.040609631687402725
0.6179981231689453,0.24205420911312103,0.023515671491622925,0.030710680410265923,0.08572129160165787
0.0016081719659268856,0.0036064498126506805,0.02746126614511013,0.7967131733894348,0.1706109195947647
0.024575090035796165,0.6444150805473328,0.26934313774108887,0.014526008628308773,0.0471407026052475
0.008185249753296375,0.012078985571861267,0.011954284273087978,0.28050509095191956,0.6872763633728027
0.5842958688735962,0.26866188645362854,0.02828623168170452,0.0346669927239418,0.08408910036087036
0.6367524266242981,0.2278226613998413,0.01965305767953396,0.02692517824470997,0.08884669095277786
0.004653002601116896,0.011613058857619762,0.19864104688167572,0.7184910178184509,0.06660186499357224
0.12441156804561615,0.6619974374771118,0.12080828100442886,0.03256387636065483,0.06021881476044655
0.1419183313846588,0.6571110486984253,0.12871970236301422,0.020438995212316513,0.05181186646223068
0.40157321095466614,0.4172801971435547,0.06902911514043808,0.03979625552892685,0.07232125848531723
0.4865143597126007,0.3826562166213989,0.029718173667788506,0.032289303839206696,0.06882189214229584
0.10852566361427307,0.6145780682563782,0.1885737180709839,0.03169206157326698,0.05663053318858147
0.37126025557518005,0.42511460185050964,0.08466903120279312,0.04495265334844589,0.07400350272655487
0.6904881596565247,0.17129027843475342,0.013834702782332897,0.04487347602844238,0.07951341569423676
0.46251681447029114,0.39126211404800415,0.037396036088466644,0.03581811860203743,0.07300695776939392
0.009180729277431965,0.23100072145462036,0.6693282127380371,0.04589676484465599,0.04459367319941521
0.017348777502775192,0.40841609239578247,0.4998929798603058,0.03563007712364197,0.03871213272213936
0.6064979434013367,0.2165469080209732,0.03869002312421799,0.0455562099814415,0.09270904213190079
0.006801159121096134,0.02596978284418583,0.35031580924987793,0.5629721879959106,0.05394105613231659
0.021066419780254364,0.5978922843933105,0.3182319402694702,0.016802359372377396,0.04600699618458748
7.286617619683966e-05,0.00011423776595620438,3.600936906877905e-05,0.014085524715483189,0.9856913685798645
0.013258115388453007,0.1221761703491211,0.692756712436676,0.10109841823577881,0.07071052491664886
0.06660167127847672,0.6988664269447327,0.1599501520395279,0.013337831012904644,0.06124391779303551
0.512238085269928,0.3274416923522949,0.037626635283231735,0.03043946623802185,0.0922541543841362
0.6170760989189148,0.2198212593793869,0.027080796658992767,0.04612015187740326,0.0899016484618187
0.6548668742179871,0.2007981687784195,0.017350800335407257,0.03970729559659958,0.08727692812681198
0.008037184365093708,0.14444667100906372,0.7095184922218323,0.09805508702993393,0.03994258865714073
0.009221198968589306,0.017376970499753952,0.013075959868729115,0.17420965433120728,0.7861161828041077
0.007017963565886021,0.021383056417107582,0.15690499544143677,0.7147343754768372,0.099959596991539
0.020562773570418358,0.3266204595565796,0.5548408627510071,0.047064173966646194,0.05091170594096184
0.6566839814186096,0.2031102478504181,0.018660621717572212,0.030570633709430695,0.09097453951835632
0.01653171330690384,0.1233062744140625,0.6678786277770996,0.1381690502166748,0.054114293307065964
0.7365202903747559,0.1268506646156311,0.011713472194969654,0.04049243405461311,0.08442313969135284
0.0012152331182733178,0.002973369089886546,0.0013226288137957454,0.03282220661640167,0.9616665840148926
0.3929987847805023,0.4203689694404602,0.06503793597221375,0.037424132227897644,0.08417020738124847
0.017589163035154343,0.03565997630357742,0.03501366823911667,0.4151146113872528,0.4966225326061249
0.6687732934951782,0.18291321396827698,0.021451452746987343,0.04258395731449127,0.0842781513929367
0.006927338894456625,0.04414172098040581,0.5249395966529846,0.37044262886047363,0.0535486601293087
0.7018831968307495,0.13859236240386963,0.01918165758252144,0.044113654643297195,0.09622909128665924
0.3010147213935852,0.478821724653244,0.09595899283885956,0.04132770374417305,0.08287686109542847
0.5447998046875,0.30513617396354675,0.03579387068748474,0.041203759610652924,0.07306640595197678
0.4375555217266083,0.40677759051322937,0.04704689979553223,0.02694854885339737,0.08167152851819992
0.6931397914886475,0.18245773017406464,0.01570134051144123,0.029856083914637566,0.07884503901004791
0.5951288938522339,0.23114117980003357,0.03687988594174385,0.04865362495183945,0.08819647878408432
0.6434596180915833,0.22274631261825562,0.01998218335211277,0.028995178639888763,0.08481673151254654
0.5968112349510193,0.242445707321167,0.03414149582386017,0.036784518510103226,0.08981700241565704
0.003030153224244714,0.004645895678550005,0.003780301194638014,0.11887568235397339,0.8696678876876831
0.61003577709198,0.23765450716018677,0.025807702913880348,0.04256585240364075,0.0839361920952797
0.6000105142593384,0.2582458555698395,0.023738306015729904,0.04129695147275925,0.07670837640762329
0.648890495300293,0.2204611450433731,0.020151412114501,0.0361352376639843,0.074361652135849
0.6610769629478455,0.21552737057209015,0.01945500075817108,0.030915869399905205,0.07302476465702057
0.0043930415995419025,0.02973308600485325,0.38062435388565063,0.5036503076553345,0.08159918338060379
0.13009093701839447,0.6951227188110352,0.07823873311281204,0.030254648998379707,0.06629303842782974
0.7279492616653442,0.15058837831020355,0.012624263763427734,0.030586155131459236,0.0782518982887268
0.10538965463638306,0.6992760896682739,0.11225175112485886,0.018552372232079506,0.06453010439872742
0.12628769874572754,0.6852732300758362,0.08971300721168518,0.02665584906935692,0.0720701813697815
0.009916715323925018,0.3447452783584595,0.5674574971199036,0.029772689566016197,0.04810783639550209
0.2283979058265686,0.594057559967041,0.06977029889822006,0.03583373501896858,0.07194056361913681
0.226300448179245,0.5811843872070312,0.09134533256292343,0.02596072293817997,0.07520905137062073
0.38608700037002563,0.43789640069007874,0.06417078524827957,0.043829381465911865,0.06801646202802658
0.009376314468681812,0.02143016830086708,0.10550770908594131,0.7174050211906433,0.14628081023693085
0.010484510101377964,0.04424406215548515,0.47855207324028015,0.40403175354003906,0.06268765777349472
0.04785609990358353,0.7435539364814758,0.13566969335079193,0.014295876957476139,0.05862438306212425
0.015478366054594517,0.033186182379722595,0.019121220335364342,0.2242342084646225,0.7079799771308899
0.014787042513489723,0.15321709215641022,0.6386347413063049,0.129487544298172,0.06387359648942947
0.015077312476933002,0.05803658813238144,0.3330831229686737,0.4909932017326355,0.10280973464250565
0.008374865166842937,0.020413482561707497,0.11122680455446243,0.7477160692214966,0.11226879060268402
0.5168618559837341,0.2995690405368805,0.0412088967859745,0.038411010056734085,0.10394921898841858
0.008156763389706612,0.027856869623064995,0.25968509912490845,0.6343504190444946,0.06995086371898651
0.010733799077570438,0.05976109951734543,0.5437935590744019,0.3161311745643616,0.06958036869764328
0.5219112038612366,0.30750447511672974,0.05075841397047043,0.04234382510185242,0.07748199999332428
0.007419395726174116,0.045761238783597946,0.5403128266334534,0.3527475595474243,0.053759023547172546
0.006537625566124916,0.024408595636487007,0.31177958846092224,0.601013720035553,0.05626051872968674
0.6049842834472656,0.26574185490608215,0.023352164775133133,0.028229819610714912,0.07769183814525604
0.3041659891605377,0.5283769369125366,0.0697687566280365,0.023135220631957054,0.07455321401357651
0.579428493976593,0.2560030519962311,0.029775507748126984,0.04482048377394676,0.08997244387865067
0.6490603089332581,0.20882448554039001,0.020261742174625397,0.04109292849898338,0.08076043426990509
0.026468532159924507,0.5366445779800415,0.3819506764411926,0.02062322199344635,0.034312959760427475
0.07497217506170273,0.6020646095275879,0.23780173063278198,0.03562450408935547,0.04953690245747566
0.004776828922331333,0.01336755696684122,0.10617471486330032,0.7569092512130737,0.11877160519361496
0.010376217775046825,0.06378795206546783,0.54770827293396,0.3210873305797577,0.057040270417928696
0.00986570492386818,0.04475437104701996,0.49165108799934387,0.3916074335575104,0.06212136894464493
0.4480782747268677,0.29837530851364136,0.08244229108095169,0.07250456511974335,0.09859959781169891
0.002298044739291072,0.004119764547795057,0.0027901986613869667,0.2119690477848053,0.7788229584693909
0.0005293542053550482,0.001754400203935802,0.0006110388785600662,0.01575312949717045,0.9813520312309265
0.38133683800697327,0.39174097776412964,0.07899505645036697,0.057956114411354065,0.08997111022472382
0.003187398659065366,0.011647745035588741,0.2705352008342743,0.6784040927886963,0.036225490272045135
0.005242716986685991,0.009526822715997696,0.2455843985080719,0.689312756061554,0.05033327639102936
0.008057662285864353,0.08111229538917542,0.6103035807609558,0.24803611636161804,0.05249031260609627
0.55186927318573,0.29023444652557373,0.03433534502983093,0.03460340574383736,0.08895757794380188
0.3635641038417816,0.4839080572128296,0.050750795751810074,0.03226812183856964,0.06950895488262177
0.4866059720516205,0.37727901339530945,0.029495572671294212,0.03551007807254791,0.07110929489135742
0.007291473913937807,0.019867878407239914,0.13479205965995789,0.7225179076194763,0.11553070694208145
0.6793296337127686,0.1796373873949051,0.01926468499004841,0.03610554710030556,0.08566275984048843
0.011022510938346386,0.07918530702590942,0.5988976359367371,0.24958349764347076,0.061311088502407074
0.06397317349910736,0.7391394972801208,0.11847817152738571,0.02224607765674591,0.056163154542446136
0.6222354173660278,0.20667771995067596,0.024868326261639595,0.047512780874967575,0.09870575368404388
0.009130880236625671,0.26865866780281067,0.6344818472862244,0.04064240679144859,0.04708622395992279
0.014207787811756134,0.034471020102500916,0.05929947271943092,0.4804636538028717,0.4115580916404724
0.005802041385322809,0.08589226752519608,0.6941198110580444,0.177047997713089,0.0371379591524601
0.16415828466415405,0.6605134606361389,0.09301286190748215,0.022772224619984627,0.059543177485466
0.010404701344668865,0.01630067639052868,0.018112828955054283,0.3414610028266907,0.6137208342552185
0.029500721022486687,0.512498676776886,0.3830938935279846,0.028913747519254684,0.04599292576313019
0.009673051536083221,0.02718827687203884,0.2701033353805542,0.605415940284729,0.08761942386627197
0.32912421226501465,0.5174961686134338,0.0577971376478672,0.027601175010204315,0.06798127293586731
0.3623296022415161,0.4808529019355774,0.05605408921837807,0.030292440205812454,0.07047092169523239
0.006628978997468948,0.07194150239229202,0.6815171837806702,0.19260291755199432,0.04730955511331558
0.6233624815940857,0.22980645298957825,0.02553204819560051,0.03688238933682442,0.08441659063100815
0.5284160375595093,0.3122333586215973,0.03683760017156601,0.03308670222759247,0.08942637592554092
0.0025896402075886726,0.008462638594210148,0.1985975056886673,0.7508588433265686,0.03949131816625595
0.005364070646464825,0.007103501353412867,0.004476731177419424,0.21239791810512543,0.7706577181816101
0.006659643724560738,0.04782683774828911,0.5257270932197571,0.3629086911678314,0.05687767267227173
0.012128124944865704,0.09978894889354706,0.6253243088722229,0.19918355345726013,0.06357507407665253
0.0071975113824009895,0.021741556003689766,0.2012186497449875,0.6879653930664062,0.08187689632177353
0.5352518558502197,0.32575228810310364,0.025280095636844635,0.03950615972280502,0.07420963048934937
0.014916999265551567,0.05295296758413315,0.38621288537979126,0.45650172233581543,0.08941543847322464
0.004719019867479801,0.014746381901204586,0.18389567732810974,0.7331982254981995,0.063440702855587
0.006157665513455868,0.010139033198356628,0.04239049181342125,0.6543555855751038,0.2869572937488556
0.6579180955886841,0.1868029087781906,0.023019269108772278,0.04568808153271675,0.08657162636518478
0.6944870352745056,0.1674012988805771,0.01631389930844307,0.03939700499176979,0.08240076899528503
0.05395791679620743,0.7155482769012451,0.15238817036151886,0.019683292135596275,0.058422308415174484
0.16471078991889954,0.5879382491111755,0.10326210409402847,0.0749170258641243,0.06917183101177216
0.6310639381408691,0.22594280540943146,0.025247707962989807,0.040947966277599335,0.07679753750562668
0.5522893667221069,0.2856459617614746,0.033943530172109604,0.03330621495842934,0.0948149710893631
0.6407327651977539,0.2030758410692215,0.023780763149261475,0.04895555227994919,0.08345508575439453
0.0042780013754963875,0.005946059245616198,0.005242844112217426,0.12971118092536926,0.8548218607902527
0.7190612554550171,0.16661860048770905,0.013523206114768982,0.028652789071202278,0.07214418053627014
0.004754523281008005,0.019322900101542473,0.3216753900051117,0.6105441451072693,0.043703000992536545
0.06609705090522766,0.7411931753158569,0.12474866956472397,0.014072726480662823,0.05388835072517395
0.5518062114715576,0.27264127135276794,0.042127810418605804,0.04995039850473404,0.08347421139478683
0.010251528583467007,0.37178662419319153,0.5507831573486328,0.029462603852152824,0.037716154009103775
0.41706880927085876,0.42599329352378845,0.05049465224146843,0.02715645544230938,0.0792868360877037
0.28156745433807373,0.5430265069007874,0.07224678248167038,0.03255879878997803,0.0706004947423935
0.008416876196861267,0.012340221554040909,0.02582031488418579,0.5242276191711426,0.4291948974132538
0.004472893197089434,0.011065888218581676,0.07803376019001007,0.7635685801506042,0.14285893738269806
0.008964009582996368,0.07871396094560623,0.6458548307418823,0.2128455936908722,0.053621646016836166
0.6721576452255249,0.19351114332675934,0.019280683249235153,0.0315738208591938,0.08347674459218979
0.02144020050764084,0.4458324909210205,0.4490913152694702,0.03319982811808586,0.0504361055791378
0.6290879845619202,0.20894058048725128,0.027140766382217407,0.04860171675682068,0.08622892946004868
0.005114771891385317,0.035871878266334534,0.4422791600227356,0.44894033670425415,0.0677938312292099
0.21358248591423035,0.6107096076011658,0.07838480919599533,0.026200495660305023,0.07112260907888412
0.08552361279726028,0.6183187961578369,0.21985706686973572,0.02458530105650425,0.05171521380543709
0.14633603394031525,0.6097127795219421,0.14936387538909912,0.03073246031999588,0.0638548880815506
0.03426819667220116,0.5589759349822998,0.32186511158943176,0.02293388359248638,0.06195696070790291
0.6105778813362122,0.21710973978042603,0.027837315574288368,0.04958973452448845,0.09488535672426224
0.0015673135640099645,0.003582409815862775,0.02508849836885929,0.7905107736587524,0.17925095558166504
0.016520647332072258,0.44213923811912537,0.48259827494621277,0.02501460164785385,0.03372722491621971
0.007417438086122274,0.07517852634191513,0.7707845568656921,0.09547612071037292,0.0511433407664299
0.012409434653818607,0.39351335167884827,0.5170690417289734,0.02812819555401802,0.04888002574443817
0.015250317752361298,0.3438498079776764,0.5550773739814758,0.04125026613473892,0.044572144746780396
0.6772807836532593,0.16550572216510773,0.022662591189146042,0.04378023371100426,0.09077069163322449
0.01337733119726181,0.1463518589735031,0.6772106885910034,0.10847857594490051,0.05458155274391174
0.4838848412036896,0.3167743980884552,0.06685660034418106,0.04831375926733017,0.08417052030563354
0.2510189712047577,0.4795953631401062,0.1260005533695221,0.04903179779648781,0.09435330331325531
0.006163270212709904,0.1521954983472824,0.7062919735908508,0.09475535154342651,0.04059397429227829
0.005292840301990509,0.012818443588912487,0.07012153416872025,0.7292777895927429,0.18248936533927917
0.6680753231048584,0.19144117832183838,0.016906334087252617,0.042732562869787216,0.08084473013877869
0.012649155221879482,0.03748561814427376,0.18517248332500458,0.6114450097084045,0.15324772894382477
0.4947514533996582,0.31697291135787964,0.05364919453859329,0.045064568519592285,0.08956180512905121
0.006799161434173584,0.015256466343998909,0.10572094470262527,0.6344203352928162,0.23780307173728943
0.5681575536727905,0.26398545503616333,0.039868634194135666,0.04461069777607918,0.08337762951850891
0.6203094720840454,0.24126847088336945,0.018857862800359726,0.03979388251900673,0.07977032661437988
0.012698072008788586,0.030516328290104866,0.11813851445913315,0.6441461443901062,0.1945009082555771
0.026676524430513382,0.6184651851654053,0.2834494113922119,0.020153965801000595,0.05125502496957779
0.009691025130450726,0.29402869939804077,0.6126234531402588,0.03580494597554207,0.04785194247961044
0.004162726458162069,0.017301881685853004,0.23677434027194977,0.6256945133209229,0.1160665974020958
0.41592976450920105,0.44450464844703674,0.03903351351618767,0.032690368592739105,0.06784167885780334
0.023420698940753937,0.37181442975997925,0.4949460029602051,0.059437982738018036,0.05038091167807579
0.17300942540168762,0.5691404938697815,0.15765264630317688,0.0458412766456604,0.0543561615049839
0.2350618690252304,0.5940143465995789,0.06910300999879837,0.026953967288136482,0.07486683130264282
0.6185821294784546,0.22157734632492065,0.02824346534907818,0.04694361984729767,0.08465344458818436
0.006868541706353426,0.016414394602179527,0.15848255157470703,0.715739369392395,0.10249511152505875
0.11406116932630539,0.7216471433639526,0.07637380063533783,0.02670358121395111,0.061214376240968704
0.003564759623259306,0.008421293459832668,0.06790154427289963,0.8337785005569458,0.08633384853601456
0.0018970081582665443,0.0018307529389858246,0.04928719997406006,0.8587583303451538,0.08822675794363022
0.20476946234703064,0.5599192380905151,0.12199369072914124,0.037528764456510544,0.07578881084918976
0.004143364727497101,0.005995734594762325,0.04928635060787201,0.639911413192749,0.30066317319869995
0.004182287026196718,0.006190299056470394,0.0346054844558239,0.5675334334373474,0.3874885141849518
0.016076596453785896,0.30756065249443054,0.5709599256515503,0.05399925261735916,0.05140366777777672
0.008897155523300171,0.014994468539953232,0.032109376043081284,0.624241292476654,0.3197577893733978
0.1556626707315445,0.6427392363548279,0.11116568744182587,0.024661319330334663,0.06577111035585403
0.6388660073280334,0.22055897116661072,0.01780557632446289,0.04645717516541481,0.07631232589483261
0.6150115132331848,0.2399688959121704,0.02544783055782318,0.03770020976662636,0.08187152445316315
0.5977102518081665,0.262548565864563,0.028148982673883438,0.02946324646472931,0.08212899416685104
0.006186294835060835,0.0767936035990715,0.7084912061691284,0.16501320898532867,0.04351574555039406
0.010880524292588234,0.019798044115304947,0.027529899030923843,0.37394633889198303,0.5678451061248779
0.010168476030230522,0.019360505044460297,0.03324621170759201,0.5044485926628113,0.43277621269226074
0.023837074637413025,0.6517539024353027,0.2642146050930023,0.014994335360825062,0.04520004987716675
0.0112007362768054,0.24844104051589966,0.6432790756225586,0.05082044005393982,0.046258751302957535
0.010870849713683128,0.13207460939884186,0.6760023832321167,0.1261836439371109,0.05486856400966644
0.6498917937278748,0.20918840169906616,0.02154819294810295,0.03660169243812561,0.08276982605457306
0.5604254007339478,0.2793537378311157,0.03278170898556709,0.0423956960439682,0.08504348993301392
0.6322506666183472,0.21999025344848633,0.020339883863925934,0.0401974655687809,0.08722162991762161
0.011577581986784935,0.2554017901420593,0.6371601223945618,0.05221344903111458,0.04364708065986633
0.03047153353691101,0.4173983931541443,0.4419670104980469,0.0529613234102726,0.057201772928237915
0.010715613141655922,0.25718703866004944,0.6374116539955139,0.04791557416319847,0.04677025228738785
0.0037127933464944363,0.006021612323820591,0.13719092309474945,0.7947797775268555,0.058294910937547684
0.005503656808286905,0.03433850035071373,0.3451116383075714,0.518588125705719,0.09645804762840271
0.18024703860282898,0.6659883260726929,0.05673517659306526,0.02309335581958294,0.07393598556518555
0.16844511032104492,0.6438105702400208,0.09341699630022049,0.03023449331521988,0.06409277766942978
0.004877182655036449,0.00896072294563055,0.006154703442007303,0.09871289134025574,0.8812944889068604
0.015539645217359066,0.3135869801044464,0.5763097405433655,0.033521104604005814,0.06104256957769394
0.512104868888855,0.33230355381965637,0.03263811394572258,0.045446958392858505,0.07750648260116577
0.2685064673423767,0.5600266456604004,0.08155526220798492,0.023721003904938698,0.06619062274694443
0.5199329257011414,0.3047915995121002,0.04455342888832092,0.04727138206362724,0.08345068246126175
0.4429953992366791,0.37105444073677063,0.06680359691381454,0.038057442754507065,0.08108913898468018
0.007109027821570635,0.016257230192422867,0.08872968703508377,0.7666716575622559,0.12123236805200577
0.04421247914433479,0.5030752420425415,0.3246246874332428,0.059089671820402145,0.06899787485599518
0.5820575952529907,0.2760337293148041,0.024528861045837402,0.0411209911108017,0.07625877857208252
0.09928552806377411,0.712402880191803,0.09794517606496811,0.025795426219701767,0.0645710751414299
0.6585851907730103,0.2190389335155487,0.014573649503290653,0.035753559321165085,0.07204876840114594
0.5560425519943237,0.2979106605052948,0.028999488800764084,0.028942300006747246,0.08810511231422424
0.4870421886444092,0.37267231941223145,0.03199135512113571,0.03415898606181145,0.07413510978221893
0.008441271260380745,0.1044977605342865,0.6376420259475708,0.19987058639526367,0.04954834654927254
0.1893538236618042,0.5840935707092285,0.1250787228345871,0.03195499628782272,0.06951884925365448
0.5623835921287537,0.2896643579006195,0.03368845954537392,0.03131876885890961,0.08294479548931122
0.018386777490377426,0.37686166167259216,0.5193418264389038,0.03292166441679001,0.052488017827272415
0.008483508601784706,0.02482849545776844,0.2544095516204834,0.6322794556617737,0.07999898493289948
0.41348209977149963,0.4032299220561981,0.058593302965164185,0.03565659746527672,0.08903803676366806
0.402336984872818,0.4474073052406311,0.052144818007946014,0.026092270389199257,0.07201863825321198
0.30855464935302734,0.4968140125274658,0.08361876755952835,0.033829137682914734,0.07718341797590256
0.6404416561126709,0.22248715162277222,0.019081028178334236,0.04013834521174431,0.07785190641880035
0.010671031661331654,0.26191532611846924,0.6270006895065308,0.04885600507259369,0.051556944847106934
0.012209879234433174,0.05291888117790222,0.4091475009918213,0.45638400316238403,0.06933978199958801
0.08067570626735687,0.6932318806648254,0.13569773733615875,0.02628515101969242,0.06410960108041763
0.4990619719028473,0.331557959318161,0.04798724874854088,0.04259226471185684,0.07880053669214249
0.006388120818883181,0.015605656430125237,0.16667386889457703,0.7421963810920715,0.06913594156503677
0.6180459260940552,0.2391027957201004,0.02332325093448162,0.040593985468149185,0.07893399894237518
0.5834881663322449,0.25725364685058594,0.029537200927734375,0.042169179767370224,0.08755182474851608
0.006061722990125418,0.016949839890003204,0.17769822478294373,0.7143865823745728,0.08490363508462906
0.007342624012380838,0.07294666767120361,0.6568319201469421,0.21046632528305054,0.052412472665309906
0.007077464368194342,0.012870699167251587,0.05803060904145241,0.7389365434646606,0.18308469653129578
0.013793298974633217,0.05266376584768295,0.4621027112007141,0.406546026468277,0.0648941844701767
0.004691754002124071,0.019361348822712898,0.32612794637680054,0.6023349165916443,0.04748409241437912
0.07387050241231918,0.7593163251876831,0.09564489126205444,0.014836261048913002,0.05633198469877243
0.43988925218582153,0.38387390971183777,0.059134066104888916,0.04174143821001053,0.07536130398511887
0.0025496240705251694,0.006211344618350267,0.0031211699824780226,0.04967314377427101,0.9384447336196899
0.6435988545417786,0.22997158765792847,0.020171137526631355,0.033146779984235764,0.07311169803142548
0.16153964400291443,0.524651825428009,0.18298770487308502,0.06320643424987793,0.0676143616437912
0.7157421708106995,0.15402407944202423,0.010755890980362892,0.03992799296975136,0.07954981178045273
0.007131238467991352,0.10080230981111526,0.6675705909729004,0.18025630712509155,0.04423956200480461
0.014293266460299492,0.024160129949450493,0.021983325481414795,0.1578395962715149,0.78172367811203
0.07387691736221313,0.4583812654018402,0.1427190601825714,0.07343016564846039,0.25159257650375366
0.008927293121814728,0.036236751824617386,0.4625919759273529,0.4312991201877594,0.06094488129019737
0.01515231467783451,0.31316691637039185,0.5785694718360901,0.05280356854200363,0.040307771414518356
0.009312445297837257,0.2126477062702179,0.6932182908058167,0.03278524428606033,0.05203640088438988
0.6205402612686157,0.2254386842250824,0.023452624678611755,0.048025064170360565,0.08254330605268478
0.014325909316539764,0.2736770212650299,0.6102980971336365,0.05256461724638939,0.04913432523608208
0.6314007043838501,0.20761559903621674,0.026562118902802467,0.04254443943500519,0.09187714755535126
0.4972035884857178,0.34128621220588684,0.03709479421377182,0.044379957020282745,0.08003547042608261
0.00731091620400548,0.15481789410114288,0.6995792984962463,0.0945943221449852,0.043697539716959
0.6597047448158264,0.22208836674690247,0.01312251202762127,0.0350433774292469,0.07004105299711227
0.020535828545689583,0.5782427787780762,0.34785547852516174,0.016473820433020592,0.036892104893922806
0.03904002159833908,0.4980323612689972,0.3710141181945801,0.04122735559940338,0.05068608373403549
0.5588800311088562,0.2969539165496826,0.030345765873789787,0.029846442863345146,0.08397389948368073
0.5184165835380554,0.3148117661476135,0.040257882326841354,0.045416101813316345,0.08109765499830246
0.07821882516145706,0.7689567804336548,0.08872346580028534,0.013762187212705612,0.05033872276544571
0.010989607311785221,0.32301992177963257,0.5831811428070068,0.040218185633420944,0.04259118065237999
0.5338860750198364,0.30877745151519775,0.04042912647128105,0.033341165632009506,0.08356615155935287
0.013617065735161304,0.18860937654972076,0.6857988238334656,0.055169396102428436,0.05680539831519127
0.009979559108614922,0.048939939588308334,0.4671240448951721,0.40465909242630005,0.06929740309715271
0.18433794379234314,0.6099746227264404,0.11600498855113983,0.024817688390612602,0.06486470997333527
0.6110454797744751,0.2328481674194336,0.02520436979830265,0.04188225790858269,0.08901970833539963
0.000603260297793895,0.0013328209752216935,0.0006054923287592828,0.05115406587719917,0.9463043808937073
0.0024108155630528927,0.005514056421816349,0.0033176294527947903,0.04729336500167847,0.9414641261100769
0.01175693329423666,0.2613062262535095,0.6246951222419739,0.052707623690366745,0.049534112215042114
0.27222269773483276,0.5085861086845398,0.10886869579553604,0.03428053855895996,0.07604199647903442
0.018359646201133728,0.25724703073501587,0.5659939050674438,0.0968124121427536,0.061587072908878326
0.6906569600105286,0.16868840157985687,0.017758788540959358,0.03857441246509552,0.08432143926620483
0.007041376084089279,0.05979765206575394,0.5195388197898865,0.3361091911792755,0.07751300185918808
0.010840325616300106,0.42022886872291565,0.5024375319480896,0.02258186787366867,0.043911419808864594
0.6540961861610413,0.20880791544914246,0.019093964248895645,0.03001333773136139,0.0879884883761406
0.7132270336151123,0.14483493566513062,0.016648976132273674,0.03926130384206772,0.08602774143218994
0.5477320551872253,0.30638232827186584,0.027730561792850494,0.03859388455748558,0.0795612633228302
0.0065850564278662205,0.08335600048303604,0.6403444409370422,0.21471479535102844,0.05499977618455887
0.6213166117668152,0.23352394998073578,0.024877870455384254,0.036571405827999115,0.08371014147996902
0.002515374915674329,0.005558358505368233,0.00340125965885818,0.050544243305921555,0.9379807710647583
0.005617128685116768,0.0843203216791153,0.8056278228759766,0.058489780873060226,0.04594495892524719
0.6538889408111572,0.20155511796474457,0.017600994557142258,0.041302699595689774,0.08565215766429901
0.06982868164777756,0.6555332541465759,0.20993763208389282,0.020024467259645462,0.04467601701617241
0.010020675137639046,0.02588481828570366,0.18167629837989807,0.6601125597953796,0.12230562418699265
0.0070492178201675415,0.060303494334220886,0.563737154006958,0.31598401069641113,0.052926115691661835
0.00978405773639679,0.13527312874794006,0.6810203790664673,0.12038818746805191,0.05353422090411186
0.008287331089377403,0.023236161097884178,0.13152557611465454,0.5818484425544739,0.2551024854183197
0.5313535332679749,0.2801361382007599,0.055349208414554596,0.04698457568883896,0.08617649972438812
0.17519280314445496,0.5959147214889526,0.12439373880624771,0.03277909755706787,0.071719691157341
0.011283060535788536,0.24270296096801758,0.6447197794914246,0.05284963548183441,0.04844454303383827
0.0049758064560592175,0.01803874969482422,0.1750924289226532,0.6477898955345154,0.15410324931144714
0.6164047718048096,0.22879444062709808,0.029192833229899406,0.04384451359510422,0.08176347613334656
0.005308482795953751,0.02898174338042736,0.3729056417942047,0.5231119394302368,0.06969226896762848
0.11253758519887924,0.6333999633789062,0.1815066635608673,0.02796723134815693,0.04458849877119064
0.22271426022052765,0.5987749099731445,0.08480621874332428,0.02939911186695099,0.06430542469024658
0.007125782314687967,0.06033235043287277,0.5598478317260742,0.32010963559150696,0.052584458142519
0.6758968830108643,0.18592318892478943,0.015259893611073494,0.041340235620737076,0.08157982677221298
0.6947094202041626,0.1630408614873886,0.014512177556753159,0.044886354357004166,0.08285129815340042
0.6155831813812256,0.22280433773994446,0.0279863104224205,0.04682796820998192,0.08679817616939545
0.6174019575119019,0.2402535229921341,0.02526910975575447,0.03452877327799797,0.082546666264534
0.6379417181015015,0.2040080726146698,0.024798857048153877,0.04502815380692482,0.08822323381900787
0.09751278907060623,0.7133435606956482,0.11495838314294815,0.01302112266421318,0.06116408482193947
0.5611469149589539,0.27464133501052856,0.03210633248090744,0.044130973517894745,0.08797439932823181
0.6267747282981873,0.23211081326007843,0.023457473143935204,0.03828660398721695,0.0793704092502594
0.5011136531829834,0.3548310697078705,0.030593909323215485,0.03862952068448067,0.07483178377151489
0.5664790272712708,0.28156939148902893,0.025883063673973083,0.04857355356216431,0.07749494165182114
0.0074629709124565125,0.0960768535733223,0.6250311136245728,0.2121613770723343,0.059267714619636536
0.007834065705537796,0.09727542102336884,0.6825289726257324,0.16072885692119598,0.05163263902068138
0.3811187148094177,0.4114612936973572,0.06658343970775604,0.04229500889778137,0.09854143857955933
0.01065883319824934,0.06622197479009628,0.47149914503097534,0.3907826244831085,0.060837432742118835
0.6322904825210571,0.22872908413410187,0.018510455265641212,0.042770449072122574,0.07769958674907684
0.014320398680865765,0.48771753907203674,0.428182452917099,0.021218176931142807,0.04856141284108162
0.03636292740702629,0.4370734691619873,0.42575356364250183,0.04385730251669884,0.05695270001888275
0.14044710993766785,0.6070109605789185,0.14911730587482452,0.030245888978242874,0.07317878305912018
0.45703765749931335,0.3732025921344757,0.05702802538871765,0.04140746220946312,0.07132416218519211
0.5554038286209106,0.2771523594856262,0.03392300382256508,0.03869876638054848,0.09482210874557495
0.00721223559230566,0.09495044499635696,0.7743505239486694,0.07138893008232117,0.0520978644490242
0.288206547498703,0.501249372959137,0.09998534619808197,0.04116647690534592,0.06939216703176498
0.09153534471988678,0.2794030010700226,0.3780192732810974,0.17277981340885162,0.07826261967420578
0.07924381643533707,0.5187113881111145,0.29397282004356384,0.05792233720421791,0.05014970898628235
0.0034983805380761623,0.009512387216091156,0.09670615941286087,0.7918217778205872,0.09846130758523941
0.0077675762586295605,0.01872187852859497,0.08042961359024048,0.6894527077674866,0.20362824201583862
0.030847741290926933,0.6228278279304504,0.26970556378364563,0.020075449720025063,0.05654347687959671
0.005831713788211346,0.025287652388215065,0.3669753074645996,0.556014895439148,0.0458904467523098
0.667492151260376,0.1713200807571411,0.02443620190024376,0.044983137398958206,0.09176840633153915
0.1294592022895813,0.5068588852882385,0.2376299649477005,0.06558722257614136,0.06046466529369354
0.5529682636260986,0.3125170171260834,0.028758054599165916,0.0319233164191246,0.07383332401514053
0.006899233907461166,0.05958768352866173,0.6174739003181458,0.263185977935791,0.05285318195819855
0.10135587304830551,0.7269589304924011,0.09502638131380081,0.021182727068662643,0.05547616630792618
0.5566108822822571,0.29193606972694397,0.02821159176528454,0.046088334172964096,0.07715307921171188
0.6578896641731262,0.1887352019548416,0.019921470433473587,0.04893571138381958,0.08451797068119049
0.002830646699294448,0.00859118439257145,0.11743473261594772,0.8066023588180542,0.06454110890626907
0.0375768207013607,0.4807278513908386,0.3797564208507538,0.046870600432157516,0.05506826192140579
0.5888073444366455,0.25814250111579895,0.03383783623576164,0.0326913483440876,0.08652103692293167
0.6392631530761719,0.2100641131401062,0.023375704884529114,0.04499192163348198,0.08230511844158173
0.021035652607679367,0.48772212862968445,0.41905543208122253,0.026928607374429703,0.04525823891162872
0.008155622519552708,0.15017469227313995,0.7135450839996338,0.07959666103124619,0.048528026789426804
0.06736864149570465,0.6187192797660828,0.21916110813617706,0.029773276299238205,0.06497771292924881
0.011720743030309677,0.3617834150791168,0.5743953585624695,0.023046838119626045,0.02905360981822014
0.007078337483108044,0.08508894592523575,0.6456619501113892,0.21552523970603943,0.04664557799696922
0.5637191534042358,0.2946445941925049,0.027294574305415154,0.038856133818626404,0.07548553496599197
0.0013667052844539285,0.001972106285393238,0.0010103873210027814,0.05647704377770424,0.9391737580299377
0.5789649486541748,0.27419447898864746,0.027419360354542732,0.028685178607702255,0.09073613584041595
0.5003556609153748,0.3448198735713959,0.03260017931461334,0.04499371722340584,0.0772305279970169
0.004980909638106823,0.03628648817539215,0.5025560855865479,0.406327486038208,0.049849048256874084
0.4791922867298126,0.3445797562599182,0.045802291482686996,0.04406213015317917,0.08636350929737091
0.003092523431405425,0.0038972829934209585,0.10989696532487869,0.8209930062294006,0.06212027370929718
0.010536163114011288,0.017822585999965668,0.031179087236523628,0.5672326683998108,0.3732295036315918
0.4805909991264343,0.32364243268966675,0.055563148111104965,0.05425526201725006,0.0859481692314148
0.06342639029026031,0.5665205717086792,0.2854212820529938,0.032385483384132385,0.0522463284432888
0.6794118881225586,0.18037334084510803,0.015608282759785652,0.04046086594462395,0.08414566516876221
0.005814898759126663,0.013315853662788868,0.09135526418685913,0.6211855411529541,0.2683284878730774
0.025720560923218727,0.22930942475795746,0.5313653349876404,0.14481224119663239,0.06879250705242157
0.5564687848091125,0.2845795452594757,0.03398716822266579,0.04708237946033478,0.07788209617137909
0.6659606099128723,0.17331357300281525,0.024265259504318237,0.04467961937189102,0.09178093075752258
0.6917012929916382,0.17405107617378235,0.016505511477589607,0.03708239644765854,0.08065974712371826
0.20703372359275818,0.6075167059898376,0.09868068993091583,0.020928936079144478,0.06583984941244125
0.5727789402008057,0.23200514912605286,0.04582059755921364,0.05446815863251686,0.09492713212966919
0.007872946560382843,0.011933154426515102,0.009657977148890495,0.18162046372890472,0.7889154553413391
0.12934474647045135,0.49097853899002075,0.259349524974823,0.06514092534780502,0.05518629029393196
0.5871465802192688,0.28399398922920227,0.025038519874215126,0.030197640880942345,0.07362329214811325
0.2400008887052536,0.5990272164344788,0.06593535840511322,0.02379186451435089,0.07124461233615875
0.08991584181785583,0.6994537115097046,0.11648298799991608,0.025471745058894157,0.06867571175098419
0.004892668221145868,0.05585441738367081,0.8073006868362427,0.09004788845777512,0.04190431907773018
0.5917086601257324,0.25621333718299866,0.02644948847591877,0.043502867221832275,0.08212574571371078
0.010661001317203045,0.05105738714337349,0.46439117193222046,0.39979615807533264,0.07409431785345078
0.5954427123069763,0.22897572815418243,0.03538241982460022,0.04519164189696312,0.0950075015425682
0.062070637941360474,0.6627017259597778,0.18203721940517426,0.029312459751963615,0.06387792527675629
0.5445030927658081,0.32521817088127136,0.025725558400154114,0.03428671509027481,0.07026646286249161
0.6305626630783081,0.2118849754333496,0.021852096542716026,0.04639488086104393,0.08930540084838867
0.4558648467063904,0.40463995933532715,0.026542406529188156,0.04383087158203125,0.0691218450665474
0.6016683578491211,0.2620224952697754,0.027340058237314224,0.04088333621621132,0.0680856853723526
0.6011936068534851,0.24639439582824707,0.02496015466749668,0.043789297342300415,0.08366253972053528
0.06880815327167511,0.6631134152412415,0.19869279861450195,0.021568141877651215,0.04781752824783325
0.04562994837760925,0.30893728137016296,0.4976322054862976,0.09713739901781082,0.05066320672631264
0.0141660887748003,0.02939053624868393,0.025297243148088455,0.2976640462875366,0.6334820985794067
0.011677183210849762,0.18546196818351746,0.652940034866333,0.09355637431144714,0.056364379823207855
0.18341194093227386,0.37520694732666016,0.2749601900577545,0.09968656301498413,0.0667344406247139
0.01787870191037655,0.4396970570087433,0.477338969707489,0.027301903814077377,0.03778323903679848
0.04891284927725792,0.5762884616851807,0.2957078516483307,0.03025222383439541,0.048838675022125244
0.6301791071891785,0.2068682163953781,0.02222549170255661,0.05003638193011284,0.09069077670574188
0.5999384522438049,0.24250401556491852,0.024691136553883553,0.030790533870458603,0.1020757406949997
0.008835963904857635,0.029698774218559265,0.2563799321651459,0.6230250000953674,0.0820603296160698
0.0018826819723472,0.004533654544502497,0.0021152689587324858,0.04165249690413475,0.9498159289360046
0.007488856092095375,0.18025507032871246,0.715360164642334,0.061163853853940964,0.035732023417949677
0.4234352111816406,0.3720196783542633,0.08541645109653473,0.04041294753551483,0.07871581614017487
0.009569195099174976,0.07057776302099228,0.7166429162025452,0.15493154525756836,0.04827854782342911
0.006904601585119963,0.17588667571544647,0.7068663239479065,0.07194110006093979,0.03840135410428047
0.005115286447107792,0.02217603288590908,0.36210769414901733,0.569251537322998,0.04134945198893547
0.013584963977336884,0.2920626997947693,0.6035634875297546,0.052366290241479874,0.03842256963253021
0.5721559524536133,0.2792915403842926,0.03247896954417229,0.030607299879193306,0.08546631038188934
0.003763538785278797,0.01146011333912611,0.12934894859790802,0.77644282579422,0.07898462563753128
0.006910078227519989,0.022243181243538857,0.20216310024261475,0.6914198398590088,0.07726383954286575
0.5304335355758667,0.30114829540252686,0.03814265877008438,0.03461476042866707,0.09566067159175873
0.4795840084552765,0.3613642454147339,0.04661159589886665,0.036001890897750854,0.07643832266330719
0.659775972366333,0.20668402314186096,0.018583662807941437,0.030521443113684654,0.0844348892569542
0.00727215176448226,0.01463220827281475,0.017130771651864052,0.43244343996047974,0.5285214781761169
0.4758554995059967,0.33356329798698425,0.06161399185657501,0.036107033491134644,0.09286021441221237
0.17588797211647034,0.6201657652854919,0.11372049152851105,0.0211950670927763,0.06903076171875
0.25914719700813293,0.580491840839386,0.06741737574338913,0.03301055729389191,0.059933073818683624
0.33386728167533875,0.46161124110221863,0.09624654054641724,0.03366265445947647,0.07461229711771011
0.537911593914032,0.30758947134017944,0.03207547590136528,0.040647488087415695,0.081775963306427
0.022252162918448448,0.5761180520057678,0.33371278643608093,0.019284687936306,0.04863237962126732
0.00030201871413737535,0.00047225187881849706,0.00022371001250576228,0.03676191717386246,0.9622400999069214
0.6352834701538086,0.2192039042711258,0.021049413830041885,0.03173353150486946,0.09272971004247665
0.6020700931549072,0.2468814104795456,0.024400506168603897,0.031046461313962936,0.09560148417949677
0.004371320828795433,0.007288359571248293,0.004792073741555214,0.19954559206962585,0.7840027213096619
0.011686325073242188,0.02373396046459675,0.01614002324640751,0.21493567526340485,0.7335041165351868
0.11861327290534973,0.5702220797538757,0.1956847757101059,0.04270221292972565,0.07277760654687881
0.026862524449825287,0.16889798641204834,0.5447516441345215,0.19340145587921143,0.06608635932207108
0.2794710397720337,0.5559588074684143,0.06515759229660034,0.028895629569888115,0.07051696628332138
0.16917778551578522,0.6256519556045532,0.11341230571269989,0.021277906373143196,0.07047999650239944
0.6205077171325684,0.2316884696483612,0.026238955557346344,0.03961414471268654,0.08195069432258606
0.005396257154643536,0.016884883865714073,0.22868964076042175,0.6673275828361511,0.08170156925916672
0.019983023405075073,0.10358308255672455,0.4904017746448517,0.31384149193763733,0.07219061255455017
0.5030040144920349,0.3352726399898529,0.0389099046587944,0.029797852039337158,0.0930156409740448
0.4691678583621979,0.37099435925483704,0.051943324506282806,0.03184164687991142,0.07605279237031937
0.08298655599355698,0.7040190696716309,0.11470416933298111,0.034475769847631454,0.06381446868181229
0.17175380885601044,0.6824648976325989,0.04895102232694626,0.03184439241886139,0.06498581916093826
0.0005068734753876925,0.0012737518409267068,0.014588980935513973,0.8587509393692017,0.1248793825507164
0.09276784211397171,0.3838516175746918,0.4070875942707062,0.058506615459918976,0.057786379009485245
0.6699032187461853,0.17146404087543488,0.02326941303908825,0.04460117593407631,0.0907621905207634
0.009284760802984238,0.01953711360692978,0.07662088423967361,0.5219864845275879,0.37257078289985657
0.013899426907300949,0.2438618689775467,0.6453126668930054,0.042495958507061005,0.054430097341537476
0.673401951789856,0.17003461718559265,0.02122781053185463,0.04546944797039032,0.08986616134643555
0.006156857591122389,0.016043338924646378,0.1832176297903061,0.7225114107131958,0.07207083702087402
0.500489354133606,0.33918604254722595,0.03989890217781067,0.044115882366895676,0.07630985975265503
0.021327229216694832,0.583549439907074,0.3208655118942261,0.019693022593855858,0.05456478148698807
0.00990112405270338,0.1052219495177269,0.7467541098594666,0.08183453232049942,0.0562882237136364
0.009300007484853268,0.027444586157798767,0.19688554108142853,0.6898772716522217,0.07649264484643936
0.43965160846710205,0.3850044012069702,0.05356931313872337,0.03333092853426933,0.08844373375177383
0.032126665115356445,0.6312190294265747,0.27027207612991333,0.019975928589701653,0.046406328678131104
0.0008784706005826592,0.0016407789662480354,0.0009043755126185715,0.08208678662776947,0.9144895672798157
0.2940434515476227,0.5323021411895752,0.07377808541059494,0.02373966947197914,0.07613667100667953
0.5470337867736816,0.26497307419776917,0.04518340900540352,0.052956316620111465,0.08985345810651779
0.4358280301094055,0.43441253900527954,0.04190300032496452,0.023981859907507896,0.0638745054602623
0.4850180447101593,0.3136330544948578,0.07261819392442703,0.03961477801203728,0.08911591023206711
0.6362016797065735,0.20681527256965637,0.024722866714000702,0.04868759959936142,0.08357259631156921
0.014002666808664799,0.21742963790893555,0.6298941373825073,0.07839545607566833,0.060278117656707764
0.06898665428161621,0.6354110836982727,0.22545970976352692,0.023062925785779953,0.04707961529493332
0.011769596487283707,0.09939321130514145,0.6269505023956299,0.1991397738456726,0.06274693459272385
0.0020940983667969704,0.0037257324438542128,0.002476481953635812,0.05860033258795738,0.9331033229827881
0.004254519008100033,0.006922752130776644,0.004968774039298296,0.08420229703187943,0.8996515870094299
0.006347838323563337,0.11242969334125519,0.7314460873603821,0.11211778968572617,0.037658512592315674
0.007256619166582823,0.013932641595602036,0.03617657348513603,0.6015185713768005,0.3411156237125397
0.6292163729667664,0.23486052453517914,0.022274434566497803,0.03343535214662552,0.0802132785320282
0.27928832173347473,0.48554643988609314,0.1085055023431778,0.04755168780684471,0.07910805940628052
0.010462060570716858,0.0947721004486084,0.6521419286727905,0.18724064528942108,0.05538323149085045
0.00818953849375248,0.04375743120908737,0.5087258219718933,0.38786929845809937,0.051457908004522324
0.00829408597201109,0.027336912229657173,0.25208568572998047,0.6330572366714478,0.07922609150409698
0.6899672746658325,0.1862364560365677,0.015581554733216763,0.03463347628712654,0.07358129322528839
0.6320503950119019,0.21272021532058716,0.02677801623940468,0.044195160269737244,0.08425620198249817
0.7137669324874878,0.15683092176914215,0.012853404507040977,0.03777984157204628,0.07876883447170258
0.6438004374504089,0.20200982689857483,0.019544312730431557,0.04527287185192108,0.08937254548072815
0.3267938494682312,0.5154009461402893,0.0565066896378994,0.031070338562130928,0.07022815942764282
0.0892050638794899,0.7219451069831848,0.11216499656438828,0.020021414384245872,0.056663405150175095
0.580521821975708,0.2651229202747345,0.027896035462617874,0.04246385395526886,0.08399531990289688
0.6717736124992371,0.17636942863464355,0.020327886566519737,0.04607059061527252,0.08545839041471481
0.34394919872283936,0.4710085690021515,0.07584423571825027,0.03211328387260437,0.07708466798067093
0.0809355229139328,0.691102921962738,0.1583823561668396,0.018419520929455757,0.05115962773561478
0.4032289683818817,0.37096938490867615,0.09395721554756165,0.05144202336668968,0.08040241152048111
0.3267334997653961,0.4612886607646942,0.09079327434301376,0.03575252369046211,0.0854320377111435
0.014049678109586239,0.387738972902298,0.5195301175117493,0.020915016531944275,0.057766251266002655
0.02573067881166935,0.6474177241325378,0.2617740035057068,0.013633253052830696,0.05144435539841652
0.1238798052072525,0.6238365173339844,0.16434474289417267,0.029990648850798607,0.0579482726752758
0.0581897497177124,0.7648599743843079,0.11414313316345215,0.011644583195447922,0.051162466406822205
0.6545141339302063,0.2084912806749344,0.020295459777116776,0.03487253934144974,0.08182661235332489
0.009927880018949509,0.029037225991487503,0.257644385099411,0.613926887512207,0.08946360647678375
0.006390700116753578,0.013267840258777142,0.06053479015827179,0.5348712205886841,0.3849354684352875
0.027563046663999557,0.2563168704509735,0.5131840705871582,0.13668137788772583,0.06625460833311081
0.5344172716140747,0.3237171769142151,0.02701598033308983,0.03943429887294769,0.07541520893573761
0.004093388561159372,0.009617386385798454,0.061197247356176376,0.7551941871643066,0.16989776492118835
0.012624324299395084,0.09170905500650406,0.6016833782196045,0.2290371209383011,0.06494618207216263
0.023052165284752846,0.3853364884853363,0.486953467130661,0.03708496689796448,0.06757299602031708
0.5670514106750488,0.2690039575099945,0.037450678646564484,0.04719223454594612,0.07930178195238113
0.03997967392206192,0.4724597632884979,0.3820587694644928,0.049101997166872025,0.05639984831213951
0.008704513311386108,0.04379834607243538,0.4756711423397064,0.41351768374443054,0.05830836668610573
0.00046967557864263654,0.0007368704536929727,0.00045928501640446484,0.0589900016784668,0.9393441081047058
0.005869386252015829,0.021462824195623398,0.21258966624736786,0.6259926557540894,0.1340854912996292
0.006148359272629023,0.07096642255783081,0.7895083427429199,0.08545553684234619,0.04792128875851631
0.6324384808540344,0.21767328679561615,0.02095259353518486,0.04850113391876221,0.08043459802865982
0.5161458253860474,0.33403098583221436,0.03956880792975426,0.039713628590106964,0.07054081559181213
0.5496979355812073,0.2992710471153259,0.03503318503499031,0.03204256668686867,0.08395539224147797
0.01440200675278902,0.3513813018798828,0.5515630841255188,0.0245463028550148,0.05810728669166565
0.5568448305130005,0.31304627656936646,0.02747431769967079,0.029817994683980942,0.07281661778688431
0.26252758502960205,0.5314879417419434,0.09325632452964783,0.032084230333566666,0.08064398169517517
0.2823706567287445,0.5440632104873657,0.07338208705186844,0.02662114053964615,0.07356281578540802
0.16827654838562012,0.505329966545105,0.18155331909656525,0.06976260244846344,0.07507754117250443
0.00454523554071784,0.006932980380952358,0.005013295449316502,0.10485141724348068,0.8786571025848389
0.012155644595623016,0.0689595490694046,0.409089058637619,0.4250827133655548,0.08471300452947617
0.004332689102739096,0.008877663873136044,0.20699352025985718,0.7235749959945679,0.056221164762973785
0.006941981613636017,0.015132819302380085,0.07883833348751068,0.7634851932525635,0.1356016993522644
0.6394089460372925,0.1976923942565918,0.02752707153558731,0.04673410579562187,0.08863751590251923
0.6735921502113342,0.1815773844718933,0.019410010427236557,0.039360348135232925,0.0860600620508194
0.5658487677574158,0.2749474346637726,0.035888880491256714,0.0372038334608078,0.0861111432313919
0.012757350690662861,0.10574974864721298,0.5938304662704468,0.22380997240543365,0.06385253369808197
0.006681243423372507,0.022577444091439247,0.16664817929267883,0.6147153973579407,0.18937768042087555
0.06675297766923904,0.5708988308906555,0.27233627438545227,0.0381772480905056,0.051834795624017715
0.00400877557694912,0.00798987876623869,0.027580641210079193,0.7124972939491272,0.24792347848415375
0.05145616456866264,0.49718165397644043,0.3143124282360077,0.05807458609342575,0.07897508889436722
0.6817655563354492,0.17707392573356628,0.016666198149323463,0.042893338948488235,0.08160094916820526
0.009298799559473991,0.026650497689843178,0.17007789015769958,0.6854335069656372,0.10853932797908783
0.23736390471458435,0.588333010673523,0.08843208104372025,0.027505235746502876,0.05836573988199234
0.007834376767277718,0.02752136066555977,0.19646884500980377,0.6589761972427368,0.10919921100139618
0.6446755528450012,0.21121402084827423,0.020933382213115692,0.0431966632604599,0.07998040318489075
0.05444733798503876,0.6739475131034851,0.2025037705898285,0.02319721132516861,0.045904193073511124
0.008327021263539791,0.030262146145105362,0.2578575909137726,0.6248366832733154,0.07871658354997635
0.6632713675498962,0.19096960127353668,0.01903649978339672,0.042961955070495605,0.083760567009449
0.3077180087566376,0.48869606852531433,0.08039197325706482,0.033556658774614334,0.08963724225759506
0.6927050948143005,0.17498710751533508,0.015219105407595634,0.04036954045295715,0.07671920210123062
0.005742709152400494,0.016084017232060432,0.10973189026117325,0.6237725615501404,0.2446688711643219
0.6378207802772522,0.22678320109844208,0.02061050944030285,0.03023426979780197,0.08455118536949158
0.04660870134830475,0.49883145093917847,0.3562215566635132,0.04602055624127388,0.05231773480772972
0.017692184075713158,0.11682461202144623,0.6249281167984009,0.17152878642082214,0.06902632862329483
0.7005600929260254,0.17332987487316132,0.014988957904279232,0.03163919225335121,0.07948188483715057
0.5821141600608826,0.25910496711730957,0.028435589745640755,0.04602743685245514,0.08431779593229294
0.0017834102036431432,0.0058990768156945705,0.098845936357975,0.8395112752914429,0.05396030470728874
0.009391119703650475,0.0990682989358902,0.6246194839477539,0.21247293055057526,0.054448191076517105
0.7037467360496521,0.185678169131279,0.012751145288348198,0.0297625120729208,0.0680614486336708
0.0018894006498157978,0.0061413501389324665,0.0838233083486557,0.8445250988006592,0.06362078338861465
0.16742928326129913,0.3391418159008026,0.2871999442577362,0.12662649154663086,0.07960245013237
0.01680273748934269,0.07026343792676926,0.45558661222457886,0.3812359571456909,0.07611122727394104
0.006292265374213457,0.011009777896106243,0.1989850550889969,0.7167626619338989,0.06695026159286499
0.6752052307128906,0.18240593373775482,0.01751427911221981,0.04145829379558563,0.08341628313064575
0.05735735967755318,0.7947695255279541,0.08990435302257538,0.014926551841199398,0.04304218664765358
0.022010549902915955,0.047313716262578964,0.07628649473190308,0.45176610350608826,0.40262317657470703
0.005125119816511869,0.008038590662181377,0.17965960502624512,0.74198979139328,0.06518691778182983
0.26298657059669495,0.4710839092731476,0.12257097661495209,0.06396046280860901,0.07939812541007996
0.005794472526758909,0.030520599335432053,0.32891127467155457,0.5401545166969299,0.09461916238069534
0.006347363349050283,0.016013137996196747,0.28406447172164917,0.6367055177688599,0.0568695142865181
0.00814667996019125,0.176273375749588,0.7047386169433594,0.06101597473025322,0.049825381487607956
0.014261947944760323,0.019960496574640274,0.024401307106018066,0.31734612584114075,0.6240300536155701
0.005435422528535128,0.006901818793267012,0.004415011964738369,0.1720893383026123,0.8111584186553955
0.010934454388916492,0.08246787637472153,0.6336445808410645,0.21312028169631958,0.059832874685525894
0.5937876105308533,0.2543591856956482,0.023379378020763397,0.04864657297730446,0.07982729375362396
0.7117146849632263,0.16120050847530365,0.01421875786036253,0.033152781426906586,0.07971327751874924
0.006786741316318512,0.20316287875175476,0.6917008757591248,0.0562487356364727,0.04210071265697479
0.4498126804828644,0.37381550669670105,0.0520496629178524,0.0322260856628418,0.09209609031677246
0.0039800903759896755,0.013394767418503761,0.23539914190769196,0.7029784917831421,0.04424745589494705
0.010927868075668812,0.018033064901828766,0.016881179064512253,0.3174329698085785,0.6367249488830566
0.007374453358352184,0.02767181023955345,0.3473089337348938,0.563713550567627,0.053931307047605515
0.007512281648814678,0.015442830510437489,0.04301217943429947,0.7366819977760315,0.19735074043273926
0.0061616357415914536,0.07516946643590927,0.6426272392272949,0.22938500344753265,0.04665665328502655
0.04106415808200836,0.6270583868026733,0.24704593420028687,0.021354321390390396,0.06347712129354477
0.21090248227119446,0.5867584347724915,0.10036472231149673,0.032666247338056564,0.06930815428495407
0.004782878793776035,0.04080728068947792,0.5424671173095703,0.37123653292655945,0.040706221014261246
0.0545579269528389,0.5854235887527466,0.2679063379764557,0.03487495705485344,0.05723720043897629
0.5660570859909058,0.26410096883773804,0.03541578724980354,0.04526640474796295,0.08915959298610687
0.012247061356902122,0.03671754151582718,0.21136756241321564,0.6315193176269531,0.1081484854221344
0.26524966955184937,0.5458815097808838,0.08278258144855499,0.025751788169145584,0.08033442497253418
0.012498968280851841,0.3930325210094452,0.5186529159545898,0.01917288452386856,0.05664272606372833
0.5096613168716431,0.3329322338104248,0.041293129324913025,0.03810155391693115,0.07801178097724915
0.013088801875710487,0.13437330722808838,0.6409834623336792,0.1477406919002533,0.06381362676620483
0.005595809780061245,0.034610506147146225,0.42298823595046997,0.4641886353492737,0.07261675596237183
0.4786710739135742,0.3520301580429077,0.04442174732685089,0.03173017501831055,0.09314680099487305
0.6816791892051697,0.20561937987804413,0.011888853274285793,0.03375805541872978,0.06705451756715775
0.004196318797767162,0.005829459987580776,0.12604330480098724,0.79222571849823,0.0717051699757576
0.011803334578871727,0.38786861300468445,0.5314188599586487,0.02937253750860691,0.03953668102622032
0.012229850515723228,0.041446078568696976,0.4157050549983978,0.45715948939323425,0.07345958799123764
0.04027717188000679,0.437362402677536,0.4054681956768036,0.0631813332438469,0.053710829466581345
0.005378860980272293,0.13665059208869934,0.7336245179176331,0.08673261106014252,0.0376134067773819
0.0007722228765487671,0.001947165234014392,0.02793973684310913,0.8751842975616455,0.09415659308433533
0.0013798556756228209,0.004184939432889223,0.09913410991430283,0.8478161096572876,0.047484979033470154
0.6731193661689758,0.18066111207008362,0.01566573604941368,0.043954648077487946,0.08659911155700684
0.3280089497566223,0.5273664593696594,0.039307888597249985,0.034491416066884995,0.07082522660493851
0.14463624358177185,0.5141611695289612,0.20332877337932587,0.06505199521780014,0.07282180339097977
0.007679134141653776,0.020606350153684616,0.10071737319231033,0.7146663665771484,0.15633076429367065
0.00621549179777503,0.06530791521072388,0.6189689636230469,0.2674821615219116,0.04202544689178467
0.15870541334152222,0.6300786137580872,0.11862123757600784,0.025320325046777725,0.06727439910173416
0.044551633298397064,0.48812398314476013,0.3788912296295166,0.041737087070941925,0.046696022152900696
0.01618797332048416,0.3410136103630066,0.5587664246559143,0.03381607308983803,0.050215866416692734
0.007288163062185049,0.013591794297099113,0.23786185681819916,0.6763843297958374,0.06487381458282471
0.631895124912262,0.22571000456809998,0.024767795577645302,0.03484031558036804,0.08278679102659225
0.009202132932841778,0.023228049278259277,0.08326401561498642,0.6834318041801453,0.2008739709854126
0.0005019877571612597,0.0010575101478025317,0.0004687748441938311,0.05720621347427368,0.9407655596733093
0.010796185582876205,0.31414079666137695,0.5880071520805359,0.032522182911634445,0.054533667862415314
0.0026050442829728127,0.0029249759390950203,0.07529302686452866,0.840388298034668,0.07878867536783218
0.044439058750867844,0.2324562817811966,0.5055570602416992,0.15263594686985016,0.06491166353225708
0.0492098405957222,0.6451687812805176,0.2514726519584656,0.01654665172100067,0.037602074444293976
0.5361379981040955,0.3005931079387665,0.03774303197860718,0.044366419315338135,0.08115941286087036
0.0028188249561935663,0.0030631497502326965,0.0826033279299736,0.8390074372291565,0.07250731438398361
0.0068299961276352406,0.10105893760919571,0.6763618588447571,0.16768532991409302,0.04806387424468994
0.04778420180082321,0.3829295039176941,0.4173490107059479,0.09143158793449402,0.06050568446516991
0.0065992530435323715,0.012125968001782894,0.01862119697034359,0.49488386511802673,0.4677698314189911
0.002721810480579734,0.008172724395990372,0.09340721368789673,0.812171220779419,0.08352702856063843
0.0073721506632864475,0.015615425072610378,0.08120673149824142,0.7497760057449341,0.14602960646152496
0.007893463596701622,0.03816501051187515,0.4802112579345703,0.4247229993343353,0.04900725558400154
0.009399143047630787,0.19020214676856995,0.69892817735672,0.05760525166988373,0.04386533796787262
0.5048650503158569,0.33354249596595764,0.04512600973248482,0.033789075911045074,0.08267740905284882
0.01064198836684227,0.053004976361989975,0.5716362595558167,0.30749979615211487,0.05721699073910713
0.600365161895752,0.22765792906284332,0.034795861691236496,0.05045077204704285,0.08673033863306046
0.013333078473806381,0.26435866951942444,0.6304932236671448,0.044432904571294785,0.04738220199942589
0.008128912188112736,0.0889182984828949,0.6809478402137756,0.17066839337348938,0.051336582750082016
0.007093921769410372,0.016644172370433807,0.06176832318305969,0.6832155585289001,0.23127804696559906
0.5951741933822632,0.2579631507396698,0.02657974883913994,0.04126041382551193,0.07902254909276962
0.15886884927749634,0.6341783404350281,0.127070814371109,0.020489001646637917,0.0593930147588253
0.3270108103752136,0.4727495014667511,0.08356783539056778,0.036451276391744614,0.08022058010101318
0.7191471457481384,0.1629292070865631,0.013004268519580364,0.03253515437245369,0.07238418608903885
0.012689909897744656,0.22272621095180511,0.6385717988014221,0.08350339531898499,0.04250862076878548
0.00109054462518543,0.0019977528136223555,0.0013020638143643737,0.03682177886366844,0.9587879180908203
0.008782537654042244,0.03395078703761101,0.44251736998558044,0.4550414979457855,0.05970786511898041
0.0052074710838496685,0.05681782215833664,0.6240074634552002,0.27171590924263,0.04225127398967743
0.0010806292993947864,0.0010202467674389482,0.008587375283241272,0.6918953061103821,0.29741647839546204
0.008643880486488342,0.02291186898946762,0.17319875955581665,0.7010042071342468,0.09424127638339996
0.6651254296302795,0.1865348517894745,0.019806941971182823,0.04720785468816757,0.08132489770650864
0.007328466046601534,0.024698104709386826,0.2457142472267151,0.6473963856697083,0.07486280053853989
0.008205638267099857,0.03603760898113251,0.43820005655288696,0.46552371978759766,0.052032940089702606
0.43931257724761963,0.4038747251033783,0.034647613763809204,0.04660718888044357,0.07555787265300751
0.6734561920166016,0.17684005200862885,0.01980406977236271,0.04507053270936012,0.08482907712459564
0.005094795022159815,0.008024056442081928,0.1862426996231079,0.7370271682739258,0.06361129134893417
0.00048498675459995866,0.0004606846487149596,0.01143295131623745,0.8643338680267334,0.12328753620386124
0.5213236808776855,0.30936282873153687,0.03834434226155281,0.04903137683868408,0.08193785697221756
0.02582632564008236,0.22153186798095703,0.6014609932899475,0.08859077095985413,0.06258997321128845
0.006275390740483999,0.08706028759479523,0.6868684887886047,0.1716666966676712,0.048129115253686905
0.01099362038075924,0.09415624290704727,0.5948644876480103,0.23391692340373993,0.06606879085302353
0.6544201970100403,0.18857711553573608,0.01997195929288864,0.04735946282744408,0.08967119455337524
0.6221255660057068,0.22421106696128845,0.022490723058581352,0.0476638562977314,0.08350878208875656
0.6554031372070312,0.19865261018276215,0.017717743292450905,0.040295593440532684,0.0879308432340622
0.6090503931045532,0.2548559010028839,0.024504560977220535,0.031186729669570923,0.08040235936641693
0.317257285118103,0.49702081084251404,0.06145752966403961,0.05189970135688782,0.07236473262310028
0.0004451949498616159,0.0006780583062209189,0.00029861964867450297,0.035994842648506165,0.9625832438468933
0.45691531896591187,0.3792703449726105,0.04966476932168007,0.034972384572029114,0.07917722314596176
0.007938610389828682,0.010774343274533749,0.043967727571725845,0.6740191578865051,0.2633000910282135
0.5559805631637573,0.3071187436580658,0.026795540004968643,0.04035807028412819,0.06974700838327408
0.45956242084503174,0.39808693528175354,0.0417000837624073,0.027951324358582497,0.07269923388957977
0.005393365863710642,0.01493842527270317,0.24459315836429596,0.6719915270805359,0.06308358907699585
0.1773225963115692,0.652696430683136,0.06640015542507172,0.029094208031892776,0.07448659837245941
0.5955280065536499,0.25638729333877563,0.023397700861096382,0.04489336535334587,0.07979360967874527
0.579430341720581,0.25339505076408386,0.03739660233259201,0.036418188363313675,0.09335983544588089
0.027743224054574966,0.42239055037498474,0.4656740128993988,0.039968088269233704,0.0442240834236145
0.012628315016627312,0.5040494203567505,0.41765260696411133,0.018727019429206848,0.04694259911775589
0.6352959275245667,0.2217014580965042,0.022416185587644577,0.03351781889796257,0.08706864714622498
0.005511014256626368,0.11650192737579346,0.7220516800880432,0.11876359581947327,0.037171877920627594
0.6543309688568115,0.1995789259672165,0.025263383984565735,0.033452440053224564,0.08737420290708542
0.09439464658498764,0.5946789383888245,0.18778462707996368,0.06271787732839584,0.06042393296957016
0.7466309070587158,0.1282380372285843,0.011023103259503841,0.034764982759952545,0.07934301346540451
0.4736464321613312,0.37657755613327026,0.03751823678612709,0.03866506740450859,0.07359274476766586
0.05404963716864586,0.3662530779838562,0.3944073021411896,0.10836534202098846,0.07692449539899826
0.008273354731500149,0.0694551169872284,0.5760278105735779,0.29559600353240967,0.05064766854047775
0.6771990060806274,0.1709720641374588,0.0201382115483284,0.041239891201257706,0.09045092016458511
0.007186463102698326,0.11137140542268753,0.7315101027488708,0.10740908235311508,0.04252297431230545
0.01159717794507742,0.1774647980928421,0.6487578749656677,0.1096809133887291,0.052499283105134964
0.10080215334892273,0.38067519664764404,0.34253111481666565,0.10961947590112686,0.06637217849493027
0.4406054615974426,0.37494584918022156,0.06861979514360428,0.04337136819958687,0.07245750725269318
0.029406793415546417,0.5445570349693298,0.34642866253852844,0.028202421963214874,0.051405083388090134
0.01171397976577282,0.3617846965789795,0.5552456974983215,0.025272628292441368,0.045982956886291504
0.0012315468629822135,0.0018191554117947817,0.0009733922779560089,0.05986602231860161,0.9361099004745483
0.42652201652526855,0.39736026525497437,0.05607980489730835,0.034307364374399185,0.085730642080307
0.011213637888431549,0.3244948387145996,0.5937902331352234,0.036284007132053375,0.03421730548143387
0.013611226342618465,0.01960114762187004,0.02411779761314392,0.24420058727264404,0.6984692215919495
0.001908867503516376,0.003316194051876664,0.002325678477063775,0.20975428819656372,0.7826949954032898
0.0066083502024412155,0.009989640675485134,0.005717250984162092,0.17973875999450684,0.7979459762573242
0.6873915791511536,0.1630740612745285,0.02016684226691723,0.042268164455890656,0.08709932118654251
0.013652773573994637,0.3973199129104614,0.5165277719497681,0.027210496366024017,0.04528910666704178
0.3096078336238861,0.5408691167831421,0.04233510419726372,0.03550636023283005,0.07168153673410416
0.00960160605609417,0.014175258576869965,0.016467493027448654,0.32750609517097473,0.6322494745254517
0.0003374881052877754,0.0010684732114896178,0.00034797738771885633,0.014628908596932888,0.9836171865463257
0.3540118932723999,0.4252687990665436,0.08443338423967361,0.05126688629388809,0.08501904457807541
0.006261730566620827,0.02432406134903431,0.3704502284526825,0.5508794188499451,0.04808449372649193
0.5838346481323242,0.2853251099586487,0.023352211341261864,0.034910742193460464,0.07257735729217529
0.00839173886924982,0.031790830194950104,0.3368549346923828,0.560097873210907,0.06286466121673584
0.6668235659599304,0.19529178738594055,0.018872061744332314,0.03337353095412254,0.08563904464244843
0.07269849628210068,0.3854891061782837,0.3960225284099579,0.08336855471134186,0.06242122873663902
0.18959179520606995,0.5571704506874084,0.13427849113941193,0.040686286985874176,0.07827293127775192
0.0014604348689317703,0.0019961358048021793,0.08620236814022064,0.8673850893974304,0.04295595735311508
0.005339323077350855,0.03299595043063164,0.3607090413570404,0.5159310102462769,0.08502471446990967
0.540835440158844,0.29085636138916016,0.032619327306747437,0.045511312782764435,0.09017748385667801
0.6160624623298645,0.2369694858789444,0.02102215588092804,0.0444391667842865,0.08150681853294373
0.003432474797591567,0.005822399631142616,0.008218078874051571,0.4342186152935028,0.5483084321022034
0.48001062870025635,0.36378392577171326,0.0391094870865345,0.0253108162432909,0.09178510308265686
0.011501876637339592,0.3501155972480774,0.5590114593505859,0.033299654722213745,0.0460713654756546
0.43177568912506104,0.4152683913707733,0.04975443333387375,0.029145902022719383,0.074055515229702
0.013603432103991508,0.08770938217639923,0.6517571806907654,0.17958326637744904,0.0673467218875885
0.010630171746015549,0.016816120594739914,0.011131606064736843,0.14441809058189392,0.8170039653778076
0.11236584931612015,0.6550530195236206,0.1590808629989624,0.02084067277610302,0.05265957862138748
0.005154253449290991,0.01858731359243393,0.2850412130355835,0.6408782005310059,0.050339002162218094
0.054447758942842484,0.7415852546691895,0.14324598014354706,0.013917684555053711,0.04680328816175461
0.6391981840133667,0.20179377496242523,0.027487926185131073,0.04503759741783142,0.08648253977298737
0.007747518830001354,0.018044747412204742,0.08524365723133087,0.5450985431671143,0.3438655734062195
0.006579941138625145,0.017637213692069054,0.1756836622953415,0.6658062934875488,0.13429288566112518
0.008207323029637337,0.24887225031852722,0.649005115032196,0.05195079371333122,0.041964493691921234
0.015707915648818016,0.496039479970932,0.4197160303592682,0.020633846521377563,0.047902725636959076
0.4551411271095276,0.3988122045993805,0.043463483452796936,0.029652319848537445,0.07293079048395157
0.00717127276584506,0.06210251525044441,0.5736950039863586,0.2977747917175293,0.059256412088871
0.016506224870681763,0.4939682185649872,0.4162246584892273,0.016554148867726326,0.05674672871828079
0.009147008880972862,0.1457657665014267,0.721766471862793,0.07849740982055664,0.04482334107160568
0.6803284287452698,0.17494800686836243,0.016661863774061203,0.045749809592962265,0.08231179416179657
0.7699335217475891,0.10915917158126831,0.00843324139714241,0.0323064848780632,0.08016760647296906
0.006366852205246687,0.02100389078259468,0.28011494874954224,0.6401330828666687,0.05238121747970581
0.005731717683374882,0.02454041689634323,0.36448928713798523,0.5572154521942139,0.04802306368947029
0.006965212058275938,0.015899525955319405,0.05885712429881096,0.7911199331283569,0.12715819478034973
0.7026928663253784,0.14546239376068115,0.01808348298072815,0.0423334501683712,0.09142787009477615
0.009531663730740547,0.0988805815577507,0.7422878742218018,0.0908489003777504,0.058450907468795776
0.009493989869952202,0.01878337934613228,0.040494635701179504,0.5591028928756714,0.3721250593662262
0.5577503442764282,0.30124813318252563,0.025024551898241043,0.040392011404037476,0.07558495551347733
0.011223831214010715,0.2451137900352478,0.6325121521949768,0.06847646087408066,0.042673710733652115
0.009927823208272457,0.23776236176490784,0.6669610142707825,0.0488339327275753,0.03651488199830055
0.003520461730659008,0.00842306949198246,0.06546823680400848,0.8429707884788513,0.0796174705028534
0.25381752848625183,0.6026259064674377,0.052965156733989716,0.023391056805849075,0.06720034033060074
0.03454021364450455,0.15737009048461914,0.2546711564064026,0.2805250883102417,0.27289339900016785
0.0034976352471858263,0.0052099330350756645,0.020269380882382393,0.6694275736808777,0.3015954792499542
0.701002299785614,0.19102288782596588,0.012634717859327793,0.02886718325316906,0.0664728432893753
0.4418964684009552,0.3426981270313263,0.07739097625017166,0.04769204556941986,0.09032242000102997
0.0846652239561081,0.4807640612125397,0.2922791838645935,0.07134765386581421,0.07094385474920273
0.3833951950073242,0.453818142414093,0.05758954957127571,0.029342330992221832,0.07585471868515015
0.01028409693390131,0.19489635527133942,0.6867431998252869,0.05973999574780464,0.04833643510937691
0.2957572340965271,0.5199989080429077,0.0735357254743576,0.03849654644727707,0.07221158593893051
0.005768895614892244,0.037619881331920624,0.4290142357349396,0.4505777060985565,0.07701923698186874
0.5667195320129395,0.2598244845867157,0.03942660987377167,0.04986698925495148,0.0841624066233635
0.677443265914917,0.19405275583267212,0.017970386892557144,0.03231457993388176,0.07821904122829437
0.28352251648902893,0.4981420338153839,0.09624845534563065,0.038874536752700806,0.0832124650478363
0.011207894422113895,0.07267425954341888,0.6763272285461426,0.17426110804080963,0.06552950292825699
0.262687623500824,0.5270452499389648,0.0984312891960144,0.03444960340857506,0.07738621532917023
0.00929561723023653,0.26754093170166016,0.6426123380661011,0.03678462654352188,0.04376649111509323
0.5904183387756348,0.248296320438385,0.03233593702316284,0.04630998522043228,0.08263938128948212
0.0061469413340091705,0.11601284146308899,0.7349598407745361,0.09701305627822876,0.045867323875427246
0.5720310807228088,0.26398560404777527,0.03059973567724228,0.03773263469338417,0.09565097838640213
0.013474241830408573,0.18032914400100708,0.6640728712081909,0.0923292264342308,0.049794502556324005
0.006191357504576445,0.030064886435866356,0.4492715895175934,0.46946650743484497,0.04500557854771614
0.42713162302970886,0.4013502895832062,0.05165141820907593,0.031266964972019196,0.08859977126121521
0.22365479171276093,0.393799364566803,0.19575190544128418,0.1052730455994606,0.0815209150314331
0.005846232641488314,0.00862094946205616,0.004785099532455206,0.18616266548633575,0.794585108757019
0.008792346343398094,0.03707071766257286,0.5177960395812988,0.37999993562698364,0.056340981274843216
0.5823768973350525,0.2561641335487366,0.02954021655023098,0.04553709179162979,0.0863817110657692
0.147069051861763,0.6867807507514954,0.08627630770206451,0.018491830676794052,0.061382003128528595
0.0025277130771428347,0.002533570397645235,0.031091980636119843,0.8004859685897827,0.1633608043193817
0.6627852916717529,0.1846240758895874,0.021191829815506935,0.04593486338853836,0.08546385914087296
0.005892522633075714,0.026881396770477295,0.32263273000717163,0.5595259666442871,0.08506739884614944
0.007630629930645227,0.18628840148448944,0.6992063522338867,0.0710253119468689,0.03584929183125496
0.062136776745319366,0.23781298100948334,0.4670701026916504,0.1584925651550293,0.07448764145374298
0.05070200189948082,0.7488130331039429,0.1224132850766182,0.019098317250609398,0.05897330120205879
0.12436453998088837,0.6719520688056946,0.11481399089097977,0.01513962633907795,0.07372976094484329
0.24520331621170044,0.5792727470397949,0.08824533969163895,0.022623417899012566,0.0646551325917244
0.012417346239089966,0.2618669271469116,0.6337018013000488,0.04585111141204834,0.04616272822022438
0.011526464484632015,0.10686361789703369,0.6201657056808472,0.21210534870624542,0.04933890327811241
0.0022905138321220875,0.004160944372415543,0.0028028441593050957,0.049237072467803955,0.9415085911750793
0.005759227555245161,0.017813822254538536,0.1701572686433792,0.7232761383056641,0.0829935222864151
0.24240422248840332,0.5481020212173462,0.10372894257307053,0.0429723858833313,0.06279238313436508
0.007221732754260302,0.022158529609441757,0.13956396281719208,0.6074927449226379,0.22356300055980682
0.0012302269460633397,0.003207384841516614,0.03928086906671524,0.8515766263008118,0.1047048345208168
0.43313202261924744,0.39019644260406494,0.05371147394180298,0.04431555047631264,0.07864456623792648
0.3312390446662903,0.5097529292106628,0.063858762383461,0.027607979252934456,0.06754124164581299
0.0075664217583835125,0.04135013744235039,0.5979254245758057,0.3052990436553955,0.04785895347595215
0.009363611228764057,0.042734064161777496,0.6069495677947998,0.291644424200058,0.04930838197469711
0.6765394806861877,0.16603949666023254,0.022418688982725143,0.044095661491155624,0.09090656787157059
0.015924539417028427,0.3805737793445587,0.5242356657981873,0.033790770918130875,0.04547528922557831
0.6805641055107117,0.1857225000858307,0.018571292981505394,0.02991262450814247,0.08522941917181015
0.013676077127456665,0.4188898503780365,0.4880373179912567,0.02812471054494381,0.05127202719449997
0.5446984171867371,0.30274543166160583,0.03317560255527496,0.04112585633993149,0.07825467735528946
0.24309207499027252,0.5155572295188904,0.11235964298248291,0.043811894953250885,0.08517912775278091
0.0066828178241848946,0.02378275617957115,0.3145507276058197,0.5984954833984375,0.056488167494535446
0.5862590670585632,0.2730472981929779,0.02609138935804367,0.029850589111447334,0.0847516804933548
0.010575107298791409,0.07257355004549026,0.6132409572601318,0.24582742154598236,0.05778299644589424
0.002119975397363305,0.0061562624759972095,0.077279232442379,0.8355128765106201,0.07893166691064835
0.28772029280662537,0.4763734042644501,0.11893894523382187,0.0466693714261055,0.07029799371957779
0.497376024723053,0.35421764850616455,0.039548300206661224,0.03209447115659714,0.07676352560520172
0.5751557946205139,0.2783682346343994,0.028354723006486893,0.030659472569823265,0.08746174722909927
0.6994325518608093,0.15657280385494232,0.016266951337456703,0.04237235710024834,0.0853552520275116
0.005521954968571663,0.030249327421188354,0.44418829679489136,0.477480411529541,0.04255998134613037
0.5933426022529602,0.2560057044029236,0.030197596177458763,0.03741656243801117,0.08303762227296829
0.004614309407770634,0.012524309568107128,0.10001298040151596,0.761116087436676,0.12173235416412354
0.569039523601532,0.27708515524864197,0.029074033722281456,0.04149169474840164,0.08330949395895004
0.5972607731819153,0.21677136421203613,0.035142116248607635,0.05503036081790924,0.09579533338546753
0.0059768627397716045,0.111453115940094,0.7418999671936035,0.10454676300287247,0.03612335026264191
0.06090648099780083,0.6882022619247437,0.18217703700065613,0.022077471017837524,0.04663674905896187
0.0688142329454422,0.7287165522575378,0.13593155145645142,0.017988696694374084,0.048548925668001175
0.013618960045278072,0.051899898797273636,0.4857582151889801,0.3810957968235016,0.06762714684009552
0.015273632481694221,0.1356217861175537,0.6093692779541016,0.17163343727588654,0.06810185313224792
0.24014195799827576,0.59294593334198,0.059142064303159714,0.021808970719575882,0.08596111834049225
0.10571322590112686,0.6992018222808838,0.10411433130502701,0.027276037260890007,0.06369458138942719
0.007548627909272909,0.03314107283949852,0.35274773836135864,0.5428228974342346,0.0637395977973938
0.011040804907679558,0.10474758595228195,0.6850820779800415,0.1480516940355301,0.05107790231704712
0.015155910514295101,0.2192634493112564,0.5947253704071045,0.11415532976388931,0.056699901819229126
0.0112527497112751,0.1530589759349823,0.654401421546936,0.12598781287670135,0.05529908090829849
0.00996802095323801,0.06582804024219513,0.5979427099227905,0.26370769739151,0.06255356967449188
0.6738646030426025,0.17260152101516724,0.021870099008083344,0.04270182549953461,0.08896198868751526
0.30244559049606323,0.5727201104164124,0.033304132521152496,0.02980446070432663,0.06172570586204529
0.011125843040645123,0.04013504087924957,0.39810675382614136,0.47559720277786255,0.07503518462181091
0.0027611914556473494,0.0029339268803596497,0.06972184032201767,0.8377411365509033,0.08684179931879044
0.0058839344419538975,0.013231967575848103,0.05743314325809479,0.7041221261024475,0.2193288952112198
0.6352359056472778,0.2114821821451187,0.021167481318116188,0.046226099133491516,0.08588827401399612
0.3150058090686798,0.5116608142852783,0.07171043753623962,0.03233547508716583,0.06928747147321701
0.011545068584382534,0.41653451323509216,0.5052496194839478,0.0220117699354887,0.0446590855717659
0.26348868012428284,0.5544018745422363,0.07471106201410294,0.03653677925467491,0.0708615705370903
0.6432092189788818,0.1861424595117569,0.030489562079310417,0.04637211561203003,0.09378662705421448
0.0046897041611373425,0.017851538956165314,0.29976028203964233,0.6328550577163696,0.044843416661024094
0.10976064950227737,0.7414999604225159,0.06478609144687653,0.019583342596888542,0.06436995416879654
0.0007769496296532452,0.0020271693356335163,0.0010504566598683596,0.02914484590291977,0.9670005440711975
0.006969789043068886,0.05581754073500633,0.7366034388542175,0.14431244134902954,0.056296806782484055
0.5146907567977905,0.3232046365737915,0.04237595200538635,0.0445413663983345,0.07518723607063293
0.24703465402126312,0.5410913825035095,0.10275590419769287,0.032167430967092514,0.07695062458515167
0.6100472807884216,0.24029357731342316,0.02281600423157215,0.040598269551992416,0.0862448588013649
0.07914933562278748,0.5062057971954346,0.21060946583747864,0.1237274631857872,0.0803079903125763
0.0046601672656834126,0.02353382483124733,0.415547251701355,0.5182499289512634,0.038008835166692734
0.5441750884056091,0.2850321829319,0.0411456897854805,0.045385248959064484,0.08426174521446228
0.6435897350311279,0.21683715283870697,0.02102508582174778,0.03302222490310669,0.08552569895982742
0.009664016775786877,0.11968196928501129,0.7516968846321106,0.06759622693061829,0.051360853016376495
0.056593939661979675,0.5657435059547424,0.297187477350235,0.03230511397123337,0.04817001149058342
0.011613763868808746,0.02471555396914482,0.04745692014694214,0.46992748975753784,0.44628623127937317
0.010350060649216175,0.14211806654930115,0.7201405763626099,0.08833339810371399,0.03905786946415901
0.00831376202404499,0.014249846339225769,0.06475333124399185,0.6851927638053894,0.22749033570289612
0.010539501905441284,0.15366697311401367,0.6748884916305542,0.1054508164525032,0.05545423552393913
0.5516523122787476,0.29866060614585876,0.02913627028465271,0.027801265940070152,0.09274959564208984
0.5074363350868225,0.3485249876976013,0.03246394544839859,0.03862747550010681,0.07294722646474838
0.0010370048694312572,0.001949948607943952,0.0036535030230879784,0.44044366478919983,0.5529158115386963
0.016649607568979263,0.11444782465696335,0.5488589406013489,0.243076354265213,0.0769672617316246
0.18991103768348694,0.6813763976097107,0.05358590558171272,0.018947651609778404,0.05617905408143997
0.008780688047409058,0.021429870277643204,0.07507102191448212,0.6550233364105225,0.23969510197639465
0.01632978394627571,0.20563602447509766,0.662379801273346,0.07200808823108673,0.043646302074193954
0.006512692663818598,0.08667118102312088,0.6819670796394348,0.170924574136734,0.05392443761229515
0.26094871759414673,0.5775892734527588,0.06508670747280121,0.032632578164339066,0.06374268233776093
0.01131866779178381,0.023628540337085724,0.0742136761546135,0.6525592803955078,0.23827986419200897
0.3476995527744293,0.49512624740600586,0.05411034822463989,0.030769793316721916,0.07229409366846085
0.01397598348557949,0.10164979845285416,0.6049872636795044,0.21285876631736755,0.06652810424566269
0.10952146351337433,0.6881393194198608,0.12294328957796097,0.023108065128326416,0.05628778412938118
0.005444437265396118,0.018661394715309143,0.26363253593444824,0.6580708622932434,0.05419083312153816
0.012403009459376335,0.23130257427692413,0.643238365650177,0.06224769353866577,0.05080840364098549
0.0007344772457145154,0.002078814199194312,0.04525108262896538,0.8878996968269348,0.06403590738773346
0.4586639702320099,0.3993404507637024,0.03426153585314751,0.03713909164071083,0.0705948919057846
0.036794036626815796,0.36694496870040894,0.46286526322364807,0.0729745551943779,0.060421209782361984
0.009185582399368286,0.016268283128738403,0.01896369270980358,0.3885844349861145,0.5669980049133301
0.008284772746264935,0.02052646316587925,0.30110788345336914,0.6008413434028625,0.06923957914113998
0.03836837783455849,0.33703386783599854,0.46022769808769226,0.10553652048110962,0.058833539485931396
0.28751692175865173,0.5597753524780273,0.045548729598522186,0.03717431798577309,0.06998459994792938
0.6537307500839233,0.19380414485931396,0.018243417143821716,0.04450630769133568,0.0897153988480568
0.007837571203708649,0.12520010769367218,0.7139917612075806,0.10243289917707443,0.0505375973880291
0.006922031752765179,0.08936217427253723,0.7761369943618774,0.07459412515163422,0.05298468470573425
0.620166003704071,0.23898036777973175,0.021500617265701294,0.027009272947907448,0.09234368056058884
0.35752159357070923,0.47518208622932434,0.06535673141479492,0.02773677185177803,0.07420273870229721
0.010654177516698837,0.017773490399122238,0.04284317046403885,0.3865109384059906,0.5422181487083435
0.009676182642579079,0.15879887342453003,0.7259851098060608,0.05021706968545914,0.05532273277640343
0.6997120380401611,0.15363560616970062,0.018114658072590828,0.039737071841955185,0.08880066126585007
0.03728889301419258,0.6197669506072998,0.2644312083721161,0.02825149893760681,0.05026143416762352
0.1619984209537506,0.6221052408218384,0.11844149976968765,0.03973096236586571,0.05772378668189049
0.12126878648996353,0.5129649639129639,0.22675669193267822,0.06910169869661331,0.06990781426429749
0.009050212800502777,0.04983534291386604,0.6489824056625366,0.23296479880809784,0.05916731059551239
0.2751803696155548,0.5080195069313049,0.09794851392507553,0.03864608705043793,0.08020542562007904
0.14176177978515625,0.714387059211731,0.051335304975509644,0.01958693005144596,0.07292896509170532
0.6006185412406921,0.2513233423233032,0.02457413077354431,0.04076053947210312,0.0827234536409378
0.7071003317832947,0.15448033809661865,0.014637844637036324,0.039826877415180206,0.0839545875787735
0.6600468754768372,0.19725053012371063,0.02089778333902359,0.04013627767562866,0.08166855573654175
0.017323439940810204,0.056966591626405716,0.21527475118637085,0.5512962341308594,0.15913896262645721
0.5009693503379822,0.33521828055381775,0.041033629328012466,0.04390641301870346,0.07887228578329086
0.6658587455749512,0.20328542590141296,0.018178895115852356,0.03615973889827728,0.07651723176240921
0.18747325241565704,0.4377896189689636,0.21343719959259033,0.08414873480796814,0.07715111970901489
0.6878492832183838,0.1549767553806305,0.019965672865509987,0.04545028507709503,0.09175798296928406
0.5273982882499695,0.32210326194763184,0.03241656720638275,0.040573522448539734,0.0775083526968956
0.058499034494161606,0.6395286917686462,0.2190667688846588,0.02234375663101673,0.06056174263358116
0.006035510916262865,0.06436146795749664,0.6017051339149475,0.27494290471076965,0.05295500159263611
0.01476883515715599,0.06340709328651428,0.47976481914520264,0.36206355690956116,0.07999572902917862
0.16586388647556305,0.4993972182273865,0.19403360784053802,0.06676651537418365,0.07393882423639297
0.6309133172035217,0.21148982644081116,0.02416215091943741,0.04884665086865425,0.08458805829286575
0.007716907653957605,0.17842087149620056,0.7094922065734863,0.056876007467508316,0.04749395325779915
0.00039603791083209217,0.0013629267923533916,0.00047683031880296767,0.013766314834356308,0.9839979410171509
0.00797426886856556,0.059652380645275116,0.49755364656448364,0.35623860359191895,0.07858117669820786
0.005121584050357342,0.014835827052593231,0.11348254233598709,0.757381796836853,0.10917817801237106
0.01056577730923891,0.2557521462440491,0.6480936408042908,0.03039136528968811,0.05519707500934601
0.013488536700606346,0.17561903595924377,0.6562580466270447,0.10178554058074951,0.05284891650080681
0.008713800460100174,0.02346387319266796,0.17036287486553192,0.6937693953514099,0.10369011759757996
0.5261701941490173,0.2890898287296295,0.04872586950659752,0.04360028728842735,0.0924137607216835
0.0034081051126122475,0.010015109553933144,0.13456766307353973,0.779956042766571,0.07205314934253693
0.008088173344731331,0.12845435738563538,0.7261075973510742,0.09336134046316147,0.04398847371339798
0.003559096949175,0.006799743045121431,0.004363745916634798,0.09093251824378967,0.8943448662757874
0.003606563899666071,0.01011398620903492,0.04939967021346092,0.8662199378013611,0.0706598311662674
0.0029163334984332323,0.008377629332244396,0.05008368194103241,0.8799294829368591,0.0586928091943264
0.10044972598552704,0.7365149259567261,0.07478269934654236,0.021749891340732574,0.06650279462337494
0.2648666501045227,0.5266273021697998,0.09603612869977951,0.03357934206724167,0.0788905993103981
0.5861988067626953,0.2745707929134369,0.027611317113041878,0.03515544533729553,0.07646366208791733
0.5888291001319885,0.2489193081855774,0.02964618057012558,0.04882388561964035,0.08378151059150696
0.644207775592804,0.20065991580486298,0.022094152867794037,0.04560992121696472,0.08742823451757431
0.727965772151947,0.13887597620487213,0.012327616102993488,0.03998089209198952,0.0808497965335846
0.16688096523284912,0.5828476548194885,0.14415808022022247,0.03937399014830589,0.06673934310674667
0.009578882716596127,0.0769151970744133,0.5463814735412598,0.3067757487297058,0.06034860387444496
0.005245986860245466,0.009351822547614574,0.008316743187606335,0.27706295251846313,0.7000225186347961
0.7049217224121094,0.15383516252040863,0.014718797989189625,0.043317779898643494,0.08320652693510056
0.6958246231079102,0.17274758219718933,0.016688566654920578,0.031862836331129074,0.08287632465362549
0.009865735657513142,0.050386492162942886,0.4711223244667053,0.4036880135536194,0.06493744254112244
0.6118195056915283,0.23468466103076935,0.023289579898118973,0.04403748735785484,0.0861688181757927
0.025292182341217995,0.17069637775421143,0.5182759165763855,0.1918511837720871,0.09388427436351776
0.016374649479985237,0.31560564041137695,0.5647087693214417,0.0566638708114624,0.046647027134895325
0.23940210044384003,0.5899049043655396,0.08277884870767593,0.019689485430717468,0.06822463124990463
0.004596475511789322,0.013084391131997108,0.0904749408364296,0.7496034502983093,0.14224077761173248
0.007221358362585306,0.12619207799434662,0.7147993445396423,0.11165134608745575,0.04013584181666374
0.5259726047515869,0.2891849875450134,0.0446038618683815,0.04953569173812866,0.09070289880037308
0.05836629495024681,0.7600266337394714,0.11954973638057709,0.012473038397729397,0.04958423599600792
0.4640572965145111,0.33869263529777527,0.05469948425889015,0.04195181652903557,0.10059873759746552
0.03213241323828697,0.5818701982498169,0.3151414394378662,0.024456331506371498,0.04639959707856178
0.6917566657066345,0.15752911567687988,0.017666324973106384,0.04372856765985489,0.08931930363178253
0.6774837374687195,0.1758611798286438,0.01621498540043831,0.04772336035966873,0.0827166885137558
0.5209946632385254,0.3259315490722656,0.03247553110122681,0.02695932611823082,0.09363888204097748
0.5902020931243896,0.2467420995235443,0.029095366597175598,0.048572756350040436,0.08538764715194702
0.0072321281768381596,0.03888106346130371,0.5167312622070312,0.38995295763015747,0.047202493995428085
0.017646977677941322,0.31994813680648804,0.5607917308807373,0.05826176702976227,0.04335138574242592
0.4318895637989044,0.3981207013130188,0.05418388545513153,0.034941744059324265,0.08086418360471725
0.005831519607454538,0.027934454381465912,0.3190242648124695,0.5519319176673889,0.09527786076068878
0.011915170587599277,0.07890193909406662,0.45659056305885315,0.3688545823097229,0.08373771607875824
0.011417890898883343,0.05814291164278984,0.5211703181266785,0.34366488456726074,0.06560403853654861
0.10089855641126633,0.41778993606567383,0.29503634572029114,0.10858919471502304,0.07768596708774567
0.004256418906152248,0.01372360996901989,0.22435443103313446,0.7085070013999939,0.04915865510702133
0.009628149680793285,0.0461684912443161,0.4438220262527466,0.43750816583633423,0.06287319213151932
0.620703399181366,0.22318018972873688,0.024765053763985634,0.04609866812825203,0.08525263518095016
0.6514439582824707,0.21438954770565033,0.020540324971079826,0.03689764440059662,0.07672850042581558
0.20489510893821716,0.603370726108551,0.10506356507539749,0.027932703495025635,0.058737948536872864
0.005898555275052786,0.1083763986825943,0.7474567294120789,0.0974433422088623,0.04082496091723442
0.02083309181034565,0.6093704700469971,0.31073418259620667,0.014202730730175972,0.04485950246453285
0.002786079654470086,0.005146433133631945,0.003240609308704734,0.0909980833530426,0.8978287577629089
0.6982072591781616,0.15594539046287537,0.017409928143024445,0.04221830144524574,0.08621922880411148
0.012690885923802853,0.43671277165412903,0.48920729756355286,0.021135099232196808,0.04025397077202797
0.005609625019133091,0.011683737859129906,0.0070913247764110565,0.24229571223258972,0.7333196997642517
0.005528148263692856,0.01286083459854126,0.09514039754867554,0.7946842908859253,0.09178625792264938
0.041398413479328156,0.12830883264541626,0.3337000906467438,0.37274879217147827,0.12384387850761414
0.0019755715038627386,0.001924718962982297,0.049172818660736084,0.8550282120704651,0.09189868718385696
0.008661062456667423,0.14272025227546692,0.7343941330909729,0.05759657174348831,0.05662805959582329
0.012759434059262276,0.06665465980768204,0.5905289649963379,0.26130974292755127,0.06874722987413406
0.007585712242871523,0.027847055345773697,0.2877998948097229,0.607857882976532,0.06890939176082611
0.004864021670073271,0.0075675430707633495,0.040180549025535583,0.554550051689148,0.39283785223960876
0.5805813074111938,0.2720387578010559,0.025988910347223282,0.04410604014992714,0.0772850289940834
0.032878004014492035,0.7041177749633789,0.19989976286888123,0.0149705084040761,0.04813387989997864
0.004817679058760405,0.008325516246259212,0.006833462975919247,0.25179043412208557,0.7282329201698303
0.6195054650306702,0.23111867904663086,0.026450367644429207,0.041170187294483185,0.08175528794527054
0.012061353772878647,0.14264804124832153,0.6301780939102173,0.16255876421928406,0.05255375802516937
0.002966861939057708,0.006514640059322119,0.0018867353210225701,0.0811537504196167,0.9074780344963074
0.00861259177327156,0.06185682490468025,0.587984025478363,0.28373271226882935,0.05781392380595207
0.16249437630176544,0.6851524710655212,0.07445570081472397,0.02105538919568062,0.05684208869934082
0.5449080467224121,0.28634747862815857,0.039042405784130096,0.04312519356608391,0.08657683432102203
0.4015979766845703,0.40224936604499817,0.07727417349815369,0.04618284851312637,0.07269568741321564
0.5359253883361816,0.3059615194797516,0.04066959768533707,0.03371262550354004,0.08373085409402847
0.6298446655273438,0.21316106617450714,0.024651512503623962,0.0404696986079216,0.09187309443950653
0.004431918729096651,0.01674520969390869,0.29336968064308167,0.6421647071838379,0.043288446962833405
0.007973697036504745,0.069447360932827,0.754291832447052,0.115800641477108,0.0524863600730896
0.021409858018159866,0.15603215992450714,0.5534030795097351,0.20126290619373322,0.06789195537567139
0.05108758807182312,0.7313398122787476,0.15868070721626282,0.014029301702976227,0.044862594455480576
0.0425683856010437,0.336498498916626,0.483517050743103,0.08392517268657684,0.05349094048142433
0.010732116177678108,0.018842529505491257,0.06721281260251999,0.5255996584892273,0.3776128590106964
0.5820249319076538,0.27253857254981995,0.02961941622197628,0.03702950477600098,0.07878748327493668
0.5653094053268433,0.2774975597858429,0.032367389649152756,0.03414718434214592,0.09067851305007935
0.007334256544709206,0.07107707858085632,0.7598506212234497,0.10923007875680923,0.05250793695449829
0.5850380063056946,0.2913617491722107,0.02441278286278248,0.029735049232840538,0.06945250183343887
0.5061572194099426,0.32622432708740234,0.04097240790724754,0.03596099466085434,0.09068503975868225
0.5609282851219177,0.2787492275238037,0.03430235758423805,0.04407353699207306,0.08194657415151596
0.2783255875110626,0.5761339068412781,0.04092824086546898,0.0336662195622921,0.07094608247280121
0.19623084366321564,0.6305839419364929,0.07257910817861557,0.027110110968351364,0.07349594682455063
0.5295917391777039,0.29961079359054565,0.0412711463868618,0.04241486266255379,0.08711155503988266
0.2273748219013214,0.5074915885925293,0.16691505908966064,0.04040123149752617,0.057817243039608
0.4029588997364044,0.40215614438056946,0.07102902978658676,0.04660749062895775,0.07724859565496445
0.6796662211418152,0.183227077126503,0.01825513318181038,0.03536628186702728,0.08348528295755386
0.12277455627918243,0.6422473192214966,0.14933806657791138,0.023332206532359123,0.06230781227350235
0.32117152214050293,0.5137268304824829,0.0648479238152504,0.03299064189195633,0.06726306676864624
0.5103468298912048,0.3598006069660187,0.03374909237027168,0.026628835126757622,0.06947457790374756
0.017496876418590546,0.562884509563446,0.35330817103385925,0.017676906660199165,0.048633601516485214
0.3773537576198578,0.4287087619304657,0.07900635898113251,0.03455920144915581,0.08037189394235611
0.003124895738437772,0.00465739518404007,0.0032430000137537718,0.11798194795846939,0.8709927797317505
0.011011028662323952,0.054217588156461716,0.6122604608535767,0.25507357716560364,0.06743739545345306
0.5636848211288452,0.288230299949646,0.02816631644964218,0.042755961418151855,0.07716255635023117
0.04061173275113106,0.5656061768531799,0.3206392526626587,0.028771396726369858,0.044371359050273895
0.3750106692314148,0.4634864032268524,0.04994652047753334,0.040302347391843796,0.07125401496887207
0.013127803802490234,0.1014694795012474,0.5767069458961487,0.23925615847110748,0.06943964213132858
0.3560815453529358,0.5225712656974792,0.0326092429459095,0.02783696912229061,0.06090087816119194
0.00303147966042161,0.00352162541821599,0.138872891664505,0.8094846606254578,0.04508933797478676
0.010162887163460255,0.03021690994501114,0.2896275818347931,0.5837697386741638,0.08622292429208755
0.46919113397598267,0.3468693494796753,0.051584869623184204,0.04075320437550545,0.09160152822732925
0.0005292548448778689,0.0008251653052866459,0.00044660692219622433,0.052811842411756516,0.9453871250152588
0.008528821170330048,0.03732123225927353,0.59873366355896,0.3002316355705261,0.05518462881445885
0.00449582003057003,0.015211419202387333,0.23165099322795868,0.6941402554512024,0.05450151488184929
0.00328620127402246,0.007070889230817556,0.03728665038943291,0.7428812980651855,0.20947490632534027
0.02980479598045349,0.5378243923187256,0.3452754616737366,0.028765393421053886,0.05833008512854576
0.3214883506298065,0.5184593796730042,0.06635574251413345,0.023126956075429916,0.07056950777769089
0.4070269763469696,0.39560529589653015,0.07540353387594223,0.048677828162908554,0.07328633219003677
0.04662802070379257,0.6694342494010925,0.1992843598127365,0.027556680142879486,0.05709661915898323
0.4481322467327118,0.39864295721054077,0.0467422716319561,0.038333989679813385,0.06814856827259064
0.6063972115516663,0.22562344372272491,0.03171667456626892,0.04916302114725113,0.08709969371557236
0.5694719552993774,0.2884964346885681,0.03039926290512085,0.026531245559453964,0.08510109782218933
0.0011967287864536047,0.0017778357723727822,0.0009061576565727592,0.05655137822031975,0.9395679235458374
0.5916545391082764,0.25381705164909363,0.027241522446274757,0.044183261692523956,0.08310360461473465
0.007430105470120907,0.027081986889243126,0.3312757611274719,0.5765807628631592,0.05763138830661774
0.01042015291750431,0.03056991472840309,0.17726029455661774,0.6486110687255859,0.13313858211040497
0.711195707321167,0.1432892382144928,0.01576492190361023,0.040561411529779434,0.08918871730566025
0.7469216585159302,0.12578921020030975,0.011183787137269974,0.0348803773522377,0.0812249705195427
0.0062689147889614105,0.06254121661186218,0.6087948679924011,0.27644822001457214,0.04594683647155762
0.01131270732730627,0.3715698719024658,0.5446798801422119,0.030996914952993393,0.04144067317247391
0.0060660215094685555,0.013235820457339287,0.07361622154712677,0.779614269733429,0.12746773660182953
0.21393811702728271,0.5632320642471313,0.13345646858215332,0.024839138612151146,0.06453423947095871
0.00811881572008133,0.030177805572748184,0.28474339842796326,0.5969550013542175,0.08000500500202179
0.5536897778511047,0.30432599782943726,0.02935217320919037,0.02684197947382927,0.08579017966985703
0.6719524264335632,0.2007768154144287,0.01799524575471878,0.031240785494446754,0.07803473621606827
0.06088999658823013,0.47941604256629944,0.3170463740825653,0.07013151049613953,0.072516068816185
0.022687729448080063,0.5419261455535889,0.3653559386730194,0.017378225922584534,0.05265190452337265
0.001332186977379024,0.003910637926310301,0.09627356380224228,0.8508610129356384,0.047622695565223694
0.008154213428497314,0.013623062521219254,0.05694350227713585,0.6927618980407715,0.2285173088312149
0.010360581800341606,0.07821308821439743,0.6349238157272339,0.23091457784175873,0.04558797553181648
0.630160927772522,0.19966185092926025,0.028051484376192093,0.051326800137758255,0.09079884737730026
0.6463137269020081,0.20814034342765808,0.02407965622842312,0.03406906872987747,0.08739715814590454
0.5704402923583984,0.2655591666698456,0.031888026744127274,0.04589067026972771,0.0862218514084816
0.00807100534439087,0.026134898886084557,0.2625432014465332,0.6325282454490662,0.07072268426418304
0.534689724445343,0.3176267743110657,0.030854731798171997,0.04005727544426918,0.07677146047353745
0.03354046121239662,0.5633679032325745,0.3128517270088196,0.030463004484772682,0.05977700278162956
0.316237211227417,0.5101366639137268,0.06813264638185501,0.0350794717669487,0.07041394710540771
0.004898346960544586,0.01229003444314003,0.14128351211547852,0.7509943246841431,0.09053380787372589
0.006854064762592316,0.02562699094414711,0.20262853801250458,0.607308030128479,0.15758231282234192
0.7250505089759827,0.1530448943376541,0.011927618645131588,0.03555457293987274,0.0744224265217781
0.3999466300010681,0.4123231768608093,0.07419565320014954,0.03305160254240036,0.08048287034034729
0.0041987355798482895,0.0060961199924349785,0.1613091230392456,0.7721718549728394,0.05622419714927673
0.4195817708969116,0.4443408250808716,0.03626958280801773,0.03031621128320694,0.06949156522750854
0.1514403522014618,0.598279595375061,0.1518864929676056,0.03421466052532196,0.06417888402938843
0.6932675838470459,0.1947575807571411,0.01353330910205841,0.029478497803211212,0.06896303594112396
0.6843435764312744,0.19109591841697693,0.01616252213716507,0.028969179838895798,0.07942884415388107
0.44383466243743896,0.40132495760917664,0.032529067248106,0.03621148318052292,0.08609987795352936
0.022188575938344002,0.4930408000946045,0.4088493585586548,0.025796622037887573,0.050124604254961014
0.6861768364906311,0.18856331706047058,0.0173296220600605,0.02684639021754265,0.08108384907245636
0.007401865907013416,0.020769869908690453,0.15134795010089874,0.7138087749481201,0.1066715344786644
0.04585140943527222,0.5427759885787964,0.3293958008289337,0.03430715948343277,0.047669678926467896
0.19308486580848694,0.6106087565422058,0.10730116069316864,0.02215936966240406,0.06684581935405731
0.06137072294950485,0.7067596316337585,0.16367007791996002,0.020762024447321892,0.04743754863739014
0.1935534030199051,0.6055778861045837,0.0996427908539772,0.04224815592169762,0.05897767096757889
0.4094196557998657,0.411283940076828,0.057339925318956375,0.03456852585077286,0.08738800883293152
0.3248559832572937,0.5148407220840454,0.058287180960178375,0.02833429165184498,0.07368181645870209
0.576372504234314,0.2654929757118225,0.029534172266721725,0.04431070387363434,0.08428967744112015
0.006779786199331284,0.009570066817104816,0.017387086525559425,0.4406053423881531,0.5256577134132385
0.010910578072071075,0.01920897141098976,0.018422706052660942,0.4706580638885498,0.4807997941970825
0.6947261095046997,0.16184601187705994,0.01948622055351734,0.039480339735746384,0.08446130156517029
0.04632829129695892,0.18906767666339874,0.5162596106529236,0.1877758502960205,0.060568537563085556
0.0008973192889243364,0.0019450237741693854,0.0009614774025976658,0.061504065990448,0.9346920847892761
0.058917056769132614,0.7125088572502136,0.1644287258386612,0.013176619075238705,0.050968773663043976
0.6024711728096008,0.23401769995689392,0.028001992031931877,0.04644845053553581,0.0890607088804245
0.5583974719047546,0.2849843204021454,0.031122194603085518,0.0315338596701622,0.09396211802959442
0.06427042931318283,0.6261183023452759,0.2346150130033493,0.029870672151446342,0.04512561485171318
0.22330163419246674,0.6049529314041138,0.07941415905952454,0.028181346133351326,0.06415000557899475
0.6080494523048401,0.2542708218097687,0.02707108110189438,0.029533129185438156,0.08107555657625198
0.007776164449751377,0.022252144291996956,0.367757111787796,0.5441479682922363,0.05806662514805794
0.010412637144327164,0.13670863211154938,0.6275466680526733,0.1660091131925583,0.059322889894247055
0.004506092984229326,0.014477667398750782,0.20612835884094238,0.7208027243614197,0.05408506095409393
0.3658377528190613,0.45406025648117065,0.06519223749637604,0.030478183180093765,0.08443158864974976
0.33118563890457153,0.5302408337593079,0.04417509585618973,0.03114897571504116,0.06324950605630875
0.010239958763122559,0.01844298653304577,0.03207748383283615,0.5549100637435913,0.3843294680118561
0.01789245940744877,0.3523487448692322,0.5508896112442017,0.04073918238282204,0.03812994062900543
0.044609617441892624,0.6968111395835876,0.18372853100299835,0.020471161231398582,0.0543796569108963
0.028974825516343117,0.25404226779937744,0.5811991095542908,0.08913348615169525,0.04665031656622887
0.006432005204260349,0.11021202802658081,0.7874846458435059,0.051838748157024384,0.044032447040081024
0.6036471724510193,0.23710912466049194,0.0269908607006073,0.043731268495321274,0.08852162212133408
0.7310174107551575,0.12923164665699005,0.013543536886572838,0.03800692409276962,0.08820048719644547
0.6029372215270996,0.24668440222740173,0.027499347925186157,0.03681112825870514,0.08606786280870438
0.011522453278303146,0.05792088806629181,0.6091504693031311,0.26044902205467224,0.060957204550504684
0.04722613841295242,0.37148764729499817,0.43958529829978943,0.08671582490205765,0.05498512089252472
0.3150733411312103,0.4894458055496216,0.08853267878293991,0.03422541543841362,0.07272274047136307
0.0044648428447544575,0.010736823081970215,0.11720432341098785,0.7802438735961914,0.08735008537769318
0.04174128919839859,0.4188219904899597,0.40320101380348206,0.07049518078565598,0.06574057787656784
0.6685628890991211,0.18818338215351105,0.020793089643120766,0.03650261461734772,0.08595800399780273
0.5474591255187988,0.2976815700531006,0.03224774822592735,0.04184073954820633,0.08077080547809601
0.010043663904070854,0.17399658262729645,0.7240944504737854,0.04281244054436684,0.04905283823609352
0.013990170322358608,0.10801885277032852,0.5666154623031616,0.24388116598129272,0.06749425828456879
0.000791862141340971,0.0017595308599993587,0.0008064605062827468,0.056137677282094955,0.9405044913291931
0.007648376282304525,0.0982959046959877,0.7797698974609375,0.0654992163181305,0.04878663271665573
0.6588977575302124,0.19250880181789398,0.02177681401371956,0.04289015009999275,0.0839264765381813
0.001196244265884161,0.0016287891194224358,0.000980780809186399,0.05602950602769852,0.9401646852493286
0.10557907819747925,0.6390188932418823,0.1691318303346634,0.026087842881679535,0.060182344168424606
0.0030195352155715227,0.009370258077979088,0.10818084329366684,0.805953860282898,0.07347552478313446
0.6505915522575378,0.21869999170303345,0.017794055864214897,0.025661686435341835,0.0872526615858078
0.008059445768594742,0.019508985802531242,0.17830920219421387,0.6935185194015503,0.10060384124517441
0.04958755150437355,0.7297268509864807,0.1440291553735733,0.018243728205561638,0.05841260403394699
0.5988212823867798,0.24617712199687958,0.02581183798611164,0.044672638177871704,0.0845172181725502
0.30052441358566284,0.49748075008392334,0.08203043043613434,0.03877672553062439,0.08118756860494614
0.04770457372069359,0.6082744002342224,0.26292917132377625,0.02449449896812439,0.05659729987382889
0.01064654067158699,0.08159103989601135,0.7011919617652893,0.15212617814540863,0.05444422364234924
0.2014904022216797,0.6268864274024963,0.08241736143827438,0.030449802055954933,0.058756086975336075
0.007264957297593355,0.048306193202733994,0.4965488016605377,0.3989305794239044,0.048949480056762695
0.6585441827774048,0.1851794421672821,0.020690809935331345,0.04446478933095932,0.09112083911895752
0.0035086425486952066,0.011764945462346077,0.23418647050857544,0.7105534076690674,0.03998660668730736
0.02960839867591858,0.19282087683677673,0.5763970017433167,0.1409209668636322,0.060252781957387924
0.00684091541916132,0.011784907430410385,0.010807119309902191,0.23395931720733643,0.7366077303886414
0.647904634475708,0.22534595429897308,0.018339063972234726,0.02662358619272709,0.08178678900003433
0.08165973424911499,0.7453319430351257,0.10574540495872498,0.01800607144832611,0.0492568202316761
0.005089199636131525,0.008711395785212517,0.007213870529085398,0.25047919154167175,0.7285063862800598
0.09115913510322571,0.5827677249908447,0.22424152493476868,0.04120331257581711,0.06062835454940796
0.363730251789093,0.48275718092918396,0.05322261527180672,0.032871827483177185,0.06741815060377121
0.007319717667996883,0.17496976256370544,0.709043562412262,0.07127473503351212,0.03739216551184654
0.00807170756161213,0.023273613303899765,0.17043666541576385,0.6921564340591431,0.10606159269809723
0.0014620578149333596,0.003453620243817568,0.0015229755081236362,0.03598180040717125,0.957579493522644
0.007675879169255495,0.012354986742138863,0.009120045229792595,0.12410253286361694,0.846746563911438
0.007101631723344326,0.01282439287751913,0.009377154521644115,0.139459028840065,0.8312378525733948
0.005513233598321676,0.010271094739437103,0.024886999279260635,0.5847114324569702,0.37461721897125244
0.008317990228533745,0.020856745541095734,0.11678724735975266,0.7095091342926025,0.14452889561653137
0.008823714219033718,0.02209756337106228,0.33076393604278564,0.5761180520057678,0.0621967650949955
0.061113081872463226,0.7711079120635986,0.1054365262389183,0.018907969817519188,0.04343453049659729
0.010443123057484627,0.0690394937992096,0.49023717641830444,0.3702441155910492,0.06003612279891968
0.00967490579932928,0.050920892506837845,0.49980077147483826,0.3785414397716522,0.0610620342195034
0.45928871631622314,0.3469139337539673,0.06545647233724594,0.040561046451330185,0.08777979761362076
0.47667333483695984,0.3568185567855835,0.039565857499837875,0.043978288769721985,0.08296392112970352
0.21717506647109985,0.5914352536201477,0.09749486297369003,0.023184532299637794,0.07071026414632797
0.009760184213519096,0.2802214026451111,0.6419365406036377,0.03569882735610008,0.032382965087890625
0.5729939341545105,0.27748945355415344,0.03169892728328705,0.03648235276341438,0.0813353955745697
0.06402577459812164,0.6058278679847717,0.24736659228801727,0.030933380126953125,0.0518464632332325
0.06828882545232773,0.6629291772842407,0.20616523921489716,0.019107777625322342,0.04350891709327698
0.4082272946834564,0.42524343729019165,0.05625542998313904,0.03052421659231186,0.07974955439567566
0.6399980187416077,0.23495197296142578,0.019875742495059967,0.027163345366716385,0.07801098376512527
0.006693712901324034,0.0399671345949173,0.47964099049568176,0.42511260509490967,0.04858557507395744
0.04253233224153519,0.5977189540863037,0.27356719970703125,0.030993837863206863,0.05518769100308418
0.008263220079243183,0.13796201348304749,0.6977208256721497,0.10224888473749161,0.0538051575422287
0.02169632539153099,0.3062305748462677,0.5418740510940552,0.08025572448968887,0.04994334280490875
0.007500645238906145,0.014602337032556534,0.025645656511187553,0.5242118239402771,0.42803955078125
0.006353877019137144,0.14523112773895264,0.7168236970901489,0.09096135199069977,0.040629856288433075
0.006239959504455328,0.021883666515350342,0.17295366525650024,0.6231238842010498,0.17579884827136993
0.3494698107242584,0.4653969705104828,0.0710945874452591,0.032822802662849426,0.08121577650308609
0.22110994160175323,0.5850359797477722,0.10190853476524353,0.026183966547250748,0.06576153635978699
0.006163101177662611,0.023256776854395866,0.3335474133491516,0.5878323912620544,0.04920034483075142
0.0026720850728452206,0.007424809038639069,0.07448777556419373,0.8218530416488647,0.09356223791837692
0.49938473105430603,0.35995957255363464,0.03334029018878937,0.03538399934768677,0.0719313845038414
0.6839681267738342,0.18615825474262238,0.016682755202054977,0.033346567302942276,0.07984423637390137
0.009981304407119751,0.0706537738442421,0.5413097143173218,0.3174184262752533,0.06063683331012726
0.14710703492164612,0.6597995162010193,0.11198931932449341,0.018518099561333656,0.06258607655763626
0.6062215566635132,0.22556449472904205,0.02765241451561451,0.043545596301555634,0.09701597690582275
0.42112529277801514,0.3826013207435608,0.0629427507519722,0.03985602781176567,0.09347464144229889
0.7135004997253418,0.14466942846775055,0.014121362939476967,0.042792219668626785,0.08491649478673935
0.0002525905438233167,0.000567869923543185,0.0002345449902350083,0.0507776141166687,0.9481673240661621
0.03694021329283714,0.671409010887146,0.21108204126358032,0.01639537140727043,0.06417342275381088
0.4822064936161041,0.3424771726131439,0.046242691576480865,0.044288214296102524,0.08478536456823349
0.014590347185730934,0.4225520193576813,0.48450130224227905,0.026438074186444283,0.05191829055547714
0.6881829500198364,0.17087043821811676,0.018180135637521744,0.035105157643556595,0.08766130357980728
0.004147529136389494,0.007531460374593735,0.1362069547176361,0.7753243446350098,0.0767897441983223
0.49546998739242554,0.33793026208877563,0.04430320858955383,0.041630130261182785,0.08066646009683609
0.010598384775221348,0.032638244330883026,0.24452684819698334,0.6231381893157959,0.08909831941127777
0.5491306185722351,0.2742938697338104,0.04061982035636902,0.05087336525321007,0.08508232235908508
0.6165529489517212,0.23339392244815826,0.02230217680335045,0.04346628859639168,0.08428464829921722
0.00893150269985199,0.013544089160859585,0.02210124395787716,0.299365371465683,0.6560577750205994
0.01191280409693718,0.12295825779438019,0.7057867646217346,0.09363260865211487,0.06570957601070404
0.0033810639288276434,0.009899568744003773,0.11361867189407349,0.7943838238716125,0.07871687412261963
0.6842032670974731,0.17825131118297577,0.017096396535634995,0.03902797773480415,0.08142094314098358
0.07497356832027435,0.43292179703712463,0.35875555872917175,0.07845232635736465,0.05489671602845192
0.1918342262506485,0.6598071455955505,0.06454626470804214,0.02361668273806572,0.06019562482833862
0.07182998210191727,0.6177268028259277,0.2229381501674652,0.026353061199188232,0.061152007430791855
0.009554818272590637,0.05386954918503761,0.4665051996707916,0.4102117121219635,0.059858717024326324
0.448397159576416,0.41923660039901733,0.030781470239162445,0.03038707934319973,0.07119765132665634
0.013757709413766861,0.36005640029907227,0.5395048260688782,0.03136910870671272,0.055311936885118484
0.004130152985453606,0.005740830209106207,0.005525709129869938,0.1392294019460678,0.8453738689422607
0.005218497943133116,0.09979762136936188,0.7204264998435974,0.13319027423858643,0.04136719927191734
0.009833285585045815,0.0649559274315834,0.5812640190124512,0.284637451171875,0.05930927023291588
0.6766570210456848,0.1857587695121765,0.018362177535891533,0.0400562547147274,0.07916578650474548
0.005678232759237289,0.03717425465583801,0.4493071138858795,0.44645729660987854,0.06138303875923157
0.5932022333145142,0.24431055784225464,0.029806839302182198,0.04036756232380867,0.09231286495923996
0.010439452715218067,0.05976838991045952,0.5118982791900635,0.3546638488769531,0.06323002278804779
0.012908280827105045,0.1696266531944275,0.6286975741386414,0.13185150921344757,0.05691595748066902
0.009320772252976894,0.027679067105054855,0.3934782147407532,0.5105928182601929,0.058929115533828735
0.0045230332762002945,0.014505069702863693,0.1448652446269989,0.7537195682525635,0.0823870375752449
0.14138205349445343,0.5733693242073059,0.20616647601127625,0.02260885015130043,0.05647328495979309
0.4882701337337494,0.34250351786613464,0.04614793136715889,0.04506630077958107,0.07801202684640884
0.49242427945137024,0.32927584648132324,0.04612432420253754,0.044989388436079025,0.08718613535165787
0.025097772479057312,0.2938006520271301,0.530023992061615,0.09332913905382156,0.05774843692779541
0.6604389548301697,0.1970408409833908,0.022045215591788292,0.04009784758090973,0.08037707954645157
0.7060578465461731,0.17789298295974731,0.013521899469196796,0.02630005031824112,0.07622738182544708
0.39860036969184875,0.43830183148384094,0.05493396148085594,0.03585505485534668,0.07230885326862335
0.0024459308478981256,0.002556153805926442,0.0786961019039154,0.8485652208328247,0.06773654371500015
0.5035357475280762,0.3497791290283203,0.033558495342731476,0.03721659630537033,0.07591000199317932
0.00570199079811573,0.05369170382618904,0.5185388326644897,0.361321359872818,0.06074613705277443
0.43709877133369446,0.4188682436943054,0.03545881807804108,0.037041667848825455,0.07153251022100449
0.6382519602775574,0.19698140025138855,0.02750290185213089,0.04618476331233978,0.09107900410890579
0.5233715176582336,0.288607656955719,0.04860501363873482,0.04495108127593994,0.0944647341966629
0.6608296632766724,0.18139959871768951,0.025020143017172813,0.04407869651913643,0.08867198973894119
0.5744767785072327,0.25726205110549927,0.02980032190680504,0.03528740257024765,0.10317349433898926
0.051623400300741196,0.7186692953109741,0.17097580432891846,0.014701584354043007,0.04402986541390419
0.006272562779486179,0.18948081135749817,0.7053633332252502,0.06281483173370361,0.036068495362997055
0.6600490212440491,0.19498860836029053,0.021046364679932594,0.039987701922655106,0.08392827957868576
0.008756916038691998,0.018423451110720634,0.04162858426570892,0.589065432548523,0.34212565422058105
0.6827791333198547,0.17777371406555176,0.018753349781036377,0.03636721521615982,0.08432656526565552
0.6192769408226013,0.24088720977306366,0.022907456383109093,0.039089836180210114,0.07783862203359604
0.10137809813022614,0.6341927647590637,0.17576512694358826,0.03003276325762272,0.05863131582736969
0.008358696475625038,0.09888602048158646,0.6384872794151306,0.20504017174243927,0.049227871000766754
0.011060562916100025,0.05963903293013573,0.5282919406890869,0.33859553933143616,0.062412913888692856
0.025960668921470642,0.5298090577125549,0.38391363620758057,0.02307453192770481,0.03724207729101181
0.005563623271882534,0.07729779928922653,0.6492019891738892,0.2177175134420395,0.05021911859512329
0.009300768375396729,0.033459968864917755,0.34512147307395935,0.5457463264465332,0.06637147814035416
0.2096719741821289,0.620532751083374,0.06969767808914185,0.025771142914891243,0.07432642579078674
0.6888109445571899,0.18323902785778046,0.017081942409276962,0.029398607090115547,0.08146949857473373
0.2874399423599243,0.5115994811058044,0.08676761388778687,0.0467478483915329,0.06744514405727386
0.6893301010131836,0.17138180136680603,0.01439594104886055,0.03710225969552994,0.08779001981019974
0.004536791238933802,0.013962781056761742,0.1837732195854187,0.72954922914505,0.06817799061536789
0.33664774894714355,0.474234938621521,0.08511405438184738,0.02769138664007187,0.0763118788599968
0.048635173588991165,0.660618782043457,0.2204768806695938,0.022005634382367134,0.04826347902417183
0.005731680896133184,0.02980843372642994,0.33581867814064026,0.5333376526832581,0.09530354291200638
0.010450782254338264,0.29025447368621826,0.622907280921936,0.041510362178087234,0.03487711772322655
0.6039726734161377,0.24645033478736877,0.024712860584259033,0.04643845558166504,0.07842562347650528
0.007215519901365042,0.023202059790492058,0.17015860974788666,0.705296516418457,0.09412719309329987
0.03980812802910805,0.637206494808197,0.24341857433319092,0.019080549478530884,0.06048625335097313
0.07421058416366577,0.5796618461608887,0.2577874958515167,0.037047937512397766,0.05129218474030495
0.20830082893371582,0.5876372456550598,0.10324255377054214,0.03923635557293892,0.06158300116658211
0.010043112561106682,0.04004566743969917,0.5267655253410339,0.366934210062027,0.05621141567826271
0.005036980379372835,0.027933591976761818,0.42596444487571716,0.4957132935523987,0.045351725071668625
0.7028802037239075,0.16701951622962952,0.016049740836024284,0.03168240189552307,0.0823681652545929
0.0004134186019655317,0.0008276458829641342,0.0003875372640322894,0.07728849351406097,0.9210829138755798
0.00846518948674202,0.1583925038576126,0.7082120776176453,0.07775426656007767,0.047175969928503036
0.011365548707544804,0.19199809432029724,0.6859708428382874,0.06179037317633629,0.048875078558921814
0.004804125055670738,0.05223860964179039,0.6005346179008484,0.3009933531284332,0.0414292998611927
0.7021520733833313,0.1447196900844574,0.0172712542116642,0.04212474077939987,0.09373219311237335
0.48254474997520447,0.3736782371997833,0.03476264327764511,0.03657488897442818,0.07243946939706802
0.6174277067184448,0.23584869503974915,0.019289987161755562,0.0415758341550827,0.08585778623819351
0.09499792009592056,0.66877681016922,0.17024505138397217,0.018244028091430664,0.04773617908358574
0.012210487388074398,0.07585376501083374,0.5674636363983154,0.2799401879310608,0.06453189998865128
0.052274368703365326,0.1735467165708542,0.6013235449790955,0.07591842114925385,0.09693700075149536
0.02442668378353119,0.5024424195289612,0.4056570529937744,0.028912391513586044,0.038561511784791946
0.023692941293120384,0.22887761890888214,0.6001619100570679,0.09237561374902725,0.05489197373390198
0.04224488139152527,0.5361505150794983,0.3351225256919861,0.03849310055375099,0.04798901453614235
0.015094959177076817,0.04395894706249237,0.20295611023902893,0.6003919243812561,0.13759808242321014
0.010525370016694069,0.10978776961565018,0.6604100465774536,0.16085480153560638,0.058421969413757324
0.00671281386166811,0.09742694348096848,0.7366571426391602,0.11824385076761246,0.04095924645662308
0.011247257702052593,0.35169485211372375,0.5650109648704529,0.035505618900060654,0.036541253328323364
0.04132688045501709,0.5532740950584412,0.304932564496994,0.04086841642856598,0.05959804728627205
0.4526417553424835,0.36069193482398987,0.053697533905506134,0.05346399173140526,0.07950476557016373
0.6214296221733093,0.2181209921836853,0.02952330932021141,0.04567800834774971,0.08524809777736664
0.5399292707443237,0.2925054132938385,0.04167570918798447,0.043836385011672974,0.08205323666334152
0.008183497004210949,0.2094004899263382,0.6982424855232239,0.04972518980503082,0.0344482883810997
0.011913067661225796,0.053045548498630524,0.2913811206817627,0.5090134143829346,0.13464687764644623
0.018028482794761658,0.5496479272842407,0.37198710441589355,0.018854139372706413,0.04148228093981743
0.02890162542462349,0.6708911657333374,0.23989784717559814,0.013223782181739807,0.04708550497889519
0.039350587874650955,0.7160089015960693,0.18388213217258453,0.0160562414675951,0.044702135026454926
0.01580013707280159,0.2967028021812439,0.5876891016960144,0.06349560618400574,0.03631235659122467
0.5741069912910461,0.25337567925453186,0.040476396679878235,0.045887358486652374,0.0861535370349884
0.5214574933052063,0.28516820073127747,0.05683138966560364,0.04995449632406235,0.08658847957849503
0.5185092091560364,0.32038795948028564,0.04284070059657097,0.034950558096170425,0.08331157267093658
0.6742464303970337,0.18612025678157806,0.016117196530103683,0.045393407344818115,0.07812277972698212
0.3845011591911316,0.37732261419296265,0.08754947036504745,0.06787169724702835,0.08275496959686279
0.5942069292068481,0.2561836242675781,0.02692442014813423,0.0324484147131443,0.09023655205965042
0.2691712975502014,0.5634827613830566,0.06047027185559273,0.021326858550310135,0.08554883301258087
0.013393010012805462,0.3034009337425232,0.6022215485572815,0.04209260642528534,0.03889191150665283
0.007067861966788769,0.18457119166851044,0.7151520252227783,0.04856051132082939,0.04464849829673767
0.031875886023044586,0.7361944913864136,0.1707574725151062,0.01189418788999319,0.04927795007824898
0.057642266154289246,0.3458072245121002,0.44025927782058716,0.10601717978715897,0.05027395859360695
0.6257979869842529,0.20992739498615265,0.028331201523542404,0.04835572838783264,0.08758769929409027
0.5403051376342773,0.2919228971004486,0.038662247359752655,0.03899716958403587,0.09011250734329224
0.6540387868881226,0.18993084132671356,0.02442263439297676,0.04505516216158867,0.08655255287885666
0.06438962370157242,0.37667080760002136,0.4084184169769287,0.0951286032795906,0.05539252236485481
0.00953357107937336,0.05215875431895256,0.6508914828300476,0.23080871999263763,0.05660748854279518
0.04779889062047005,0.6291612386703491,0.2496359497308731,0.02225196734070778,0.05115188658237457
0.626505434513092,0.23967455327510834,0.020938454195857048,0.028595589101314545,0.0842859223484993
0.16307586431503296,0.6476114988327026,0.1000240221619606,0.017883000895380974,0.07140567153692245
0.007233064156025648,0.01708970032632351,0.17229415476322174,0.7010533213615417,0.10232972353696823
0.007161896675825119,0.09258213639259338,0.7061743140220642,0.14520736038684845,0.04887428879737854
0.03218643367290497,0.4216141700744629,0.42824068665504456,0.053615178912878036,0.0643436536192894
0.007274420000612736,0.013677605427801609,0.11918521672487259,0.6766865253448486,0.18317624926567078
0.011341958306729794,0.02307760715484619,0.03469012677669525,0.6414599418640137,0.28943032026290894
0.010167649947106838,0.05653124675154686,0.6307172179222107,0.24757547676563263,0.055008355528116226
0.5201277732849121,0.31727534532546997,0.0421287827193737,0.04745008051395416,0.07301797717809677
0.7370946407318115,0.12181754410266876,0.013321847654879093,0.03789663314819336,0.08986928313970566
0.00927648413926363,0.030771156772971153,0.240915909409523,0.6423500776290894,0.0766863226890564
0.001682181260548532,0.0054703704081475735,0.09746308624744415,0.8418213725090027,0.053562991321086884
0.35781130194664,0.4140756130218506,0.09238690882921219,0.05814514681696892,0.07758089154958725
0.012261636555194855,0.1296970546245575,0.6689509749412537,0.13640287518501282,0.05268748849630356
0.0013146474957466125,0.0024786426220089197,0.0006597561296075583,0.06934719532728195,0.9261997938156128
0.027744323015213013,0.33952218294143677,0.48745471239089966,0.07072457671165466,0.07455428689718246
0.43572545051574707,0.41756999492645264,0.042232904583215714,0.03567931801080704,0.06879233568906784
0.4319068193435669,0.40607750415802,0.04905292019248009,0.029615681618452072,0.0833471491932869
0.00757645582780242,0.05233994126319885,0.5709962844848633,0.31953662633895874,0.04955071583390236
0.4054603576660156,0.4076487720012665,0.07000532746315002,0.03773138299584389,0.0791541114449501
0.42834314703941345,0.4042963683605194,0.05725124105811119,0.03251335397362709,0.07759585976600647
0.25609108805656433,0.44434890151023865,0.15792955458164215,0.06780651956796646,0.07382398098707199
0.005871778354048729,0.013011987321078777,0.005275076255202293,0.11550593376159668,0.8603351712226868
0.004679171368479729,0.007394313346594572,0.06229107081890106,0.6575042605400085,0.26813119649887085
0.693174421787262,0.17773708701133728,0.016653073951601982,0.029564442113041878,0.0828709602355957
0.01205419935286045,0.09082537144422531,0.6991535425186157,0.1344630867242813,0.06350379437208176
0.4536859095096588,0.3777419626712799,0.04580230265855789,0.027302145957946777,0.0954677164554596
0.3746214210987091,0.4696519374847412,0.0484183095395565,0.033335085958242416,0.07397335022687912
0.003323974320665002,0.005120821297168732,0.016220301389694214,0.6213597655296326,0.3539751172065735
0.005023287143558264,0.01674795150756836,0.2763872444629669,0.6560386419296265,0.04580283164978027
0.009078508242964745,0.07631529867649078,0.6304986476898193,0.22759488224983215,0.05651262775063515
0.004476773086935282,0.010886562056839466,0.13603515923023224,0.7844845652580261,0.0641169473528862
0.6262506246566772,0.2213159203529358,0.022426649928092957,0.048471517860889435,0.08153530955314636
0.6304934620857239,0.20490045845508575,0.028977330774068832,0.047094814479351044,0.08853395283222198
0.45015791058540344,0.38963255286216736,0.045076027512550354,0.03297126293182373,0.08216219395399094
0.0006875733379274607,0.0018996878061443567,0.036361027508974075,0.8894683718681335,0.07158337533473969
0.008695408701896667,0.026458844542503357,0.22073902189731598,0.6630845665931702,0.08102214336395264
0.600501298904419,0.2116071879863739,0.03798887878656387,0.05395571514964104,0.09594693034887314
0.6400318145751953,0.22396239638328552,0.02244465798139572,0.03223945572972298,0.08132170885801315
0.15809762477874756,0.6058058738708496,0.1531292349100113,0.025637982413172722,0.0573292039334774
0.007102181203663349,0.10791150480508804,0.6878509521484375,0.14846014976501465,0.04867525398731232
0.005208431743085384,0.012050670571625233,0.0038779417518526316,0.08975715935230255,0.8891057968139648
0.2967788279056549,0.5235402584075928,0.07733852416276932,0.026214847341179848,0.07612750679254532
0.46906429529190063,0.3645273745059967,0.039625734090805054,0.047029852867126465,0.07975280284881592
0.32802489399909973,0.4847167432308197,0.07697951048612595,0.031164759770035744,0.07911411672830582
0.10569892078638077,0.3386319875717163,0.4003676474094391,0.09101203829050064,0.06428936868906021
0.030939964577555656,0.20308618247509003,0.6214924454689026,0.09391405433416367,0.0505673848092556
0.12135633826255798,0.6123161315917969,0.16980920732021332,0.031070956960320473,0.06544729322195053
0.5489727258682251,0.2927348017692566,0.026988185942173004,0.05025223270058632,0.08105207234621048
0.3862883746623993,0.4399922490119934,0.06126605346798897,0.035200804471969604,0.07725249230861664
0.0044191572815179825,0.013608504086732864,0.1632804423570633,0.7494863271713257,0.06920552998781204
0.02629237435758114,0.18282635509967804,0.6028600931167603,0.1371663212776184,0.05085492134094238
0.003551291534677148,0.011717736721038818,0.22815664112567902,0.7125613689422607,0.04401294142007828
0.3663191795349121,0.4646044075489044,0.05946841090917587,0.034164175391197205,0.07544387131929398
0.0047623030841350555,0.01537848636507988,0.18633151054382324,0.7278864979743958,0.06564120948314667
0.608348548412323,0.24459567666053772,0.02288161776959896,0.04233425483107567,0.08183994144201279
0.45864731073379517,0.3855876326560974,0.04486047476530075,0.03208724409341812,0.07881731539964676
0.7415720224380493,0.13999727368354797,0.011765727773308754,0.02906322479248047,0.07760172337293625
0.6047455072402954,0.2445550560951233,0.02331969514489174,0.042716242372989655,0.084663525223732
0.001468289759941399,0.004653871525079012,0.023551752790808678,0.9109640717506409,0.059362009167671204
0.000816412502899766,0.0016455664299428463,0.0008733042632229626,0.08161549270153046,0.9150492548942566
0.007983786053955555,0.022341465577483177,0.12111995369195938,0.7104746699333191,0.13808010518550873
0.554183840751648,0.2902202904224396,0.03148728981614113,0.04530904069542885,0.07879956811666489
0.7000308036804199,0.17636200785636902,0.015112224034965038,0.029039442539215088,0.07945552468299866
0.06019401177763939,0.6418758034706116,0.2191283106803894,0.026241682469844818,0.05256025120615959
0.7163326740264893,0.16909147799015045,0.012607923708856106,0.02722207084298134,0.07474592328071594
0.008790205232799053,0.16208516061306,0.6677578091621399,0.11284324526786804,0.04852361977100372
0.6080406904220581,0.23103611171245575,0.027178198099136353,0.039202310144901276,0.09454265236854553
0.7112689018249512,0.17514638602733612,0.012967579998075962,0.031402673572301865,0.06921443343162537
0.004220336209982634,0.04004386067390442,0.5677329301834106,0.35095474123954773,0.0370480939745903
0.6795176267623901,0.18816573917865753,0.015748141333460808,0.037378545850515366,0.07918993383646011
0.6530410051345825,0.20267707109451294,0.019320901483297348,0.03250081464648247,0.09246020019054413
0.7441088557243347,0.11489804834127426,0.012145916000008583,0.03668902814388275,0.09215813130140305
0.592093288898468,0.24449315667152405,0.02810715325176716,0.04386676847934723,0.0914396345615387
0.6095715761184692,0.2510635554790497,0.02405725233256817,0.031193947419524193,0.08411376923322678
0.0040673986077308655,0.007056275848299265,0.0036924583837389946,0.14351335167884827,0.841670572757721
0.013464435003697872,0.052495382726192474,0.5010135769844055,0.36522507667541504,0.06780153512954712
0.014402764849364758,0.34622466564178467,0.5520933866500854,0.040199510753154755,0.047079671174287796
0.00693834014236927,0.012965589761734009,0.024709058925509453,0.4952351450920105,0.46015188097953796
0.4053443372249603,0.466134250164032,0.028430210426449776,0.03077886626124382,0.06931236386299133
0.006231395062059164,0.08646374195814133,0.6804783344268799,0.18620623648166656,0.04062029346823692
0.013281318359076977,0.07271980494260788,0.504483163356781,0.332275927066803,0.07723972946405411
0.04942754656076431,0.5763227939605713,0.2674782872200012,0.04628694802522659,0.06048441305756569
0.0074487715028226376,0.019936423748731613,0.21370767056941986,0.6867583990097046,0.07214878499507904
0.6655820608139038,0.1995372772216797,0.01902737282216549,0.0335235632956028,0.08232977241277695
0.5163735151290894,0.3130898177623749,0.04221595451235771,0.037184130400419235,0.09113653749227524
0.5457357168197632,0.30508920550346375,0.03166031092405319,0.028647279366850853,0.08886746317148209
0.007719002664089203,0.01960637979209423,0.10395174473524094,0.7196215987205505,0.14910124242305756
0.012024522759020329,0.1602061688899994,0.6265996098518372,0.13650527596473694,0.06466440111398697
0.011945193633437157,0.04152365028858185,0.2979608178138733,0.5652564167976379,0.08331391215324402
0.6173800826072693,0.24515047669410706,0.026654276996850967,0.028903283178806305,0.08191190659999847
0.012811492197215557,0.028236450627446175,0.0844925120472908,0.6407304406166077,0.23372912406921387
0.5897597670555115,0.2538030743598938,0.03124532662332058,0.045592859387397766,0.07959902286529541
0.5437234044075012,0.28571388125419617,0.038996919989585876,0.04299309477210045,0.08857262879610062
0.21545496582984924,0.6115899682044983,0.06848704069852829,0.029478613287210464,0.07498941570520401
0.005473139230161905,0.00993218645453453,0.027745762839913368,0.6559305191040039,0.3009184002876282
0.004809129051864147,0.011678306385874748,0.06344081461429596,0.7336697578430176,0.18640199303627014
0.0011897198855876923,0.0032213737722486258,0.05612873658537865,0.8675458431243896,0.07191432267427444
0.011669247411191463,0.0620170459151268,0.47767162322998047,0.37151220440864563,0.07712997496128082
0.00346582755446434,0.008540257811546326,0.08840306848287582,0.8427445292472839,0.05684639886021614
0.003926260396838188,0.006652997341006994,0.1365843564271927,0.7807416319847107,0.07209484279155731
0.006100304890424013,0.015600305050611496,0.10040812939405441,0.7308821082115173,0.14700916409492493
0.5558426976203918,0.2896463871002197,0.032726265490055084,0.03619462996721268,0.08559004217386246
0.018643736839294434,0.3933834135532379,0.5043330192565918,0.04096388444304466,0.0426759347319603
0.008135573007166386,0.07467430084943771,0.7441319227218628,0.11564205586910248,0.057416148483753204
0.0020210149232298136,0.0037988033145666122,0.0010341014713048935,0.07997695356607437,0.9131690859794617
0.5624967217445374,0.29026928544044495,0.028835687786340714,0.030768295750021935,0.08763010054826736
0.006916006561368704,0.1289968192577362,0.6961053013801575,0.12315194308757782,0.04482989385724068
0.28832489252090454,0.573800802230835,0.047824300825595856,0.027683043852448463,0.06236696243286133
0.6685240268707275,0.17605935037136078,0.02422536537051201,0.042458198964595795,0.08873312920331955
0.2665322721004486,0.540630578994751,0.08383578807115555,0.026301808655261993,0.08269950747489929
0.008407145738601685,0.02372577227652073,0.42195600271224976,0.49438196420669556,0.051529061049222946
0.5345731973648071,0.2822926938533783,0.0503375343978405,0.04626764357089996,0.08652888983488083
0.013630256056785583,0.028258536010980606,0.03489387780427933,0.5281426906585693,0.39507466554641724
0.6056761741638184,0.2564052641391754,0.023396270349621773,0.028605423867702484,0.08591683208942413
0.0050978101789951324,0.010363948531448841,0.21573618054389954,0.712527334690094,0.056274671107530594
0.6280547976493835,0.20494353771209717,0.03066118434071541,0.046388886868953705,0.08995150774717331
0.7339231371879578,0.13462726771831512,0.011491283774375916,0.03862203657627106,0.08133628219366074
0.040567949414253235,0.5999544262886047,0.2990051209926605,0.0208338163793087,0.039638716727495193
0.04136057570576668,0.7364237308502197,0.15594975650310516,0.016201205551624298,0.050064656883478165
0.6977707743644714,0.15310975909233093,0.0183904729783535,0.04194232448935509,0.08878671377897263
0.004688404966145754,0.007674782071262598,0.007079057861119509,0.29031917452812195,0.6902385354042053
0.4235452711582184,0.42015284299850464,0.04673498496413231,0.03472905233502388,0.07483793795108795
0.17122188210487366,0.5210160613059998,0.18365180492401123,0.05402553826570511,0.07008473575115204
0.005818593315780163,0.1842379868030548,0.710014820098877,0.06324151158332825,0.036687083542346954
0.6221250295639038,0.24096091091632843,0.019853660836815834,0.03941173106431961,0.07764868438243866
0.01706537976861,0.3345555067062378,0.5378668308258057,0.05413876473903656,0.05637345463037491
0.006722059566527605,0.07808702439069748,0.6390577554702759,0.22884756326675415,0.04728560894727707
0.005724640097469091,0.0665554404258728,0.6130310893058777,0.25911039113998413,0.05557841435074806
0.010802320204675198,0.03635670989751816,0.32555052638053894,0.5516698956489563,0.07562059164047241
0.003272863570600748,0.008545021526515484,0.0740744099020958,0.8055242300033569,0.1085834801197052
0.4638221263885498,0.35020411014556885,0.06363868713378906,0.038676917552948,0.08365822583436966
0.717498242855072,0.15297189354896545,0.01347606722265482,0.03751905634999275,0.07853471487760544
0.47630399465560913,0.3642522990703583,0.04488381743431091,0.035994015634059906,0.07856586575508118
0.011094293557107449,0.05220050737261772,0.6049575209617615,0.27494025230407715,0.05680736154317856
0.5608111023902893,0.2898961901664734,0.0344061404466629,0.03458533063530922,0.08030121773481369
0.014462082646787167,0.19283688068389893,0.6678141951560974,0.06206334009766579,0.06282349675893784
0.07200721651315689,0.39410585165023804,0.34287217259407043,0.09179328382015228,0.0992213636636734
0.5181156396865845,0.3400421738624573,0.031680624932050705,0.03850317373871803,0.07165838032960892
0.5727075934410095,0.290269672870636,0.028291532769799232,0.030413992702960968,0.07831721007823944
0.0037643543910235167,0.007743195164948702,0.002553492086008191,0.09489419311285019,0.8910447359085083
0.04946716129779816,0.21247242391109467,0.4238909184932709,0.23375356197357178,0.08041593432426453
0.005149741657078266,0.038401372730731964,0.4551323354244232,0.4354260265827179,0.06589041650295258
0.45167332887649536,0.35502758622169495,0.07048318535089493,0.04526955634355545,0.07754639536142349
0.5082175731658936,0.3124224841594696,0.045101411640644073,0.04581302031874657,0.08844552934169769
0.09355002641677856,0.6877772212028503,0.15883882343769073,0.014977507293224335,0.04485642537474632
0.581493616104126,0.2730701267719269,0.02446291223168373,0.04112495481967926,0.07984836399555206
0.10296671092510223,0.6638140678405762,0.15332286059856415,0.027133505791425705,0.0527627170085907
0.007396126631647348,0.24837148189544678,0.665168821811676,0.03474673256278038,0.044316891580820084
0.4251786768436432,0.43027976155281067,0.04165961220860481,0.034259896725416183,0.06862208992242813
0.6345284581184387,0.20802143216133118,0.02111826464533806,0.04461750388145447,0.09171433746814728
0.5101455450057983,0.30637094378471375,0.05148489028215408,0.044773876667022705,0.08722478151321411
0.020302286371588707,0.13734963536262512,0.5071879029273987,0.26602232456207275,0.06913784146308899
0.008960457518696785,0.11135052144527435,0.7427453398704529,0.07827159017324448,0.05867210775613785
0.009620076045393944,0.05065643787384033,0.6357876062393188,0.240057110786438,0.06387873739004135
0.6829414367675781,0.17092888057231903,0.015992142260074615,0.0469222255051136,0.08321532607078552
0.027350861579179764,0.5516599416732788,0.3643716871738434,0.02072465792298317,0.03589284047484398
0.6846382021903992,0.18105268478393555,0.01700250431895256,0.034322481602430344,0.08298416435718536
0.0064452411606907845,0.11713381111621857,0.723576545715332,0.10544735193252563,0.04739706590771675
0.12081336975097656,0.46141481399536133,0.25641146302223206,0.0916791558265686,0.06968123465776443
0.011274339631199837,0.3096568286418915,0.603381335735321,0.039237506687641144,0.03644997254014015
0.007995164021849632,0.025803523138165474,0.3055932819843292,0.5977645516395569,0.06284351646900177
0.03383529931306839,0.20907258987426758,0.46081849932670593,0.21035631000995636,0.08591727912425995
0.25981268286705017,0.5731826424598694,0.04673529043793678,0.055498234927654266,0.06477122753858566
0.027750659734010696,0.6217332482337952,0.27838918566703796,0.018255500122904778,0.05387143790721893
0.046308618038892746,0.6276721358299255,0.2589443624019623,0.021345291286706924,0.045729584991931915
0.008917017839848995,0.028570428490638733,0.2682279944419861,0.616476833820343,0.0778077021241188
0.005405244883149862,0.017978889867663383,0.2796482443809509,0.630459725856781,0.06650788336992264
0.7182565331459045,0.13866646587848663,0.015610072761774063,0.03909016400575638,0.08837676793336868
0.2880924642086029,0.5490207672119141,0.06013769283890724,0.024239495396614075,0.07850953191518784
0.6835517287254333,0.1665482372045517,0.02029215544462204,0.04118434339761734,0.08842349797487259
0.0062076929025352,0.031011635437607765,0.2766387462615967,0.5664018392562866,0.11974009871482849
0.05913751944899559,0.7191516160964966,0.15995123982429504,0.014768649823963642,0.04699103534221649
0.7553443908691406,0.11303893476724625,0.010502940975129604,0.03429591283202171,0.08681776374578476
0.003676795633509755,0.005325257778167725,0.07620638608932495,0.7772316932678223,0.13755987584590912
0.011385375633835793,0.01639135740697384,0.03266385942697525,0.3349616825580597,0.604597806930542
0.014299478381872177,0.024845462292432785,0.015991220250725746,0.2517547905445099,0.6931090354919434
0.031015772372484207,0.21173158288002014,0.525606095790863,0.1582154929637909,0.07343096286058426
0.2500738203525543,0.4691355526447296,0.14074105024337769,0.06636162102222443,0.07368797808885574
0.612314760684967,0.22803156077861786,0.029118169099092484,0.040788739919662476,0.08974674344062805
0.012210586108267307,0.021395433694124222,0.018018290400505066,0.170552596449852,0.7778230905532837
0.5612265467643738,0.26186007261276245,0.040279243141412735,0.04844377562403679,0.08819033205509186
0.6607446074485779,0.2074836790561676,0.020053595304489136,0.03295063599944115,0.07876754552125931
0.005659816320985556,0.012305242009460926,0.27390745282173157,0.6562365889549255,0.051890917122364044
0.0013946851249784231,0.0020929526071995497,0.0016742286970838904,0.09900717437267303,0.8958309888839722
0.021440157666802406,0.56612628698349,0.3461700975894928,0.021752147004008293,0.044511232525110245
0.31422656774520874,0.5319482088088989,0.04663555696606636,0.03550552949309349,0.07168416678905487
0.005345748737454414,0.01300313975661993,0.12380731105804443,0.6780628561973572,0.17978091537952423
0.10764860361814499,0.6115931272506714,0.18870508670806885,0.031623438000679016,0.0604296512901783
0.03299886733293533,0.5375747680664062,0.3565352261066437,0.02941136062145233,0.04347975552082062
0.00786220096051693,0.025013625621795654,0.4105702340602875,0.5109230279922485,0.04563092812895775
0.007806087378412485,0.02084743231534958,0.20034490525722504,0.6904495358467102,0.08055192977190018
0.6479323506355286,0.19181710481643677,0.024196971207857132,0.04787496477365494,0.0881786048412323
0.5657265782356262,0.27899858355522156,0.030619068071246147,0.04036100208759308,0.08429478853940964
0.5452277660369873,0.29711946845054626,0.03392002359032631,0.03881591558456421,0.08491682261228561
0.01724526844918728,0.5268285274505615,0.38404756784439087,0.022520005702972412,0.04935861751437187
0.011591839604079723,0.04910782724618912,0.45709753036499023,0.4095383882522583,0.07266439497470856
0.5817335844039917,0.26887497305870056,0.028114639222621918,0.04152049496769905,0.07975618541240692
0.016910668462514877,0.2292703539133072,0.5936981439590454,0.09266200661659241,0.067458875477314
0.0944727435708046,0.6688085198402405,0.14167337119579315,0.03392482176423073,0.06112050637602806
0.6835601329803467,0.19562923908233643,0.015662813559174538,0.03138143569231033,0.07376641035079956
0.4630020260810852,0.39147427678108215,0.03256380558013916,0.037947580218315125,0.07501228898763657
0.5654386878013611,0.2532416880130768,0.035771988332271576,0.045372869819402695,0.10017473250627518
0.6838990449905396,0.1708880364894867,0.016300955787301064,0.0462043434381485,0.08270764350891113
0.631994366645813,0.1964239925146103,0.028348078951239586,0.049025971442461014,0.09420755505561829
0.6086528301239014,0.24087336659431458,0.021965093910694122,0.048194848001003265,0.08031384646892548
0.01208348199725151,0.10135616362094879,0.5746634602546692,0.2419632226228714,0.06993361562490463
0.46932151913642883,0.37613964080810547,0.03922843933105469,0.02708115056157112,0.0882292315363884
0.6186850070953369,0.2279447317123413,0.024931151419878006,0.04174264520406723,0.08669643849134445
0.008256537839770317,0.016472281888127327,0.08069587498903275,0.7186894416809082,0.17588581144809723
0.4519566297531128,0.38431742787361145,0.04839376360177994,0.031314652413129807,0.08401751518249512
0.6345208287239075,0.20042188465595245,0.02821803279221058,0.04752633348107338,0.08931294828653336
0.019183192402124405,0.14413870871067047,0.6357187032699585,0.13286243379116058,0.06809691339731216
0.0045507075265049934,0.007484970148652792,0.006446645129472017,0.263308584690094,0.7182091474533081
0.4496723413467407,0.39632126688957214,0.04774460196495056,0.033009305596351624,0.07325243204832077
0.012380012311041355,0.024078205227851868,0.03097379207611084,0.49375736713409424,0.4388106167316437
0.010040524415671825,0.014558381401002407,0.00992075726389885,0.21115826070308685,0.7543220520019531
0.34419724345207214,0.4890064299106598,0.06449680775403976,0.030556511133909225,0.07174298912286758
0.008086580783128738,0.021069340407848358,0.11758992820978165,0.699058473110199,0.15419572591781616
0.5566312670707703,0.31025075912475586,0.02927381731569767,0.031165292486548424,0.07267887890338898
0.688876748085022,0.16863571107387543,0.01740380749106407,0.04249878600239754,0.08258501440286636
0.01398184709250927,0.1989784985780716,0.6701662540435791,0.07338359951972961,0.04348974674940109
0.007814520969986916,0.01357738021761179,0.012014728039503098,0.45058202743530273,0.5160112977027893
0.5602487921714783,0.29225802421569824,0.032083939760923386,0.03274782747030258,0.08266144245862961
0.014494401402771473,0.33192673325538635,0.5586757659912109,0.04954804480075836,0.045355092734098434
0.5833613872528076,0.25555452704429626,0.03019830770790577,0.03807554394006729,0.09281016141176224
0.013119528070092201,0.1383161097764969,0.6033262610435486,0.18388651311397552,0.061351578682661057
0.010011524893343449,0.04449077323079109,0.4849218726158142,0.3930093050003052,0.06756656616926193
0.005181063432246447,0.10597500205039978,0.7264976501464844,0.12275011837482452,0.03959622234106064
0.004245881922543049,0.006559896282851696,0.03635357320308685,0.5669693946838379,0.3858712315559387
0.002821167465299368,0.004090436734259129,0.0048446618020534515,0.1629253625869751,0.8253183960914612
0.007563324645161629,0.12878452241420746,0.6768008470535278,0.13880112767219543,0.048050157725811005
0.010276184417307377,0.2632845342159271,0.6467117667198181,0.044629812240600586,0.03509777411818504
0.47866949439048767,0.38264000415802,0.035361532121896744,0.033477406948804855,0.06985161453485489
0.005298487842082977,0.10511266440153122,0.8009020686149597,0.04308681562542915,0.045599959790706635
0.5880582928657532,0.24488967657089233,0.033427268266677856,0.0434858463704586,0.09013891965150833
0.6481769680976868,0.1871250867843628,0.028090201318264008,0.04604783281683922,0.09055989980697632
0.009710258804261684,0.05692058429121971,0.5372798442840576,0.33623766899108887,0.05985167250037193
0.006586265284568071,0.03686217963695526,0.4937605857849121,0.41444456577301025,0.048346471041440964
0.6082416772842407,0.25348562002182007,0.024933382868766785,0.03256518021225929,0.08077406883239746
0.6198302507400513,0.2186153382062912,0.025581475347280502,0.047560859471559525,0.08841210603713989
0.010603132657706738,0.14228028059005737,0.733471691608429,0.06505922973155975,0.048585694283246994
0.44479209184646606,0.3617721498012543,0.05938369780778885,0.04831721633672714,0.0857347771525383
0.008588985539972782,0.013307900168001652,0.017501389607787132,0.44703757762908936,0.5135641098022461
0.008762497454881668,0.014730577357113361,0.011804758571088314,0.2005864381790161,0.7641157507896423
0.025125492364168167,0.10636237263679504,0.46708908677101135,0.3145676553249359,0.08685542643070221
0.006666427943855524,0.016857212409377098,0.14850178360939026,0.754791796207428,0.07318273186683655
0.5456750988960266,0.28392136096954346,0.03440186008810997,0.042865436524152756,0.093136265873909
0.0037449656520038843,0.0076219760812819,0.004203304182738066,0.07017926126718521,0.9142504334449768
0.126755952835083,0.6798751950263977,0.11269809305667877,0.025480881333351135,0.05518990755081177
0.5331835150718689,0.27545252442359924,0.04768776893615723,0.05642786622047424,0.0872483029961586
0.00723139988258481,0.026098815724253654,0.2984933853149414,0.608292281627655,0.059884071350097656
0.005934125743806362,0.06160230562090874,0.5645882487297058,0.3106442093849182,0.05723113566637039
0.6586123108863831,0.2084904909133911,0.01977868191897869,0.03091953694820404,0.08219893276691437
0.022043921053409576,0.5717876553535461,0.3301376700401306,0.016225945204496384,0.059804823249578476
0.014854474924504757,0.11549443751573563,0.5624331831932068,0.23897668719291687,0.06824113428592682
0.01636500097811222,0.23674815893173218,0.6181384325027466,0.07840048521757126,0.050347890704870224
0.008599566295742989,0.0878145843744278,0.6858261823654175,0.17093996703624725,0.0468197800219059
0.6384791135787964,0.2129793018102646,0.02015903778374195,0.048638008534908295,0.07974449545145035
0.6339841485023499,0.21583333611488342,0.024417197331786156,0.04192925617098808,0.08383607864379883
0.5036789774894714,0.33623144030570984,0.04019591957330704,0.033466167747974396,0.0864274799823761
0.6931009292602539,0.18098874390125275,0.016094211488962173,0.03601343557238579,0.07380267232656479
0.012879609130322933,0.018521534278988838,0.013264021836221218,0.22759316861629486,0.7277417182922363
0.5334845185279846,0.290487140417099,0.04437321797013283,0.04829968884587288,0.08335544914007187
0.006190357729792595,0.016444215551018715,0.10527800023555756,0.7440145611763,0.12807276844978333
0.6326650381088257,0.210865780711174,0.02552071399986744,0.046816322952508926,0.08413216471672058
0.6522589921951294,0.20218363404273987,0.02091751992702484,0.04447254166007042,0.08016729354858398
0.14932794868946075,0.6494246125221252,0.09866876900196075,0.03729633241891861,0.06528232246637344
0.48098790645599365,0.3471745550632477,0.0560409314930439,0.04018551483750343,0.07561103254556656
0.011730511672794819,0.02073698304593563,0.051269713789224625,0.5390046238899231,0.37725821137428284
0.0013823164626955986,0.004328691866248846,0.05978718772530556,0.8678327202796936,0.06666909903287888
0.18521125614643097,0.5115208625793457,0.17656758427619934,0.0575602725148201,0.06914002448320389
0.004715871065855026,0.012062788009643555,0.19853542745113373,0.7085902690887451,0.07609573006629944
0.0439293198287487,0.2701655924320221,0.4992375075817108,0.13728508353233337,0.04938258230686188
0.011509341187775135,0.18453115224838257,0.6757519245147705,0.07837747037410736,0.04983000457286835
0.6402894258499146,0.19176989793777466,0.02363215759396553,0.044503625482320786,0.09980496764183044
0.010209343396127224,0.108863465487957,0.6799598932266235,0.15003295242786407,0.05093436315655708
0.006216154899448156,0.01463022269308567,0.06970429420471191,0.7057900428771973,0.20365938544273376
0.3065022826194763,0.5378081202507019,0.03954179584980011,0.031798072159290314,0.08434975147247314
0.6819409132003784,0.19255797564983368,0.01585940271615982,0.03556033968925476,0.0740814357995987
0.5798889994621277,0.2674905061721802,0.02981177717447281,0.03576257824897766,0.08704614639282227
0.44139519333839417,0.3915894031524658,0.05118915066123009,0.032629337161779404,0.08319699019193649
0.13581249117851257,0.6756660342216492,0.10998812317848206,0.027779553085565567,0.05075385048985481
0.04766382649540901,0.6868310570716858,0.19864726066589355,0.022327013313770294,0.04453074559569359
0.008149811998009682,0.20126743614673615,0.6895760893821716,0.06162705272436142,0.03937970846891403
0.5840492248535156,0.2368558943271637,0.03847533464431763,0.05237795412540436,0.08824160695075989
0.157663494348526,0.6771073937416077,0.0646224245429039,0.022710632532835007,0.07789607346057892
0.00710980873554945,0.016248662024736404,0.04850224778056145,0.6469172835350037,0.28122207522392273
0.4430041015148163,0.3958744406700134,0.05018812045454979,0.03144901245832443,0.07948428392410278
0.06978215277194977,0.7600558400154114,0.10670884698629379,0.015603432431817055,0.047849707305431366
0.0039035077206790447,0.005849964916706085,0.02216937020421028,0.6635181903839111,0.3045590817928314
0.5746142864227295,0.24253137409687042,0.040978189557790756,0.052534252405166626,0.0893419161438942
0.012724817730486393,0.06795524060726166,0.48581430315971375,0.3593613803386688,0.07414428889751434
0.009450940415263176,0.04855085164308548,0.6183678507804871,0.27898529171943665,0.04464508593082428
0.5097234845161438,0.34501662850379944,0.036851346492767334,0.032073426991701126,0.0763351246714592
0.0025372467935085297,0.003591397078707814,0.0032520394306629896,0.12121639400720596,0.8694029450416565
0.010623126290738583,0.025702573359012604,0.10280156880617142,0.708370566368103,0.1525021344423294
0.016875479370355606,0.25337934494018555,0.5830065011978149,0.07937582582235336,0.06736283004283905
0.012076511047780514,0.3338334560394287,0.5756136775016785,0.04244845360517502,0.0360279306769371
0.6243703961372375,0.21661943197250366,0.029834607616066933,0.04439350590109825,0.08478216081857681
0.0018208884866908193,0.0017267707735300064,0.06212260574102402,0.8662734031677246,0.06805625557899475
0.679787278175354,0.1732649952173233,0.017404187470674515,0.04666237160563469,0.08288122713565826
0.6281763911247253,0.2305593490600586,0.02437759004533291,0.035854313522577286,0.08103231340646744
0.01617642119526863,0.34824156761169434,0.5475221276283264,0.04625137150287628,0.04180857539176941
0.5231665968894958,0.29351919889450073,0.04525080323219299,0.04661894589662552,0.09144434332847595
0.20393702387809753,0.5914459824562073,0.10961955785751343,0.025185246020555496,0.06981214135885239
0.043972983956336975,0.7143696546554565,0.1682060807943344,0.018246382474899292,0.05520489066839218
0.005825495347380638,0.011220800690352917,0.12728628516197205,0.7544282078742981,0.10123921930789948
0.004445716738700867,0.015598814934492111,0.2740616500377655,0.6436782479286194,0.062215544283390045
0.6743470430374146,0.18950286507606506,0.019795216619968414,0.0331343412399292,0.08322054892778397
0.006678151898086071,0.016536833718419075,0.12037398666143417,0.7747187614440918,0.08169230073690414
0.014533073641359806,0.26292237639427185,0.6260347962379456,0.04342308267951012,0.05308672785758972
0.5256689786911011,0.34073182940483093,0.02910727821290493,0.03387567028403282,0.07061619311571121
0.005667639896273613,0.012106460519134998,0.18895170092582703,0.7250999808311462,0.06817412376403809
0.05007490515708923,0.336954802274704,0.31920185685157776,0.12486985325813293,0.1688985973596573
0.00944512989372015,0.03765936940908432,0.3771694302558899,0.5114560127258301,0.06426999717950821
0.010265763849020004,0.07513377070426941,0.5883938670158386,0.2617649435997009,0.06444162875413895
0.6016339659690857,0.25349006056785583,0.027516545727849007,0.036094944924116135,0.08126459270715714
0.011076684109866619,0.1366690993309021,0.7316558361053467,0.06902594864368439,0.05157247930765152
0.4889422357082367,0.37118908762931824,0.035348910838365555,0.03195779398083687,0.07256193459033966
0.01152940932661295,0.016382645815610886,0.01896858960390091,0.21776477992534637,0.7353546619415283
0.007073615677654743,0.09527257829904556,0.6365777850151062,0.20344504714012146,0.05763097479939461
0.011621465906500816,0.25748947262763977,0.6356518864631653,0.048188935965299606,0.04704815894365311
0.0023409659042954445,0.003180994186550379,0.08658052235841751,0.8412361741065979,0.06666133552789688
0.17416171729564667,0.6301677227020264,0.08981464803218842,0.020271960645914078,0.08558399230241776
0.19687244296073914,0.6312357187271118,0.0824732705950737,0.025239737704396248,0.06417876482009888
0.020252032205462456,0.34899935126304626,0.5366756319999695,0.03872431069612503,0.055348675698041916
0.014261208474636078,0.20165637135505676,0.6767718195915222,0.05673421546816826,0.05057651549577713
0.011508133262395859,0.26467642188072205,0.6311803460121155,0.03461635112762451,0.05801868438720703
0.005846169777214527,0.01673024147748947,0.13199077546596527,0.7311480641365051,0.11428479105234146
0.01199942734092474,0.4359795153141022,0.48475760221481323,0.022466197609901428,0.04479724541306496
0.008106747642159462,0.038272205740213394,0.5849571824073792,0.31146925687789917,0.057194679975509644
0.5080031156539917,0.3236633241176605,0.04574086517095566,0.04162600636482239,0.08096671104431152
0.0015237702755257487,0.003439088584855199,0.0011913103517144918,0.1261593997478485,0.86768639087677
0.003125895280390978,0.008534519001841545,0.08975718170404434,0.7961665391921997,0.10241591930389404
0.28931286931037903,0.4968339502811432,0.11721915751695633,0.028285570442676544,0.06834849715232849
0.42000994086265564,0.4079646170139313,0.05289771407842636,0.028611106798052788,0.09051669389009476
0.5765213370323181,0.2578219175338745,0.03143516182899475,0.04375199228525162,0.09046965092420578
0.009937955997884274,0.3399542272090912,0.5717157125473022,0.029720021411776543,0.048672035336494446
0.5367853045463562,0.3177879750728607,0.03438863530755043,0.03357001394033432,0.07746805995702744
0.006954191718250513,0.023296695202589035,0.18482576310634613,0.6846073865890503,0.10031592845916748
0.4445074796676636,0.3873650133609772,0.05044303461909294,0.032981980592012405,0.08470252901315689
0.7070342302322388,0.14598727226257324,0.015618141740560532,0.04114675521850586,0.09021367877721786
0.09920814633369446,0.647442102432251,0.1720825880765915,0.02366773784160614,0.057599492371082306
0.008842767216265202,0.027668748050928116,0.30101075768470764,0.5879095792770386,0.07456821948289871
0.008570528589189053,0.03135693445801735,0.34148964285850525,0.5632275342941284,0.05535530298948288
0.0029359092004597187,0.004226098768413067,0.0028493592981249094,0.09303169697523117,0.8969568610191345
0.5927093625068665,0.2462620884180069,0.027510615065693855,0.04611698538064957,0.08740100264549255
0.0049124653451144695,0.011956974864006042,0.08741144090890884,0.8037411570549011,0.09197790920734406
0.16248613595962524,0.5852207541465759,0.16805756092071533,0.032479241490364075,0.051756348460912704
0.7408559918403625,0.1223948672413826,0.012771510519087315,0.03700178861618042,0.08697579801082611
0.009271553717553616,0.025265397503972054,0.18969856202602386,0.6772261261940002,0.09853830188512802
0.12927834689617157,0.46468988060951233,0.2825312316417694,0.07171384990215302,0.05178665742278099
0.5313275456428528,0.299972265958786,0.04006896913051605,0.042882565408945084,0.0857485681772232
0.010895034298300743,0.09788120537996292,0.7255381345748901,0.10637984424829483,0.05930589139461517
0.0015436516841873527,0.0031232100445777178,0.0018807275919243693,0.05573081597685814,0.9377216100692749
0.008229224011301994,0.015717238187789917,0.01812061294913292,0.3053961992263794,0.6525366902351379
0.04068388044834137,0.6015592813491821,0.2696817219257355,0.026089221239089966,0.0619858019053936
0.19116273522377014,0.619777262210846,0.09645377099514008,0.0219833105802536,0.07062292098999023
0.008773126639425755,0.1249072253704071,0.6785893440246582,0.1254405677318573,0.06228981912136078
0.006741906050592661,0.019002949818968773,0.1302453875541687,0.7138550877571106,0.13015469908714294
0.06600216776132584,0.6667190790176392,0.20869958400726318,0.017132382839918137,0.04144681617617607
0.00660832179710269,0.01696963980793953,0.15432927012443542,0.7307400703430176,0.09135272353887558
0.7279854416847229,0.12937840819358826,0.014295128174126148,0.038612328469753265,0.08972876518964767
0.4626033306121826,0.3817221522331238,0.04186802729964256,0.037000659853219986,0.07680579274892807
0.01097752433270216,0.03464493155479431,0.479648232460022,0.4180236756801605,0.05670562759041786
0.666701078414917,0.20469021797180176,0.018214715644717216,0.02989044040441513,0.08050365746021271
0.010364668443799019,0.23740290105342865,0.6533612012863159,0.05372040346264839,0.04515080899000168
0.001694640377536416,0.005244131665676832,0.1382097452878952,0.8154833912849426,0.03936804085969925
0.011298537254333496,0.015436484478414059,0.01952783763408661,0.2123417854309082,0.7413953542709351
0.13120786845684052,0.6119305491447449,0.1636381596326828,0.027819983661174774,0.06540344655513763
0.015993231907486916,0.47913405299186707,0.42887407541275024,0.02424849569797516,0.05175018683075905
0.005785896442830563,0.01796376146376133,0.22495435178279877,0.6897091269493103,0.06158686801791191
0.0041705165058374405,0.012461013160645962,0.10842868685722351,0.7606796622276306,0.11426005512475967
0.014421975240111351,0.12064483761787415,0.6637791991233826,0.13574954867362976,0.06540440768003464
0.0011023100232705474,0.002940468955785036,0.0011089359177276492,0.03219207748770714,0.9626561403274536
0.025444483384490013,0.4761621654033661,0.4010366201400757,0.040207959711551666,0.05714872106909752
0.4481719732284546,0.39365294575691223,0.044427964836359024,0.03840295225381851,0.07534421235322952
0.6386524438858032,0.2001437395811081,0.025988757610321045,0.04791400954127312,0.08730099350214005
0.5104954242706299,0.3353360593318939,0.03528141975402832,0.027334507554769516,0.09155258536338806
0.04757871851325035,0.40716004371643066,0.4209423065185547,0.06545004993677139,0.05886885151267052
0.0035857551265507936,0.009332719258964062,0.05397215485572815,0.7741173505783081,0.15899202227592468
0.7454553246498108,0.1200728565454483,0.011656861752271652,0.0370914600789547,0.08572347462177277
0.013106443919241428,0.3407609164714813,0.5583994388580322,0.04192241281270981,0.04581082612276077
0.4552097022533417,0.4084669053554535,0.03808797895908356,0.026711219921708107,0.07152417302131653
0.6891080141067505,0.18150527775287628,0.01667577028274536,0.029163213446736336,0.0835476964712143
0.020303335040807724,0.5006418228149414,0.4292962849140167,0.018348973244428635,0.03140953183174133
0.0018367825541645288,0.0018673533340916038,0.05403698608279228,0.8627706170082092,0.07948819547891617
0.645159900188446,0.20183011889457703,0.02468918077647686,0.04112403839826584,0.08719673752784729
0.6226295828819275,0.22432635724544525,0.02465440332889557,0.037905093282461166,0.09048455953598022
0.0005127536715008318,0.001972978701815009,0.014563588425517082,0.9502849578857422,0.03266572207212448
0.0021825579460710287,0.0021561391185969114,0.07055038213729858,0.8557595014572144,0.06935150176286697
0.07054460793733597,0.5255234837532043,0.29854151606559753,0.04979885742068291,0.055591631680727005
0.6143419146537781,0.249590665102005,0.018247582018375397,0.04339338093996048,0.07442644983530045
0.5925151705741882,0.2669520080089569,0.02711852639913559,0.036447882652282715,0.07696645706892014
0.003088501514866948,0.004489455372095108,0.10728660225868225,0.823602020740509,0.06153351441025734
0.0257759727537632,0.39818766713142395,0.47898292541503906,0.04023681953549385,0.05681651830673218
0.4347724914550781,0.38633090257644653,0.05410603806376457,0.03316183015704155,0.091628797352314
0.7697389125823975,0.10126777738332748,0.008779994212090969,0.03649322688579559,0.08372007310390472
0.18226145207881927,0.6164506673812866,0.1128440573811531,0.023081202059984207,0.06536269187927246
0.012967433780431747,0.360673189163208,0.5454666614532471,0.036547377705574036,0.04434534162282944
0.008308029733598232,0.03248497471213341,0.36977365612983704,0.5318267345428467,0.057606641203165054
0.5067988038063049,0.33858442306518555,0.04315144196152687,0.03526385501027107,0.07620151340961456
0.6198745965957642,0.2412555068731308,0.019646797329187393,0.03920385241508484,0.0800192654132843
0.014671314507722855,0.06473022699356079,0.4600479304790497,0.3815223276615143,0.07902821153402328
0.01654832437634468,0.135337695479393,0.6191461682319641,0.16060882806777954,0.06835892796516418
0.00464647077023983,0.014607786200940609,0.17255523800849915,0.7428924441337585,0.06529808044433594
0.5773764252662659,0.2690737545490265,0.029415586963295937,0.03813580051064491,0.08599841594696045
0.0037331613712012768,0.00994854886084795,0.03241250663995743,0.8543311953544617,0.09957458823919296
0.5391735434532166,0.2944318652153015,0.03591446578502655,0.04425878822803497,0.0862213596701622
0.16115979850292206,0.5898136496543884,0.14126750826835632,0.033067092299461365,0.07469195127487183
0.37050363421440125,0.42919281125068665,0.08156006038188934,0.04546867683529854,0.07327475398778915
0.6367906332015991,0.21648530662059784,0.021163394674658775,0.04319967329502106,0.08236100524663925
0.010104441083967686,0.18589666485786438,0.7082105278968811,0.041104093194007874,0.054684218019247055
0.5997952222824097,0.23093967139720917,0.03308814391493797,0.049667611718177795,0.08650922775268555
0.005274015944451094,0.011477258987724781,0.08341123163700104,0.7399188876152039,0.15991857647895813
0.009079612791538239,0.020523497834801674,0.059956230223178864,0.6329072117805481,0.2775333523750305
0.017958302050828934,0.18825837969779968,0.6580612063407898,0.0942176952958107,0.041504450142383575
0.02429157681763172,0.6233758330345154,0.2777630090713501,0.015195894986391068,0.05937366560101509
0.00861151423305273,0.0589170828461647,0.7114056348800659,0.16273078322410583,0.058334920555353165
0.06953781843185425,0.6876460313796997,0.1714375913143158,0.020558135583996773,0.05082036182284355
0.5690608024597168,0.28140977025032043,0.027452321723103523,0.04245484620332718,0.07962224632501602
0.5486682653427124,0.28446823358535767,0.03856685385107994,0.0453491285443306,0.08294762670993805
0.0009003874729387462,0.002813284285366535,0.09086400270462036,0.8684902191162109,0.036932047456502914
0.025881003588438034,0.09839269518852234,0.5155772566795349,0.26889652013778687,0.09125254303216934
0.3760804235935211,0.44455087184906006,0.06176174059510231,0.04056788608431816,0.07703911513090134
0.023344457149505615,0.5015305876731873,0.4029754400253296,0.02298104204237461,0.049168504774570465
0.18893380463123322,0.6963797807693481,0.04081550985574722,0.02230474166572094,0.05156625062227249
0.3900238871574402,0.4632372558116913,0.04260072484612465,0.03641640394926071,0.06772168725728989
0.6453244686126709,0.22129763662815094,0.020958758890628815,0.03213118761777878,0.08028799295425415
0.3766871690750122,0.44252651929855347,0.05686451867222786,0.04182056337594986,0.08210122585296631
0.6250548362731934,0.22050270438194275,0.021765708923339844,0.04605467617511749,0.08662204444408417
0.008109265938401222,0.018739309161901474,0.03748032823204994,0.7684463262557983,0.16722479462623596
0.0029806632082909346,0.007959081791341305,0.08248625695705414,0.8028906583786011,0.10368333011865616
0.017923224717378616,0.49184349179267883,0.42411109805107117,0.0229510385543108,0.04317117854952812
0.010522013530135155,0.1936294138431549,0.6542572975158691,0.09646101295948029,0.04513024538755417
0.5536233186721802,0.24321052432060242,0.06350431591272354,0.04572805389761925,0.09393380582332611
0.5244770646095276,0.29658564925193787,0.05146980285644531,0.04333158954977989,0.08413581550121307
0.0333089642226696,0.6567912697792053,0.22928109765052795,0.02186097949743271,0.05875774472951889
0.08573535084724426,0.5521753430366516,0.25360462069511414,0.04784422367811203,0.06064050644636154
0.020074943080544472,0.1926678866147995,0.5601068735122681,0.15735496580600739,0.06979536265134811
0.00826469250023365,0.019796689972281456,0.31068745255470276,0.597854495048523,0.06339668482542038
0.1986682265996933,0.6051905751228333,0.09061094373464584,0.04363482445478439,0.061895374208688736
0.6439804434776306,0.23157702386379242,0.02037792094051838,0.02968493290245533,0.07437963783740997
0.44563019275665283,0.35094934701919556,0.0827210545539856,0.04442013427615166,0.07627927511930466
0.006357353646308184,0.030296923592686653,0.45851173996925354,0.4576389491558075,0.04719507321715355
0.6354554295539856,0.20229153335094452,0.0219854898750782,0.04623408988118172,0.09403350204229355
0.08836080878973007,0.680693507194519,0.12342768907546997,0.043406326323747635,0.06411167979240417
0.5687165260314941,0.25033801794052124,0.03617975115776062,0.0520600862801075,0.09270559996366501
0.008031819947063923,0.021349608898162842,0.12018650025129318,0.7000762820243835,0.1503557711839676
0.6902437210083008,0.16824224591255188,0.015911785885691643,0.04374202713370323,0.08186016976833344
0.0909813642501831,0.7545755505561829,0.08627071976661682,0.013877129182219505,0.05429515987634659
0.010224404744803905,0.06146692484617233,0.6634677648544312,0.2042636275291443,0.060577332973480225
0.6661991477012634,0.19342243671417236,0.01838664896786213,0.04381309822201729,0.07817865908145905
0.512855052947998,0.3211348354816437,0.03535146266222,0.030456820502877235,0.1002017930150032
0.0039627691730856895,0.010659115388989449,0.08536409586668015,0.8425576090812683,0.057456351816654205
0.008036643266677856,0.02440738119184971,0.1677909791469574,0.6837413311004639,0.11602363735437393
0.5995745062828064,0.2478286176919937,0.02732265554368496,0.03530591353774071,0.08996827900409698
0.005383553449064493,0.06549127399921417,0.6509368419647217,0.23845274746418,0.03973565250635147
0.005783194676041603,0.010843386873602867,0.12855997681617737,0.7521733045578003,0.10264013707637787
0.6688820719718933,0.20197048783302307,0.018441004678606987,0.03093491867184639,0.0797714963555336
0.00475267181172967,0.017736338078975677,0.20095498859882355,0.6513840556144714,0.12517201900482178
0.009142762050032616,0.09161902964115143,0.6384119987487793,0.20114709436893463,0.05967915058135986
0.08991458266973495,0.6616490483283997,0.179301917552948,0.028227396309375763,0.04090706631541252
0.0027927234768867493,0.0033378638327121735,0.08938963711261749,0.8352355360984802,0.06924430280923843
0.0021546923089772463,0.006003126036375761,0.07864337414503098,0.8249042630195618,0.08829453587532043
0.004524875432252884,0.007170386612415314,0.12165167927742004,0.7814486026763916,0.08520442992448807
0.0006239773938432336,0.0013304936001077294,0.0005956782842986286,0.055468782782554626,0.9419810771942139
0.6691403985023499,0.17825672030448914,0.022975251078605652,0.043972939252853394,0.08565478026866913
0.014825429767370224,0.3033615052700043,0.5885740518569946,0.05216468870639801,0.04107435792684555
0.005795663688331842,0.009620455093681812,0.11480850726366043,0.7643848061561584,0.10539054870605469
0.6859342455863953,0.16992370784282684,0.01889742538332939,0.042780425399541855,0.08246421813964844
0.6455951929092407,0.22317998111248016,0.017915574833750725,0.02496149018406868,0.08834774047136307
0.15151236951351166,0.6271196603775024,0.13665740191936493,0.02534550055861473,0.059365011751651764
0.45882749557495117,0.34575358033180237,0.05179806053638458,0.043894797563552856,0.09972605109214783
0.03065766766667366,0.7634722590446472,0.15132489800453186,0.009230722673237324,0.04531445354223251
0.07947655767202377,0.6954386830329895,0.14169391989707947,0.026247289031744003,0.057143598794937134
0.4922712445259094,0.3323970139026642,0.04300466552376747,0.03719206526875496,0.09513502568006516
0.6132803559303284,0.2543204128742218,0.020624853670597076,0.024471919983625412,0.08730253577232361
0.007811949122697115,0.04936997964978218,0.5553582906723022,0.33570292592048645,0.05175682529807091
0.3248923122882843,0.43755292892456055,0.11302820593118668,0.04835960641503334,0.07616688311100006
0.0010059458436444402,0.002216209890320897,0.0010805518832057714,0.06736079603433609,0.9283364415168762
0.21244817972183228,0.6130049824714661,0.08573944121599197,0.02720000594854355,0.06160736456513405
0.001415708800777793,0.003333661938086152,0.025001712143421173,0.7977713942527771,0.17247749865055084
0.006189106963574886,0.15749627351760864,0.7286766767501831,0.07086111605167389,0.036776814609766006
0.051841866225004196,0.7540634870529175,0.12469636648893356,0.01621505431830883,0.05318320915102959
0.5338430404663086,0.30659225583076477,0.03880567476153374,0.03703692927956581,0.0837220549583435
0.7000246047973633,0.16460028290748596,0.01664458028972149,0.034188754856586456,0.08454179763793945
0.6389880776405334,0.1922585368156433,0.028478676453232765,0.04824652895331383,0.09202820807695389
0.11452297121286392,0.6282473206520081,0.1643509566783905,0.028399918228387833,0.06447888910770416
0.008325478993356228,0.015338834375143051,0.020978450775146484,0.5681968331336975,0.38716042041778564
0.002049596281722188,0.0035716339480131865,0.003759973682463169,0.4365029036998749,0.554115891456604
0.15200631320476532,0.6677591800689697,0.10434173047542572,0.01616561785340309,0.05972710996866226
0.010518524795770645,0.18345612287521362,0.7019388675689697,0.06516703218221664,0.03891950845718384
0.00838978961110115,0.0370144359767437,0.4198855459690094,0.47703075408935547,0.0576794259250164
0.7876168489456177,0.08435140550136566,0.010457942262291908,0.02810375951230526,0.08946995437145233
0.006985027343034744,0.11466725915670395,0.6885712146759033,0.14010027050971985,0.049676261842250824
0.5932353138923645,0.23303689062595367,0.03534357249736786,0.049130164086818695,0.08925405889749527
0.5493148565292358,0.2758163809776306,0.03996076062321663,0.044995103031396866,0.08991293609142303
0.6173252463340759,0.23452596366405487,0.026109561324119568,0.03674006462097168,0.08529917895793915
0.008713271468877792,0.19362841546535492,0.6968693137168884,0.05297354981303215,0.0478154718875885
0.005006762221455574,0.020174499601125717,0.33484476804733276,0.5992081761360168,0.04076576232910156
0.5843103528022766,0.2883510887622833,0.024089807644486427,0.029832283034920692,0.07341647893190384
0.010223975405097008,0.27773335576057434,0.619529128074646,0.040598995983600616,0.05191453918814659
0.032357729971408844,0.31266090273857117,0.5255066752433777,0.06710126250982285,0.06237355247139931
0.15015432238578796,0.6676512360572815,0.08574426174163818,0.02348567172884941,0.07296452671289444
0.0038683502934873104,0.00992558803409338,0.0668920949101448,0.7880169153213501,0.1312970221042633
0.031501226127147675,0.6088651418685913,0.28113651275634766,0.01874714158475399,0.05974986031651497
0.05675861984491348,0.20072099566459656,0.43829724192619324,0.2300964742898941,0.07412665337324142
0.006803138181567192,0.0843069776892662,0.6145191788673401,0.2370195835828781,0.05735107511281967
0.008153693750500679,0.06405995041131973,0.6219637393951416,0.25939688086509705,0.04642572999000549
0.059136442840099335,0.4581388235092163,0.3620118796825409,0.07169865071773529,0.04901420325040817
0.6074633002281189,0.22284741699695587,0.029361840337514877,0.047469623386859894,0.0928577333688736
0.013374093919992447,0.25533273816108704,0.6079510450363159,0.06948035955429077,0.05386170372366905
0.014467818662524223,0.4034212827682495,0.49478933215141296,0.03367616608738899,0.0536453053355217
0.007341135758906603,0.02092849276959896,0.1897919625043869,0.6493678689002991,0.13257059454917908
0.5600783824920654,0.27306944131851196,0.033689990639686584,0.03860153630375862,0.09456067532300949
0.007831147871911526,0.10353908687829971,0.761695921421051,0.07254614681005478,0.054387688636779785
0.6393410563468933,0.19892606139183044,0.03220677375793457,0.03820917755365372,0.09131690859794617
0.103269562125206,0.5733206272125244,0.2070780247449875,0.05632892623543739,0.06000277400016785
0.004331801552325487,0.011732758954167366,0.07454819977283478,0.7767304182052612,0.13265685737133026
0.2959720194339752,0.48488128185272217,0.10180316865444183,0.04285860061645508,0.07448500394821167
0.06375253200531006,0.341826856136322,0.42963409423828125,0.11003570258617401,0.054750777781009674
0.6700781583786011,0.17910128831863403,0.021177686750888824,0.044494446367025375,0.08514845371246338
0.2474583238363266,0.5983256101608276,0.05857471376657486,0.026783030480146408,0.06885829567909241
0.0018633960280567408,0.0058945780619978905,0.02740020863711834,0.90409916639328,0.06074264273047447
0.1046607717871666,0.6314758062362671,0.1643417626619339,0.044425349682569504,0.05509628728032112
0.020576728507876396,0.5871946215629578,0.32318389415740967,0.017986275255680084,0.051058560609817505
0.5713859796524048,0.2801472544670105,0.03081660345196724,0.03796522691845894,0.0796850323677063
0.5789160132408142,0.28742024302482605,0.024726469069719315,0.025255652144551277,0.08368171006441116
0.004752336069941521,0.013282651081681252,0.10122855752706528,0.7549175024032593,0.12581893801689148
0.001051798346452415,0.0026473745238035917,0.0009820935083553195,0.03460698202252388,0.9607117176055908
0.08087385445833206,0.6630398631095886,0.15915441513061523,0.02933446317911148,0.06759743392467499
0.06070179492235184,0.6521223783493042,0.19139321148395538,0.02712254971265793,0.06866012513637543
0.012898656539618969,0.33788034319877625,0.5675261616706848,0.0354817770421505,0.04621309041976929
0.0066720410250127316,0.20877397060394287,0.7020490169525146,0.04021347686648369,0.04229150339961052
0.011836625635623932,0.07482815533876419,0.5615240931510925,0.2886750400066376,0.06313607841730118
0.03472106531262398,0.7023801803588867,0.19708772003650665,0.01777910813689232,0.04803183674812317
0.4745841920375824,0.35472241044044495,0.04520029202103615,0.031070267781615257,0.09442280232906342
0.0007791036041453481,0.00236151902936399,0.06538813561201096,0.8863651752471924,0.045106079429388046
0.6379332542419434,0.23294709622859955,0.020570404827594757,0.034449849277734756,0.07409939169883728
0.02040778286755085,0.1874304860830307,0.5940608382225037,0.12736620008945465,0.07073479145765305
0.013256610371172428,0.03853366896510124,0.12721054255962372,0.5935166478157043,0.22748258709907532
0.5310862064361572,0.30010902881622314,0.0392882265150547,0.03927006945014,0.09024644643068314
0.00879143550992012,0.011919805780053139,0.011709935963153839,0.16009627282619476,0.8074826002120972
0.00973387248814106,0.06463296711444855,0.5530813336372375,0.3077680766582489,0.0647837221622467
0.011664231307804585,0.16944938898086548,0.7007311582565308,0.061674606055021286,0.056480731815099716
0.005982717499136925,0.009977594017982483,0.010506067425012589,0.2604926526546478,0.7130410075187683
0.570573091506958,0.2836243212223053,0.028504740446805954,0.030076997354626656,0.08722084015607834
0.1890013962984085,0.6403181552886963,0.06341256946325302,0.05291416123509407,0.0543537475168705
0.006378768477588892,0.06595779210329056,0.587526798248291,0.28732913732528687,0.05280754342675209
0.6180570721626282,0.2385467290878296,0.0193720031529665,0.045059043914079666,0.07896517962217331
0.6042630672454834,0.26776543259620667,0.018394453451037407,0.03688669204711914,0.07269039005041122
0.5355240702629089,0.31350383162498474,0.04341133311390877,0.026669999584555626,0.08089077472686768
0.010576227679848671,0.042185936123132706,0.4050326347351074,0.4791103005409241,0.063094861805439
0.5546810030937195,0.2733966112136841,0.04216984286904335,0.04802209138870239,0.0817304477095604
0.01452043280005455,0.34561678767204285,0.5521987676620483,0.04384046792984009,0.04382352903485298
0.11704065650701523,0.6591950058937073,0.13653837144374847,0.02919691987335682,0.05802905187010765
0.41080594062805176,0.4148101210594177,0.057483118027448654,0.03347473964095116,0.0834260806441307
0.5772123336791992,0.242568701505661,0.04015721008181572,0.04937291890382767,0.09068889170885086
0.5094885230064392,0.31616055965423584,0.04298489913344383,0.037081703543663025,0.09428436309099197
0.5515905022621155,0.27812761068344116,0.040597930550575256,0.04883282631635666,0.08085113763809204
0.0019336686236783862,0.00562319066375494,0.031462330371141434,0.8991353511810303,0.06184546649456024
0.009790737181901932,0.021314645186066628,0.09264010190963745,0.5512113571166992,0.3250431418418884
0.0018703365931287408,0.003776101628318429,0.0009930062806233764,0.06600715965032578,0.9273533821105957
0.006687175948172808,0.012096181511878967,0.13244543969631195,0.7411608099937439,0.10761039704084396
0.6015840172767639,0.24373309314250946,0.027262387797236443,0.036336060613393784,0.09108443558216095
0.6594556570053101,0.20436474680900574,0.018272332847118378,0.029838593676686287,0.0880686566233635
0.7656122446060181,0.10427626222372055,0.010103349573910236,0.03412479907274246,0.08588334172964096
0.06281385570764542,0.31408727169036865,0.4418850541114807,0.11306524276733398,0.06814847886562347
0.061008792370557785,0.6549794673919678,0.21130149066448212,0.024728788062930107,0.04798154905438423
0.02270151488482952,0.6083192229270935,0.30721578001976013,0.015473250299692154,0.04629017040133476
0.5988581776618958,0.24448499083518982,0.026758115738630295,0.04013080149888992,0.08976797759532928
0.00738344993442297,0.013026958331465721,0.01670677214860916,0.3255629241466522,0.6373198628425598
0.590812087059021,0.2762555480003357,0.023510154336690903,0.03179143741726875,0.07763073593378067
0.5311248302459717,0.31496524810791016,0.0382031686604023,0.03677696734666824,0.07892990112304688
0.05708590894937515,0.6437063813209534,0.21865355968475342,0.025466473773121834,0.055087655782699585
0.007674115709960461,0.07365308701992035,0.6252425909042358,0.23439672589302063,0.059033412486314774
0.4558972120285034,0.3732356131076813,0.05138495936989784,0.03257961571216583,0.08690264075994492
0.5220136642456055,0.32677537202835083,0.034919317811727524,0.028815055266022682,0.08747655153274536
0.6143279671669006,0.24446223676204681,0.022098539397120476,0.04034094884991646,0.07877031713724136
0.008869948796927929,0.021373551338911057,0.09388940036296844,0.7004405856132507,0.17542654275894165
0.6132702827453613,0.22179098427295685,0.029545295983552933,0.04829476773738861,0.08709877729415894
0.603864312171936,0.22698034346103668,0.0315733328461647,0.049717552959918976,0.08786439895629883
0.020607782527804375,0.6335914134979248,0.29369425773620605,0.011553713120520115,0.04055285453796387
0.009764287620782852,0.2838208079338074,0.6229739785194397,0.038895606994628906,0.04454530030488968
0.577617347240448,0.27242887020111084,0.02547699771821499,0.046600352972745895,0.07787635922431946
0.028899764642119408,0.6723558902740479,0.24343445897102356,0.016307098791003227,0.0390026792883873
0.0072904229164123535,0.14848364889621735,0.722571849822998,0.0762636810541153,0.04539033770561218
0.5691056251525879,0.2971530556678772,0.0239711944013834,0.03722041845321655,0.07254970073699951
0.12197955697774887,0.735131561756134,0.05592408403754234,0.023801878094673157,0.06316303461790085
0.1322733461856842,0.7055894732475281,0.0642065554857254,0.02179718017578125,0.07613352686166763
0.49620556831359863,0.33145806193351746,0.04386647418141365,0.0348832830786705,0.09358655661344528
0.667631983757019,0.1886836737394333,0.02043881267309189,0.03826528415083885,0.08498023450374603
0.6689490675926208,0.2051277905702591,0.018278058618307114,0.02823006361722946,0.07941508293151855
0.006985359825193882,0.082798533141613,0.6292306780815125,0.22101612389087677,0.05996927618980408
0.0623653419315815,0.7504932284355164,0.11474163085222244,0.020100824534893036,0.05229904130101204
0.0019761803559958935,0.0033828732557594776,0.0023251567035913467,0.1580800861120224,0.8342357277870178
0.027530910447239876,0.6643165946006775,0.23975834250450134,0.013518895953893661,0.05487529933452606
0.008393811993300915,0.01540239155292511,0.050245217978954315,0.6221072673797607,0.30385130643844604
0.5293144583702087,0.33579397201538086,0.03207460045814514,0.028911937028169632,0.07390502095222473
0.00489925779402256,0.011953450739383698,0.02677057310938835,0.8183730840682983,0.1380036473274231
0.012598736211657524,0.022648528218269348,0.026175502687692642,0.31795284152030945,0.6206244230270386
0.6472069621086121,0.2194831520318985,0.020877745002508163,0.03139888495206833,0.08103321492671967
0.5361714959144592,0.2922683358192444,0.04473016783595085,0.03913154453039169,0.08769847452640533
0.5133181810379028,0.3033021092414856,0.04609217122197151,0.05074372515082359,0.08654379844665527
0.007068054750561714,0.1294269561767578,0.6885169744491577,0.1272992640733719,0.04768875241279602
0.014726348221302032,0.27308738231658936,0.6046872735023499,0.05565207824110985,0.051846943795681
0.007777706254273653,0.029531177133321762,0.32709425687789917,0.5714622735977173,0.06413464993238449
0.1698608249425888,0.6775809526443481,0.06660431623458862,0.023744069039821625,0.06220978870987892
0.008547574281692505,0.04311639815568924,0.4659672975540161,0.42666372656822205,0.055704984813928604
0.5778695344924927,0.24432623386383057,0.04399735853075981,0.043928176164627075,0.08987865597009659
0.6033257246017456,0.23778951168060303,0.028304003179073334,0.04766859486699104,0.08291218429803848
0.00884418748319149,0.053944893181324005,0.563198983669281,0.31760382652282715,0.0564081072807312
0.011192240752279758,0.03184634819626808,0.12192882597446442,0.6277542114257812,0.2072783261537552
0.23268122971057892,0.5678208470344543,0.09386595338582993,0.026656286790966988,0.07897569984197617
0.6337898373603821,0.2230725884437561,0.023447036743164062,0.04000543802976608,0.07968513667583466
0.6461033821105957,0.2072971612215042,0.020082000643014908,0.04610028117895126,0.08041714131832123
0.038257163017988205,0.6695299744606018,0.2242121547460556,0.015443412587046623,0.052557323127985
0.6591494679450989,0.2193743735551834,0.018875040113925934,0.029514219611883163,0.07308679074048996
0.3899657726287842,0.43657854199409485,0.0656910166144371,0.03471708297729492,0.07304753363132477
0.0452166423201561,0.40247708559036255,0.3958097994327545,0.0754893571138382,0.08100695163011551
0.010160033591091633,0.026861943304538727,0.1346314698457718,0.6807370185852051,0.14760953187942505
0.6109486818313599,0.24223971366882324,0.02620156668126583,0.03553767874836922,0.08507227152585983
0.5945777297019958,0.24603362381458282,0.03067677840590477,0.043120402842760086,0.08559147268533707
0.46560773253440857,0.35426950454711914,0.05077525973320007,0.04022303968667984,0.08912442624568939
0.0783236026763916,0.5195446014404297,0.2930373251438141,0.05485531687736511,0.05423922836780548
0.0064715249463915825,0.011609152890741825,0.07212301343679428,0.7327924370765686,0.17700375616550446
0.5958206653594971,0.256488561630249,0.028718767687678337,0.036249857395887375,0.08272206783294678
0.010231469757854939,0.15563412010669708,0.6545418500900269,0.12886789441108704,0.050724759697914124
0.10326569527387619,0.7117252945899963,0.09032445400953293,0.03329961374402046,0.06138501688838005
0.013870757073163986,0.14015796780586243,0.6322125196456909,0.1550484448671341,0.058710239827632904
0.04302377626299858,0.6293635368347168,0.24273335933685303,0.02964208647608757,0.055237166583538055
0.5571286678314209,0.2954573631286621,0.02945476770401001,0.03561414033174515,0.08234507590532303
0.4690135717391968,0.38529232144355774,0.03556450083851814,0.03782854974269867,0.07230105996131897
0.3147549033164978,0.523510754108429,0.062432385981082916,0.030621176585555077,0.06868073344230652
0.05301162227988243,0.46731728315353394,0.3486534357070923,0.06504951417446136,0.06596822291612625
0.0010368414223194122,0.0015881595900282264,0.0011077094823122025,0.07982391119003296,0.916443407535553
0.5005096793174744,0.3279976546764374,0.04307270795106888,0.04450294375419617,0.08391698449850082
0.004317934159189463,0.014366601593792439,0.1755906641483307,0.7393243312835693,0.06640050560235977
0.7370490431785583,0.12586084008216858,0.011956380680203438,0.03698236495256424,0.08815138041973114
0.0008077181992121041,0.0020220368169248104,0.03198614716529846,0.8773164749145508,0.0878676250576973
0.6343453526496887,0.22300328314304352,0.022325940430164337,0.03259020671248436,0.08773528784513474
0.00993240438401699,0.024336429312825203,0.1995430737733841,0.6713247299194336,0.09486334025859833
0.06330107897520065,0.5478758811950684,0.29514437913894653,0.04395780339837074,0.049720924347639084
0.13794808089733124,0.6798624396324158,0.11579632014036179,0.014559504576027393,0.051833607256412506
0.042477596551179886,0.47788354754447937,0.38556116819381714,0.042938195168972015,0.05113951116800308
0.6194819808006287,0.2317301332950592,0.02089700661599636,0.04359797015786171,0.0842929407954216
0.01123090460896492,0.3258599042892456,0.583150327205658,0.033840812742710114,0.04591802880167961
0.04541095346212387,0.6611080765724182,0.21478310227394104,0.022819921374320984,0.055878058075904846
0.16571803390979767,0.6451273560523987,0.09606190770864487,0.034046709537506104,0.0590459480881691
0.6508823037147522,0.18479599058628082,0.02587578073143959,0.04749029129743576,0.09095558524131775
0.6450554132461548,0.19512008130550385,0.023837877437472343,0.04903633892536163,0.08695034682750702
0.005206050351262093,0.01813032105565071,0.2471267580986023,0.6707703471183777,0.05876660346984863
0.44871699810028076,0.38382697105407715,0.04595859721302986,0.04208558797836304,0.07941178977489471
0.7545578479766846,0.1180582046508789,0.010710977017879486,0.03383246809244156,0.08284057676792145
0.005008884705603123,0.009498931467533112,0.006184978876262903,0.13688282668590546,0.8424243330955505
0.021994255483150482,0.15931208431720734,0.4950416684150696,0.22664090991020203,0.09701112657785416
0.6307039260864258,0.22747920453548431,0.023685626685619354,0.03742744028568268,0.08070377260446548
0.022747911512851715,0.2695820927619934,0.5861898064613342,0.06454841792583466,0.05693177878856659
0.5584127902984619,0.29988524317741394,0.023601699620485306,0.043694306164979935,0.07440602034330368
0.6974135637283325,0.19042587280273438,0.01359302643686533,0.03043680638074875,0.06813082844018936
0.010107091628015041,0.08928641676902771,0.6428512930870056,0.20006239414215088,0.05769281089305878
0.0018472119700163603,0.0039452663622796535,0.0010034083388745785,0.05498948320746422,0.9382146596908569
0.07304330170154572,0.7485963702201843,0.10897352546453476,0.014344247058033943,0.055042464286088943
0.005745902191847563,0.020665235817432404,0.30593281984329224,0.6057849526405334,0.06187118589878082
0.023457210510969162,0.4795600473880768,0.4191964566707611,0.032051023095846176,0.04573528841137886
0.01401408389210701,0.34540796279907227,0.5583335161209106,0.026387732475996017,0.05585674196481705
0.05959421396255493,0.6382471919059753,0.2217724472284317,0.02534697949886322,0.05503922700881958
0.38851502537727356,0.44770365953445435,0.058187924325466156,0.02995588444173336,0.07563752681016922
0.416698694229126,0.3770606815814972,0.07237737625837326,0.05375506728887558,0.08010819554328918
0.0055598602630198,0.008081325329840183,0.00625916663557291,0.12401558458805084,0.8560841083526611
0.013099072501063347,0.03310420364141464,0.3314580023288727,0.4720960259437561,0.15024279057979584
0.006189422216266394,0.015892067924141884,0.1868640035390854,0.738936722278595,0.05211775004863739
0.3164602220058441,0.5088590383529663,0.07134128361940384,0.03479974716901779,0.0685398206114769
0.027014778926968575,0.13141821324825287,0.35556015372276306,0.3357754647731781,0.15023131668567657
0.03661418333649635,0.7651320099830627,0.14175871014595032,0.010217820294201374,0.04627731069922447
0.01864403858780861,0.5382079482078552,0.3767620027065277,0.01988733932375908,0.046498656272888184
0.5559176206588745,0.3090965449810028,0.028437962755560875,0.03211720660328865,0.07443059980869293
0.0017928692977875471,0.005837363190948963,0.07750596851110458,0.850213885307312,0.06464990228414536
0.009104350581765175,0.012707753106951714,0.01611543633043766,0.21027399599552155,0.7517984509468079
0.5798619389533997,0.2873583734035492,0.025425301864743233,0.03246988356113434,0.07488439977169037
0.6048375368118286,0.26859763264656067,0.022215351462364197,0.030731001868844032,0.07361847907304764
0.036737628281116486,0.4387194812297821,0.42340707778930664,0.04874323680996895,0.05239249765872955
0.005979796871542931,0.04556121304631233,0.5185853242874146,0.38247162103652954,0.04740205034613609
0.007563479710370302,0.05423588678240776,0.5297773480415344,0.3546203076839447,0.0538029782474041
0.7168947458267212,0.1647835373878479,0.013204247690737247,0.02848757617175579,0.07662984728813171
0.00274656037800014,0.0038450572174042463,0.0024489376228302717,0.08291075378656387,0.908048689365387
0.6642122864723206,0.20561183989048004,0.016645904630422592,0.03331682085990906,0.08021313697099686
0.07409197837114334,0.6997977495193481,0.13384485244750977,0.03780839964747429,0.05445702373981476
0.6096827387809753,0.24662081897258759,0.021364903077483177,0.04296370968222618,0.07936785370111465
0.6386221051216125,0.238406702876091,0.018081750720739365,0.03200436383485794,0.07288511097431183
0.0004078654746990651,0.0011957574170082808,0.019007984548807144,0.912011981010437,0.06737634539604187
0.007524133659899235,0.2852666974067688,0.6316047310829163,0.037130437791347504,0.03847406059503555
0.5901879668235779,0.2490142434835434,0.02654561959207058,0.03211403638124466,0.10213816910982132
0.5052061080932617,0.3038214147090912,0.05822063982486725,0.04695263132452965,0.08579927682876587
0.008868208155035973,0.03066130355000496,0.42825552821159363,0.4741887152194977,0.058026205748319626
0.662328839302063,0.19055916368961334,0.018859636038541794,0.043923430144786835,0.08432898670434952
0.029249241575598717,0.6364158391952515,0.26869985461235046,0.01444458682090044,0.051190536469221115
0.39790916442871094,0.4339846968650818,0.053461331874132156,0.027860665693879128,0.08678427338600159
0.012488850392401218,0.022823181003332138,0.018958264961838722,0.46602752804756165,0.4797022044658661
0.005846080370247364,0.0672454908490181,0.6885417699813843,0.1946231871843338,0.0437433235347271
0.013724315911531448,0.18084998428821564,0.6750593781471252,0.061697155237197876,0.06866922229528427
0.009504739195108414,0.34415358304977417,0.5779380202293396,0.0178187545388937,0.05058493837714195
0.009349911473691463,0.2953968346118927,0.6085081696510315,0.04247177392244339,0.044273268431425095
0.054482463747262955,0.7188783288002014,0.1686660349369049,0.01411901880055666,0.04385416954755783
0.6786192655563354,0.17451274394989014,0.019232017919421196,0.04351494088768959,0.08412103354930878
0.5735853910446167,0.26330286264419556,0.029795141890645027,0.046030789613723755,0.08728589862585068
0.4821507930755615,0.3657015264034271,0.029833395034074783,0.042979612946510315,0.07933461666107178
0.008532091043889523,0.18024331331253052,0.702727198600769,0.05961841344833374,0.04887893423438072
0.040995508432388306,0.37101173400878906,0.45752882957458496,0.08174162358045578,0.04872225970029831
0.004371097777038813,0.016843289136886597,0.29275402426719666,0.6403859257698059,0.045645661652088165
0.6369507312774658,0.2232455313205719,0.022602729499340057,0.03602258488535881,0.08117835968732834
0.32604238390922546,0.48938289284706116,0.08341775834560394,0.029225507751107216,0.07193155586719513
0.3628985285758972,0.4486664831638336,0.07006999850273132,0.042937133461236954,0.07542768865823746
0.02418527565896511,0.5067723393440247,0.3843337595462799,0.02657834254205227,0.05813022330403328
0.01019443292170763,0.016678601503372192,0.02713513746857643,0.4289085566997528,0.5170832276344299
0.6665148138999939,0.18401199579238892,0.01867789961397648,0.04426276683807373,0.0865326076745987
0.47214633226394653,0.3621179759502411,0.0474240668118,0.04209480434656143,0.07621681690216064
0.005258818622678518,0.014923307113349438,0.1866094172000885,0.7165244221687317,0.07668405771255493
0.02360709011554718,0.5830630660057068,0.3293342888355255,0.017166847363114357,0.046828679740428925
0.3568638861179352,0.3995160758495331,0.08618041127920151,0.06215553358197212,0.09528417140245438
0.04581101983785629,0.5800941586494446,0.28798481822013855,0.031223930418491364,0.054886091500520706
0.1838337928056717,0.6254076361656189,0.10196200758218765,0.030313141644001007,0.05848344415426254
0.6917269825935364,0.16948598623275757,0.017883148044347763,0.039324283599853516,0.08157950639724731
0.47706347703933716,0.3435916304588318,0.04801996797323227,0.03956764191389084,0.09175735712051392
0.008125651627779007,0.03063935413956642,0.25338390469551086,0.620752215385437,0.0870988667011261
0.0832124724984169,0.6776520013809204,0.13560497760772705,0.03925222158432007,0.06427822262048721
0.6062494516372681,0.22556956112384796,0.028067706152796745,0.04923850670456886,0.09087476879358292
0.008461629040539265,0.16992054879665375,0.6703135371208191,0.10619895905256271,0.04510529339313507
0.6997023820877075,0.16487716138362885,0.017007680609822273,0.03731021657586098,0.08110253512859344
0.0005598761490546167,0.0013576941564679146,0.0007179466192610562,0.021923618391156197,0.9754408597946167
0.0057896897196769714,0.031150270253419876,0.32052358984947205,0.5380427837371826,0.10449360311031342
0.6025402545928955,0.24971093237400055,0.024626897647976875,0.04039231687784195,0.08272958546876907
0.010434464551508427,0.016975771635770798,0.020440010353922844,0.34820857644081116,0.6039411425590515
0.007114059757441282,0.017010211944580078,0.2601320445537567,0.6507808566093445,0.06496282666921616
0.03444121778011322,0.6759524345397949,0.21653278172016144,0.01813233271241188,0.0549413226544857
0.005822956562042236,0.01581730879843235,0.1336275190114975,0.7369111180305481,0.107821024954319
0.014172879047691822,0.05526506528258324,0.24045266211032867,0.5486540794372559,0.14145533740520477
0.008389107882976532,0.09042565524578094,0.635227382183075,0.21015627682209015,0.0558016337454319
0.03017614595592022,0.38772234320640564,0.4659578204154968,0.0653943344950676,0.05074938014149666
0.47746866941452026,0.37265223264694214,0.04212856665253639,0.028453404083848,0.07929713279008865
0.0059285713359713554,0.1363309770822525,0.7484381794929504,0.06908658891916275,0.040215712040662766
0.007361594587564468,0.020630011335015297,0.11418617516756058,0.7185757756233215,0.13924655318260193
0.5693721175193787,0.27571234107017517,0.030270762741565704,0.0419173426926136,0.08272739499807358
0.006909109186381102,0.14239013195037842,0.760556697845459,0.041206244379282,0.048937711864709854
0.009232751093804836,0.13874951004981995,0.7178754210472107,0.08876527100801468,0.04537711665034294
0.6156217455863953,0.22766302525997162,0.02593843638896942,0.04749935492873192,0.08327750861644745
0.017760446295142174,0.22197997570037842,0.6331350803375244,0.08020341396331787,0.04692103713750839
0.39117422699928284,0.4236169159412384,0.07103481888771057,0.03501780703663826,0.079156294465065
0.6304312348365784,0.2206234186887741,0.02269667014479637,0.03396917134523392,0.09227945655584335
0.007513182703405619,0.01148412935435772,0.05969827622175217,0.7111283540725708,0.21017611026763916
0.002630379283800721,0.00654537184163928,0.002535158535465598,0.058409061282873154,0.9298800826072693
0.0015071762027218938,0.004550835583359003,0.06510531157255173,0.8606206178665161,0.06821606308221817
0.003697655163705349,0.007606193423271179,0.0026722068432718515,0.10140626132488251,0.8846176266670227
0.13959605991840363,0.577133059501648,0.1802845299243927,0.0392150953412056,0.06377116590738297
0.09843472391366959,0.6613845825195312,0.1585339903831482,0.013304479420185089,0.06834220141172409
0.4909782111644745,0.3352273404598236,0.04776408523321152,0.03842662647366524,0.087603859603405
0.36628687381744385,0.46275877952575684,0.06296247243881226,0.027024297043681145,0.08096762001514435
0.6721528172492981,0.19373539090156555,0.015169640071690083,0.038132887333631516,0.08080930262804031
0.004946337081491947,0.007029904518276453,0.02597278542816639,0.6611436009407043,0.3009074032306671
0.469792902469635,0.358906090259552,0.049003779888153076,0.036456529051065445,0.08584068715572357
0.005675965454429388,0.01899600960314274,0.26179900765419006,0.6605090498924255,0.053019940853118896
0.006986089516431093,0.08556028455495834,0.6474100351333618,0.20988652110099792,0.05015704780817032
0.007793187163770199,0.021741652861237526,0.18052971363067627,0.6979818344116211,0.09195360541343689
0.004955723416060209,0.018735330551862717,0.23406046628952026,0.6739067435264587,0.06834171712398529
0.004736286588013172,0.006718075834214687,0.09853921085596085,0.7908177375793457,0.09918870031833649
0.0689532533288002,0.4290938973426819,0.3886432647705078,0.06534276157617569,0.047966744750738144
0.6660375595092773,0.2063787281513214,0.018371768295764923,0.030079642310738564,0.07913229614496231
0.007126891054213047,0.017263557761907578,0.09472955763339996,0.7306177616119385,0.15026222169399261
0.006055143196135759,0.052117906510829926,0.5619627833366394,0.3350001871585846,0.044864024966955185
0.022016508504748344,0.6093696355819702,0.3078400492668152,0.01630025915801525,0.0444735623896122
0.03544386848807335,0.15343856811523438,0.4042019248008728,0.3091219961643219,0.09779360145330429
0.45114532113075256,0.39732804894447327,0.04509621858596802,0.0315515361726284,0.07487885653972626
0.3764231204986572,0.4317629635334015,0.06071298569440842,0.030719075351953506,0.10038184374570847
0.6584494709968567,0.1790442019701004,0.024202508851885796,0.04707258567214012,0.09123114496469498
0.005157841369509697,0.013890232890844345,0.11651617288589478,0.7615609765052795,0.1028747707605362
0.020888369530439377,0.20232520997524261,0.6160509586334229,0.10062018036842346,0.06011531874537468
0.04820484668016434,0.7305085062980652,0.1487068086862564,0.01771399937570095,0.054865822196006775
0.7079368829727173,0.16491670906543732,0.017146293073892593,0.029749196022748947,0.08025089651346207
0.003898890921846032,0.008457968942821026,0.002770808059722185,0.0933782085776329,0.89149409532547
0.5403915643692017,0.30243849754333496,0.038385335355997086,0.042276572436094284,0.07650802284479141
0.006041257176548243,0.012200115248560905,0.1727275848388672,0.7257516384124756,0.08327940106391907
0.4812624156475067,0.3693374693393707,0.036726515740156174,0.0340718999505043,0.07860176265239716
0.3241286277770996,0.4376155436038971,0.11506225913763046,0.049880340695381165,0.07331309467554092
0.4539552330970764,0.3371655344963074,0.07868201285600662,0.04940471425652504,0.08079247921705246
0.7545046806335449,0.1262122541666031,0.00942252017557621,0.03415001183748245,0.07571054995059967
0.013867279514670372,0.02386201173067093,0.01720873825252056,0.3095119297504425,0.6355500817298889
0.5402202606201172,0.2856273651123047,0.04339158535003662,0.049147769808769226,0.0816129595041275
0.47155067324638367,0.3201185464859009,0.06355618685483932,0.0518219955265522,0.0929526537656784
0.008746352046728134,0.11496622115373611,0.6858860850334167,0.14004279673099518,0.05035848915576935
0.5105132460594177,0.3276762366294861,0.035760004073381424,0.04685927927494049,0.07919128984212875
0.011913376860320568,0.023049229755997658,0.01757390983402729,0.24675345420837402,0.7007100582122803
0.5460118055343628,0.27739256620407104,0.042850151658058167,0.04890359938144684,0.084841787815094
0.004835053812712431,0.011482381261885166,0.17213203012943268,0.7154809236526489,0.09606961905956268
0.006079422309994698,0.05831998959183693,0.5837745666503906,0.30315276980400085,0.04867330938577652
0.005733122583478689,0.013498966582119465,0.12443857640028,0.7449468970298767,0.11138244718313217
0.6722920536994934,0.1856231540441513,0.020108109340071678,0.03291163221001625,0.08906513452529907
0.2607913017272949,0.532435417175293,0.11023694276809692,0.02078472450375557,0.07575169205665588
0.005224214866757393,0.06953609734773636,0.7947549223899841,0.08167393505573273,0.04881085827946663
0.2710910737514496,0.5530310869216919,0.07968652993440628,0.023700403049588203,0.07249090075492859
0.017774248495697975,0.4252306818962097,0.49672579765319824,0.027082547545433044,0.033186785876750946
0.6035357713699341,0.23602405190467834,0.024741917848587036,0.05220497399568558,0.08349309861660004
0.0022921834606677294,0.004522668197751045,0.00994456373155117,0.5687195658683777,0.4145210087299347
0.010933364741504192,0.02357036992907524,0.061489351093769073,0.6204750537872314,0.28353187441825867
0.04052157700061798,0.7396899461746216,0.15485447645187378,0.014811317436397076,0.0501227080821991
0.6440783143043518,0.21717287600040436,0.020302601158618927,0.030338991433382034,0.08810728788375854
0.004378549288958311,0.02007407881319523,0.23694607615470886,0.6182265877723694,0.12037477642297745
0.6875128746032715,0.18212831020355225,0.01717376336455345,0.03203478083014488,0.08115025609731674
0.030613480135798454,0.3313601016998291,0.4942956864833832,0.0813346654176712,0.062396012246608734
0.0078690554946661,0.02200712449848652,0.16732530295848846,0.7007315754890442,0.1020670235157013
0.010434926487505436,0.3345511555671692,0.5789333581924438,0.03480895608663559,0.04127154126763344
0.06204294413328171,0.7047833800315857,0.152104914188385,0.02780860662460327,0.053260233253240585
0.1355913281440735,0.7418661117553711,0.05285198614001274,0.014575071632862091,0.05511544272303581
0.04504760727286339,0.3660278618335724,0.3216092586517334,0.11472272872924805,0.1525925099849701
0.02399716153740883,0.589410126209259,0.31389909982681274,0.01570260524749756,0.05699101835489273
0.0014315214939415455,0.00218029017560184,0.00966755859553814,0.6823795437812805,0.30434104800224304
0.01606784760951996,0.5377461910247803,0.3848450183868408,0.019427325576543808,0.04191368445754051
0.003387237200513482,0.0036679713521152735,0.056822519749403,0.8152128458023071,0.1209094300866127
0.006600183434784412,0.15885595977306366,0.7158831357955933,0.07889755815267563,0.0397631973028183
0.5427138209342957,0.2843751907348633,0.03687538951635361,0.0403343141078949,0.09570123255252838
0.28174641728401184,0.5059756636619568,0.09830187261104584,0.03848418965935707,0.07549193501472473
0.01666942611336708,0.48111993074417114,0.42279261350631714,0.017830271273851395,0.06158780679106712
0.7012838125228882,0.1418514847755432,0.01781029999256134,0.04420420899987221,0.09485030919313431
0.006994220428168774,0.015042364597320557,0.14763034880161285,0.717174232006073,0.11315874010324478
0.7259450554847717,0.14361679553985596,0.013026559725403786,0.03762567788362503,0.07978584617376328
0.0031480793841183186,0.006416480056941509,0.002950528170913458,0.1767122596502304,0.8107726573944092
0.6363489031791687,0.21424031257629395,0.02246146649122238,0.03592361882328987,0.09102567285299301
0.6882704496383667,0.1812455654144287,0.015696261078119278,0.03019169345498085,0.08459603786468506
0.40962833166122437,0.42379119992256165,0.05406475067138672,0.02838524989783764,0.08413036167621613
0.08930675685405731,0.6786814332008362,0.1700897365808487,0.016161585226655006,0.04576052725315094
0.5441071391105652,0.3094581961631775,0.029826126992702484,0.028161343187093735,0.08844727277755737
0.007504605688154697,0.11334584653377533,0.6647194027900696,0.1657061129808426,0.048724059015512466
0.008375854231417179,0.021424096077680588,0.12076298892498016,0.6958819627761841,0.15355512499809265
0.009411608800292015,0.023136084899306297,0.15660592913627625,0.6852425336837769,0.12560391426086426
0.674485981464386,0.1780477613210678,0.018755385652184486,0.04599059745669365,0.08272024989128113
0.011322880163788795,0.2968021631240845,0.609666645526886,0.04606824368238449,0.03614005446434021
0.09880522638559341,0.6636037230491638,0.1661943942308426,0.02786821871995926,0.043528422713279724
0.4513067305088043,0.39340588450431824,0.04856785386800766,0.03106061741709709,0.0756589025259018
0.6296972036361694,0.2238909900188446,0.01919415034353733,0.04668131470680237,0.08053642511367798
0.03211579844355583,0.3551877439022064,0.4881620407104492,0.056652363389730453,0.06788206845521927
0.5404061675071716,0.28142282366752625,0.03996167704463005,0.0416986420750618,0.09651075303554535
0.0023685304913669825,0.005021500866860151,0.02355293743312359,0.722612202167511,0.24644486606121063
0.009520933963358402,0.2586073577404022,0.6518880128860474,0.038504257798194885,0.041479382663965225
0.028500936925411224,0.4443805515766144,0.4373511075973511,0.04144757613539696,0.04831983521580696
0.007106215693056583,0.01385499443858862,0.27092882990837097,0.6521409749984741,0.05596901848912239
0.010319480672478676,0.018950875848531723,0.11120782792568207,0.6447206735610962,0.21480104327201843
0.6005155444145203,0.2443869411945343,0.031148942187428474,0.04392283037304878,0.08002579212188721
0.0058703250251710415,0.01103473361581564,0.007984334602952003,0.1031431332230568,0.8719674944877625
0.004891015123575926,0.011249780654907227,0.1751680225133896,0.7350305914878845,0.07366063445806503
0.4938356280326843,0.30794093012809753,0.057141587138175964,0.0453500971198082,0.09573165327310562
0.4151729345321655,0.4181997776031494,0.052533723413944244,0.03900554031133652,0.0750880092382431
0.018520550802350044,0.1731545329093933,0.6302617788314819,0.12357250601053238,0.054490573704242706
0.00523576233536005,0.014513117261230946,0.1113501563668251,0.7619889378547668,0.1069120392203331
0.0075123850256204605,0.01905217580497265,0.1748291701078415,0.7174540758132935,0.08115211874246597
0.021702414378523827,0.03953796252608299,0.0613931380212307,0.3614477813243866,0.5159187316894531
0.13778159022331238,0.6660833954811096,0.1158764436841011,0.023189233615994453,0.05706934258341789
0.010797121562063694,0.3502313792705536,0.5789262056350708,0.02848965860903263,0.031555648893117905
0.004667115397751331,0.00674709165468812,0.005313386674970388,0.1274561882019043,0.8558162450790405
0.01180871482938528,0.12462755292654037,0.6850314736366272,0.12754033505916595,0.05099191889166832
0.5269690752029419,0.3083467483520508,0.03944522514939308,0.03886331990361214,0.08637558668851852
0.005807457957416773,0.03539551421999931,0.4758787453174591,0.4435105621814728,0.03940768167376518
0.6219577789306641,0.21810752153396606,0.02793656662106514,0.046518534421920776,0.08547964692115784
0.03685503825545311,0.7527201771736145,0.15187041461467743,0.012055793777108192,0.04649867117404938
0.41286835074424744,0.40430158376693726,0.06831792742013931,0.044000495225191116,0.07051155716180801
0.4877135157585144,0.3319530785083771,0.0518108494579792,0.04091380164027214,0.08760873973369598
0.0047766282223165035,0.011851640418171883,0.1455211490392685,0.7884624600410461,0.049388088285923004
0.0013347265776246786,0.004013596102595329,0.0017442242242395878,0.028512319549918175,0.9643951654434204
0.011542064137756824,0.3196280598640442,0.5858054161071777,0.03273257613182068,0.050291839987039566
0.6737275719642639,0.19984224438667297,0.01780855655670166,0.03165654465556145,0.07696503400802612
0.39393821358680725,0.4633121192455292,0.033564139157533646,0.041753143072128296,0.06743232905864716
0.4981461465358734,0.368867427110672,0.03458009660243988,0.02731836400926113,0.07108791917562485
0.4655730724334717,0.37963974475860596,0.04482974857091904,0.036911509931087494,0.07304585725069046
0.0026527491863816977,0.0067768762819468975,0.0030975015833973885,0.04582113027572632,0.9416517019271851
0.5981749296188354,0.24089474976062775,0.02568119578063488,0.033206671476364136,0.10204247385263443
0.007205189671367407,0.0367426835000515,0.3601059913635254,0.5076059103012085,0.08834028244018555
0.17546002566814423,0.6431017518043518,0.08463902026414871,0.03560233116149902,0.06119688227772713
0.0037251149769872427,0.006855149753391743,0.004359973128885031,0.07802087068557739,0.9070389270782471
0.026598766446113586,0.4551277458667755,0.4134308695793152,0.04511195421218872,0.05973054841160774
0.01627114973962307,0.22375603020191193,0.6231043934822083,0.08118195086717606,0.055686499923467636
0.46272921562194824,0.38851451873779297,0.047273900359869,0.02875441126525402,0.07272791117429733
0.005580210592597723,0.03258217126131058,0.4512731730937958,0.4558255076408386,0.05473887547850609
0.006507935933768749,0.10144706815481186,0.6912714242935181,0.1562013328075409,0.0445721335709095
0.6239522695541382,0.23226508498191833,0.02445291168987751,0.036632392555475235,0.0826973244547844
0.0014283296186476946,0.00394372409209609,0.06488323956727982,0.8548600077629089,0.07488476485013962
0.3724922239780426,0.3997672200202942,0.0786019116640091,0.059709858149290085,0.08942878246307373
0.008257373236119747,0.09455985575914383,0.7630204558372498,0.08112619817256927,0.05303621292114258
0.012929514050483704,0.020977959036827087,0.02816232293844223,0.3962135314941406,0.5417166352272034
0.00077579275239259,0.0020980131812393665,0.040997959673404694,0.8885564208030701,0.06757180392742157
0.7063970565795898,0.16691909730434418,0.012692938558757305,0.03799049183726311,0.0760003924369812
0.0029715837445110083,0.0030905946623533964,0.03210049867630005,0.7807711362838745,0.18106620013713837
0.5933938026428223,0.23334287106990814,0.03024478815495968,0.050416696816682816,0.09260173887014389
0.009662955068051815,0.09776756912469864,0.7443157434463501,0.10308211296796799,0.045171648263931274
0.2533111870288849,0.4670969843864441,0.13314107060432434,0.0707469955086708,0.07570378482341766
0.007822081446647644,0.014308474957942963,0.010793169029057026,0.17378386855125427,0.7932924032211304
0.034162212163209915,0.6350062489509583,0.26677173376083374,0.0173714067786932,0.04668841138482094
0.759872317314148,0.11785300821065903,0.009753269143402576,0.03248871862888336,0.08003269135951996
0.014931336976587772,0.2105683833360672,0.6579566597938538,0.06769458204507828,0.04884902015328407
0.0028956360183656216,0.007595394738018513,0.003288042265921831,0.047248855233192444,0.938971996307373
0.014326193369925022,0.026726171374320984,0.020290106534957886,0.3985322415828705,0.54012531042099
0.004625819623470306,0.011405493132770061,0.10236970335245132,0.8044075965881348,0.07719136774539948
0.030088769271969795,0.7331502437591553,0.17489372193813324,0.012949148193001747,0.04891817271709442
0.09716064482927322,0.6646869778633118,0.16919730603694916,0.019543176516890526,0.04941191524267197
0.0012288640718907118,0.0025878881569951773,0.001536101452074945,0.0338655561208725,0.9607815742492676
0.007127313409000635,0.018747130408883095,0.17786723375320435,0.7362759113311768,0.059982381761074066
0.6511781811714172,0.19528304040431976,0.0185948945581913,0.04343883693218231,0.09150508791208267
0.0948815643787384,0.7701240181922913,0.06549623608589172,0.015858592465519905,0.05363966152071953
0.5461292266845703,0.31143060326576233,0.02921365574002266,0.025593912228941917,0.08763263374567032
0.0063346861861646175,0.03497376665472984,0.4391760528087616,0.46968910098075867,0.049826472997665405
0.5360451340675354,0.28469645977020264,0.041853632777929306,0.05111272633075714,0.08629205077886581
0.0884503573179245,0.6631004810333252,0.12955808639526367,0.03647633641958237,0.08241474628448486
0.3911817967891693,0.43727633357048035,0.06242840737104416,0.03494662791490555,0.07416679710149765
0.00873122364282608,0.025951102375984192,0.3205920159816742,0.5704492926597595,0.07427629828453064
0.1196749359369278,0.6502712368965149,0.1537085622549057,0.022018829360604286,0.054326415061950684
0.014938890002667904,0.13705603778362274,0.6169798970222473,0.17963051795959473,0.05139467120170593
0.34275296330451965,0.46677058935165405,0.07623912394046783,0.03759786859154701,0.07663951814174652
0.004367136862128973,0.01136630680412054,0.09324662387371063,0.7650805115699768,0.1259394884109497
0.011961172334849834,0.22153455018997192,0.6509071588516235,0.07122721523046494,0.0443698950111866
0.004309053998440504,0.008956591598689556,0.20020081102848053,0.7378460168838501,0.04868750274181366
0.4110088348388672,0.45802706480026245,0.034793920814991,0.031197965145111084,0.06497221440076828
0.004970008973032236,0.006787041202187538,0.004491456318646669,0.1002260074019432,0.8835254907608032
0.014569612219929695,0.1942201405763626,0.6799057126045227,0.060087088495492935,0.0512174628674984
0.09403675049543381,0.6565490961074829,0.17282970249652863,0.027962666004896164,0.04862181097269058
0.5981143116950989,0.2459561824798584,0.027450721710920334,0.04338726028800011,0.08509155362844467
0.5908695459365845,0.24683867394924164,0.0297539122402668,0.04452047124505043,0.08801742643117905
0.009762943722307682,0.018320191651582718,0.02622627280652523,0.36939767003059387,0.576292872428894
0.5892380475997925,0.24621081352233887,0.028383834287524223,0.03687669336795807,0.09929060935974121
0.0007671294151805341,0.0019353321986272931,0.0008978292462415993,0.021663706749677658,0.9747359752655029
0.033569518476724625,0.7132428884506226,0.18928475677967072,0.013500009663403034,0.05040273815393448
0.04813624545931816,0.7840381264686584,0.10805504024028778,0.011304909363389015,0.04846569895744324
0.33448436856269836,0.45797398686408997,0.08751807361841202,0.03850577399134636,0.08151783794164658
0.018452389165759087,0.033331356942653656,0.024792898446321487,0.24499748647212982,0.6784258484840393
0.009014586918056011,0.12686336040496826,0.7069398760795593,0.11028119921684265,0.04690098762512207
0.0029925897251814604,0.011371883563697338,0.2681163251399994,0.6813594698905945,0.03615971654653549
0.006628852803260088,0.011632922105491161,0.021410170942544937,0.509826123714447,0.4505018889904022
0.3282572329044342,0.5021384358406067,0.06525584310293198,0.032762061804533005,0.0715864971280098
0.12343790382146835,0.6647828817367554,0.1341576725244522,0.024976534768939018,0.05264495313167572
0.5300658941268921,0.32079455256462097,0.04248565062880516,0.03648783266544342,0.07016602158546448
0.6046410799026489,0.25725671648979187,0.027549443766474724,0.02768830768764019,0.0828644186258316
0.006444653496146202,0.01932544820010662,0.17678552865982056,0.7130914926528931,0.08435280621051788
0.012440424412488937,0.04244164377450943,0.3981950879096985,0.4558607339859009,0.09106211364269257
0.008969694375991821,0.03566274419426918,0.319769948720932,0.5665057301521301,0.06909186393022537
0.49666979908943176,0.32216763496398926,0.051126573234796524,0.04319887235760689,0.08683709800243378
0.6170491576194763,0.24550001323223114,0.02489049732685089,0.03416578471660614,0.07839460670948029
0.14703360199928284,0.6396018266677856,0.12966139614582062,0.024464480578899384,0.05923867225646973
0.005044258199632168,0.007801092695444822,0.10657773911952972,0.7815219163894653,0.09905490279197693
0.5727766752243042,0.27088314294815063,0.03188659995794296,0.03491036593914032,0.0895431637763977
0.006426492240279913,0.009595697745680809,0.03453856706619263,0.6425474882125854,0.3068917393684387
0.005095749627798796,0.007279512006789446,0.0054915291257202625,0.12208268791437149,0.8600505590438843
0.5612004995346069,0.2953531742095947,0.027691014111042023,0.03839350491762161,0.07736188173294067
0.3964788317680359,0.424778014421463,0.05999194458127022,0.03246765211224556,0.08628357946872711
0.006478081922978163,0.100230872631073,0.6746008396148682,0.17051823437213898,0.04817193001508713
0.013699376955628395,0.021639473736286163,0.02299962192773819,0.2763832211494446,0.6652783155441284
0.031991682946681976,0.148795947432518,0.43128105998039246,0.29543831944465637,0.09249301999807358
0.005709476303309202,0.02836645022034645,0.38901984691619873,0.5165717601776123,0.06033243611454964
0.07189696282148361,0.6209378838539124,0.2360391467809677,0.025091029703617096,0.04603499919176102
0.597654402256012,0.21686606109142303,0.042449939996004105,0.048528481274843216,0.09450110793113708
0.0082828588783741,0.12058382481336594,0.6577280163764954,0.16140693426132202,0.05199827253818512
0.014391266740858555,0.15661723911762238,0.5977092385292053,0.16367481648921967,0.06760744005441666
0.6511245369911194,0.20510759949684143,0.019520526751875877,0.042328570038080215,0.08191879093647003
0.5470672845840454,0.2727593183517456,0.04017571732401848,0.046493690460920334,0.09350398927927017
0.6324425935745239,0.22164388000965118,0.024062708020210266,0.037144456058740616,0.08470626920461655
0.5486936569213867,0.30728811025619507,0.029544532299041748,0.0389879085123539,0.07548582553863525
0.003939521498978138,0.008390545845031738,0.0045863366685807705,0.07642608880996704,0.9066574573516846
0.07240915298461914,0.7467799782752991,0.11474165320396423,0.014841627329587936,0.051227521151304245
0.6233822703361511,0.23149415850639343,0.02090338245034218,0.04193102568387985,0.0822892114520073
0.00818423181772232,0.0551939494907856,0.7114084362983704,0.16593831777572632,0.059275101870298386
0.0047516245394945145,0.04072682932019234,0.4962877035140991,0.3980933129787445,0.06014055013656616
0.019989971071481705,0.11521487683057785,0.601626455783844,0.19519367814064026,0.0679749920964241
0.40955689549446106,0.40797823667526245,0.06737197190523148,0.033867426216602325,0.0812254324555397
0.0027984967455267906,0.006318651605397463,0.04442232847213745,0.8430572152137756,0.10340334475040436
0.023118408396840096,0.32719850540161133,0.5271503329277039,0.0680958554148674,0.05443689227104187
0.022326579317450523,0.3020108640193939,0.5594053864479065,0.06700750440359116,0.04924963787198067
0.09236541390419006,0.6989420056343079,0.1205376461148262,0.02666093409061432,0.06149403378367424
0.008947677910327911,0.013422694057226181,0.02548648603260517,0.31461167335510254,0.6375314593315125
0.0050445725210011005,0.012132251635193825,0.1736719012260437,0.7169827818870544,0.09216850250959396
0.010019095614552498,0.015062384307384491,0.014704219065606594,0.2711448669433594,0.6890694499015808
0.1249181479215622,0.6106804013252258,0.17252980172634125,0.02950255014002323,0.0623689740896225
0.5644249320030212,0.2653229534626007,0.03945344313979149,0.04825274646282196,0.08254595845937729
0.0063665458001196384,0.009452901780605316,0.029272429645061493,0.5706624984741211,0.3842456340789795
0.0023900254163891077,0.006854828912764788,0.03709116950631142,0.8888863325119019,0.06477763503789902
0.002900792518630624,0.008192605338990688,0.046693310141563416,0.8790943026542664,0.06311896443367004
0.007484673988074064,0.026698501780629158,0.326060026884079,0.580840528011322,0.05891629680991173
0.5969760417938232,0.27418267726898193,0.022327259182929993,0.03106534481048584,0.07544868439435959
0.6653825044631958,0.18891660869121552,0.02024974301457405,0.042440347373485565,0.08301068097352982
0.001348917605355382,0.0026360475458204746,0.0006757187657058239,0.0634114146232605,0.9319278597831726
0.614978551864624,0.23445875942707062,0.024545032531023026,0.034110259264707565,0.09190740436315536
0.28842833638191223,0.4834004342556,0.09798836708068848,0.04064308851957321,0.08953984081745148
0.010546394623816013,0.05636042729020119,0.6328670382499695,0.23982040584087372,0.0604056715965271
0.6391881108283997,0.21217821538448334,0.02215861715376377,0.035396963357925415,0.09107805788516998
0.018681339919567108,0.2715306580066681,0.5912225246429443,0.07583989948034286,0.042725659906864166
0.5547102093696594,0.3068597614765167,0.03092375583946705,0.032078422605991364,0.0754278227686882
0.40214526653289795,0.4288502335548401,0.05077189579606056,0.0393497534096241,0.07888289541006088
0.014722083695232868,0.06164912134408951,0.3551088571548462,0.460734099149704,0.10778588056564331
0.3089340627193451,0.5434378385543823,0.039893873035907745,0.03732415288686752,0.07041002810001373
0.0008552177459932864,0.0017856722697615623,0.0008816153858788311,0.07078848779201508,0.9256890416145325
0.6879231929779053,0.17939043045043945,0.016966883093118668,0.03308141976594925,0.08263813704252243
0.7193566560745239,0.14334462583065033,0.012018325738608837,0.042984649538993835,0.082295723259449
0.5246705412864685,0.2828245759010315,0.04475610703229904,0.05554978922009468,0.09219889342784882
0.06360456347465515,0.6244168281555176,0.2354663908481598,0.023533452302217484,0.0529787614941597
0.6004807353019714,0.26040875911712646,0.026846157386898994,0.035138875246047974,0.07712549716234207
0.015463711693882942,0.03055502101778984,0.02565300464630127,0.2992577850818634,0.6290704607963562
0.004855046048760414,0.050554778426885605,0.5535813570022583,0.3312440812587738,0.05976470932364464
0.002646008739247918,0.0034589734859764576,0.0639771968126297,0.8289539813995361,0.10096386075019836
0.4136515259742737,0.3732682168483734,0.07203316688537598,0.043847065418958664,0.09720007330179214
0.07455520331859589,0.65699702501297,0.1730360984802246,0.03544621542096138,0.05996545031666756
0.023977648466825485,0.20818161964416504,0.6298202872276306,0.08635105192661285,0.051669370383024216
0.5695303082466125,0.28058966994285583,0.02717982791364193,0.04006417468190193,0.0826360359787941
0.08157086372375488,0.6673808097839355,0.15470744669437408,0.030329154804348946,0.06601162254810333
0.022031061351299286,0.16937901079654694,0.5972642302513123,0.14930987358093262,0.06201580539345741
0.013833122327923775,0.051376499235630035,0.5044964551925659,0.35340291261672974,0.07689105719327927
0.004378055687993765,0.00947034452110529,0.15989668667316437,0.7537474632263184,0.07250744104385376
0.6700225472450256,0.17393089830875397,0.022583723068237305,0.04528869315981865,0.08817411214113235
0.5813941359519958,0.2532295286655426,0.03254173696041107,0.043813250958919525,0.08902136236429214
0.6437979936599731,0.21897205710411072,0.020834162831306458,0.03182819113135338,0.08456753939390182
0.3356582820415497,0.5000712871551514,0.04963976517319679,0.03430815786123276,0.08032262325286865
0.03201001510024071,0.3009765148162842,0.5455602407455444,0.06440983712673187,0.05704347789287567
0.010821443051099777,0.10869663953781128,0.7248495221138,0.09702467918395996,0.0586077906191349
0.5139258503913879,0.3535197079181671,0.027892109006643295,0.034916557371616364,0.069745734333992
0.6051604151725769,0.2423544079065323,0.0236051008105278,0.046192001551389694,0.08268816024065018
0.6061233878135681,0.2309163510799408,0.03074926882982254,0.04631689190864563,0.08589416742324829
0.0012782627018168569,0.0020482446998357773,0.0036420689430087805,0.23460237681865692,0.7584291100502014
0.11628047376871109,0.7317675948143005,0.06600259244441986,0.026046808809041977,0.059902533888816833
0.5453142523765564,0.3036547303199768,0.0337509848177433,0.033737313002347946,0.08354274183511734
0.788096010684967,0.10006427764892578,0.0068716988898813725,0.029940852895379066,0.07502716779708862
0.002931640250608325,0.004524232819676399,0.06842347234487534,0.8154543042182922,0.10866623371839523
0.6820355653762817,0.18491853773593903,0.018155233934521675,0.031053034588694572,0.08383751660585403
0.22282564640045166,0.6245613694190979,0.06913641095161438,0.023887768387794495,0.05958881601691246
0.626338005065918,0.21936742961406708,0.025507468730211258,0.03713376075029373,0.09165339171886444
0.6900385618209839,0.1839720606803894,0.01406007818877697,0.03636451065540314,0.07556483894586563
0.008932620286941528,0.12818105518817902,0.6997734308242798,0.11103849858045578,0.05207434296607971
0.6067650318145752,0.22921232879161835,0.031009621918201447,0.04824042320251465,0.08477264642715454
0.6390082836151123,0.22042880952358246,0.02305794321000576,0.03478210046887398,0.08272296190261841
0.010865865275263786,0.148057222366333,0.6715136170387268,0.11365048587322235,0.055912815034389496
0.0045132325030863285,0.014364192262291908,0.1683494746685028,0.7412501573562622,0.07152297347784042
0.22633281350135803,0.5344451069831848,0.12460491061210632,0.04093091934919357,0.07368618994951248
0.7023187875747681,0.17203892767429352,0.014001324772834778,0.03391771763563156,0.07772321999073029
0.36527302861213684,0.42673924565315247,0.0734495148062706,0.041128482669591904,0.09340972453355789
0.601464569568634,0.22542335093021393,0.037137482315301895,0.04668799787759781,0.08928665518760681
0.5848747491836548,0.2666321098804474,0.02666001208126545,0.038315679877996445,0.08351746946573257
0.6641106009483337,0.2045007199048996,0.018819322809576988,0.032594576478004456,0.07997489720582962
0.008128716610372066,0.06445154547691345,0.6506611704826355,0.22699275612831116,0.04976583272218704
0.47039738297462463,0.3833629786968231,0.032639238983392715,0.03839348256587982,0.07520686089992523
0.6200399398803711,0.23314644396305084,0.023814471438527107,0.03409993648529053,0.08889930695295334
0.03951382264494896,0.11321135610342026,0.477122038602829,0.2925258278846741,0.07762688398361206
0.043933432549238205,0.4529261887073517,0.4016495943069458,0.04914158582687378,0.05234914645552635
0.1136271134018898,0.5286288857460022,0.23110316693782806,0.06062706187367439,0.06601375341415405
0.6133575439453125,0.23376058042049408,0.023995649069547653,0.048771534115076065,0.0801147073507309
0.004642118699848652,0.02586827240884304,0.4009644091129303,0.5110686421394348,0.05745653808116913
0.007316431496292353,0.019329853355884552,0.23371703922748566,0.6734430193901062,0.06619365513324738
0.6161206364631653,0.23110179603099823,0.02521282434463501,0.04337022826075554,0.08419457823038101
0.23818811774253845,0.5288934111595154,0.10924368351697922,0.059385474771261215,0.06428927183151245
0.5420427918434143,0.3201042711734772,0.032827071845531464,0.02663479931652546,0.07839108258485794
0.5339932441711426,0.30337095260620117,0.03486761823296547,0.04420129209756851,0.08356694132089615
0.0021647377870976925,0.00709781376644969,0.0976041629910469,0.8305984139442444,0.06253482401371002
0.018694007769227028,0.3085530698299408,0.5509533882141113,0.07175083458423615,0.05004871264100075
0.563743531703949,0.26436659693717957,0.03528221324086189,0.04770028963685036,0.088907390832901
0.001987340161576867,0.006382612977176905,0.03645264729857445,0.9032081365585327,0.05196928232908249
0.024523699656128883,0.12021438032388687,0.4631594121456146,0.32205209136009216,0.0700504258275032
0.6178259253501892,0.22212110459804535,0.026207678020000458,0.04920748621225357,0.08463776856660843
0.020797083154320717,0.14317554235458374,0.5380585193634033,0.2277437299489975,0.07022523134946823
0.5948959589004517,0.2473721206188202,0.026951773092150688,0.04376921430230141,0.08701096475124359
0.035565901547670364,0.7195112109184265,0.1841643899679184,0.01310306042432785,0.04765553027391434
0.008909443393349648,0.1658797562122345,0.6733293533325195,0.11014637351036072,0.04173500835895538
0.0039129797369241714,0.008473319001495838,0.002344470703974366,0.08555550873279572,0.8997137546539307
0.09186495840549469,0.6672036647796631,0.17216238379478455,0.01958693563938141,0.04918220266699791
0.04299944266676903,0.6431540250778198,0.2435554713010788,0.02074042707681656,0.049550652503967285
0.0025331347715109587,0.005051111336797476,0.0032679785508662462,0.05617150291800499,0.932976245880127
0.3462584912776947,0.42627111077308655,0.09820421785116196,0.05782495066523552,0.07144122570753098
0.010912920348346233,0.015593154355883598,0.02666441537439823,0.29301390051841736,0.6538155674934387
0.44882333278656006,0.3629487156867981,0.05790872871875763,0.03723687678575516,0.09308237582445145
0.012084286659955978,0.26352187991142273,0.6323034763336182,0.03307364135980606,0.05901677533984184
0.0649602934718132,0.46164512634277344,0.3353523910045624,0.0722884014248848,0.06575383245944977
0.0189480260014534,0.06441941112279892,0.3671341836452484,0.44484180212020874,0.10465658456087112
0.12872709333896637,0.32745301723480225,0.30324381589889526,0.16048564016819,0.0800904780626297
0.005058984737843275,0.011912891641259193,0.11475907266139984,0.6815192103385925,0.1867498904466629
0.3267386555671692,0.47329801321029663,0.07740697264671326,0.034274641424417496,0.08828164637088776
0.0122844148427248,0.07084771990776062,0.5027916431427002,0.3501313328742981,0.06394489109516144
0.00486957048997283,0.010292774997651577,0.00760131049901247,0.30692559480667114,0.6703106760978699
4.013946636405308e-06,7.499340426875278e-06,3.8139110074553173e-06,0.019122576341032982,0.9808620810508728
0.006407145876437426,0.02036774344742298,0.20124180614948273,0.695650041103363,0.07633327692747116
0.006721746176481247,0.02208491414785385,0.25933992862701416,0.6494747996330261,0.06237858533859253
0.003393692197278142,0.008819117210805416,0.058943647891283035,0.7929197549819946,0.13592377305030823
0.4997551441192627,0.33292442560195923,0.04297122359275818,0.03442477062344551,0.08992444723844528
0.6178368330001831,0.2111063152551651,0.032293226569890976,0.04976227879524231,0.08900125324726105
0.00637852493673563,0.04284500330686569,0.40396207571029663,0.4561633765697479,0.09065107256174088
0.5300161242485046,0.3035210371017456,0.03930739313364029,0.04620753973722458,0.08094792813062668
0.43298447132110596,0.3851710259914398,0.06198401749134064,0.04203716292977333,0.07782338559627533
0.6237646341323853,0.23027403652668,0.020602015778422356,0.043103259056806564,0.08225607872009277
0.010032720863819122,0.016728250309824944,0.014206813648343086,0.12143424153327942,0.8375979661941528
0.008253686130046844,0.12705166637897491,0.7597379088401794,0.056702472269535065,0.04825436696410179
0.0017291068797931075,0.0017630758229643106,0.04950092360377312,0.8697875738143921,0.0772193893790245
0.6415632367134094,0.21869595348834991,0.02053128369152546,0.031112100929021835,0.08809743821620941
0.18851876258850098,0.6399944424629211,0.08639930933713913,0.023408247157931328,0.061679329723119736
0.6012545824050903,0.2553437352180481,0.021749867126345634,0.04334632307291031,0.07830542325973511
0.008912267163395882,0.13598263263702393,0.716598391532898,0.09309940040111542,0.04540743678808212
0.048880286514759064,0.49412959814071655,0.3570123314857483,0.047432754188776016,0.05254502221941948
0.009170427918434143,0.13585016131401062,0.6524813771247864,0.1459355354309082,0.05656246840953827
0.4114408493041992,0.4299979507923126,0.049931012094020844,0.02977129817008972,0.07885891199111938
0.6261236667633057,0.2287006974220276,0.020243758335709572,0.04160380735993385,0.0833280012011528
0.5177328586578369,0.3440622091293335,0.02886105515062809,0.03750253841280937,0.07184121012687683
0.012947199866175652,0.032958097755908966,0.06598445028066635,0.4950941503047943,0.3930160403251648
0.5286261439323425,0.3361700177192688,0.029246069490909576,0.03308182582259178,0.0728759765625
0.6660780310630798,0.1947832554578781,0.02051176130771637,0.03932124748826027,0.07930571585893631
0.0021890040952712297,0.005818705074489117,0.06281791627407074,0.8223912715911865,0.10678306967020035
0.007815313525497913,0.017105543985962868,0.1393958032131195,0.7111266851425171,0.12455670535564423
0.12689068913459778,0.7060185074806213,0.0722917765378952,0.029277315363287926,0.06552182883024216
0.40472736954689026,0.39891886711120605,0.07789792120456696,0.033848680555820465,0.08460717648267746
0.01343483105301857,0.2340470850467682,0.6084082722663879,0.0868552029132843,0.057254571467638016
0.006088076625019312,0.039001110941171646,0.5489392876625061,0.35973116755485535,0.04624029994010925
0.03442782536149025,0.14399592578411102,0.28714072704315186,0.296085387468338,0.23835007846355438
0.6202712655067444,0.22562578320503235,0.02721179649233818,0.040709953755140305,0.08618123084306717
0.0014184328028932214,0.003194366581737995,0.0244225412607193,0.7991753220558167,0.1717892289161682
0.04129740595817566,0.6956354975700378,0.2006513774394989,0.01878071203827858,0.04363490641117096
0.5698737502098083,0.2683958411216736,0.031233256682753563,0.044721946120262146,0.08577526360750198
0.003098276210948825,0.00865779910236597,0.0759301707148552,0.8058062791824341,0.10650739818811417
0.4276341199874878,0.4085065424442291,0.043853167444467545,0.0445144958794117,0.07549159228801727
0.011006765998899937,0.12644505500793457,0.6511518359184265,0.14846545457839966,0.06293090432882309
0.29908594489097595,0.5222597122192383,0.07895497232675552,0.027353335171937943,0.07234598696231842
0.12711018323898315,0.7049679160118103,0.08992607891559601,0.022160597145557404,0.055835265666246414
0.01233525201678276,0.4042098820209503,0.5167438983917236,0.02949574775993824,0.03721524402499199
0.006393244955688715,0.016694191843271255,0.1748654991388321,0.7477391362190247,0.054308000952005386
0.007278061471879482,0.07281076908111572,0.6146950125694275,0.2547978460788727,0.050418153405189514
0.007387973368167877,0.018909873440861702,0.180710569024086,0.7089188098907471,0.0840727835893631
0.007236665580421686,0.02465946041047573,0.2320917844772339,0.6644291877746582,0.0715828612446785
0.005283422768115997,0.026623817160725594,0.3554403483867645,0.5371794104576111,0.07547296583652496
0.7172495126724243,0.13960972428321838,0.014757403172552586,0.03992446884512901,0.0884588211774826
0.003571339650079608,0.004437027033418417,0.025712111964821815,0.7156769633293152,0.2506025433540344
0.5671419501304626,0.2850074768066406,0.029945051297545433,0.04162805899977684,0.07627744972705841
0.33272290229797363,0.4196286201477051,0.10028587281703949,0.054285310208797455,0.09307723492383957
0.543883740901947,0.29260507225990295,0.04125422611832619,0.03666086122393608,0.08559610694646835
0.6652186512947083,0.17554743587970734,0.02276110276579857,0.047409094870090485,0.08906372636556625
0.20045602321624756,0.5522089600563049,0.1308256983757019,0.040971361100673676,0.07553794234991074
0.48982855677604675,0.3339006006717682,0.046700090169906616,0.04682973772287369,0.08274098485708237
0.023138439282774925,0.6147100925445557,0.30636924505233765,0.016961442306637764,0.038820892572402954
0.004813260864466429,0.014622826129198074,0.12948331236839294,0.7472702264785767,0.10381036251783371
0.0075137256644666195,0.21985161304473877,0.6790724396705627,0.053036727011203766,0.04052547365427017
0.0005445830756798387,0.001437678816728294,0.017641758546233177,0.8669519424438477,0.11342393606901169
0.008492506109178066,0.013943041674792767,0.029980041086673737,0.5088479518890381,0.4387364089488983
0.6519891619682312,0.22128450870513916,0.017910167574882507,0.0354081466794014,0.07340801507234573
0.7206955552101135,0.16519874334335327,0.012528743594884872,0.028041105717420578,0.07353582978248596
0.08254396170377731,0.6727640628814697,0.15146227180957794,0.028967607766389847,0.06426208466291428
0.005413035862147808,0.02325121872127056,0.3519230782985687,0.574019730091095,0.04539291560649872
0.000867374474182725,0.0025237957015633583,0.06460477411746979,0.881550133228302,0.05045395344495773
0.005294229835271835,0.03142423927783966,0.43789178133010864,0.46881112456321716,0.05657859891653061
0.038906633853912354,0.3313634991645813,0.4646921157836914,0.10296530276536942,0.06207244470715523
0.2549368441104889,0.5526019334793091,0.08870090544223785,0.03289198875427246,0.07086828351020813
0.013148349709808826,0.06026185303926468,0.590079665184021,0.26743677258491516,0.06907337158918381
0.5943127274513245,0.2692467272281647,0.026025481522083282,0.03485307842493057,0.07556193321943283
0.08217895776033401,0.7519423365592957,0.09950144588947296,0.0161876417696476,0.050189629197120667
0.177920401096344,0.5695326328277588,0.17045822739601135,0.028872542083263397,0.053216129541397095
0.5048099160194397,0.3297575116157532,0.04036513343453407,0.03362205624580383,0.09144536405801773
0.6031771898269653,0.2575755715370178,0.027958177030086517,0.029756315052509308,0.08153270184993744
0.6936771869659424,0.19314201176166534,0.014231078326702118,0.03062794730067253,0.06832176446914673
0.0007406281074509025,0.0016430526738986373,0.0007536229677498341,0.05506247654557228,0.9418002367019653
7.652636122656986e-05,0.00013315246906131506,4.570190139929764e-05,0.019976811483502388,0.9797677397727966
0.025746218860149384,0.13248386979103088,0.5629681944847107,0.22058577835559845,0.05821584537625313
0.004914735443890095,0.06973451375961304,0.6592407822608948,0.21664109826087952,0.04946885630488396
0.011585958302021027,0.04153748229146004,0.2761090397834778,0.5906923413276672,0.0800752192735672
0.656155526638031,0.18682408332824707,0.021576212719082832,0.04814193770289421,0.08730214089155197
0.6381354331970215,0.19650942087173462,0.028278645128011703,0.04770736023783684,0.08936919271945953
0.6882545351982117,0.1876697540283203,0.01640918292105198,0.03090004436671734,0.0767664834856987
0.17600373923778534,0.5694171786308289,0.14011889696121216,0.03869005665183067,0.07577011734247208
0.019555432721972466,0.5306533575057983,0.38721123337745667,0.02441817708313465,0.03816179558634758
0.2034907042980194,0.586513876914978,0.09595755487680435,0.05176527053117752,0.062272556126117706
0.0024935367982834578,0.0034815240651369095,0.0025504466611891985,0.08877682685852051,0.9026976823806763
0.7255789637565613,0.134873166680336,0.014067773707211018,0.038893502205610275,0.08658657222986221
0.0057029398158192635,0.012449952773749828,0.16628721356391907,0.7311624884605408,0.08439744263887405
0.03558266907930374,0.6150259971618652,0.27244922518730164,0.025723019614815712,0.05121894180774689
0.009418128058314323,0.12853577733039856,0.6536544561386108,0.15569555759429932,0.0526961050927639
0.3775041401386261,0.4710637927055359,0.04821431264281273,0.024762585759162903,0.07845510542392731
0.001392930280417204,0.003001149743795395,0.0007046883110888302,0.052427008748054504,0.9424742460250854
0.03669757395982742,0.6570237874984741,0.23956775665283203,0.018652725964784622,0.04805827513337135
0.010793584398925304,0.031573183834552765,0.19260276854038239,0.6498674750328064,0.11516302078962326
0.6514860391616821,0.22504328191280365,0.019391974434256554,0.028865698724985123,0.07521297037601471
0.6959953308105469,0.15942265093326569,0.01631096377968788,0.04497316852211952,0.08329790830612183
0.5314562320709229,0.306579053401947,0.038334187120199203,0.04516330733895302,0.07846721261739731
0.007784447632730007,0.09403487294912338,0.7671574950218201,0.07838713377714157,0.05263596400618553
0.5618418455123901,0.26348280906677246,0.04038896784186363,0.04868223890662193,0.08560411632061005
0.622542142868042,0.249717116355896,0.018686633557081223,0.03746597841382027,0.07158814370632172
0.667340099811554,0.17855334281921387,0.02034091390669346,0.04695659875869751,0.08680903166532516
0.00910546351224184,0.20269879698753357,0.6820025444030762,0.058527447283267975,0.04766571521759033
0.06240101158618927,0.7617765665054321,0.10445889830589294,0.020266955718398094,0.05109654366970062
0.012020736932754517,0.07045715302228928,0.4806779623031616,0.3638753592967987,0.07296885550022125
0.0035720549058169127,0.0052069709636271,0.0029237151611596346,0.1427278369665146,0.8455694913864136
0.5722357630729675,0.28369301557540894,0.02205505222082138,0.04299834743142128,0.079017773270607
0.0063307094387710094,0.024332793429493904,0.26976829767227173,0.6022369861602783,0.09733124822378159
0.013073976151645184,0.17521725594997406,0.6649458408355713,0.09139037132263184,0.055372532457113266
0.5845459699630737,0.22904285788536072,0.04503856226801872,0.049690645188093185,0.09168187528848648
0.5678293108940125,0.2906467020511627,0.02756139263510704,0.027867719531059265,0.08609487116336823
0.008595326915383339,0.03316530957818031,0.37041330337524414,0.526881992816925,0.06094413995742798
0.566673219203949,0.2708246409893036,0.03350013867020607,0.0395190455019474,0.08948289602994919
0.6119706034660339,0.21713612973690033,0.026985343545675278,0.05019227787852287,0.09371557831764221
0.580735445022583,0.26089632511138916,0.027708513662219048,0.03231220692396164,0.0983474925160408
0.0894974023103714,0.6971355080604553,0.10017663240432739,0.037795521318912506,0.07539495825767517
0.15621018409729004,0.5847322344779968,0.14440762996673584,0.032005295157432556,0.08264462649822235
0.703222393989563,0.1429712325334549,0.017551686614751816,0.04302464798092842,0.09322997182607651
0.6335242390632629,0.23396477103233337,0.022061394527554512,0.03226649388670921,0.07818309217691422
0.2968151569366455,0.5540063381195068,0.04322565719485283,0.03525391221046448,0.07069883495569229
0.010231012478470802,0.03872941434383392,0.5145754814147949,0.3789392113685608,0.05752488225698471
0.010288353078067303,0.06916720420122147,0.6145894527435303,0.2486283928155899,0.05732659623026848
0.12682004272937775,0.5710240602493286,0.18903225660324097,0.0453474335372448,0.06777619570493698
0.7080286741256714,0.1544935405254364,0.0169536042958498,0.038521647453308105,0.08200256526470184
0.1097627803683281,0.6339933276176453,0.16891448199748993,0.029586391523480415,0.05774300917983055
0.6874436140060425,0.1671987920999527,0.015125474892556667,0.04487309977412224,0.08535905927419662
0.5218684673309326,0.3135624825954437,0.03828412666916847,0.03461483120918274,0.09167005121707916
0.2983970046043396,0.4307900667190552,0.12986142933368683,0.06420499831438065,0.07674641907215118
0.6800410747528076,0.16989918053150177,0.01954740844666958,0.04395879805088043,0.08655350655317307
0.1660832166671753,0.6144917607307434,0.11026763170957565,0.035830460488796234,0.07332687079906464
0.5443830490112305,0.28217771649360657,0.033660855144262314,0.03418940305709839,0.10558896511793137
0.59549880027771,0.23214390873908997,0.035806335508823395,0.04817383363842964,0.08837705850601196
0.011530518531799316,0.128559410572052,0.6509793996810913,0.15380078554153442,0.05512980744242668
0.0468539334833622,0.714503288269043,0.16712133586406708,0.021712178364396095,0.049809277057647705
0.0015919405268505216,0.004323378670960665,0.0015679026255384088,0.040710464119911194,0.9518063068389893
0.6586511135101318,0.1909845769405365,0.01798946224153042,0.04866037890315056,0.08371437340974808
0.47073638439178467,0.35887953639030457,0.04289500415325165,0.04443437606096268,0.08305475115776062
0.388575941324234,0.3904576003551483,0.08604146540164948,0.05884447321295738,0.07608058303594589
0.5173866748809814,0.32228052616119385,0.03638917952775955,0.04358294606208801,0.08036065846681595
0.007524747867137194,0.025766853243112564,0.2926207482814789,0.5946137309074402,0.07947399467229843
0.656954288482666,0.1981143355369568,0.019660569727420807,0.043306417763233185,0.08196431398391724
0.5180736184120178,0.33786654472351074,0.03461449220776558,0.03243507817387581,0.07701024413108826
0.6411024928092957,0.18231789767742157,0.03369930386543274,0.04528127238154411,0.09759902209043503
0.6553238034248352,0.1964070349931717,0.01957557536661625,0.048141468316316605,0.08055208623409271
0.2592233717441559,0.5603276491165161,0.08639343082904816,0.02264850027859211,0.07140716165304184
0.011240055784583092,0.15454062819480896,0.643075168132782,0.13945725560188293,0.05168687924742699
0.6447359323501587,0.2006004899740219,0.0238905418664217,0.045212194323539734,0.0855608880519867
0.06541171669960022,0.6748428344726562,0.16990692913532257,0.03556922823190689,0.054269298911094666
0.5733315348625183,0.2678048014640808,0.03053225763142109,0.043416086584329605,0.08491530269384384
0.0043069589883089066,0.013714070431888103,0.1686139553785324,0.7352422475814819,0.07812280207872391
0.25862395763397217,0.471129834651947,0.16561280190944672,0.04137951508164406,0.06325390934944153
0.6299615502357483,0.23003773391246796,0.0220095943659544,0.03107922337949276,0.08691184967756271
0.5095798969268799,0.3382970988750458,0.0417143851518631,0.03189956769347191,0.07850906997919083
0.37201204895973206,0.41475817561149597,0.07685522735118866,0.04806997627019882,0.08830449730157852
0.4347270131111145,0.3878859877586365,0.05472143739461899,0.040276288986206055,0.08238933235406876
0.0054933116771280766,0.007757143117487431,0.030221041291952133,0.6685551404953003,0.2879733741283417
0.03829361870884895,0.3173344135284424,0.5004954934120178,0.08732867985963821,0.05654782056808472
0.009774159640073776,0.263472318649292,0.6459287405014038,0.04488121345639229,0.03594358265399933
0.2826148271560669,0.5575747489929199,0.05961547791957855,0.027727890759706497,0.07246693968772888
0.005348595324903727,0.007559486199170351,0.0057503231801092625,0.12328586727380753,0.8580557703971863
0.008573205210268497,0.0906263142824173,0.5786765217781067,0.2546497881412506,0.06747422367334366
0.5264314413070679,0.32735681533813477,0.037203408777713776,0.0393683947622776,0.06963993608951569
0.5771772265434265,0.2667902708053589,0.02737511321902275,0.044175662100315094,0.08448178321123123
0.1222158819437027,0.654791533946991,0.14346542954444885,0.02097887173295021,0.05854819342494011
0.5832384824752808,0.2656938433647156,0.02835696190595627,0.03203463554382324,0.09067608416080475
0.7377796173095703,0.12712280452251434,0.01263742707669735,0.03756307438015938,0.08489705622196198
0.4502483308315277,0.3981950283050537,0.04296879097819328,0.0355813130736351,0.07300650328397751
0.6770346164703369,0.19372177124023438,0.018196463584899902,0.03006834350526333,0.08097880333662033
0.0069743916392326355,0.05749574676156044,0.6255201101303101,0.26145029067993164,0.048559460788965225
0.012209438718855381,0.01908155158162117,0.031067371368408203,0.44583871960639954,0.49180281162261963
0.10923635959625244,0.6634031534194946,0.14766426384449005,0.020422594621777534,0.05927365645766258
0.5374146103858948,0.2798033356666565,0.04058543220162392,0.04179883375763893,0.10039782524108887
0.00611546915024519,0.16029693186283112,0.721764087677002,0.07606927305459976,0.03575426712632179
0.0646689236164093,0.6113077998161316,0.2526269853115082,0.02493978478014469,0.0464564710855484
0.007739302236586809,0.1270737648010254,0.6747414469718933,0.13968656957149506,0.05075886473059654
0.5637727975845337,0.268471360206604,0.03560415655374527,0.042851079255342484,0.08930058777332306
0.00502754794433713,0.013180213049054146,0.07134043425321579,0.8427222967147827,0.06772949546575546
0.0035115289501845837,0.005231235176324844,0.0034879306331276894,0.09860097616910934,0.8891683220863342
0.5946686863899231,0.2402232587337494,0.031684793531894684,0.047324903309345245,0.08609827607870102
0.008934127166867256,0.22337599098682404,0.6624840497970581,0.06040891632437706,0.04479698836803436
0.13996656239032745,0.4977925419807434,0.23129715025424957,0.06643189489841461,0.06451185047626495
0.015116177499294281,0.5152672529220581,0.40657728910446167,0.018392404541373253,0.044646941125392914
0.0017868399154394865,0.0024161813780665398,0.0015666646650061011,0.06749677658081055,0.9267334938049316
0.055771615356206894,0.3465721905231476,0.4633292853832245,0.07736113667488098,0.05696583166718483
0.616145133972168,0.20967377722263336,0.03347310423851013,0.05030936747789383,0.09039859473705292
0.007341891527175903,0.055612754076719284,0.5334495902061462,0.3517312705516815,0.051864538341760635
0.008152353577315807,0.03236362338066101,0.2169770449399948,0.6330634355545044,0.10944362729787827
0.003819311736151576,0.011449355632066727,0.12583093345165253,0.7809845209121704,0.07791594415903091
0.02363339625298977,0.5746245384216309,0.31833919882774353,0.0206417515873909,0.06276114284992218
0.3868248462677002,0.38725045323371887,0.09075786918401718,0.056002065539360046,0.07916474342346191
0.518779456615448,0.3340138792991638,0.0371863916516304,0.02974817156791687,0.08027208596467972
0.29602912068367004,0.5224944949150085,0.07204820960760117,0.03844073414802551,0.0709875151515007
0.091790109872818,0.5711706280708313,0.2450408637523651,0.04599006474018097,0.0460083931684494
0.5131828784942627,0.3127932846546173,0.043358977884054184,0.038393765687942505,0.0922711044549942
0.004080508835613728,0.01939093880355358,0.32719987630844116,0.5824848413467407,0.06684387475252151
0.7442899942398071,0.12837770581245422,0.011390866711735725,0.036046627908945084,0.07989482581615448
0.0005456433282233775,0.001631795079447329,0.0007180490647442639,0.01565568894147873,0.9814488291740417
0.004464414902031422,0.0075256978161633015,0.06063876301050186,0.7670441269874573,0.16032692790031433
0.16229426860809326,0.6608685255050659,0.09568338841199875,0.023127321153879166,0.05802648887038231
0.5338590145111084,0.30728232860565186,0.025063207373023033,0.03997231274843216,0.09382311999797821
0.01359943300485611,0.02281205542385578,0.04061604291200638,0.484663724899292,0.4383087754249573
0.5310091376304626,0.29072627425193787,0.04357128217816353,0.043567955493927,0.09112528711557388
0.6351889967918396,0.20115794241428375,0.02802160754799843,0.047194402664899826,0.08843697607517242
0.004464622586965561,0.008286666125059128,0.07705621421337128,0.693182647228241,0.21700981259346008
0.07057507336139679,0.5694917440414429,0.2684839367866516,0.037979576736688614,0.05346964672207832
0.04962199926376343,0.4023085832595825,0.3509216904640198,0.12262645363807678,0.07452122867107391
0.0017335511511191726,0.0041435277089476585,0.001835799659602344,0.04127899557352066,0.951008141040802
0.0030629723332822323,0.006156742572784424,0.1637098640203476,0.7803595662117004,0.04671087488532066
0.008374925702810287,0.05267757549881935,0.6934699416160583,0.19388264417648315,0.051594868302345276
0.015277674421668053,0.47555357217788696,0.4348466396331787,0.022210920229554176,0.05211126431822777
0.02139241434633732,0.553450345993042,0.35744351148605347,0.02326587773859501,0.044447921216487885
0.001726042595691979,0.0024948103819042444,0.0014259862946346402,0.06807153671979904,0.9262815713882446
0.021524475887417793,0.5550562143325806,0.3553173542022705,0.020520761609077454,0.04758121073246002
0.007288115564733744,0.07890234887599945,0.5754514336585999,0.27627211809158325,0.06208601966500282
0.636060893535614,0.2204992175102234,0.02438311278820038,0.03565140813589096,0.08340532332658768
0.5480286478996277,0.2867540121078491,0.03825394809246063,0.04867856949567795,0.07828479260206223
0.011743380688130856,0.10267359018325806,0.6107252240180969,0.2100699543952942,0.06478789448738098
0.6132370829582214,0.2418697327375412,0.022048160433769226,0.04403227940201759,0.07881277054548264
0.6578388214111328,0.18435490131378174,0.024924909695982933,0.04544742405414581,0.08743389695882797
0.7151709198951721,0.17125609517097473,0.013779373839497566,0.029568413272500038,0.07022526860237122
0.0009714299812912941,0.003465088550001383,0.02334701269865036,0.9335548281669617,0.03866171836853027
0.0013839669991284609,0.003522259881719947,0.04129848629236221,0.8399618268013,0.11383341252803802
0.5917757749557495,0.25728821754455566,0.03050404228270054,0.04058035835623741,0.0798516497015953
0.0697876363992691,0.6604138612747192,0.18679742515087128,0.020230364054441452,0.06277064234018326
0.006092695984989405,0.13826952874660492,0.7757611870765686,0.03504958003759384,0.044826995581388474
0.010099184699356556,0.13560563325881958,0.672753632068634,0.12317593395709991,0.05836552754044533
0.03405996784567833,0.16123297810554504,0.4495881497859955,0.2772134840488434,0.07790537178516388
0.012949459254741669,0.01858385093510151,0.02246161177754402,0.23764656484127045,0.7083585858345032
0.6673386693000793,0.18520981073379517,0.02321026287972927,0.03469544276595116,0.08954578638076782
0.6759446263313293,0.17507216334342957,0.019644740968942642,0.04274314269423485,0.08659540116786957
0.01195043046027422,0.2057722508907318,0.6572399139404297,0.06943418830633163,0.05560329556465149
0.0025649110320955515,0.007032506167888641,0.07070007175207138,0.8783217072486877,0.041380804032087326
0.5695500373840332,0.2562507390975952,0.04184645041823387,0.04955459013581276,0.08279818296432495
0.6189245581626892,0.22810830175876617,0.02554186061024666,0.03957633301615715,0.08784899115562439
0.007232369389384985,0.13085830211639404,0.699336051940918,0.11654307693243027,0.04603017494082451
0.005659859161823988,0.1473284214735031,0.7303094267845154,0.08202911913394928,0.03467320650815964
0.006206606049090624,0.0115760313346982,0.23332050442695618,0.6882441639900208,0.06065276637673378
0.011808913201093674,0.03721753507852554,0.33470022678375244,0.5340932607650757,0.08218006789684296
0.02446729876101017,0.418090283870697,0.46486690640449524,0.034752797335386276,0.05782278627157211
0.010328243486583233,0.106731116771698,0.7314398884773254,0.09185192734003067,0.05964886024594307
0.005010314751416445,0.02048313245177269,0.35483652353286743,0.5799031257629395,0.03976697102189064
0.12406384199857712,0.6451649069786072,0.1517060399055481,0.02427314966917038,0.05479203909635544
0.09817645698785782,0.7007038593292236,0.1063145324587822,0.029225731268525124,0.06557944416999817
0.5036203265190125,0.31981295347213745,0.042982932180166245,0.036773744970560074,0.09681002050638199
0.0032633545342832804,0.003556894138455391,0.04900546371936798,0.8098763227462769,0.13429804146289825
0.007721292786300182,0.018279820680618286,0.13024884462356567,0.7423165440559387,0.10143351554870605
0.6773715019226074,0.19825248420238495,0.017078476026654243,0.03040747530758381,0.0768900215625763
0.6667259335517883,0.19186435639858246,0.02056371606886387,0.04162874445319176,0.079217329621315
0.5890485048294067,0.26508110761642456,0.0253462977707386,0.04089729115366936,0.07962678372859955
0.006068891379982233,0.13054159283638,0.7219052910804749,0.10273166745901108,0.03875250369310379
0.508768618106842,0.32876092195510864,0.042791079729795456,0.03858460485935211,0.08109478652477264
0.008343702182173729,0.04356258362531662,0.430833101272583,0.4585619568824768,0.05869866535067558
0.07046090066432953,0.673808217048645,0.16655577719211578,0.02265189401805401,0.06652319431304932
0.2721610367298126,0.48972779512405396,0.1313423067331314,0.03304148092865944,0.07372746616601944
0.05063316598534584,0.49096789956092834,0.35841020941734314,0.04849271476268768,0.05149601772427559
0.3306722044944763,0.4740639925003052,0.09481581300497055,0.028469143435359,0.0719788521528244
0.014621952548623085,0.03359748050570488,0.10268814861774445,0.6182342767715454,0.23085813224315643
0.0034282307606190443,0.010744525119662285,0.13635089993476868,0.7828603982925415,0.06661594659090042
0.6265053153038025,0.2018583118915558,0.027859659865498543,0.05080800503492355,0.09296861290931702
0.009939037263393402,0.016886495053768158,0.017384879291057587,0.26970621943473816,0.6860833764076233
0.01170212309807539,0.33137866854667664,0.5859306454658508,0.03617680072784424,0.03481176495552063
0.3643754720687866,0.4211909770965576,0.08227479457855225,0.05985509976744652,0.0723036527633667
0.006414010189473629,0.012530194595456123,0.27629944682121277,0.6523945331573486,0.05236176401376724
0.013452225364744663,0.2955874800682068,0.6068212389945984,0.035716768354177475,0.04842226579785347
0.5855523943901062,0.2653753459453583,0.028082380071282387,0.032149169594049454,0.08884070813655853
0.43891641497612,0.4248303771018982,0.02493053674697876,0.045347511768341064,0.06597519665956497
0.005353158805519342,0.09973018616437912,0.7247785329818726,0.13642193377017975,0.03371607884764671
0.07074576616287231,0.639590859413147,0.17157022655010223,0.05295650288462639,0.06513654440641403
0.005063815973699093,0.009333972819149494,0.021869169548153877,0.5721076130867004,0.39162540435791016
0.006376309785991907,0.13634389638900757,0.7244110703468323,0.09606045484542847,0.03680825233459473
0.2644790709018707,0.5497310757637024,0.0752948671579361,0.04553397744894028,0.0649610236287117
0.699519693851471,0.15534628927707672,0.01689274236559868,0.0420687161386013,0.08617248386144638
0.2552904486656189,0.565068244934082,0.08296437561511993,0.023955490440130234,0.07272154092788696
0.6903842091560364,0.17717120051383972,0.01743926852941513,0.03253404423594475,0.08247131109237671
0.05627789720892906,0.5952432751655579,0.2608073055744171,0.03035602904856205,0.057315465062856674
0.010393782518804073,0.04595943167805672,0.427205890417099,0.4499167203903198,0.0665242075920105
0.01364920660853386,0.3320472240447998,0.5727095007896423,0.04098186641931534,0.04061227664351463
0.008127843029797077,0.01532704196870327,0.011180246248841286,0.12080059945583344,0.8445641994476318
0.012783573940396309,0.187466561794281,0.6341559290885925,0.1144910678267479,0.051102813333272934
0.002910569543018937,0.005694791208952665,0.003720831358805299,0.059171564877033234,0.9285022020339966
0.6325728893280029,0.2309086173772812,0.022848287597298622,0.0322035476565361,0.08146664500236511
0.0047814734280109406,0.013071104884147644,0.1834292858839035,0.7249388098716736,0.07377931475639343
0.14208801090717316,0.5903517007827759,0.1884298026561737,0.030595703050494194,0.04853474348783493
0.6424474120140076,0.22074489295482635,0.021529028192162514,0.035519059747457504,0.07975964993238449
0.6509195566177368,0.21384353935718536,0.01616900973021984,0.04201200604438782,0.077055923640728
0.37475186586380005,0.4537571370601654,0.05969267711043358,0.035721007734537125,0.07607737928628922
0.04106873646378517,0.6225825548171997,0.2630434036254883,0.0204885583370924,0.052816685289144516
0.6024978160858154,0.2164207398891449,0.03896722197532654,0.049486637115478516,0.09262752532958984
0.008672144263982773,0.08870658278465271,0.6058545708656311,0.24194766581058502,0.05481897294521332
0.6496619582176208,0.2041313648223877,0.01857788860797882,0.0397532619535923,0.08787553012371063
0.010738075710833073,0.3407002389431,0.5755225419998169,0.03784787654876709,0.03519122675061226
0.2618216276168823,0.5426585674285889,0.09776739776134491,0.03156367689371109,0.0661887377500534
0.581518292427063,0.2954005002975464,0.023343153297901154,0.02817809022963047,0.07155997306108475
0.009631236083805561,0.018834127113223076,0.03490423038601875,0.5418420433998108,0.39478838443756104
0.0008808101993054152,0.002008832059800625,0.0011012816103175282,0.032903581857681274,0.9631054401397705
0.5529758930206299,0.2749860882759094,0.0348772332072258,0.03774910420179367,0.09941166639328003
0.6941752433776855,0.1600785106420517,0.017570892348885536,0.040694188326597214,0.08748108148574829
0.17588549852371216,0.5228874087333679,0.17372223734855652,0.055793989449739456,0.07171086221933365
0.004682351369410753,0.007886295206844807,0.008107200264930725,0.3109453320503235,0.6683788895606995
0.3163713812828064,0.5050859451293945,0.0694027990102768,0.02464853972196579,0.08449133485555649
0.5787646770477295,0.2818446755409241,0.028851822018623352,0.03439626470208168,0.07614263147115707
0.663497805595398,0.20150382816791534,0.016958268359303474,0.04194420576095581,0.07609587907791138
0.2822548747062683,0.581961452960968,0.04797724261879921,0.024998372420668602,0.06280805170536041
0.1545240730047226,0.6114391684532166,0.12716811895370483,0.024011140689253807,0.08285742998123169
0.16313514113426208,0.594700038433075,0.14268045127391815,0.03198271244764328,0.06750161200761795
0.009726212359964848,0.01249445229768753,0.011029443703591824,0.1884792447090149,0.7782706618309021
0.00854424200952053,0.024310950189828873,0.41824713349342346,0.4962354302406311,0.05266227200627327
0.005058781243860722,0.013728484511375427,0.11360267549753189,0.7627915143966675,0.10481856763362885
0.00589066743850708,0.21440526843070984,0.7176821827888489,0.019932273775339127,0.04208962619304657
0.00449726264923811,0.011139104142785072,0.10747526586055756,0.759102463722229,0.11778590828180313
0.5446317195892334,0.2899344265460968,0.03697226196527481,0.042998041957616806,0.08546345680952072
0.7063620090484619,0.14144442975521088,0.017988530918955803,0.0424724742770195,0.09173256158828735
0.059364717453718185,0.5842627286911011,0.2638976573944092,0.03853049874305725,0.05394431948661804
0.7837148308753967,0.09180691093206406,0.008074428886175156,0.029378067702054977,0.08702560514211655
0.6133029460906982,0.24837177991867065,0.021843988448381424,0.03662370145320892,0.07985761761665344
0.009974710643291473,0.017225293442606926,0.021035319194197655,0.35009533166885376,0.6016693711280823
0.005373741500079632,0.014185244217514992,0.11093549430370331,0.7921848893165588,0.07732061296701431
0.5040226578712463,0.342650830745697,0.036372337490320206,0.039366960525512695,0.07758726924657822
0.7355430126190186,0.13491202890872955,0.012137148529291153,0.03575296327471733,0.08165475726127625
0.002243253868073225,0.0019050943665206432,0.04025324806571007,0.8484663963317871,0.10713209211826324
0.6374200582504272,0.20743006467819214,0.023501837626099586,0.04767544940114021,0.08397255092859268
0.05738683044910431,0.5164361596107483,0.31907743215560913,0.051036156713962555,0.05606335774064064
0.006590873934328556,0.016225473955273628,0.1272542029619217,0.741118848323822,0.10881060361862183
0.6759935617446899,0.19880974292755127,0.017530634999275208,0.03022630326449871,0.07743982970714569
0.3391595780849457,0.48462188243865967,0.06849383562803268,0.028707267716526985,0.07901749759912491
0.005304255057126284,0.04450976103544235,0.4973944425582886,0.39350995421409607,0.05928163602948189
0.006113705225288868,0.12928982079029083,0.7774447202682495,0.03964515030384064,0.0475066602230072
0.574262261390686,0.26204705238342285,0.029585784301161766,0.03446761518716812,0.09963729232549667
0.013677925802767277,0.022667482495307922,0.01854884810745716,0.3189716339111328,0.6261340975761414
0.021040508523583412,0.5417974591255188,0.3716307580471039,0.025348477065563202,0.040182776749134064
0.611130952835083,0.2211890071630478,0.02683679386973381,0.04994036257266998,0.09090275317430496
0.53034508228302,0.3203295171260834,0.03043968603014946,0.04389023035764694,0.0749954879283905
0.009490609169006348,0.13198252022266388,0.6526801586151123,0.15790154039859772,0.04794526845216751
0.08552559465169907,0.5504299998283386,0.25663086771965027,0.04635189101099968,0.061061661690473557
0.009656633250415325,0.06038440391421318,0.6868560314178467,0.18799032270908356,0.055112600326538086
0.018260518088936806,0.12565696239471436,0.5077692866325378,0.2701137661933899,0.07819946110248566
0.012109838426113129,0.2115785926580429,0.653536856174469,0.07042694091796875,0.05234779044985771
0.5655944347381592,0.2875840961933136,0.029794996604323387,0.03156481310725212,0.08546172827482224
0.41057541966438293,0.4211132228374481,0.05505789816379547,0.040323346853256226,0.07293017953634262
0.0058138114400208,0.007917460054159164,0.004982809070497751,0.20998571813106537,0.7713001370429993
0.3156699538230896,0.43034639954566956,0.12646283209323883,0.05491790175437927,0.07260286808013916
0.7025063037872314,0.17112204432487488,0.014943485148251057,0.03523179888725281,0.07619631290435791
0.2274552434682846,0.5904703736305237,0.08012861013412476,0.021450066938996315,0.08049573749303818
0.04288901388645172,0.4787934124469757,0.3774851858615875,0.04669126868247986,0.05414111539721489
0.5810421705245972,0.26680493354797363,0.027836451306939125,0.04001907259225845,0.08429737389087677
0.004995756782591343,0.010186081752181053,0.005406803451478481,0.10901158303022385,0.8703997135162354
0.009815250523388386,0.03236024081707001,0.44138890504837036,0.44804131984710693,0.06839436292648315
0.0081719271838665,0.01349724642932415,0.011300308629870415,0.2214735746383667,0.7455569505691528
0.011977841146290302,0.10691787302494049,0.7088763117790222,0.11440470814704895,0.0578233003616333
0.0077228485606610775,0.014184897765517235,0.012449742294847965,0.21061667799949646,0.7550258040428162
0.012225589714944363,0.02028842456638813,0.026694001629948616,0.40004557371139526,0.5407463908195496
0.454985111951828,0.3851539194583893,0.04741702601313591,0.036256492137908936,0.07618739455938339
0.010649440810084343,0.08435914665460587,0.6643379926681519,0.1874581128358841,0.053195297718048096
0.03244325891137123,0.6309836506843567,0.27053186297416687,0.01567317545413971,0.050367970019578934
0.6359152793884277,0.21294067800045013,0.024050461128354073,0.04234179109334946,0.08475179970264435
0.013603908941149712,0.31860169768333435,0.5812072157859802,0.04145422577857971,0.04513294994831085
0.3681444823741913,0.46626991033554077,0.05969715490937233,0.02705072984099388,0.07883767038583755
0.5119071006774902,0.33006566762924194,0.03843791037797928,0.032388146966695786,0.08720116317272186
0.0043127890676259995,0.009120532311499119,0.0031710295006632805,0.1068437397480011,0.8765519261360168
0.020278705283999443,0.40634283423423767,0.49391821026802063,0.037695229053497314,0.04176498204469681
0.009497596882283688,0.060188356786966324,0.5585285425186157,0.3108552098274231,0.0609302781522274
0.7257861495018005,0.1284107118844986,0.014430442824959755,0.0409606508910656,0.09041205048561096
0.009545577690005302,0.22042334079742432,0.6845496296882629,0.03231148049235344,0.053170010447502136
0.003950644284486771,0.027042049914598465,0.39283230900764465,0.5071814060211182,0.06899356842041016
0.26759612560272217,0.5324411988258362,0.08399779349565506,0.051797401160001755,0.06416741013526917
0.008997851051390171,0.040319569408893585,0.33010730147361755,0.5464297533035278,0.07414551079273224
0.001996939303353429,0.003677244298160076,0.002347746631130576,0.12449424713850021,0.8674838542938232
0.007386756595224142,0.012473871931433678,0.0203191339969635,0.44924837350845337,0.5105718970298767
0.6148940324783325,0.22116278111934662,0.026817411184310913,0.03986772894859314,0.0972580760717392
0.0093422532081604,0.16690297424793243,0.6731048822402954,0.10422614216804504,0.04642380028963089
0.006973440293222666,0.14782758057117462,0.7595565915107727,0.039788372814655304,0.04585408419370651
0.4218950569629669,0.40007245540618896,0.05760430917143822,0.038676343858242035,0.08175183087587357
0.5693446397781372,0.27231013774871826,0.034123875200748444,0.04108254984021187,0.08313877135515213
0.07771887630224228,0.5591443777084351,0.24502849578857422,0.050659239292144775,0.06744903326034546
0.010111792013049126,0.3642466962337494,0.5602200627326965,0.030216127634048462,0.03520534187555313
0.08772806078195572,0.6944093108177185,0.1468309462070465,0.021245598793029785,0.04978613927960396
0.00595414824783802,0.01628240756690502,0.15531161427497864,0.718822717666626,0.10362909734249115
0.01645364984869957,0.34557345509529114,0.5485115051269531,0.04395237937569618,0.045509014278650284
0.2882803976535797,0.5005720853805542,0.09079619497060776,0.040762271732091904,0.07958899438381195
0.6402155160903931,0.23522505164146423,0.01687193475663662,0.03414245694875717,0.07354507595300674
0.0028791511431336403,0.0075025358237326145,0.06377750635147095,0.7983301281929016,0.12751071155071259
0.19083893299102783,0.6031044721603394,0.10543833673000336,0.029655082151293755,0.07096307724714279
0.007269443012773991,0.013704017736017704,0.046688955277204514,0.6190451383590698,0.3132924437522888
0.41406622529029846,0.40970373153686523,0.06271249800920486,0.034905433654785156,0.07861218601465225
0.5787364840507507,0.27421748638153076,0.02185601182281971,0.04140792787075043,0.08378218114376068
0.5775318741798401,0.2716262936592102,0.029362153261899948,0.03561985120177269,0.08585983514785767
0.6206687092781067,0.2086317539215088,0.03392016142606735,0.04588800296187401,0.09089139103889465
0.5442553162574768,0.2787260413169861,0.04644719138741493,0.04367347061634064,0.08689802885055542
0.23994961380958557,0.5684569478034973,0.08446121215820312,0.023205602541565895,0.08392650634050369
0.714820384979248,0.16079428791999817,0.014811583794653416,0.02748623862862587,0.08208751678466797
0.5527918338775635,0.25718867778778076,0.04730606451630592,0.05174687132239342,0.0909666121006012
0.6377028822898865,0.21996642649173737,0.02215852215886116,0.03792782500386238,0.08224441856145859
0.00834993552416563,0.023050110787153244,0.13059508800506592,0.5950398445129395,0.24296501278877258
0.6903116106987,0.1910221427679062,0.01438671164214611,0.03351818770170212,0.07076133787631989
0.0012873811647295952,0.0010439668549224734,0.024805577471852303,0.8589096665382385,0.11395340412855148
0.0011015554191544652,0.0025508964899927378,0.0014791099820286036,0.03380199521780014,0.9610664248466492
0.007224862929433584,0.051709018647670746,0.584193229675293,0.3062208592891693,0.05065193772315979
0.007517005316913128,0.050480857491493225,0.5657324194908142,0.32291892170906067,0.05335070937871933
0.6442697048187256,0.20902757346630096,0.020470326766371727,0.032597463577985764,0.09363490343093872
0.5607346296310425,0.2951556146144867,0.029866568744182587,0.0313989594578743,0.08284421265125275
0.005440769251435995,0.17513461410999298,0.7122597694396973,0.06670119613409042,0.04046374931931496
0.01108793169260025,0.02384614199399948,0.06490688025951385,0.7263652086257935,0.17379385232925415
0.007717980537563562,0.02052638679742813,0.23923176527023315,0.6663548350334167,0.06616894155740738
0.0008176129776984453,0.0015702788950875401,0.00029805631493218243,0.03666391596198082,0.9606500864028931
0.06700890511274338,0.631953239440918,0.21758118271827698,0.030374158173799515,0.05308251455426216
0.004760976880788803,0.0661688894033432,0.6572116017341614,0.22989676892757416,0.04196181520819664
0.587461531162262,0.28202247619628906,0.02100483700633049,0.03763050213456154,0.07188061624765396
0.20113308727741241,0.6449889540672302,0.06351779401302338,0.021549902856349945,0.06881028413772583
0.015040459111332893,0.02637782320380211,0.03398561105132103,0.45211052894592285,0.47248563170433044
0.013324708677828312,0.29704439640045166,0.5898720622062683,0.048429761081933975,0.05132916569709778
0.00438971072435379,0.11765778064727783,0.7510966062545776,0.09126585721969604,0.035590071231126785
0.0029309249948710203,0.007747274823486805,0.07840404659509659,0.8023068904876709,0.10861091315746307
0.7393976449966431,0.14070694148540497,0.00993807427585125,0.0365014486014843,0.07345596700906754
0.15660645067691803,0.6343250870704651,0.12450879067182541,0.02400488778948784,0.060554783791303635
0.011866053566336632,0.3137609660625458,0.5873357057571411,0.03992244973778725,0.04711484909057617
0.20011276006698608,0.6231779456138611,0.0950787365436554,0.01840638928115368,0.06322415173053741
0.6046322584152222,0.24159875512123108,0.024262454360723495,0.04171430319547653,0.0877922773361206
0.036095138639211655,0.29994529485702515,0.4900164306163788,0.11185107380151749,0.06209203973412514
0.00413539307191968,0.01737154647707939,0.31794580817222595,0.6204492449760437,0.04009805619716644
0.007390282116830349,0.0190957710146904,0.14783653616905212,0.7396409511566162,0.08603644371032715
0.32077285647392273,0.5093313455581665,0.06869801133871078,0.0281478650867939,0.07304999977350235
0.009956663474440575,0.32499924302101135,0.5876471400260925,0.031042788177728653,0.04635414853692055
0.373660147190094,0.4400484263896942,0.07451343536376953,0.035303302109241486,0.07647467404603958
0.5677265524864197,0.2852874994277954,0.030492160469293594,0.03219575062394142,0.08429799228906631
0.016091927886009216,0.390496164560318,0.5288513898849487,0.029594063758850098,0.03496647998690605
0.0504637248814106,0.6431980729103088,0.2345835268497467,0.025838928297162056,0.04591577872633934
0.17201858758926392,0.6949338316917419,0.04529888927936554,0.020351145416498184,0.06739754229784012
0.004472668748348951,0.01982228085398674,0.2687033414840698,0.61505126953125,0.0919504314661026
0.013930713757872581,0.022620948031544685,0.05700542777776718,0.4082902669906616,0.49815255403518677
0.009315986186265945,0.17856013774871826,0.6835914254188538,0.08426132053136826,0.044271182268857956
0.04217168316245079,0.19423121213912964,0.5251848101615906,0.1792621910572052,0.059150099754333496
0.6462715268135071,0.20479948818683624,0.021204404532909393,0.04455587640404701,0.08316884934902191
0.018753359094262123,0.5792052745819092,0.34621599316596985,0.017207100987434387,0.03861825540661812
0.10578054934740067,0.711593747138977,0.1008310616016388,0.02479018084704876,0.05700439587235451
0.7158823609352112,0.14485125243663788,0.01437609363347292,0.04100613668560982,0.08388416469097137
0.01524451281875372,0.05560670047998428,0.2992473542690277,0.5416209697723389,0.08828040212392807
0.00422033341601491,0.007657305803149939,0.005209629889577627,0.14219160377979279,0.8407211303710938
0.0036751902662217617,0.009520357474684715,0.16928675770759583,0.7339534163475037,0.08356430381536484
0.010167025029659271,0.14239253103733063,0.6764504313468933,0.12103831022977829,0.0499517060816288
0.23305624723434448,0.6009077429771423,0.06321978569030762,0.034899454563856125,0.06791675835847855
0.08826909214258194,0.5963607430458069,0.2232467085123062,0.03654316067695618,0.05558035895228386
0.020258169621229172,0.3447872996330261,0.5170012712478638,0.06060950458049774,0.057343706488609314
0.568256676197052,0.280953049659729,0.027978947386145592,0.0289048720151186,0.09390649944543839
0.011541998013854027,0.07615593820810318,0.6695570945739746,0.18533478677272797,0.0574101060628891
0.006227524485439062,0.01616610772907734,0.18657276034355164,0.7316686511039734,0.05936504155397415
0.060343336313962936,0.7217855453491211,0.1448928713798523,0.016967186704277992,0.05601106584072113
0.07834434509277344,0.6699399352073669,0.17373330891132355,0.023948995396494865,0.05403343588113785
0.07475992292165756,0.5910730361938477,0.2450508177280426,0.03372613713145256,0.055390119552612305
0.011470639146864414,0.10859953612089157,0.631460964679718,0.1889953911304474,0.05947340279817581
0.012051120400428772,0.27799731492996216,0.616996169090271,0.041201602667570114,0.051753826439380646
0.00172911596018821,0.0024472211953252554,0.001967446180060506,0.0864824578166008,0.9073737859725952
0.037467025220394135,0.6882131099700928,0.21599489450454712,0.014672384597361088,0.04365264251828194
0.0728505477309227,0.7151613831520081,0.13344170153141022,0.019086962565779686,0.059459369629621506
0.6006271839141846,0.2509698271751404,0.025344500318169594,0.03207648918032646,0.09098195284605026
0.2592523396015167,0.6022703647613525,0.051286064088344574,0.02533753216266632,0.06185372173786163
0.6667470932006836,0.17162789404392242,0.02314799837768078,0.045052796602249146,0.0934242531657219
0.5634579658508301,0.2689674198627472,0.04003947228193283,0.045983802527189255,0.08155132830142975
2.0367746401461773e-05,5.0447688408894464e-05,1.3166844837542158e-05,0.021277152001857758,0.9786388874053955
0.6394281387329102,0.19946256279945374,0.027295146137475967,0.04704030975699425,0.08677379041910172
0.5065510869026184,0.3374612331390381,0.04014043137431145,0.04033171385526657,0.07551553100347519
0.5703122019767761,0.2681055963039398,0.02960757352411747,0.033243559300899506,0.09873101860284805
0.7365068197250366,0.13036644458770752,0.013623122125864029,0.03572851046919823,0.08377500623464584
0.0048184688203036785,0.007774519734084606,0.059111569076776505,0.7676671147346497,0.16062825918197632
0.005962510127574205,0.009462724439799786,0.005919179879128933,0.12606273591518402,0.8525928258895874
0.1840883493423462,0.6321927309036255,0.10407216846942902,0.01931186206638813,0.06033485010266304
0.6334134340286255,0.21073120832443237,0.029355628415942192,0.04193715751171112,0.08456254750490189
0.010269680991768837,0.1277667135000229,0.7216853499412537,0.08056217432022095,0.059716109186410904
0.5797416567802429,0.26833751797676086,0.02736516296863556,0.042785417288541794,0.08177030086517334
0.0065259672701358795,0.021000918000936508,0.17224423587322235,0.6930835843086243,0.10714534670114517
0.00971637200564146,0.17532308399677277,0.6615427136421204,0.10525860637426376,0.048159342259168625
0.6199469566345215,0.20145761966705322,0.03353261947631836,0.05003713071346283,0.09502553939819336
0.00020460449741221964,0.00030198038439266384,0.00012681378575507551,0.023646218702197075,0.9757204055786133
0.5450788140296936,0.30153679847717285,0.03306993097066879,0.03127986192703247,0.0890345647931099
0.006179627031087875,0.10335785150527954,0.7057961821556091,0.13934430480003357,0.045321960002183914
0.7252622842788696,0.13933590054512024,0.012928894720971584,0.03792992979288101,0.08454293757677078
0.007251246832311153,0.02290765754878521,0.1650930643081665,0.6902586221694946,0.11448933929204941
0.44920045137405396,0.398242712020874,0.04017968103289604,0.03506491705775261,0.07731219381093979
0.10068413615226746,0.5300990343093872,0.23434583842754364,0.0759362205862999,0.05893469974398613
0.6565507650375366,0.19287574291229248,0.018650507554411888,0.03952251747250557,0.09240038692951202
0.07921912521123886,0.7260036468505859,0.10838950425386429,0.025323878973722458,0.06106382980942726
0.16694669425487518,0.6641503572463989,0.07058446109294891,0.03507406264543533,0.0632445216178894
0.6712335348129272,0.1849382370710373,0.01993265189230442,0.04220791533589363,0.08168771117925644
0.020677072927355766,0.24952267110347748,0.5831473469734192,0.09265586733818054,0.0539969876408577
0.32242581248283386,0.5234977602958679,0.060011643916368484,0.027495285496115685,0.06656942516565323
0.006267269141972065,0.046839356422424316,0.5317486524581909,0.36989274621009827,0.045251961797475815
0.10518819093704224,0.7352592349052429,0.07552102208137512,0.019535785540938377,0.06449578702449799
0.008601558394730091,0.015166179277002811,0.06314656883478165,0.6751747131347656,0.23791100084781647
0.7310054898262024,0.1459786742925644,0.012902870774269104,0.029336420819163322,0.08077661693096161
0.7370669841766357,0.15037205815315247,0.010376754216849804,0.03252599015831947,0.06965819001197815
0.010961806401610374,0.34343573451042175,0.5648543238639832,0.03119266964495182,0.04955551400780678
0.20401430130004883,0.576585054397583,0.13032080233097076,0.03190666809678078,0.05717308446764946
0.20775513350963593,0.388548880815506,0.2542036175727844,0.07280180603265762,0.07669063657522202
0.018000619485974312,0.5251871347427368,0.3991970717906952,0.01936635561287403,0.03824887052178383
0.37320074439048767,0.47442713379859924,0.04373614862561226,0.03749612718820572,0.07113990932703018
0.441749632358551,0.41273555159568787,0.0428137481212616,0.027707884088158607,0.07499319314956665
0.004126548767089844,0.005507354158908129,0.004943777807056904,0.2594546675682068,0.7259675860404968
0.008114522323012352,0.06896056979894638,0.7474842071533203,0.12234149128198624,0.05309918895363808
0.011084106750786304,0.26265397667884827,0.6378253698348999,0.049107544124126434,0.0393289290368557
0.44689348340034485,0.3689538240432739,0.05342609062790871,0.03516380116343498,0.09556277096271515
0.01620740070939064,0.11632106453180313,0.5813395977020264,0.222392275929451,0.06373961269855499
0.19182005524635315,0.6058294177055359,0.10581210255622864,0.031280264258384705,0.06525810807943344
0.008416878059506416,0.026273269206285477,0.19273413717746735,0.6762494444847107,0.09632634371519089
0.005725775845348835,0.01361909881234169,0.09985923767089844,0.7833974361419678,0.09739847481250763
0.005998700857162476,0.07386726886034012,0.7889088988304138,0.08131100982427597,0.0499141663312912
0.08837176114320755,0.6761550307273865,0.14534828066825867,0.03187798336148262,0.05824696272611618
0.23126423358917236,0.517758309841156,0.12850376963615417,0.04774459823966026,0.07472915202379227
0.0014888022560626268,0.0028898806776851416,0.0016998789506033063,0.0987224355340004,0.8951990008354187
0.37041985988616943,0.48136234283447266,0.05593583732843399,0.023279864341020584,0.06900205463171005
0.6774671673774719,0.17709864675998688,0.017100738361477852,0.0456337034702301,0.08269970118999481
0.009618813171982765,0.029308989644050598,0.3100501000881195,0.5813319683074951,0.06969011574983597
0.541246235370636,0.29284048080444336,0.04194653406739235,0.04374261572957039,0.08022413402795792
0.011261528357863426,0.017756188288331032,0.015158637426793575,0.18134017288684845,0.7744834423065186
0.006119346711784601,0.013260469771921635,0.004722344223409891,0.09832601249217987,0.8775718212127686
0.6060380935668945,0.22486552596092224,0.030221832916140556,0.05076645687222481,0.088108129799366
0.008720790036022663,0.12396879494190216,0.7044203877449036,0.11069227755069733,0.052197735756635666
0.0009086019708774984,0.0023989814799278975,0.041027508676052094,0.8769203424453735,0.07874449342489243
0.01263841986656189,0.04382747411727905,0.19811275601387024,0.595132052898407,0.15028932690620422
0.5254960656166077,0.31508710980415344,0.04091685265302658,0.03264586254954338,0.08585413545370102
0.42243504524230957,0.42069488763809204,0.05087119713425636,0.034272193908691406,0.0717267096042633
0.001491618575528264,0.0015172003768384457,0.014486951753497124,0.7039362788200378,0.27856796979904175
0.006784937810152769,0.06404580920934677,0.7767272591590881,0.11016954481601715,0.04227249696850777
0.2519473433494568,0.6079684495925903,0.0442451648414135,0.027837572619318962,0.06800153106451035
0.01259254477918148,0.02634640969336033,0.0654091164469719,0.6513999700546265,0.24425199627876282
0.5139570832252502,0.29485923051834106,0.05367579311132431,0.05105878785252571,0.08644915372133255
0.005536022130399942,0.02455301024019718,0.23772527277469635,0.5927730202674866,0.13941261172294617
0.004884892143309116,0.007516995072364807,0.00992382038384676,0.2223263829946518,0.7553479671478271
0.6808682084083557,0.18725453317165375,0.018037838861346245,0.03100549429655075,0.08283395320177078
0.006592481397092342,0.19989541172981262,0.7190330624580383,0.044013381004333496,0.030465595424175262
0.057841118425130844,0.6480175256729126,0.20270678400993347,0.03263203799724579,0.05880254507064819
0.02031061425805092,0.16697262227535248,0.5590016841888428,0.17472733557224274,0.07898769527673721
0.07595597207546234,0.7311347126960754,0.12696117162704468,0.01807408593595028,0.0478740930557251
0.3458525836467743,0.5180618166923523,0.04343024268746376,0.03220924362540245,0.060446180403232574
0.31808897852897644,0.5084577202796936,0.07751993834972382,0.028755271807312965,0.06717807054519653
0.5634996891021729,0.2875528633594513,0.02862260490655899,0.027895376086235046,0.09242939949035645
0.009293817915022373,0.09522021561861038,0.7587969303131104,0.0888998731970787,0.04778909683227539
0.011699257418513298,0.21354325115680695,0.6415609121322632,0.08594445884227753,0.04725209251046181
0.007216579746454954,0.017383549362421036,0.09435391426086426,0.5897724032402039,0.2912735342979431
0.5746024250984192,0.2781717777252197,0.026997480541467667,0.04091343656182289,0.07931488752365112
0.5470094680786133,0.2884281873703003,0.036642253398895264,0.03870945796370506,0.0892106145620346
0.004283515736460686,0.012518715113401413,0.13640423119068146,0.7687634229660034,0.07803018391132355
0.43934959173202515,0.4152355492115021,0.0410393625497818,0.022200103849172592,0.08217544853687286
0.010193358175456524,0.2511226534843445,0.6394866108894348,0.0453096479177475,0.053887803107500076
0.0058069294318556786,0.01474564429372549,0.1827370971441269,0.6875011920928955,0.10920916497707367
0.6498724818229675,0.22685889899730682,0.018716508522629738,0.03270633891224861,0.07184576243162155
0.0006890168879181147,0.0021209879778325558,0.0007212204509414732,0.020805858075618744,0.975662887096405
0.6412419080734253,0.20730248093605042,0.022834744304418564,0.046075355261564255,0.08254547417163849
0.01342285517603159,0.07170802354812622,0.49964049458503723,0.348188191652298,0.06704048812389374
0.021195920184254646,0.5911219716072083,0.3217678666114807,0.01883808523416519,0.04707619547843933
0.6929388046264648,0.15622377395629883,0.0178668349981308,0.044314268976449966,0.08865632116794586
0.009961221367120743,0.017935656011104584,0.04157021641731262,0.5495894551277161,0.3809434473514557
0.6319668292999268,0.21185095608234406,0.027934705838561058,0.037769269198179245,0.09047815948724747
0.08113131672143936,0.5850827693939209,0.22438976168632507,0.05518990010023117,0.05420629307627678
0.042682066559791565,0.306528240442276,0.4878442585468292,0.10153155028820038,0.06141384318470955
0.5608558654785156,0.2625332176685333,0.0401575043797493,0.05027204006910324,0.08618131279945374
0.4282354414463043,0.3893777132034302,0.050706278532743454,0.033739522099494934,0.09794113039970398
0.010045692324638367,0.07994451373815536,0.5495747327804565,0.2835575044155121,0.07687754929065704
0.11817895621061325,0.743476152420044,0.07034453749656677,0.013556729070842266,0.0544436052441597
0.0025977788027375937,0.0037752697244286537,0.0029401760548353195,0.11209915578365326,0.8785876631736755
0.006929097231477499,0.1000087633728981,0.6716443300247192,0.17560434341430664,0.045813463628292084
0.6019532680511475,0.2803157567977905,0.020808424800634384,0.02720651403069496,0.06971612572669983
0.5754674673080444,0.2681955099105835,0.030982429161667824,0.03720981255173683,0.08814475685358047
0.004456730093806982,0.011903084814548492,0.11699910461902618,0.8070938587188721,0.05954727530479431
0.08472544699907303,0.5399807095527649,0.25987622141838074,0.049157433211803436,0.06626016646623611
0.39960020780563354,0.43819954991340637,0.05272224545478821,0.034082092344760895,0.07539591193199158
0.6629475355148315,0.17667970061302185,0.024593040347099304,0.04514745622873306,0.09063229709863663
0.006161111872643232,0.008633801713585854,0.005231359042227268,0.19576434791088104,0.7842094302177429
0.4685176610946655,0.3891165852546692,0.03643936663866043,0.022153008729219437,0.08377335220575333
0.4313335418701172,0.4316864013671875,0.03964174538850784,0.031178943812847137,0.06615941226482391
0.005791776813566685,0.01989896409213543,0.19320990145206451,0.7086224555969238,0.07247691601514816
0.006434896029531956,0.06996559351682663,0.7888848185539246,0.08640465140342712,0.04831003025174141
0.6487718224525452,0.216819629073143,0.021521158516407013,0.031125323846936226,0.08176203072071075
0.15646055340766907,0.708030641078949,0.050098031759262085,0.029150763526558876,0.05625995993614197
0.15675848722457886,0.6537086963653564,0.11712031066417694,0.022379189729690552,0.050033338367938995
0.6757687330245972,0.18180732429027557,0.019522683694958687,0.03713672235608101,0.08576458692550659
0.007491797208786011,0.015638895332813263,0.006462189834564924,0.12862291932106018,0.8417842388153076
0.1819595992565155,0.6266400218009949,0.10893908888101578,0.02097981423139572,0.061481498181819916
0.17104142904281616,0.6452169418334961,0.09710585325956345,0.0224580317735672,0.06417766213417053
0.12670548260211945,0.4574041962623596,0.27793484926223755,0.06136411055922508,0.07659140974283218
0.03617672249674797,0.5652978420257568,0.30055493116378784,0.03607110679149628,0.061899472028017044
0.005577718839049339,0.02243778109550476,0.19783063232898712,0.631698489189148,0.14245536923408508
0.012503264471888542,0.11874666064977646,0.625661313533783,0.17297109961509705,0.07011761516332626
0.6958991289138794,0.18077079951763153,0.01590012200176716,0.03145779296755791,0.07597208768129349
0.02197021245956421,0.16455203294754028,0.523906946182251,0.21045364439487457,0.07911720871925354
0.489064484834671,0.36509862542152405,0.03821060433983803,0.027758022770285606,0.07986828684806824
0.013320586644113064,0.14966438710689545,0.6068755984306335,0.1625184416770935,0.06762099266052246
0.10639448463916779,0.6565879583358765,0.14289887249469757,0.031134938821196556,0.06298372149467468
0.49509397149086,0.34044724702835083,0.04201797768473625,0.040346696972846985,0.08209411054849625
0.6460599899291992,0.22254832088947296,0.02072194218635559,0.03593413904309273,0.07473557442426682
0.4825313687324524,0.34119072556495667,0.052379757165908813,0.04148649051785469,0.08241168409585953
0.6839381456375122,0.18217788636684418,0.017024055123329163,0.03399398922920227,0.08286590129137039
0.006184547673910856,0.008413255214691162,0.007724365685135126,0.14144942164421082,0.8362284302711487
0.009158162400126457,0.04402496665716171,0.4185323417186737,0.4716966450214386,0.056587833911180496
0.015388838946819305,0.02362624555826187,0.017932791262865067,0.23462924361228943,0.708422839641571
0.5865662097930908,0.28082364797592163,0.022825689986348152,0.03428284078836441,0.07550171762704849
0.003457743674516678,0.010013245046138763,0.14182732999324799,0.7748056054115295,0.0698961541056633
0.5221288204193115,0.29455775022506714,0.04212385416030884,0.04043438658118248,0.10075509548187256
0.4104064404964447,0.4241008460521698,0.050019051879644394,0.04055725410580635,0.07491643726825714
0.011790717951953411,0.09920915961265564,0.7018584609031677,0.1258421093225479,0.06129955127835274
0.4845866560935974,0.3550860285758972,0.04294254258275032,0.0323294922709465,0.08505530655384064
0.005867518950253725,0.054034147411584854,0.5180396437644958,0.3578226864337921,0.06423594057559967
0.7025932669639587,0.17530709505081177,0.015574576333165169,0.02609654702246189,0.08042845129966736
0.4914948344230652,0.320369690656662,0.04468965530395508,0.05538275092840195,0.08806313574314117
0.003966169431805611,0.006093612872064114,0.004375089891254902,0.09823141247034073,0.8873336911201477
0.6427817344665527,0.2191970944404602,0.021906644105911255,0.03329649940133095,0.08281810581684113
0.5932700037956238,0.2436297982931137,0.028319785371422768,0.03778314217925072,0.0969972312450409
0.006758883595466614,0.021538980305194855,0.15855497121810913,0.7025560736656189,0.11059115082025528
0.0013249256880953908,0.003913200460374355,0.0849212035536766,0.8553813099861145,0.054459381848573685
0.6800492405891418,0.17707209289073944,0.018803536891937256,0.0385737270116806,0.08550146222114563
0.6811675429344177,0.15361665189266205,0.020643865689635277,0.047320060431957245,0.09725185483694077
0.00737799983471632,0.029399899765849113,0.3538050651550293,0.5537235140800476,0.05569347366690636
0.003151405369862914,0.005025139544159174,0.0023403491359204054,0.16311214864253998,0.8263709545135498
0.004563899245113134,0.01098182424902916,0.18981719017028809,0.7397943735122681,0.05484279245138168
0.7135101556777954,0.15507929027080536,0.014041309244930744,0.03765738382935524,0.07971186935901642
0.03303022310137749,0.7604395151138306,0.1522550731897354,0.010829051025211811,0.0434461310505867
0.005950745660811663,0.05457098037004471,0.5394982099533081,0.34122589230537415,0.058754146099090576
0.1487630009651184,0.5769328474998474,0.16686271131038666,0.03977163881063461,0.06766976416110992
0.027352889999747276,0.446787565946579,0.4202708899974823,0.04610573872923851,0.05948299914598465
0.6080668568611145,0.24925071001052856,0.025776386260986328,0.0339774489402771,0.08292857557535172
0.4627784788608551,0.3690343499183655,0.04898729547858238,0.033972058445215225,0.08522781729698181
0.003895100438967347,0.005028343293815851,0.10898607224225998,0.808265209197998,0.07382521778345108
0.004633872304111719,0.012526122853159904,0.07131107896566391,0.8430447578430176,0.06848420202732086
0.6801186800003052,0.1886412650346756,0.016733556985855103,0.03088371269404888,0.08362280577421188
0.16519689559936523,0.6302710771560669,0.11730532348155975,0.02316112071275711,0.06406558305025101
0.08391941338777542,0.6036815047264099,0.222529798746109,0.033552274107933044,0.05631699040532112
0.5959111452102661,0.24561911821365356,0.026677176356315613,0.04427625611424446,0.08751631528139114
0.011572076007723808,0.08138567209243774,0.5362071394920349,0.30767977237701416,0.063155397772789
0.6277881264686584,0.20318220555782318,0.02649553492665291,0.05395298823714256,0.08858106285333633
0.00892420019954443,0.21506056189537048,0.692101240158081,0.04986438527703285,0.0340496227145195
0.008701935410499573,0.09805750846862793,0.6623380184173584,0.17250262200832367,0.05839986354112625
0.011454388499259949,0.051361337304115295,0.2952318489551544,0.49161046743392944,0.15034200251102448
0.02876885235309601,0.5065480470657349,0.384722501039505,0.02929879166185856,0.050661761313676834
0.00994881521910429,0.03579888120293617,0.29389867186546326,0.585164487361908,0.07518914341926575
0.014823460951447487,0.025224346667528152,0.03127650171518326,0.41705816984176636,0.5116174817085266
0.002488488797098398,0.0031858186703175306,0.08618083596229553,0.8437410593032837,0.06440385431051254
0.6787405014038086,0.15552617609500885,0.02325766533613205,0.045717351138591766,0.09675842523574829
0.006806455552577972,0.03699813410639763,0.5048196315765381,0.4058149755001068,0.04556073620915413
0.40673384070396423,0.424963116645813,0.055136628448963165,0.03745311126112938,0.07571330666542053
0.07292458415031433,0.7353022694587708,0.12732438743114471,0.017778128385543823,0.0466705858707428
0.002048950409516692,0.0029498529620468616,0.0018543113255873322,0.07888789474964142,0.9142590165138245
0.5255277156829834,0.3235344886779785,0.03367501497268677,0.04037021845579147,0.07689263671636581
0.6112529635429382,0.22668474912643433,0.026132307946681976,0.04626030847430229,0.08966971188783646
0.008602431043982506,0.18706607818603516,0.6952102780342102,0.06011006236076355,0.04901118203997612
0.668881356716156,0.1825033277273178,0.019907157868146896,0.04654569923877716,0.08216235041618347
0.09566907584667206,0.6946067810058594,0.12221197783946991,0.017751628533005714,0.06976056098937988
0.49157071113586426,0.3531631529331207,0.040101129561662674,0.02997341752052307,0.085191510617733
0.06708622723817825,0.532799243927002,0.284985214471817,0.053920697420835495,0.06120862811803818
0.010243820026516914,0.13166393339633942,0.691835880279541,0.11482946574687958,0.051426853984594345
0.0023800411727279425,0.00644551869481802,0.060660913586616516,0.8083643913269043,0.12214916944503784
0.02262047305703163,0.4172261655330658,0.4695739448070526,0.03813515603542328,0.0524442158639431
0.21515995264053345,0.5725828409194946,0.10916896909475327,0.029821503907442093,0.07326669991016388
0.24268744885921478,0.5331616401672363,0.1033254861831665,0.046328071504831314,0.07449731230735779
0.19466830790042877,0.5618699193000793,0.13851197063922882,0.038597311824560165,0.06635245680809021
0.6324377059936523,0.22942151129245758,0.019107524305582047,0.043796148151159286,0.07523715496063232
0.7182308435440063,0.15021076798439026,0.011931904591619968,0.04157649725675583,0.07805005460977554
0.004846175666898489,0.010289959609508514,0.040812090039253235,0.689315676689148,0.25473615527153015
0.0058900536969304085,0.013913252390921116,0.06169610470533371,0.8061774969100952,0.11232307553291321
0.5874781012535095,0.2562820613384247,0.030874671414494514,0.04139788821339607,0.08396725356578827
0.005614825524389744,0.02148524858057499,0.3205468952655792,0.6052921414375305,0.04706087335944176
0.5111226439476013,0.3275255560874939,0.03874993696808815,0.045350849628448486,0.07725098729133606
0.43711674213409424,0.42286217212677,0.04157590493559837,0.025145016610622406,0.07330010086297989
0.027200225740671158,0.4511830508708954,0.4387185573577881,0.03417284041643143,0.048725325614213943
0.19406870007514954,0.6109887957572937,0.09261695295572281,0.021461298689246178,0.0808643028140068
0.44862493872642517,0.38915887475013733,0.048086978495121,0.038992710411548615,0.07513660937547684
0.1118389144539833,0.5181538462638855,0.2410031259059906,0.061123043298721313,0.0678810328245163
0.13509513437747955,0.6393055319786072,0.14235052466392517,0.0225458275526762,0.06070291996002197
0.005879802629351616,0.0964084193110466,0.684697151184082,0.1665874570608139,0.046427201479673386
0.4475173056125641,0.3989645838737488,0.04502665251493454,0.034469787031412125,0.07402166724205017
0.000655431707855314,0.0014297798043116927,0.0006697282078675926,0.057513874024152756,0.9397311806678772
0.6260462999343872,0.2261057198047638,0.021010905504226685,0.04313993826508522,0.08369708806276321
0.5575228333473206,0.2945266664028168,0.035853393375873566,0.02954264171421528,0.08255437016487122
0.11646822839975357,0.7415154576301575,0.07601137459278107,0.015842802822589874,0.05016219988465309
0.4867297410964966,0.3549250066280365,0.04140401631593704,0.03526703640818596,0.08167427033185959
0.003134366124868393,0.008963873609900475,0.12873172760009766,0.7872457504272461,0.07192423939704895
0.006904968526214361,0.013321202248334885,0.15501399338245392,0.7232033610343933,0.10155649483203888
0.6388816833496094,0.21203984320163727,0.021986527368426323,0.04626964405179024,0.08082227408885956
0.0077463616617023945,0.0138850761577487,0.051486045122146606,0.6673879027366638,0.2594945728778839
0.1303478628396988,0.5135025382041931,0.21565979719161987,0.06645704805850983,0.07403285056352615
0.03408820554614067,0.7147151827812195,0.19189850986003876,0.014329137280583382,0.04496888816356659
0.006725641433149576,0.01651509664952755,0.00828495342284441,0.07072733342647552,0.8977469801902771
0.002012379001826048,0.006126216612756252,0.14462673664093018,0.8045678734779358,0.04266681149601936
0.640134871006012,0.22163349390029907,0.02092011831700802,0.03840535506606102,0.07890616357326508
0.003739112988114357,0.012876546010375023,0.19936583936214447,0.6758553385734558,0.10816312581300735
0.3248375952243805,0.545767068862915,0.040282923728227615,0.026864714920520782,0.06224764510989189
0.21427959203720093,0.6062427163124084,0.06990285962820053,0.038971152156591415,0.0706036239862442
0.009483608417212963,0.1363445669412613,0.6679476499557495,0.13111485540866852,0.05510933697223663
0.0014697825536131859,0.0028400972951203585,0.0010438135359436274,0.10631348937749863,0.8883328437805176
0.025961531326174736,0.3429270386695862,0.5053582787513733,0.07030528783798218,0.05544797703623772
0.0011196574196219444,0.0019923339132219553,0.0067732310853898525,0.7002419829368591,0.28987279534339905
0.009661275893449783,0.029249146580696106,0.3836858868598938,0.5132797956466675,0.06412388384342194
0.0005653362604789436,0.0014763874933123589,0.025512486696243286,0.8907357454299927,0.08171005547046661
0.05414985120296478,0.5864190459251404,0.2801182270050049,0.029902983456850052,0.04940982535481453
0.008459636941552162,0.02086218073964119,0.09110453724861145,0.757260799407959,0.12231286615133286
0.012457129545509815,0.016266023740172386,0.01361035369336605,0.2109675109386444,0.7466989755630493
0.6564587354660034,0.2116898000240326,0.019930347800254822,0.032014381140470505,0.07990679144859314
0.0045892903581261635,0.009068797342479229,0.1074216291308403,0.7334015369415283,0.14551876485347748
0.0051368223503232,0.0312123354524374,0.4094510078430176,0.48661088943481445,0.06758900731801987
0.46034160256385803,0.3884482979774475,0.03347577527165413,0.0391823872923851,0.07855188101530075
0.6399217844009399,0.20598627626895905,0.02014380507171154,0.04797470569610596,0.08597348630428314
0.2290271371603012,0.5475773811340332,0.10517797619104385,0.03293459862470627,0.08528301119804382
0.5806083083152771,0.2657865285873413,0.02864573337137699,0.039076950401067734,0.08588247746229172
0.6267331838607788,0.22634205222129822,0.024627085775136948,0.04355866089463234,0.07873904705047607
0.5615277290344238,0.2632395923137665,0.03628402575850487,0.0471765398979187,0.09177204221487045
0.6170220375061035,0.23532035946846008,0.023884350433945656,0.04365629702806473,0.08011700212955475
0.0003148831892758608,0.0006980511243455112,0.000286770606180653,0.041009292006492615,0.9576910138130188
0.46605008840560913,0.361603707075119,0.0600854717195034,0.03559393808245659,0.07666683942079544
0.005753311328589916,0.009914137423038483,0.017896249890327454,0.4510308802127838,0.5154054164886475
0.002205175580456853,0.00614931620657444,0.022117501124739647,0.8820358514785767,0.08749214559793472
0.5880849361419678,0.2652093768119812,0.026143187656998634,0.029328560456633568,0.09123388677835464
0.013113841414451599,0.043701741844415665,0.21861958503723145,0.5825120806694031,0.14205269515514374
0.0005689834943041205,0.0014327814569696784,0.024778589606285095,0.8878048658370972,0.08541480451822281
0.08492071181535721,0.6104816198348999,0.22125029563903809,0.03614659607410431,0.047200754284858704
0.005375486332923174,0.00935160182416439,0.01710902526974678,0.48294952511787415,0.4852144122123718
0.02064247988164425,0.5371361970901489,0.3719618320465088,0.019795387983322144,0.050464171916246414
0.008128305897116661,0.11282242834568024,0.7575312852859497,0.06692654639482498,0.05459141731262207
0.017591875046491623,0.33469340205192566,0.5348473191261292,0.05767015740275383,0.055197201669216156
0.007595374248921871,0.2094525396823883,0.6886603832244873,0.04732875898480415,0.046962980180978775
0.5263767838478088,0.30959972739219666,0.043963316828012466,0.035412270575761795,0.08464798331260681
0.04970318451523781,0.6285492777824402,0.2529682517051697,0.02211262471973896,0.04666663706302643
0.6116863489151001,0.241682231426239,0.021819356828927994,0.04617943987250328,0.07863257825374603
0.0021479474380612373,0.006349166389554739,0.08281269669532776,0.8235974907875061,0.08509272336959839
0.004411109257489443,0.010791291482746601,0.1862664520740509,0.7225762009620667,0.07595493644475937
0.6244744062423706,0.22976025938987732,0.025099769234657288,0.040018707513809204,0.0806468054652214
0.0068273646757006645,0.011487068608403206,0.012668324634432793,0.35917189717292786,0.6098453402519226
0.010861433111131191,0.023192372173070908,0.06209390610456467,0.6059271693229675,0.29792508482933044
0.009664148092269897,0.08360473811626434,0.7339025139808655,0.11854800581932068,0.05428058281540871
0.003289898158982396,0.010363113135099411,0.1757407933473587,0.7552869319915771,0.05531921610236168
0.5216386914253235,0.33112776279449463,0.035418517887592316,0.030147448182106018,0.0816676914691925
0.11569230258464813,0.41254663467407227,0.3488510251045227,0.06884118914604187,0.05406884476542473
0.013755771331489086,0.3988783657550812,0.5184007287025452,0.03342234343290329,0.03554287180304527
0.0010748367058113217,0.0016016876325011253,0.0013471402926370502,0.09597113728523254,0.9000051617622375
0.5337838530540466,0.2995401918888092,0.03996427729725838,0.04380914941430092,0.0829024463891983
0.005499207880347967,0.009597321972250938,0.2025424987077713,0.7202960252761841,0.06206493824720383
0.6481038331985474,0.23532851040363312,0.01810317113995552,0.030013414099812508,0.06845102459192276
0.6181486248970032,0.22739267349243164,0.02326768822968006,0.04871189966797829,0.08247910439968109
0.010042213834822178,0.1934231072664261,0.6997780799865723,0.04197043180465698,0.054786086082458496
0.010530519299209118,0.11926296353340149,0.6545071005821228,0.15992258489131927,0.055776797235012054
0.006682408042252064,0.02279343083500862,0.2808879017829895,0.6304356455802917,0.059200651943683624
0.06274473667144775,0.7530659437179565,0.1057172417640686,0.013935769908130169,0.06453637778759003
0.036732301115989685,0.6506004333496094,0.23446312546730042,0.021247318014502525,0.05695686489343643
0.588284969329834,0.23362436890602112,0.034091461449861526,0.04335126653313637,0.10064799338579178
0.6460913419723511,0.19809862971305847,0.019620968028903008,0.04763733595609665,0.08855179697275162
0.3695509135723114,0.4515979588031769,0.06814195960760117,0.04173583909869194,0.06897329539060593
0.591513454914093,0.2389708310365677,0.03340328484773636,0.04512542113661766,0.09098704159259796
0.6316401362419128,0.22269800305366516,0.018342094495892525,0.04938717558979988,0.07793262600898743
0.6915410161018372,0.17587868869304657,0.016216419637203217,0.036268096417188644,0.08009587973356247
0.021356182172894478,0.4474368095397949,0.45515668392181396,0.02651400864124298,0.04953622817993164
0.6177260279655457,0.22641822695732117,0.022758061066269875,0.04752475768327713,0.08557291328907013
0.006351282354444265,0.07403101772069931,0.7100946307182312,0.16945108771324158,0.04007185995578766
0.005677932407706976,0.016529329121112823,0.16430756449699402,0.7330142855644226,0.08047092705965042
0.008197248913347721,0.01376491691917181,0.011666306294500828,0.2015751749277115,0.7647963762283325
0.003773751202970743,0.007478451356291771,0.00426329392939806,0.07422810792922974,0.9102563858032227
0.10564450174570084,0.5531330704689026,0.2238999307155609,0.05156340077519417,0.06575915217399597
0.011612511239945889,0.022007690742611885,0.03612171486020088,0.46828266978263855,0.4619753360748291
0.5496309399604797,0.3169936239719391,0.030816713348031044,0.036098722368478775,0.06645991653203964
0.0004184246063232422,0.0008156292606145144,0.00014085325528867543,0.03252922743558884,0.9660958051681519
0.5652378797531128,0.26639533042907715,0.034785155206918716,0.03960803523659706,0.0939735397696495
0.34113213419914246,0.45525282621383667,0.04727069288492203,0.05286071449518204,0.10348368436098099
0.366333544254303,0.47269392013549805,0.05734962597489357,0.03254758194088936,0.07107532024383545
0.5992709994316101,0.2654222548007965,0.020615996792912483,0.040041159838438034,0.07464964687824249
0.014537992887198925,0.12149838358163834,0.5923175811767578,0.202349454164505,0.06929656863212585
0.5492104887962341,0.2947286069393158,0.03500480577349663,0.03521768003702164,0.0858384296298027
0.011919700540602207,0.048852235078811646,0.3209012448787689,0.5143401622772217,0.10398659110069275
0.6053109169006348,0.22643369436264038,0.03101409040391445,0.048685986548662186,0.08855533599853516
0.15866366028785706,0.6516429781913757,0.08389256149530411,0.030722253024578094,0.07507853955030441
0.007933101616799831,0.19125495851039886,0.7123424410820007,0.03402125462889671,0.05444830656051636
0.3616977035999298,0.46707385778427124,0.05524996295571327,0.04518471285700798,0.07079374045133591
0.6264201998710632,0.23255638778209686,0.02194930613040924,0.030371971428394318,0.08870226889848709
0.022050200030207634,0.32920554280281067,0.5403891801834106,0.05612562969326973,0.052229542285203934
0.6557745337486267,0.20411676168441772,0.019880104809999466,0.03428112342953682,0.08594756573438644
0.51726895570755,0.32546162605285645,0.03713418170809746,0.031330209225416183,0.08880499005317688
0.0043792263604700565,0.010389969684183598,0.04975420609116554,0.7160323262214661,0.21944423019886017
0.21281060576438904,0.6469284296035767,0.05904727429151535,0.02256462350487709,0.05864894762635231
0.12877337634563446,0.6271489858627319,0.15862277150154114,0.027776464819908142,0.05767842382192612
0.47535252571105957,0.35056397318840027,0.049754105508327484,0.0446045957505703,0.07972480356693268
0.07183460891246796,0.6205189228057861,0.22454707324504852,0.028097089380025864,0.055002301931381226
0.6480700373649597,0.1932806372642517,0.024587837979197502,0.04645342379808426,0.08760805428028107
0.13633222877979279,0.696753740310669,0.08279141783714294,0.025768226012587547,0.05835440009832382
0.006518104113638401,0.01890140026807785,0.3047802746295929,0.610953152179718,0.05884707719087601
0.49453336000442505,0.33913177251815796,0.04004927724599838,0.03413296863436699,0.09215258806943893
0.007533606141805649,0.013079234398901463,0.010926488786935806,0.265049546957016,0.7034111022949219
0.6811559200286865,0.19157327711582184,0.01759222522377968,0.028952615335583687,0.08072594553232193
0.08436901122331619,0.6852664351463318,0.1338472068309784,0.031050508841872215,0.06546686589717865
0.019992215558886528,0.21887288987636566,0.6225475668907166,0.07892420142889023,0.05966305360198021
0.37170878052711487,0.4816035330295563,0.049190253019332886,0.030073964968323708,0.06742344796657562
0.02680746279656887,0.6624993681907654,0.24161112308502197,0.017009343951940536,0.052072685211896896
0.009846269153058529,0.06488540023565292,0.6828893423080444,0.18800237774848938,0.05437659099698067
0.11339724063873291,0.6337831616401672,0.15794318914413452,0.033069998025894165,0.06180634722113609
0.014837252907454967,0.1708873212337494,0.616707444190979,0.13421207666397095,0.06335587799549103
0.004240276291966438,0.009153840132057667,0.1597248762845993,0.7465677261352539,0.0803132876753807
0.4195408225059509,0.41026821732521057,0.046722929924726486,0.04128005728125572,0.08218801766633987
0.0043329112231731415,0.009078613482415676,0.08700530976057053,0.6746360063552856,0.22494719922542572
0.7027166485786438,0.14493806660175323,0.02152664214372635,0.03850661218166351,0.09231209754943848
0.00502198887988925,0.008307503536343575,0.008725584484636784,0.3189038336277008,0.6590410470962524
0.0047228289768099785,0.015022302977740765,0.16721780598163605,0.7430939674377441,0.06994307041168213
0.039904870092868805,0.3558080196380615,0.43378159403800964,0.10352383553981781,0.0669817253947258
0.004858865402638912,0.016168000176548958,0.22656674683094025,0.693867027759552,0.05853932350873947
0.43638285994529724,0.3818937838077545,0.060568805783987045,0.04011094197630882,0.08104352653026581
0.18416976928710938,0.6025993227958679,0.11811511963605881,0.0376117043197155,0.057504113763570786
0.0022038803435862064,0.004532807040959597,0.0026344452053308487,0.1986655294895172,0.7919633388519287
0.7144244313240051,0.15244045853614807,0.012142098508775234,0.04245517775416374,0.07853783667087555
0.06898899376392365,0.7620671987533569,0.10127931833267212,0.021451104432344437,0.04621348902583122
0.5454671382904053,0.33359766006469727,0.02745269611477852,0.03127220273017883,0.06221028044819832
0.5096724033355713,0.33308371901512146,0.04174693301320076,0.036091215908527374,0.07940581440925598
0.03393295034766197,0.4757022559642792,0.3969930410385132,0.04019820690155029,0.053173504769802094
0.6188351511955261,0.23683667182922363,0.02169007621705532,0.028597334399819374,0.09404078125953674
0.1209046021103859,0.32352039217948914,0.4013413190841675,0.08458463102579117,0.06964905560016632
0.01176026463508606,0.12690208852291107,0.6163508892059326,0.17933103442192078,0.06565569341182709
0.564307451248169,0.2629309296607971,0.03727450594305992,0.04532409459352493,0.09016303718090057
0.020761726424098015,0.2871339023113251,0.5600039958953857,0.0705590471625328,0.06154133751988411
0.4588858187198639,0.3619252145290375,0.06016981974244118,0.03806270286440849,0.08095651119947433
0.007605193182826042,0.0917268693447113,0.7709863185882568,0.07647314667701721,0.05320855602622032
0.1028694435954094,0.5915922522544861,0.20788533985614777,0.040090084075927734,0.0575629286468029
0.011512873694300652,0.06238030642271042,0.497033953666687,0.3618340492248535,0.06723883002996445
0.0030799335800111294,0.006100642029196024,0.0020404309034347534,0.10157742351293564,0.8872015476226807
0.010337470099329948,0.1243225708603859,0.6909804344177246,0.125127375125885,0.04923204705119133
0.006565819960087538,0.02233055792748928,0.18692150712013245,0.7035006880760193,0.08068154007196426
0.007470844313502312,0.011210547760128975,0.04827895760536194,0.6853746771812439,0.2476649135351181
0.024031978100538254,0.16415269672870636,0.5514868497848511,0.19214139878749847,0.06818702071905136
0.08125367015600204,0.5884187817573547,0.2393384873867035,0.03490108996629715,0.05608798563480377
0.005601204000413418,0.009908252395689487,0.2221933752298355,0.7012113332748413,0.0610857792198658
0.00936693511903286,0.12178065627813339,0.6321168541908264,0.1823939085006714,0.05434165522456169
0.4059997797012329,0.4307525157928467,0.05043724924325943,0.037142395973205566,0.07566812634468079
0.6534342169761658,0.1911000907421112,0.023610204458236694,0.04667644202709198,0.0851791575551033
0.5726063251495361,0.28726279735565186,0.02877647615969181,0.03461075946688652,0.07674367725849152
0.016274094581604004,0.11863759905099869,0.5513954758644104,0.24374498426914215,0.069947749376297
0.006027302239090204,0.13833646476268768,0.7441121339797974,0.06827246397733688,0.043251603841781616
0.43733444809913635,0.40554943680763245,0.051350656896829605,0.031718552112579346,0.07404690235853195
0.29549142718315125,0.5352280139923096,0.06378466635942459,0.038398973643779755,0.06709683686494827
0.2913348972797394,0.5591636896133423,0.05741456523537636,0.02734561823308468,0.06474124640226364
0.6130732893943787,0.24923260509967804,0.024920374155044556,0.03316294029355049,0.07961086183786392
0.007895521819591522,0.0337597131729126,0.5176632404327393,0.3864652216434479,0.054216284304857254
0.700872004032135,0.1577627807855606,0.016204118728637695,0.04175470024347305,0.08340638875961304
0.22666457295417786,0.4318356513977051,0.17099617421627045,0.08633910864591599,0.08416453003883362
0.5693825483322144,0.25353050231933594,0.037938833236694336,0.04744751751422882,0.09170055389404297
0.010771314613521099,0.10395251959562302,0.6553807258605957,0.17318548262119293,0.0567099004983902
0.637739896774292,0.2119569629430771,0.02545991726219654,0.03781700134277344,0.08702617883682251
0.26557567715644836,0.5253568887710571,0.10890893638134003,0.020810894668102264,0.07934752851724625
0.44267982244491577,0.4125216007232666,0.03290300816297531,0.037396322935819626,0.07449927926063538
0.020877014845609665,0.03324476629495621,0.031009305268526077,0.2354394495487213,0.6794294118881226
0.6192592978477478,0.2263622134923935,0.029099872335791588,0.037141889333724976,0.08813665807247162
0.006117572076618671,0.14840270578861237,0.721148669719696,0.08768731355667114,0.03664376959204674
0.0049670119769871235,0.009351596236228943,0.006821095012128353,0.0728880986571312,0.9059721231460571
0.4607193171977997,0.3606337010860443,0.05879246070981026,0.03589916601777077,0.0839553251862526
0.0784311294555664,0.586243748664856,0.2560141980648041,0.028764624148607254,0.05054638534784317
0.0005576721159741282,0.0014094706857576966,0.019841233268380165,0.8763943910598755,0.10179716348648071
0.009367073886096478,0.19488078355789185,0.6932389140129089,0.05896557867527008,0.04354766756296158
0.5555615425109863,0.283024400472641,0.03772075101733208,0.03800420090556145,0.08568906038999557
0.019242022186517715,0.4633793830871582,0.4472176432609558,0.026880567893385887,0.04328040033578873
0.5970608592033386,0.23814848065376282,0.033923011273145676,0.046978726983070374,0.0838889479637146
0.06048936769366264,0.7204440236091614,0.14738942682743073,0.011542851105332375,0.06013431400060654
0.4148440957069397,0.42010703682899475,0.04644997417926788,0.03436179831624031,0.08423702418804169
0.6432616710662842,0.20145578682422638,0.022922489792108536,0.04701247811317444,0.08534760028123856
0.00968059990555048,0.02648233063519001,0.19894544780254364,0.6650537252426147,0.09983786195516586
0.6563293933868408,0.196254163980484,0.018778152763843536,0.047327831387519836,0.08131047338247299
0.009682200849056244,0.05001728981733322,0.3842584490776062,0.45531579852104187,0.10072627663612366
0.046273089945316315,0.5443415641784668,0.33480730652809143,0.029295561835169792,0.04528244212269783
0.6087131500244141,0.23250359296798706,0.024452846497297287,0.04738704487681389,0.08694326877593994
0.562041163444519,0.301154226064682,0.02552991546690464,0.03813948482275009,0.07313515245914459
0.03777977079153061,0.5865389704704285,0.2825677990913391,0.025671930983662605,0.06744145601987839
0.6232239007949829,0.22386813163757324,0.022216785699129105,0.042325057089328766,0.08836620301008224
0.5564275979995728,0.2637495994567871,0.03609141707420349,0.04807586967945099,0.09565558284521103
0.5365744233131409,0.2973184883594513,0.042277488857507706,0.045656293630599976,0.07817334681749344
0.6924668550491333,0.16019418835639954,0.018018584698438644,0.04311418905854225,0.08620622009038925
0.008008668199181557,0.029176943004131317,0.5111357569694519,0.39876869320869446,0.05291001498699188
0.009969883598387241,0.0259946808218956,0.219712495803833,0.6425228714942932,0.10180004686117172
0.10955509543418884,0.7298447489738464,0.0915520116686821,0.017972396686673164,0.05107579380273819
0.014810849912464619,0.23490658402442932,0.6097267270088196,0.09194573014974594,0.048610031604766846
0.005939378868788481,0.029716119170188904,0.2803853750228882,0.5662047266960144,0.11775445938110352
0.5238146781921387,0.30717775225639343,0.03937282785773277,0.03966580703854561,0.08996893465518951
0.23181475698947906,0.5665898323059082,0.1030440628528595,0.027837978675961494,0.0707133486866951
0.6134182810783386,0.23231469094753265,0.02456468529999256,0.03444632142782211,0.095256008207798
0.5366599559783936,0.2836427390575409,0.045636020600795746,0.04945382475852966,0.08460743725299835
0.0071671223267912865,0.15478868782520294,0.7033654451370239,0.09279404580593109,0.0418846495449543
0.022417258471250534,0.4378841519355774,0.4569035768508911,0.04270213097333908,0.040092796087265015
0.5752804279327393,0.26851779222488403,0.03295181319117546,0.04104405641555786,0.08220593631267548
0.5094653964042664,0.30509257316589355,0.048166424036026,0.05360940098762512,0.08366624265909195
0.5603886842727661,0.30522072315216064,0.029120996594429016,0.03176276013255119,0.07350694388151169
0.019719989970326424,0.2539638876914978,0.5944190621376038,0.07667192071676254,0.055225007236003876
0.5785212516784668,0.2646309435367584,0.032963450998067856,0.04419420659542084,0.07969009876251221
0.3221718668937683,0.46894416213035583,0.08980891108512878,0.034857094287872314,0.08421792834997177
0.016437554731965065,0.18465662002563477,0.6558063626289368,0.09460476040840149,0.048494648188352585
0.20562374591827393,0.5111045837402344,0.1459123194217682,0.04667922481894493,0.09068014472723007
0.6178010106086731,0.23421306908130646,0.022271594032645226,0.042126208543777466,0.08358808606863022
0.01103282067924738,0.11863759160041809,0.6818321347236633,0.13543088734149933,0.05306652560830116
0.11690140515565872,0.6560904383659363,0.14750169217586517,0.027015792205929756,0.052490610629320145
0.5047898888587952,0.3143171966075897,0.048000264912843704,0.03952698037028313,0.09336574375629425
0.044738397002220154,0.682386040687561,0.19345355033874512,0.026547158136963844,0.05287475138902664
0.1311519742012024,0.610202968120575,0.16809320449829102,0.02319304086267948,0.06735880672931671
0.5860768556594849,0.24957723915576935,0.033267173916101456,0.04537488520145416,0.08570390194654465
0.2129475474357605,0.6001731157302856,0.09847516566514969,0.02200392819941044,0.06640025228261948
0.009734116494655609,0.09800954908132553,0.7076556086540222,0.13556179404258728,0.04903895780444145
0.0034078119788318872,0.009548289701342583,0.2467687577009201,0.6970691084861755,0.04320601746439934
0.7180460095405579,0.15781570971012115,0.013548816554248333,0.03216327726840973,0.07842613756656647
0.46386921405792236,0.39548784494400024,0.03553374111652374,0.0333830825984478,0.07172612100839615
0.009424073621630669,0.2864418625831604,0.6228350400924683,0.045724350959062576,0.03557472303509712
0.009923731908202171,0.057115476578474045,0.5675065517425537,0.30854228138923645,0.056912001222372055
0.4926459789276123,0.3499760925769806,0.043685708194971085,0.03441482037305832,0.07927743345499039
0.6781995296478271,0.17798782885074615,0.019685685634613037,0.040910813957452774,0.08321623504161835
0.013619624078273773,0.3217107057571411,0.5800994038581848,0.026702962815761566,0.057867273688316345
0.012161631137132645,0.061071787029504776,0.4319826364517212,0.41016027331352234,0.08462364226579666
0.595793604850769,0.25393056869506836,0.028074732050299644,0.03685462474822998,0.08534654229879379
0.01367890927940607,0.25500205159187317,0.6069953441619873,0.07616108655929565,0.048162564635276794
0.003043524455279112,0.010104537941515446,0.16207420825958252,0.7652865648269653,0.059491273015737534
0.673069417476654,0.17697250843048096,0.01972959190607071,0.04659570753574371,0.08363283425569534
0.6786963939666748,0.18779577314853668,0.017203407362103462,0.032126571983098984,0.08417782187461853
0.008828287944197655,0.014770660549402237,0.017377953976392746,0.3773249387741089,0.5816981792449951
0.10499345511198044,0.6737334728240967,0.14269661903381348,0.018999628722667694,0.059576746076345444
0.0300893597304821,0.6813493371009827,0.22801198065280914,0.012136418372392654,0.04841288924217224
0.002727657789364457,0.007033913396298885,0.06630216538906097,0.8047121167182922,0.11922410875558853
0.006364328321069479,0.1009892150759697,0.7122389078140259,0.13159388303756714,0.04881362244486809
0.008388598449528217,0.019065190106630325,0.07876479625701904,0.6971401572227478,0.19664131104946136
0.10368717461824417,0.49847710132598877,0.22851090133190155,0.06611199676990509,0.1032128781080246
0.6281562447547913,0.23197852075099945,0.01925906166434288,0.03967420011758804,0.08093200623989105
0.7205511927604675,0.14107535779476166,0.013023396953940392,0.04113727807998657,0.08421272784471512
0.14977747201919556,0.649872362613678,0.1054212898015976,0.03563183173537254,0.05929712578654289
0.5607473850250244,0.2866053581237793,0.028621332719922066,0.04163576290011406,0.08239021897315979
0.005306563805788755,0.015278291888535023,0.11878719180822372,0.6371448636054993,0.2234831005334854
0.5796783566474915,0.2641581594944,0.030534302815794945,0.0402151420712471,0.08541408181190491
0.7547844052314758,0.1048305556178093,0.011612585745751858,0.03616192191839218,0.09261061251163483
0.18093864619731903,0.6128958463668823,0.10265234857797623,0.02564064972102642,0.07787250727415085
0.008164569735527039,0.2881845235824585,0.6322799921035767,0.028869114816188812,0.0425017885863781
0.012306882068514824,0.030084984377026558,0.12253167480230331,0.6961809396743774,0.13889551162719727
0.0041661933064460754,0.012976326048374176,0.19304803013801575,0.6869701147079468,0.10283932089805603
0.00889063160866499,0.06396455317735672,0.5223371386528015,0.34546002745628357,0.059347592294216156
0.0009230011492036283,0.0029525868594646454,0.04832194745540619,0.8869616985321045,0.06084080785512924
0.4529440402984619,0.3865530788898468,0.04451271519064903,0.03884778171777725,0.07714235037565231
0.1546633243560791,0.6990397572517395,0.0620390884578228,0.02317284233868122,0.061084967106580734
0.06723537296056747,0.6446346044540405,0.2167573869228363,0.026788486167788506,0.04458415508270264
0.006641005631536245,0.06926649808883667,0.6364628076553345,0.23811781406402588,0.049511879682540894
0.08309217542409897,0.7275782227516174,0.12332157790660858,0.01955302618443966,0.04645504429936409
0.006619608961045742,0.12988169491291046,0.721174955368042,0.10114122927188873,0.041182540357112885
0.6075964570045471,0.2376471757888794,0.028654221445322037,0.041239023208618164,0.08486317098140717
0.050060346722602844,0.46909046173095703,0.38590073585510254,0.049266137182712555,0.04568222910165787
0.14389663934707642,0.47887304425239563,0.24248571693897247,0.06288094073534012,0.07186365127563477
0.00616510258987546,0.06714605540037155,0.6286590695381165,0.24510279297828674,0.05292685329914093
0.008186708204448223,0.049516741186380386,0.4929395020008087,0.39534732699394226,0.05400966852903366
0.6627607345581055,0.2141377031803131,0.014616879634559155,0.036987438797950745,0.07149723172187805
0.0646732747554779,0.7396532297134399,0.10952381044626236,0.019404971972107887,0.06674472987651825
0.014995859935879707,0.0962667167186737,0.4506157636642456,0.33331871032714844,0.10480289906263351
0.637157142162323,0.21700483560562134,0.019298356026411057,0.041723575443029404,0.0848160982131958
0.599808394908905,0.25210270285606384,0.028163237497210503,0.03656836599111557,0.0833572968840599
0.02094920165836811,0.42137959599494934,0.4854629635810852,0.030885811895132065,0.04132235795259476
0.01583867333829403,0.2607834041118622,0.5920901894569397,0.08440982550382614,0.046877823770046234
0.6175950765609741,0.23443245887756348,0.02048594318330288,0.04472080618143082,0.08276574313640594
0.003404454095289111,0.006706379819661379,0.004134169779717922,0.11297915875911713,0.8727757930755615
0.008158532902598381,0.029669160023331642,0.3873721957206726,0.5158082842826843,0.05899190530180931
0.6569254398345947,0.21278837323188782,0.019136672839522362,0.03287924826145172,0.07827026396989822
0.12859968841075897,0.719998300075531,0.08262838423252106,0.01568046398460865,0.053093165159225464
0.6280720233917236,0.22503016889095306,0.02599881961941719,0.03516698628664017,0.08573196083307266
0.0047701080329716206,0.01967930980026722,0.33772173523902893,0.5969266891479492,0.040902093052864075
0.005681935697793961,0.009459485299885273,0.00946839340031147,0.32469281554222107,0.6506973505020142
0.6509264707565308,0.20694375038146973,0.020795634016394615,0.03401957452297211,0.08731459081172943
0.02975747548043728,0.5240688323974609,0.36628028750419617,0.03094167448580265,0.04895178601145744
0.13526363670825958,0.6119824647903442,0.16221477091312408,0.03362204506993294,0.056917063891887665
0.013185903429985046,0.11752675473690033,0.5970382690429688,0.20751550793647766,0.06473362445831299
0.002882719272747636,0.008125241845846176,0.11593732982873917,0.7981783747673035,0.07487628608942032
0.6823309659957886,0.1830470860004425,0.018266165629029274,0.032759349793195724,0.08359645307064056
0.00849232729524374,0.3234221041202545,0.6004300117492676,0.02801217883825302,0.03964333236217499
0.18090975284576416,0.5652592778205872,0.14496693015098572,0.04253454506397247,0.0663294792175293
0.5939452052116394,0.2632223963737488,0.02481345646083355,0.028748108074069023,0.08927080035209656
0.06063416600227356,0.7195734977722168,0.13609355688095093,0.026682300493121147,0.05701639503240585
0.008533728308975697,0.01665673777461052,0.23301656544208527,0.6691837906837463,0.07260914891958237
0.009303960017859936,0.03076060116291046,0.3006514310836792,0.5871248245239258,0.07215914875268936
0.5962075591087341,0.2306993305683136,0.030227994546294212,0.05077232047915459,0.0920928418636322
0.006076427176594734,0.039208050817251205,0.47417616844177246,0.43255412578582764,0.04798516258597374
0.03425100818276405,0.6615176200866699,0.24539843201637268,0.012380918487906456,0.046451885253190994
0.01053108274936676,0.17311851680278778,0.6804697513580322,0.08638902753591537,0.04949161782860756
0.008295116946101189,0.20318728685379028,0.6849064826965332,0.06347528845071793,0.040135785937309265
0.05579139664769173,0.6806685328483582,0.19219492375850677,0.018680190667510033,0.052664969116449356
0.00830378569662571,0.09038280695676804,0.6593979597091675,0.187803253531456,0.05411217734217644
0.004913026466965675,0.007123469840735197,0.09339888393878937,0.766728401184082,0.1278361827135086
0.010576626285910606,0.024692745879292488,0.0887015238404274,0.6446341276168823,0.231394961476326
0.004692842252552509,0.008792096748948097,0.006048981100320816,0.09143108129501343,0.8890349864959717
0.007986756041646004,0.019581712782382965,0.3546975553035736,0.5650351643562317,0.05269886925816536
0.009318061172962189,0.014870367012917995,0.022721802815794945,0.405324786901474,0.5477649569511414
0.6155803203582764,0.2533470392227173,0.023068701848387718,0.03391064703464508,0.07409325987100601
0.038927797228097916,0.048567995429039,0.05716351047158241,0.23143786191940308,0.6239027976989746
0.005681490991264582,0.022712238132953644,0.3302636444568634,0.5912564992904663,0.0500861294567585
0.6310704350471497,0.22135359048843384,0.023253340274095535,0.035157278180122375,0.08916530758142471
0.16986919939517975,0.5974223613739014,0.13559100031852722,0.029811836779117584,0.06730561703443527
0.00545817706733942,0.0071596247144043446,0.10618788003921509,0.7839282751083374,0.09726604074239731
0.6888797879219055,0.17907775938510895,0.020311906933784485,0.027261454612016678,0.08446904271841049
0.007281891070306301,0.025710579007864,0.26991626620292664,0.6274581551551819,0.06963305175304413
0.004111990332603455,0.014012614265084267,0.2554374933242798,0.6832297444343567,0.04320822283625603
0.009638075716793537,0.2552519738674164,0.6545418500900269,0.045495275408029556,0.0350729338824749
0.5875893831253052,0.24415066838264465,0.03280034288764,0.04777335375547409,0.08768635243177414
0.483623206615448,0.36530667543411255,0.04142526537179947,0.03397877886891365,0.07566608488559723
0.649806797504425,0.21053223311901093,0.02093520015478134,0.03484067693352699,0.083885058760643
0.0028541593346744776,0.0038923805113881826,0.09682364016771317,0.8249849677085876,0.07144483923912048
0.041667256504297256,0.25513526797294617,0.5000025629997253,0.14384905993938446,0.059345878660678864
0.011466261930763721,0.022757815197110176,0.015493014827370644,0.23609529435634613,0.7141876220703125
0.5313861966133118,0.31689131259918213,0.034063976258039474,0.04078030586242676,0.07687824219465256
0.502672016620636,0.3422136902809143,0.03565613925457001,0.027296271175146103,0.0921618863940239
0.008188466541469097,0.022016672417521477,0.25725921988487244,0.6399281620979309,0.07260753959417343
0.4851890504360199,0.32039666175842285,0.05353458225727081,0.05565875768661499,0.08522091060876846
0.06876350939273834,0.6169687509536743,0.20480972528457642,0.04572322964668274,0.06373486667871475
0.06572005897760391,0.7418498992919922,0.125102236866951,0.018452821299433708,0.048874977976083755
0.06025192141532898,0.6897001266479492,0.16191524267196655,0.03218473121523857,0.055947981774806976
0.21291321516036987,0.5839837193489075,0.11041107773780823,0.029628146439790726,0.06306386739015579
0.013804526999592781,0.5155029892921448,0.40055713057518005,0.01366467121988535,0.056470710784196854
0.016975322738289833,0.22225302457809448,0.6474516987800598,0.06087192893028259,0.05244804173707962
0.6410780549049377,0.20146659016609192,0.02659921906888485,0.04512771964073181,0.08572841435670853
0.04529089853167534,0.5813087821006775,0.29842621088027954,0.02895839884877205,0.046015664935112
0.4997963011264801,0.31134650111198425,0.06428086757659912,0.04489528760313988,0.07968099415302277
0.005436713807284832,0.011658906005322933,0.06425661593675613,0.7965111136436462,0.1221366822719574
0.19477011263370514,0.6150433421134949,0.10415691137313843,0.021288054063916206,0.06474152952432632
0.32146814465522766,0.47461873292922974,0.09947145730257034,0.03506925702095032,0.06937240064144135
0.01450816448777914,0.02622794732451439,0.03465080261230469,0.41110047698020935,0.5135126709938049
0.6401047706604004,0.2145867496728897,0.020746884867548943,0.0428166501224041,0.0817449763417244
0.20618106424808502,0.6416903734207153,0.06471646577119827,0.028025155887007713,0.05938686802983284
0.5738250017166138,0.2861044406890869,0.022055070847272873,0.04267997294664383,0.07533548027276993
0.06983090192079544,0.7161973714828491,0.14389660954475403,0.015258850529789925,0.05481624975800514
0.5878134965896606,0.2601299285888672,0.029061367735266685,0.035544298589229584,0.08745083957910538
0.5844560265541077,0.2620598077774048,0.025119807571172714,0.048958830535411835,0.07940549403429031
0.011611958965659142,0.13103488087654114,0.6600205898284912,0.1359330713748932,0.06139955669641495
0.04849198833107948,0.3936772048473358,0.4344877004623413,0.06536498665809631,0.05797811597585678
0.015325701795518398,0.1119452640414238,0.5119065046310425,0.26476070284843445,0.09606178849935532
0.6886796951293945,0.17413461208343506,0.018026448786258698,0.03338935598731041,0.08576995879411697
0.009945164434611797,0.34020277857780457,0.5771298408508301,0.0351799912750721,0.037542201578617096
0.6301245093345642,0.22508957982063293,0.023637983947992325,0.035904284566640854,0.08524362742900848
0.6473028063774109,0.19026216864585876,0.023892750963568687,0.050420332700014114,0.08812183141708374
0.013458854518830776,0.029278216883540154,0.084843710064888,0.5814685225486755,0.29095062613487244
0.5674420595169067,0.2936542332172394,0.028121327981352806,0.03000825084745884,0.08077415823936462
0.004731417633593082,0.030498303472995758,0.4036106765270233,0.49537307024002075,0.06578654050827026
0.01142340712249279,0.17194265127182007,0.7093625068664551,0.06302536278963089,0.04424607381224632
0.43796980381011963,0.385374516248703,0.05332368239760399,0.0320049524307251,0.09132695943117142
0.4435228705406189,0.3879454731941223,0.049645163118839264,0.03119025193154812,0.08769626170396805
0.18312887847423553,0.577542781829834,0.12878043949604034,0.03753912076354027,0.07300873845815659
0.00932417344301939,0.05460529029369354,0.5608596801757812,0.31227558851242065,0.06293521821498871
0.005371060688048601,0.013630349189043045,0.07664066553115845,0.7535495758056641,0.15080833435058594
0.11244530230760574,0.5298789143562317,0.24170967936515808,0.0568319596350193,0.05913417041301727
0.45159342885017395,0.3812377154827118,0.048054326325654984,0.04188043624162674,0.07723405212163925
0.07053957879543304,0.7423056364059448,0.1282302588224411,0.012269753031432629,0.04665481671690941
0.07921133935451508,0.6054069995880127,0.23125487565994263,0.031186750158667564,0.05293998494744301
0.5720921754837036,0.2866431474685669,0.0296295378357172,0.0354933887720108,0.07614176720380783
0.008923317305743694,0.02564212493598461,0.2970035672187805,0.5928387641906738,0.07559218257665634
0.609413206577301,0.23474371433258057,0.02490352839231491,0.04273785278201103,0.08820164203643799
0.0071891313418745995,0.012666906230151653,0.009709326550364494,0.18528416752815247,0.7851504683494568
0.042071592062711716,0.1255551427602768,0.6544662117958069,0.11434976011514664,0.06355735659599304
0.0033335047774016857,0.005730549339205027,0.0039993650279939175,0.18714973330497742,0.7997868061065674
0.0065758079290390015,0.10776715725660324,0.7129420638084412,0.12158123403787613,0.051133859902620316
0.015845153480768204,0.141784206032753,0.6565808653831482,0.12350169569253922,0.062288060784339905
0.7018294930458069,0.1756407916545868,0.014194997027516365,0.03451859578490257,0.07381612062454224
0.5622791647911072,0.271168053150177,0.03517427295446396,0.042336735874414444,0.0890418291091919
0.011011071503162384,0.06354329735040665,0.5072811841964722,0.36363402009010315,0.054530490189790726
0.678320586681366,0.1748834252357483,0.016371138393878937,0.04166848212480545,0.08875644207000732
0.003934025764465332,0.022332126274704933,0.3656485974788666,0.5444998741149902,0.06358537077903748
0.00873528141528368,0.12986880540847778,0.7525559663772583,0.05543149635195732,0.05340851470828056
0.027585050091147423,0.1026664674282074,0.20395323634147644,0.4369069039821625,0.2288883775472641
0.5184127688407898,0.3267418146133423,0.03519304469227791,0.040111057460308075,0.07954137772321701
0.05755642056465149,0.7171112298965454,0.16368916630744934,0.015954598784446716,0.04568858444690704
0.5932316780090332,0.22848403453826904,0.035212647169828415,0.047486916184425354,0.09558476507663727
0.6023843288421631,0.24006925523281097,0.02639109268784523,0.04311159998178482,0.08804378658533096
0.011337656527757645,0.3076865077018738,0.5985748171806335,0.037545278668403625,0.04485567286610603
0.01139617245644331,0.30029425024986267,0.6044592261314392,0.04049401357769966,0.04335625097155571
0.44536563754081726,0.37940576672554016,0.054378800094127655,0.04000219702720642,0.08084751665592194
0.6765663623809814,0.18739347159862518,0.017978210002183914,0.033907100558280945,0.08415484428405762
0.00677751749753952,0.02401050552725792,0.2430187314748764,0.6617802381515503,0.06441294401884079
0.006813844665884972,0.022030334919691086,0.1571161448955536,0.6221703290939331,0.19186930358409882
0.6094967722892761,0.22900955379009247,0.028106294572353363,0.04283773526549339,0.09054960310459137
0.5697864294052124,0.2863202393054962,0.02700425125658512,0.026600604876875877,0.09028852730989456
0.36029428243637085,0.4900749623775482,0.04596521705389023,0.03493797406554222,0.0687275156378746
0.30186209082603455,0.48063239455223083,0.11137859523296356,0.04075286537408829,0.065373994410038
0.4867922067642212,0.3451833724975586,0.04711771383881569,0.038608618080616,0.08229812234640121
0.44650527834892273,0.36133241653442383,0.06911884993314743,0.04935813322663307,0.073685422539711
0.08585058152675629,0.5151223540306091,0.2855691611766815,0.05704990401864052,0.056407950818538666
0.2299596220254898,0.5808671712875366,0.09531841427087784,0.03185669705271721,0.06199817359447479
0.5023712515830994,0.3289661407470703,0.046187520027160645,0.04035895690321922,0.08211611211299896
0.6763867735862732,0.15662363171577454,0.022889791056513786,0.04587376490235329,0.09822609275579453
0.5897338390350342,0.25776591897010803,0.029222555458545685,0.03509390354156494,0.08818379044532776
0.039783213287591934,0.7026897668838501,0.17593272030353546,0.020062996074557304,0.061531346291303635
0.5482431650161743,0.2724068760871887,0.04225195199251175,0.045647669583559036,0.0914502888917923
0.008710169233381748,0.030895311385393143,0.17790839076042175,0.5811330676078796,0.2013530731201172
0.006727610249072313,0.008754297159612179,0.006293945480138063,0.21160967648029327,0.7666144371032715
0.1469462513923645,0.6248721480369568,0.12557204067707062,0.026320356875658035,0.07628918439149857
0.014036023989319801,0.030936870723962784,0.04577931761741638,0.4528442919254303,0.45640355348587036
0.00945888552814722,0.014910905621945858,0.026155080646276474,0.542639434337616,0.4068356156349182
0.6627945899963379,0.2178504914045334,0.013443540781736374,0.0353197306394577,0.07059168815612793
0.0032182750292122364,0.009016292169690132,0.08505675941705704,0.8052294254302979,0.09747925400733948
0.0026816711761057377,0.0029156499076634645,0.00258922902867198,0.1642826646566391,0.8275307416915894
0.6488205194473267,0.21498693525791168,0.016998225823044777,0.04195103794336319,0.07724335044622421
0.011192671954631805,0.37521204352378845,0.535444974899292,0.02793005108833313,0.050220292061567307
0.0040827603079378605,0.013200250454246998,0.15567177534103394,0.7572798728942871,0.06976532936096191
0.13843119144439697,0.6314889788627625,0.1407855600118637,0.02769223228096962,0.06160198897123337
0.04895397275686264,0.7945279479026794,0.0959746241569519,0.009403408505022526,0.05113999918103218
0.5722548365592957,0.2742886245250702,0.03454790264368057,0.03982182592153549,0.0790867730975151
0.010163942351937294,0.22974330186843872,0.6716060042381287,0.03502798452973366,0.053458865731954575
0.12804973125457764,0.6566720604896545,0.10943574458360672,0.0370313785970211,0.06881097704172134
0.006649943999946117,0.033912159502506256,0.4361676871776581,0.4791424870491028,0.04412776976823807
0.0101912971585989,0.19107598066329956,0.6793291568756104,0.07224631309509277,0.04715721309185028
0.05626377835869789,0.7889683842658997,0.09465618431568146,0.014391562901437283,0.04572004824876785
0.012914660386741161,0.20972608029842377,0.6532753109931946,0.06849309802055359,0.05559081584215164
0.14847926795482635,0.5892623662948608,0.15136373043060303,0.03689879551529884,0.07399583607912064
0.24156376719474792,0.5546461343765259,0.09669863432645798,0.027137311175465584,0.079954132437706
0.008602608926594257,0.1807219535112381,0.6710938215255737,0.09309786558151245,0.04648377746343613
0.6356350183486938,0.22032876312732697,0.019144905731081963,0.040840089321136475,0.0840512365102768
0.006382315885275602,0.008829529397189617,0.009934400208294392,0.17559286952018738,0.7992608547210693
0.014306250028312206,0.34463411569595337,0.5584540963172913,0.03771699219942093,0.04488850012421608
0.0034905564971268177,0.00586208701133728,0.0030970836523920298,0.11915291100740433,0.8683973550796509
0.07377181202173233,0.643515944480896,0.2054656445980072,0.028138255700469017,0.04910832643508911
0.722817599773407,0.14152193069458008,0.015154613181948662,0.03549443185329437,0.08501145988702774
0.020965686067938805,0.44319388270378113,0.4418732523918152,0.03627890720963478,0.057688236236572266
0.0066607254557311535,0.015824051573872566,0.07462316751480103,0.7062636017799377,0.19662848114967346
0.030368994921445847,0.653216540813446,0.24494701623916626,0.016497496515512466,0.05496995523571968
0.6248311400413513,0.2366541177034378,0.022159548476338387,0.04249509796500206,0.0738600417971611
0.005852022208273411,0.009582704864442348,0.008077061735093594,0.19796346127986908,0.7785247564315796
0.005058727227151394,0.014559016562998295,0.2022886723279953,0.7050947546958923,0.07299884408712387
0.29776889085769653,0.47543439269065857,0.10473055392503738,0.04983226954936981,0.07223392277956009
0.20206104218959808,0.6684154868125916,0.04566109552979469,0.018427692353725433,0.06543479114770889
0.6382700204849243,0.22033141553401947,0.022492218762636185,0.03577644005417824,0.0831298828125
0.011900659650564194,0.10202613472938538,0.655226469039917,0.17507106065750122,0.05577567592263222
0.4636232852935791,0.3657822608947754,0.04841500520706177,0.047310613095760345,0.0748688280582428
0.013353846035897732,0.11640135943889618,0.690989077091217,0.11735557019710541,0.06190012767910957
0.3054036796092987,0.46493569016456604,0.11075063049793243,0.044607013463974,0.07430294156074524
0.008271127939224243,0.019556377083063126,0.3438674807548523,0.5741451978683472,0.05415984243154526
0.04109353944659233,0.64333575963974,0.266680508852005,0.014243992045521736,0.034646157175302505
0.5815257430076599,0.24098126590251923,0.03393514081835747,0.048426173627376556,0.09513162076473236
0.5743579268455505,0.2766084671020508,0.0315452478826046,0.032422374933958054,0.08506594598293304
0.3823297321796417,0.4327864348888397,0.071088045835495,0.0378863587975502,0.07590938359498978
0.008300427347421646,0.015236306935548782,0.023518376052379608,0.45135217905044556,0.5015926957130432
0.5818392038345337,0.2728940546512604,0.029967499896883965,0.03283391892910004,0.08246536552906036
0.005820853635668755,0.026237517595291138,0.2549404203891754,0.5913212299346924,0.12167999148368835
0.014267023652791977,0.2253345251083374,0.6508564352989197,0.060804519802331924,0.0487375482916832
0.5538396239280701,0.2884370982646942,0.03206278011202812,0.045484866946935654,0.08017563074827194
0.007468078285455704,0.11942620575428009,0.6709688901901245,0.15290048718452454,0.04923630133271217
0.002665224252268672,0.004789300728589296,0.0017784138908609748,0.10413132607936859,0.8866357207298279
0.4523278772830963,0.3784664571285248,0.051503002643585205,0.04696027562022209,0.07074235379695892
0.6982658505439758,0.1755676567554474,0.015649612993001938,0.030539825558662415,0.07997699826955795
0.09640663862228394,0.6922246813774109,0.14260102808475494,0.017141418531537056,0.05162625014781952
0.23916594684123993,0.5471500754356384,0.10473975539207458,0.033706583082675934,0.07523763924837112
0.005526173394173384,0.01382281444966793,0.0753074660897255,0.7274777889251709,0.17786577343940735
0.08318133652210236,0.3478160500526428,0.3433155119419098,0.14478090405464172,0.08090616017580032
0.014078731648623943,0.022099442780017853,0.01998572051525116,0.32918494939804077,0.6146511435508728
0.5072412490844727,0.31666138768196106,0.043725866824388504,0.038705676794052124,0.09366582334041595
0.7395240068435669,0.13630391657352448,0.011249422095716,0.03551679104566574,0.07740581035614014
0.02050083503127098,0.5790389180183411,0.32953718304634094,0.015152975916862488,0.05577010661363602
0.2969977855682373,0.47837498784065247,0.09967754036188126,0.0358855314552784,0.08906412124633789
0.481099396944046,0.3456544876098633,0.05433434993028641,0.036658063530921936,0.08225363492965698
0.5892852544784546,0.2485940158367157,0.03496720269322395,0.04432933032512665,0.08282415568828583
0.3797649145126343,0.4129214286804199,0.08683410286903381,0.04231027513742447,0.07816927880048752
0.003983819391578436,0.006302950903773308,0.032112158834934235,0.5431289672851562,0.41447219252586365
0.6574073433876038,0.19409175217151642,0.017543969675898552,0.03962452709674835,0.09133240580558777
0.003104939591139555,0.004708423744887114,0.003257035044953227,0.10228121280670166,0.886648416519165
0.001779964892193675,0.005313284229487181,0.09893857687711716,0.8341124653816223,0.05985579639673233
0.6505146026611328,0.21491612493991852,0.021136395633220673,0.03302804008126259,0.08040477335453033
0.004174889996647835,0.009704133495688438,0.20716336369514465,0.7267104387283325,0.052247196435928345
0.012074163183569908,0.21389050781726837,0.6369151473045349,0.09606942534446716,0.041050828993320465
0.0057942126877605915,0.017029602080583572,0.1865822821855545,0.7084477543830872,0.08214611560106277
0.0102914497256279,0.06733355671167374,0.5545285940170288,0.30068671703338623,0.0671597421169281
0.516167163848877,0.3186429738998413,0.03585316240787506,0.046929698437452316,0.08240704238414764
0.0049391621723771095,0.012972456403076649,0.12337461858987808,0.6590925455093384,0.19962123036384583
0.0054770056158304214,0.03627480939030647,0.49293243885040283,0.4221051335334778,0.04321058467030525
0.34481164813041687,0.4442709684371948,0.08809106051921844,0.04144499823451042,0.0813814103603363
0.012047898024320602,0.05033254250884056,0.400291383266449,0.4700104892253876,0.06731770187616348
0.040419261902570724,0.6180936694145203,0.2626517117023468,0.026316286996006966,0.05251901224255562
0.02321801520884037,0.5879252552986145,0.32983583211898804,0.019620195031166077,0.03940076753497124
0.6208309531211853,0.22579516470432281,0.027007771655917168,0.04094035550951958,0.08542586117982864
0.007142042275518179,0.09676061570644379,0.7054333686828613,0.14098787307739258,0.04967605322599411
0.00660425191745162,0.04581630229949951,0.5092805624008179,0.38964709639549255,0.048651836812496185
0.6864136457443237,0.19180841743946075,0.016385477036237717,0.02875426784157753,0.07663816958665848
0.004335878882557154,0.005904174875468016,0.005418696440756321,0.12865468859672546,0.855686604976654
0.012125289067626,0.0498567558825016,0.3606455624103546,0.4916733503341675,0.08569905161857605
0.023613963276147842,0.4469524323940277,0.4471098482608795,0.03904319182038307,0.04328059405088425
0.005578040610998869,0.018920471891760826,0.21887686848640442,0.6421939134597778,0.114430733025074
0.02309006080031395,0.20492993295192719,0.5716176629066467,0.13436855375766754,0.06599380075931549
0.5548607707023621,0.25987282395362854,0.05293307825922966,0.04103356972336769,0.09129974991083145
0.008589490316808224,0.1565037965774536,0.6842080950737,0.10363014042377472,0.047068554908037186
0.009217726066708565,0.04944751039147377,0.6446521282196045,0.23971551656723022,0.05696715787053108
0.0013568231370300055,0.003111299593001604,0.001776704448275268,0.03588341921567917,0.9578717947006226
0.6795626282691956,0.18713907897472382,0.01762789860367775,0.032817233353853226,0.08285313099622726
0.054182447493076324,0.682902991771698,0.17345647513866425,0.028233718127012253,0.0612243115901947
0.0026773123536258936,0.005072242114692926,0.002927249064669013,0.1926538497209549,0.7966693639755249
0.6667152643203735,0.19854821264743805,0.016935456544160843,0.02790401317179203,0.08989711850881577
0.021211013197898865,0.17471247911453247,0.5692486763000488,0.16712403297424316,0.06770382076501846
0.009192188270390034,0.2274816781282425,0.674686849117279,0.045929472893476486,0.042709771543741226
0.29903051257133484,0.5030432343482971,0.07779546082019806,0.050504170358181,0.06962668150663376
0.46770915389060974,0.3882070779800415,0.041025713086128235,0.028724970296025276,0.07433314621448517
0.006901040207594633,0.24152663350105286,0.6661046147346497,0.04437730461359024,0.04109037294983864
0.03363729640841484,0.7010372281074524,0.19083699584007263,0.01325047854334116,0.06123805046081543
0.5943630933761597,0.24562233686447144,0.028033891692757607,0.04947272315621376,0.08250793069601059
0.008371961303055286,0.05546869710087776,0.590915858745575,0.2909478545188904,0.054295651614665985
0.0019595494959503412,0.0033841643016785383,0.0023887387942522764,0.20645609498023987,0.7858114838600159
0.10246939957141876,0.5973737835884094,0.16870641708374023,0.07085704803466797,0.060593415051698685
0.45251592993736267,0.3698680102825165,0.062414344400167465,0.04106145352125168,0.0741402879357338
0.007404526695609093,0.11039655655622482,0.7172142863273621,0.11777421087026596,0.04721038416028023
0.007437560707330704,0.014099793508648872,0.059519898146390915,0.6971746683120728,0.2217680811882019
0.11466582864522934,0.6962039470672607,0.11318594217300415,0.018212083727121353,0.057732224464416504
0.015809470787644386,0.05025921389460564,0.37865760922431946,0.48250776529312134,0.07276598364114761
0.004458051174879074,0.015571010299026966,0.272070050239563,0.6623361706733704,0.04556480050086975
0.028718912973999977,0.38483327627182007,0.45624250173568726,0.05725525692105293,0.07294996827840805
0.4650779962539673,0.36675330996513367,0.04406208172440529,0.028422217816114426,0.09568443149328232
0.3848072588443756,0.4638085663318634,0.03579279035329819,0.043193839490413666,0.07239758223295212
0.6967619061470032,0.16263408958911896,0.014241465367376804,0.044324446469545364,0.082038015127182
0.5465940833091736,0.3042105734348297,0.03196905553340912,0.035869043320417404,0.0813571959733963
0.0005767553811892867,0.001113161095418036,0.00019155295740347356,0.03735707327723503,0.9607614278793335
0.002250960096716881,0.006546164862811565,0.09877194464206696,0.8189565539360046,0.07347431033849716
0.008808022364974022,0.04359298199415207,0.3846111297607422,0.4909552037715912,0.07203271239995956
0.6038797497749329,0.23354335129261017,0.027515754103660583,0.04633118957281113,0.08873000741004944
0.01216405164450407,0.16801360249519348,0.6634427905082703,0.09839154779911041,0.05798806995153427
0.14026202261447906,0.6516096591949463,0.10576784610748291,0.03406912833452225,0.0682913139462471
0.01972995512187481,0.5568482279777527,0.3534012734889984,0.021006494760513306,0.049014024436473846
0.30076834559440613,0.460761696100235,0.1270788311958313,0.04073597863316536,0.07065507024526596
0.6394308805465698,0.230056494474411,0.022023387253284454,0.031867220997810364,0.07662197947502136
0.01633014716207981,0.17870649695396423,0.6912374496459961,0.06637506186962128,0.04735086113214493
0.5343526601791382,0.2909746766090393,0.04133303835988045,0.04411246255040169,0.08922716230154037
0.01359826885163784,0.0598275400698185,0.43371152877807617,0.4007335901260376,0.09212911128997803
0.0262755136936903,0.6592155694961548,0.24632129073143005,0.01644216664135456,0.05174539238214493
0.5207318067550659,0.30668312311172485,0.04603554680943489,0.04740827903151512,0.0791412964463234
0.004299257416278124,0.009969083592295647,0.03778811916708946,0.8260736465454102,0.12186986207962036
0.05085394158959389,0.27612364292144775,0.43246766924858093,0.17227205634117126,0.0682826116681099
0.013137243688106537,0.08197644352912903,0.5121392607688904,0.32100245356559753,0.07174460589885712
0.5923411846160889,0.22604605555534363,0.03840755298733711,0.05161357671022415,0.09159158170223236
0.027064943686127663,0.5655502080917358,0.3514646589756012,0.020200319588184357,0.03571990132331848
0.6037037372589111,0.2449578195810318,0.02687930315732956,0.03521505370736122,0.08924409002065659
0.5755524635314941,0.27369996905326843,0.028251374140381813,0.03270779177546501,0.08978845924139023
0.7136601805686951,0.16634653508663177,0.012821514159440994,0.03187821805477142,0.07529362291097641
0.27378663420677185,0.4973662495613098,0.12445686757564545,0.03735147789120674,0.06703881919384003
0.007498245220631361,0.0724545568227768,0.6576004028320312,0.21355201303958893,0.048894792795181274
0.03207659348845482,0.5703797340393066,0.32308700680732727,0.02725660800933838,0.0472000390291214
0.0072890412993729115,0.13499388098716736,0.7100672125816345,0.10476244240999222,0.04288740083575249
0.6508074998855591,0.2085902988910675,0.017954835668206215,0.0455913245677948,0.07705606520175934
0.2660200893878937,0.5837925672531128,0.06009909138083458,0.026889072731137276,0.06319920718669891
0.5666383504867554,0.27028951048851013,0.03736814111471176,0.037221938371658325,0.08848214149475098
0.0008372614393010736,0.0018010931089520454,0.0008358425693586469,0.05678192526102066,0.9397438764572144
0.01072969101369381,0.15231767296791077,0.7245962023735046,0.057440705597400665,0.05491574481129646
0.7020954489707947,0.15878184139728546,0.016508152708411217,0.039858825504779816,0.08275572210550308
0.44640249013900757,0.39866840839385986,0.04458782821893692,0.02632317692041397,0.08401806652545929
0.6875361800193787,0.18788892030715942,0.01640414074063301,0.02994116023182869,0.07822965085506439
0.6002528071403503,0.2817268967628479,0.02187470905482769,0.027385350316762924,0.06876017898321152
0.014494355767965317,0.3439350128173828,0.5575267672538757,0.04203340783715248,0.04201049357652664
0.005100194364786148,0.09020096063613892,0.8081231713294983,0.0537874735891819,0.04278825595974922
0.04937753826379776,0.7793311476707458,0.11545144766569138,0.010206717066466808,0.045633114874362946
0.6673186421394348,0.19305624067783356,0.021031539887189865,0.03919827938079834,0.07939525693655014
0.6097972989082336,0.2490919977426529,0.021224889904260635,0.03999869152903557,0.0798870250582695
0.052848897874355316,0.6467862725257874,0.2278842329978943,0.02229437604546547,0.05018613860011101
0.009514274075627327,0.20286834239959717,0.6666983962059021,0.08034058660268784,0.040578439831733704
0.007777100894600153,0.045179788023233414,0.4495667815208435,0.441956102848053,0.055520255118608475
0.02799169346690178,0.5595016479492188,0.3380218744277954,0.02409180998802185,0.05039297789335251
0.009651814587414265,0.11503513157367706,0.6921177506446838,0.13321959972381592,0.04997574910521507
0.05426223576068878,0.5301743745803833,0.32412293553352356,0.042067818343639374,0.04937271773815155
0.4085792303085327,0.39760059118270874,0.0683957114815712,0.03736070170998573,0.08806377649307251
0.0116119971498847,0.1589871495962143,0.6773444414138794,0.09955225884914398,0.05250417813658714
0.741547167301178,0.12925371527671814,0.011893223039805889,0.036438312381505966,0.08086754381656647
0.007999460212886333,0.0859452486038208,0.7177124619483948,0.14272738993167877,0.04561542719602585
0.014146316796541214,0.0871923416852951,0.523876965045929,0.3052535653114319,0.06953074038028717
0.6307534575462341,0.2303251326084137,0.018226513639092445,0.03914744779467583,0.08154742419719696
0.5339078307151794,0.2967202961444855,0.0481216162443161,0.032541949301958084,0.08870825171470642
0.05847015976905823,0.38377270102500916,0.4198770523071289,0.08718094974756241,0.050699152052402496
0.011442715302109718,0.026720527559518814,0.23271405696868896,0.6340847015380859,0.09503794461488724
0.5268714427947998,0.2970222234725952,0.04496185854077339,0.04147590696811676,0.08966858685016632
0.07006695866584778,0.6285108923912048,0.19468051195144653,0.028975006192922592,0.0777665227651596
0.006739998236298561,0.020013416185975075,0.19693513214588165,0.6979551911354065,0.07835626602172852
0.004224454052746296,0.013823251239955425,0.19033990800380707,0.733164370059967,0.05844799801707268
0.0022223249543458223,0.003029686165973544,0.01469331607222557,0.6894274950027466,0.2906271517276764
0.015028651803731918,0.15664364397525787,0.682213306427002,0.08254974335432053,0.06356470286846161
0.018241995945572853,0.2798973023891449,0.5891115069389343,0.061950765550136566,0.05079841613769531
0.2782208025455475,0.42487719655036926,0.13719536364078522,0.08123011142015457,0.07847651094198227
0.02131412923336029,0.2199653685092926,0.6011940836906433,0.09990521520376205,0.05762111768126488
0.0112979207187891,0.0929843857884407,0.6076854467391968,0.22484122216701508,0.06319110840559006
0.016410276293754578,0.11819236725568771,0.6608096957206726,0.14047738909721375,0.06411036103963852
0.3584398031234741,0.46284744143486023,0.07168902456760406,0.038642868399620056,0.06838078051805496
0.4512186050415039,0.3468177020549774,0.0743759348988533,0.047623585909605026,0.07996416091918945
0.011002638377249241,0.01960016041994095,0.017422785982489586,0.4508071541786194,0.5011672377586365
0.659607470035553,0.19301629066467285,0.01790032535791397,0.04511360451579094,0.08436228334903717
0.34740447998046875,0.4511623978614807,0.07210424542427063,0.03299287334084511,0.09633587300777435
0.03607328608632088,0.5800062417984009,0.3181183636188507,0.025368710979819298,0.040433406829833984
0.6391150951385498,0.1950676143169403,0.029608871787786484,0.04562430828809738,0.0905841514468193
0.6160949468612671,0.2230970561504364,0.02505398355424404,0.049004096537828445,0.08674990385770798
0.12821592390537262,0.5810247659683228,0.18407227098941803,0.04199450835585594,0.06469263136386871
0.007092531770467758,0.010274567641317844,0.00887319352477789,0.17956094443798065,0.7941986918449402
0.006288653705269098,0.04683256894350052,0.7333799600601196,0.1607966125011444,0.05270222947001457
0.01353946141898632,0.35225608944892883,0.5573482513427734,0.03181986138224602,0.04503636807203293
0.007908635772764683,0.02423381246626377,0.2301979959011078,0.661664605140686,0.07599495351314545
0.5831214785575867,0.25962409377098083,0.027012845501303673,0.031829532235860825,0.09841202944517136
0.4964081645011902,0.31384024024009705,0.05353625863790512,0.046278711408376694,0.08993659913539886
0.005406427197158337,0.03645569458603859,0.5018194913864136,0.41376176476478577,0.042556628584861755
0.006503432523459196,0.028365623205900192,0.3389322757720947,0.5695970058441162,0.05660172551870346
0.6011223793029785,0.24845048785209656,0.029311399906873703,0.037404462695121765,0.08371126651763916
0.06419964134693146,0.2550559639930725,0.44695985317230225,0.16158293187618256,0.07220159471035004
0.6913661956787109,0.17117728292942047,0.017809977754950523,0.03568451479077339,0.08396205306053162
0.01045551709830761,0.20590148866176605,0.6742855906486511,0.06262356787919998,0.04673384130001068
0.5609712600708008,0.2884874939918518,0.029643677175045013,0.029537364840507507,0.09136023372411728
0.6932088136672974,0.1836857795715332,0.015232875011861324,0.027997244149446487,0.07987532019615173
0.004852319601923227,0.01665586791932583,0.2724399268627167,0.6549548506736755,0.05109695717692375
0.504562497138977,0.32715174555778503,0.04489598795771599,0.03521093726158142,0.08817877620458603
0.007928785867989063,0.20594359934329987,0.6902662515640259,0.04666879400610924,0.0491926409304142
0.6637551784515381,0.17665857076644897,0.022575417533516884,0.045868441462516785,0.09114249795675278
0.004487022757530212,0.008524716831743717,0.005672880448400974,0.12710203230381012,0.854213297367096
0.010821675881743431,0.02562296763062477,0.07776693254709244,0.5994229316711426,0.28636547923088074
0.06486472487449646,0.5772206783294678,0.25970447063446045,0.047804124653339386,0.0504060834646225
0.0066788396798074245,0.08208613097667694,0.6206151247024536,0.23154960572719574,0.059070345014333725
0.7723650336265564,0.09415803849697113,0.011471633799374104,0.031195076182484627,0.09081025421619415
0.0015480290167033672,0.0038444201927632093,0.0026721423491835594,0.2830422818660736,0.7088931798934937
0.676991879940033,0.18450674414634705,0.015627723187208176,0.045608874410390854,0.077264703810215
0.001812122412957251,0.004284675698727369,0.049044426530599594,0.865466833114624,0.0793919786810875
0.06608649343252182,0.7162560820579529,0.13813109695911407,0.019622748717665672,0.0599035881459713
0.17110919952392578,0.5151571035385132,0.20065420866012573,0.04472198709845543,0.06835753470659256
0.6838939189910889,0.17791089415550232,0.018695320934057236,0.0383598618209362,0.08113998919725418
0.005471078213304281,0.009849519468843937,0.006002434995025396,0.09269389510154724,0.8859830498695374
0.010479253716766834,0.04268817603588104,0.4981215000152588,0.39237675070762634,0.056334398686885834
0.5421901941299438,0.30321183800697327,0.03564402088522911,0.03690243512392044,0.08205147832632065
0.156151682138443,0.5831679105758667,0.17826902866363525,0.02795340307056904,0.05445791035890579
0.6124874949455261,0.21450623869895935,0.031750887632369995,0.05062065273523331,0.09063468873500824
0.00037566846003755927,0.001065861782990396,0.021156150847673416,0.9034609794616699,0.07394129782915115
0.09061531722545624,0.6401541829109192,0.19170056283473969,0.02447756752371788,0.05305229872465134
0.003236133372411132,0.013407970778644085,0.28940314054489136,0.64264976978302,0.051302965730428696
0.004429969470947981,0.03821336850523949,0.492544025182724,0.4033895432949066,0.06142304092645645
0.6427497267723083,0.19867707788944244,0.023766901344060898,0.04862109571695328,0.08618512749671936
0.007677888497710228,0.1886555701494217,0.7004451751708984,0.06523587554693222,0.03798544406890869
0.03165379911661148,0.32864147424697876,0.49758756160736084,0.08841770142316818,0.053699467331171036
0.00192518241237849,0.0030862228013575077,0.005695267114788294,0.2713471055030823,0.7179461717605591
0.009090918116271496,0.06777676939964294,0.6151214838027954,0.2517037093639374,0.0563071183860302
0.6501309871673584,0.20502889156341553,0.017237527295947075,0.04889756441116333,0.07870502024888992
0.007377757225185633,0.02495468594133854,0.22193680703639984,0.6712305545806885,0.07450014352798462
0.2293592393398285,0.5494043231010437,0.10907477885484695,0.04740630462765694,0.06475529819726944
0.674419105052948,0.18961632251739502,0.017354443669319153,0.031370505690574646,0.08723965287208557
0.027528395876288414,0.6819880604743958,0.2385665327310562,0.013409730046987534,0.038507234305143356
0.3465721905231476,0.49577218294143677,0.05340924113988876,0.03257695212960243,0.07166946679353714
0.0013346107443794608,0.0029785921797156334,0.02079453133046627,0.7890779972076416,0.1858142614364624
0.3885800540447235,0.45675545930862427,0.04768598824739456,0.024807607755064964,0.08217097073793411
0.6143401265144348,0.22040097415447235,0.032437317073345184,0.046466097235679626,0.08635549992322922
0.007919033989310265,0.020864712074398994,0.35574379563331604,0.555627167224884,0.059845294803380966
0.048155128955841064,0.41230159997940063,0.41650694608688354,0.0737522765994072,0.0492841899394989
0.6455202102661133,0.22062505781650543,0.02101101353764534,0.032679904252290726,0.08016383647918701
0.005298651289194822,0.09288033843040466,0.7061019539833069,0.1542534977197647,0.04146546497941017
0.0060448357835412025,0.03003125824034214,0.4054606258869171,0.5008430480957031,0.057620253413915634
0.015298833139240742,0.40607699751853943,0.5217249989509583,0.02503783255815506,0.03186129406094551
0.034319087862968445,0.1714407205581665,0.3822263181209564,0.27486708760261536,0.13714677095413208
0.026121079921722412,0.6026719212532043,0.30852100253105164,0.018955834209918976,0.04373010993003845
0.7167490720748901,0.13863807916641235,0.014926565811038017,0.0402604416012764,0.08942583203315735
0.020220907405018806,0.17483779788017273,0.6494981646537781,0.09704120457172394,0.05840185657143593
0.1448512077331543,0.5720367431640625,0.2056155651807785,0.018850551918148994,0.05864599347114563
0.3868919610977173,0.42037490010261536,0.05542964115738869,0.04366454482078552,0.09363894909620285
0.17221581935882568,0.5467843413352966,0.15356367826461792,0.04756800830364227,0.07986804097890854
0.009268447756767273,0.0283510759472847,0.331662654876709,0.5457589626312256,0.08495888113975525
0.6741338968276978,0.1787882000207901,0.01998881809413433,0.04346955940127373,0.08361946046352386
0.003765229834243655,0.012906709685921669,0.17860201001167297,0.7394656538963318,0.06526035070419312
0.011326360516250134,0.11659183353185654,0.733772873878479,0.09032567590475082,0.04798329249024391
0.010990938171744347,0.32711735367774963,0.5827782154083252,0.03455381467938423,0.044559694826602936
0.289083331823349,0.5223129987716675,0.08603797852993011,0.030387813225388527,0.07217787951231003
0.01474267989397049,0.3376730680465698,0.5538389682769775,0.04955150932073593,0.04419383779168129
0.27068907022476196,0.5512391328811646,0.08098889142274857,0.025020331144332886,0.07206255942583084
0.00856043491512537,0.01264460850507021,0.008159606717526913,0.24977511167526245,0.7208602428436279
0.3497310280799866,0.44807004928588867,0.07557447999715805,0.03632669150829315,0.09029772877693176
0.18471650779247284,0.544891357421875,0.14482402801513672,0.059611976146698,0.06595611572265625
0.006109827663749456,0.015968985855579376,0.16364112496376038,0.7518535852432251,0.06242651119828224
0.06792862713336945,0.6536462306976318,0.19761574268341064,0.017039846628904343,0.06376951187849045
0.004774679895490408,0.03559321537613869,0.4380364418029785,0.45297035574913025,0.0686253011226654
0.008056329563260078,0.022046541795134544,0.15301483869552612,0.7026098966598511,0.114272341132164
0.009182046167552471,0.1398814171552658,0.7033475637435913,0.09922923147678375,0.04835968837141991
0.5925676226615906,0.2463495135307312,0.031760167330503464,0.045687612146139145,0.08363501727581024
0.0926278755068779,0.5974347591400146,0.21573202311992645,0.03168772906064987,0.06251759082078934
0.5236440300941467,0.3138505220413208,0.04204649478197098,0.03664751350879669,0.08381140232086182
0.005861625541001558,0.012975429184734821,0.004361217375844717,0.11978977173566818,0.8570119738578796
0.09170602262020111,0.5978268384933472,0.2197033315896988,0.03493771329522133,0.05582614243030548
0.5875231027603149,0.25612011551856995,0.0317373089492321,0.043579209595918655,0.08104022592306137
0.01018450502306223,0.22165578603744507,0.6474382281303406,0.06393155455589294,0.05678979679942131
0.6074560284614563,0.2469528764486313,0.02565990760922432,0.033909138292074203,0.08602206408977509
0.006636057049036026,0.0263648871332407,0.3301905691623688,0.5808778405189514,0.05593061447143555
0.037309471517801285,0.7448888421058655,0.15925562381744385,0.012609397992491722,0.04593672975897789
0.024090200662612915,0.22675244510173798,0.5706775784492493,0.11172639578580856,0.0667533203959465
0.07060885429382324,0.7113572955131531,0.12308768928050995,0.018206221982836723,0.07673992216587067
0.0012380443513393402,0.002598187420517206,0.0013229530304670334,0.0721181109547615,0.9227227568626404
0.008457977324724197,0.01397550106048584,0.00799874309450388,0.3299606144428253,0.6396071910858154
0.013774455524981022,0.026227807626128197,0.02017812989652157,0.3689076006412506,0.5709119439125061
0.07330459356307983,0.6954763531684875,0.16248401999473572,0.016477778553962708,0.05225728079676628
0.17420269548892975,0.6296776533126831,0.10647831112146378,0.02175210230052471,0.0678892582654953
0.5371119379997253,0.27450451254844666,0.04246814548969269,0.04624452814459801,0.09967080503702164
0.6471396684646606,0.2128124088048935,0.021523576229810715,0.03634605184197426,0.08217837661504745
0.058568261563777924,0.7800798416137695,0.09252142161130905,0.019103433936834335,0.04972713813185692
0.6711581349372864,0.17866870760917664,0.02073458395898342,0.0426352359354496,0.08680334687232971
0.6490315794944763,0.20987781882286072,0.01780376024544239,0.039149899035692215,0.0841369479894638
0.03146836906671524,0.6172525882720947,0.2837282419204712,0.0201323963701725,0.047418445348739624
0.6770126223564148,0.18523356318473816,0.01663803681731224,0.04115885868668556,0.07995690405368805
0.004616933409124613,0.012085849419236183,0.10765556991100311,0.7540197372436523,0.12162192910909653
0.033821750432252884,0.7129420042037964,0.19510403275489807,0.013329185545444489,0.044803012162446976
0.10271221399307251,0.734349250793457,0.0717867910861969,0.019055163487792015,0.07209648936986923
0.007735279388725758,0.07105694711208344,0.5756919384002686,0.292171835899353,0.05334407836198807
0.6150776743888855,0.24231168627738953,0.024712510406970978,0.03503583371639252,0.08286234736442566
0.00752086890861392,0.09544944763183594,0.644361138343811,0.20208217203617096,0.05058639496564865
0.010329540818929672,0.030949437990784645,0.18457451462745667,0.6006087064743042,0.17353786528110504
0.013643937185406685,0.4183032512664795,0.4984036087989807,0.028058433905243874,0.041590817272663116
0.07148122042417526,0.6505801677703857,0.21225613355636597,0.020793186500668526,0.04488927125930786
0.007334327325224876,0.1290980726480484,0.7190655469894409,0.10513576120138168,0.039366308599710464
0.007783771958202124,0.05372266471385956,0.5139495134353638,0.3684726357460022,0.056071482598781586
0.10095333307981491,0.5980104207992554,0.2005425989627838,0.037874799221754074,0.06261879950761795
0.6238505244255066,0.20965388417243958,0.029329393059015274,0.0497187077999115,0.0874474048614502
0.006631755270063877,0.12925489246845245,0.7053215503692627,0.11599313467741013,0.04279867559671402
0.693198025226593,0.17661485075950623,0.016210226342082024,0.03471957892179489,0.07925727218389511
0.4740779399871826,0.3658256232738495,0.04198083281517029,0.040946368128061295,0.07716918736696243
0.010056366212666035,0.07889550179243088,0.5719956755638123,0.27554577589035034,0.06350675225257874
0.010609944351017475,0.028475645929574966,0.11319486051797867,0.6676787734031677,0.18004074692726135
0.6475101113319397,0.18677838146686554,0.027676071971654892,0.04616871476173401,0.09186673164367676
0.27019739151000977,0.20247118175029755,0.22057084739208221,0.183664932847023,0.12309570610523224
0.22875389456748962,0.5379689931869507,0.11397810280323029,0.03855236619710922,0.08074664324522018
0.552717924118042,0.31184273958206177,0.029589680954813957,0.03129458427429199,0.07455508410930634
0.006346871145069599,0.01580347865819931,0.17997436225414276,0.732201337814331,0.06567399948835373
0.004697014577686787,0.012531563639640808,0.10518068075180054,0.6551685333251953,0.2224222719669342
0.0071902768686413765,0.04879554733633995,0.5081079006195068,0.3841518759727478,0.051754359155893326
0.0501391664147377,0.44525346159935,0.3922138214111328,0.057331714779138565,0.05506190285086632
0.019617943093180656,0.5488139986991882,0.37176886200904846,0.021565398201346397,0.03823371231555939
0.6433159112930298,0.21009060740470886,0.021930580958724022,0.04270630702376366,0.08195654302835464
0.0014240851160138845,0.002806368749588728,0.00684228353202343,0.580295741558075,0.40863147377967834
0.00851461011916399,0.02380557172000408,0.11630688607692719,0.6802745461463928,0.17109842598438263
0.4557727575302124,0.38401636481285095,0.04320570081472397,0.03882361203432083,0.07818154990673065
0.572081446647644,0.278555691242218,0.027423283085227013,0.0439944788813591,0.07794516533613205
0.6395539045333862,0.21878781914710999,0.018120532855391502,0.045587293803691864,0.07795039564371109
0.00798391830176115,0.021526923403143883,0.09333734214305878,0.689447820186615,0.18770398199558258
0.6901926398277283,0.17245057225227356,0.017432373017072678,0.039522815495729446,0.08040165901184082
0.45863065123558044,0.4024747908115387,0.0327230729162693,0.03337204083800316,0.07279947400093079
0.005153922829777002,0.009261737577617168,0.00663423165678978,0.15849052369594574,0.8204595446586609
0.012311273254454136,0.047251567244529724,0.42222538590431213,0.42935532331466675,0.0888565257191658
0.6708133816719055,0.21387913823127747,0.01658964529633522,0.026263553649187088,0.07245425134897232
0.008380361832678318,0.021516060456633568,0.1659008413553238,0.7150747776031494,0.08912795782089233
0.0061720614321529865,0.04589104279875755,0.4502541124820709,0.4243420958518982,0.07334069162607193
0.5873948335647583,0.23852117359638214,0.037838228046894073,0.04802513122558594,0.08822061121463776
0.025476602837443352,0.37926265597343445,0.4860943555831909,0.05537284165620804,0.05379359424114227
0.07411965727806091,0.6753925681114197,0.1796586513519287,0.020750055089592934,0.05007903277873993
0.007327951490879059,0.144516259431839,0.697124719619751,0.10853561758995056,0.04249534383416176
0.0017449475126340985,0.004556923173367977,0.05403514578938484,0.8382676243782043,0.1013953760266304
0.14782299101352692,0.6649218797683716,0.10058567672967911,0.027516629546880722,0.059152841567993164
0.3597238063812256,0.4748256504535675,0.06015034019947052,0.03431469574570656,0.07098545879125595
0.12240578234195709,0.5726544260978699,0.20528121292591095,0.04704885557293892,0.05260971933603287
0.00920550525188446,0.2010621875524521,0.704352855682373,0.03310789912939072,0.052271559834480286
0.0162836741656065,0.18345826864242554,0.6225880980491638,0.12382643669843674,0.053843483328819275
0.6363873481750488,0.1977587789297104,0.028330029919743538,0.047667548060417175,0.0898563489317894
0.004240226000547409,0.005890615750104189,0.005119158886373043,0.1266186237335205,0.8581313490867615
0.21833552420139313,0.5578061938285828,0.1122249886393547,0.035322584211826324,0.07631070911884308
0.051123861223459244,0.4419798254966736,0.378814160823822,0.06900276988744736,0.05907939001917839
0.3290351331233978,0.5146419405937195,0.06363451480865479,0.023932775482535362,0.068755604326725
0.31291043758392334,0.5245952606201172,0.065378837287426,0.023229729384183884,0.07388570159673691
0.6689735054969788,0.19761496782302856,0.016690291464328766,0.03815998136997223,0.07856132090091705
0.009252014569938183,0.01752505451440811,0.04094528779387474,0.5832816958427429,0.3489959239959717
0.05125461891293526,0.697261393070221,0.17846430838108063,0.02025984786450863,0.05275985971093178
0.5918641686439514,0.24210256338119507,0.0274028442800045,0.053266286849975586,0.08536408841609955
0.008135131560266018,0.06084044650197029,0.7327873706817627,0.146427720785141,0.05180937051773071
0.03338151425123215,0.663238525390625,0.2334599643945694,0.018743373453617096,0.05117664113640785
0.3914738595485687,0.4429929852485657,0.049630604684352875,0.03596998751163483,0.07993258535861969
0.22851917147636414,0.5877484083175659,0.08614730089902878,0.02231448143720627,0.0752706304192543
0.5368868708610535,0.32041099667549133,0.02804489992558956,0.03810359537601471,0.0765535980463028
0.006043657194823027,0.04339689388871193,0.5184314250946045,0.3859047591686249,0.04622327536344528
0.6750600934028625,0.20380032062530518,0.016552818939089775,0.028149863705039024,0.07643689960241318
0.31085625290870667,0.5143759250640869,0.07327467948198318,0.025690579786896706,0.07580259442329407
0.3012983202934265,0.5191590189933777,0.07106026262044907,0.041789278388023376,0.06669305264949799
0.007284741848707199,0.08502152562141418,0.6682184338569641,0.18705733120441437,0.052417997270822525
0.009962941519916058,0.10046509653329849,0.7347775101661682,0.09534606337547302,0.05944833904504776
0.5561875700950623,0.26958128809928894,0.03910382464528084,0.05045441538095474,0.08467292785644531
0.046824175864458084,0.7145568132400513,0.1644449532032013,0.016308026388287544,0.05786604806780815
0.006280082743614912,0.019508080556988716,0.1747453510761261,0.7010250091552734,0.09844151884317398
0.14468102157115936,0.6805499792098999,0.09452129900455475,0.020513223484158516,0.059734560549259186
0.15661796927452087,0.5437353849411011,0.19489306211471558,0.043875180184841156,0.0608784444630146
0.29506608843803406,0.5253931879997253,0.07468879222869873,0.032292064279317856,0.07255987823009491
0.551784098148346,0.27859658002853394,0.036000803112983704,0.03688923269510269,0.09672924876213074
0.004178546369075775,0.007094287313520908,0.07999630272388458,0.7886605858802795,0.12007036060094833
0.00907400157302618,0.03444969654083252,0.25199103355407715,0.613326907157898,0.09115836024284363
0.611362874507904,0.23803608119487762,0.026213830336928368,0.040567971765995026,0.08381926268339157
0.11893684417009354,0.5273520350456238,0.22955098748207092,0.06524891406297684,0.05891118571162224
0.4927108883857727,0.34846964478492737,0.04296518862247467,0.03820525109767914,0.07764904201030731
0.6818073987960815,0.18587549030780792,0.017314482480287552,0.03289199247956276,0.08211067318916321
0.3498924970626831,0.45495378971099854,0.07777675986289978,0.04546399787068367,0.07191293686628342
0.575501024723053,0.2630021572113037,0.027755482122302055,0.030690254643559456,0.1030510738492012
0.002209676429629326,0.006376136094331741,0.04213022440671921,0.8939879536628723,0.05529602989554405
0.681326150894165,0.18089398741722107,0.01609276607632637,0.042328130453825,0.07935898005962372
0.5780498385429382,0.28939858078956604,0.027367759495973587,0.03179672732949257,0.07338720560073853
0.6089157462120056,0.2370765060186386,0.023838400840759277,0.04483191668987274,0.08533743768930435
0.0433073416352272,0.6206052303314209,0.24915331602096558,0.0326608344912529,0.05427328124642372
0.042005833238363266,0.6544899344444275,0.2330828458070755,0.01669207587838173,0.053729262202978134
0.28159281611442566,0.46614882349967957,0.11430469900369644,0.0627003088593483,0.07525338977575302
0.21564258635044098,0.5876706838607788,0.10109459608793259,0.023694276809692383,0.0718979462981224
0.0028363470919430256,0.008701888844370842,0.003095495281741023,0.04391120746731758,0.9414551258087158
0.6508445143699646,0.21650753915309906,0.019047901034355164,0.029245732352137566,0.0843542143702507
0.010369861498475075,0.02552586980164051,0.09999313950538635,0.671563446521759,0.19254764914512634
0.08915486931800842,0.720599353313446,0.11275771260261536,0.016008863225579262,0.06147909164428711
0.38231655955314636,0.4351106882095337,0.06273356080055237,0.03253987804055214,0.08729934692382812
0.007504099979996681,0.015143489465117455,0.009641379117965698,0.2521474361419678,0.7155635952949524
0.004336623474955559,0.008753623813390732,0.005562947131693363,0.14803390204906464,0.8333129286766052
0.5797380805015564,0.28097930550575256,0.024409372359514236,0.03987039625644684,0.07500284165143967
0.009731021709740162,0.18344303965568542,0.6936821937561035,0.06725665181875229,0.04588703811168671
0.7025365233421326,0.16477340459823608,0.012894891202449799,0.042270611971616745,0.0775245875120163
0.0019578374922275543,0.004041989333927631,0.0021666984539479017,0.09021246433258057,0.9016210436820984
0.0064336215145885944,0.09995511919260025,0.6685153245925903,0.17726798355579376,0.047828011214733124
0.7337682247161865,0.1559530347585678,0.011239712126553059,0.024233272299170494,0.07480578124523163
0.013178949244320393,0.3617517948150635,0.546105146408081,0.03662509471178055,0.04233894869685173
0.5880695581436157,0.2558709681034088,0.03073609620332718,0.04022270813584328,0.08510063588619232
0.007691806182265282,0.01639513671398163,0.05186290293931961,0.6390818953514099,0.2849682867527008
0.6214863657951355,0.21008622646331787,0.028561139479279518,0.04657849296927452,0.0932878777384758
0.006515161134302616,0.26748064160346985,0.6543062925338745,0.028724396601319313,0.04297349974513054
0.00652555376291275,0.07983483374118805,0.6697031855583191,0.18970227241516113,0.05423417687416077
0.00784860085695982,0.012994376011192799,0.015494023449718952,0.3655290901660919,0.59813392162323
0.004793359432369471,0.07582248747348785,0.8172214031219482,0.05938846990466118,0.042774274945259094
0.44866952300071716,0.39188528060913086,0.04345058649778366,0.03767482936382294,0.0783197432756424
0.6914061903953552,0.18865102529525757,0.01489916443824768,0.03484475240111351,0.07019885629415512
0.6609206199645996,0.19207066297531128,0.021359726786613464,0.038654811680316925,0.08699416369199753
0.004033581353724003,0.023154959082603455,0.36903494596481323,0.5392255187034607,0.06455106288194656
0.47658273577690125,0.37116166949272156,0.04055676609277725,0.027697108685970306,0.08400173485279083
0.005123721901327372,0.11585568636655807,0.7234956622123718,0.11757807433605194,0.03794687241315842
0.0019697414245456457,0.003987110685557127,0.0010852342238649726,0.07781077176332474,0.915147066116333
0.003939496818929911,0.009396189823746681,0.21184095740318298,0.7243903279304504,0.05043300241231918
0.007244350854307413,0.025497913360595703,0.3371776342391968,0.5786440372467041,0.051436033099889755
0.6233240962028503,0.24415263533592224,0.02424057200551033,0.02652457356452942,0.08175811916589737
0.0236526932567358,0.4681890606880188,0.4418681263923645,0.027991153299808502,0.03829897940158844
0.7512690424919128,0.11651656776666641,0.01083966065198183,0.03559580072760582,0.08577889949083328
0.2851325273513794,0.49489453434944153,0.114088274538517,0.03299295902252197,0.0728917270898819
0.001581057207658887,0.003736050333827734,0.0015985047211870551,0.03989851102232933,0.9531859159469604
0.7635231614112854,0.10501572489738464,0.01000931952148676,0.03434350714087486,0.08710839599370956
0.6187341213226318,0.23338444530963898,0.026386257261037827,0.03544265031814575,0.08605248481035233
0.014438527636229992,0.3131482005119324,0.5813859701156616,0.030152320861816406,0.0608750618994236
0.6014594435691833,0.24377934634685516,0.023675967007875443,0.05126069858670235,0.07982457429170609
0.02046983689069748,0.38164329528808594,0.5169708132743835,0.03926986828446388,0.04164617508649826
0.14013703167438507,0.6928730607032776,0.07834921777248383,0.023447031155228615,0.06519365310668945
0.008417520672082901,0.042492788285017014,0.6010249257087708,0.29075849056243896,0.05730627104640007
0.5040209293365479,0.30960705876350403,0.05217406526207924,0.04407806321978569,0.09011981636285782
0.3555973470211029,0.48171642422676086,0.06334403902292252,0.026316730305552483,0.07302545756101608
0.00888006016612053,0.03566969558596611,0.42309290170669556,0.47218722105026245,0.06017013266682625
0.020032182335853577,0.3451943099498749,0.5272690057754517,0.060169897973537445,0.047334544360637665
0.002970397472381592,0.008851749822497368,0.10148008167743683,0.8097921013832092,0.07690561562776566
0.6814749836921692,0.18924278020858765,0.01681697927415371,0.03168749436736107,0.08077779412269592
0.013647148385643959,0.09937503188848495,0.5952652096748352,0.22224721312522888,0.06946541368961334
0.21823953092098236,0.5886315107345581,0.0935526192188263,0.02137797512114048,0.07819836586713791
0.6699211597442627,0.18110834062099457,0.021713513880968094,0.03709740936756134,0.09015953540802002
0.008451087400317192,0.04542706906795502,0.5677172541618347,0.3246726989746094,0.05373185873031616
0.6194520592689514,0.20815251767635345,0.031579092144966125,0.051344241946935654,0.08947208523750305
0.010096241720020771,0.015305409207940102,0.011709260754287243,0.24705179035663605,0.715837299823761
0.61810702085495,0.23687076568603516,0.024602171033620834,0.03432147577404976,0.08609853684902191
0.10654288530349731,0.7400634288787842,0.07036244124174118,0.02685455046594143,0.05617667734622955
0.5994488596916199,0.2713327407836914,0.021352531388401985,0.03552680462598801,0.07233912497758865
0.6941114664077759,0.1680617779493332,0.015456556342542171,0.043497517704963684,0.07887259870767593
0.5534582734107971,0.3048294484615326,0.027910813689231873,0.03946198150515556,0.07433950901031494
0.010468600317835808,0.19345703721046448,0.6700025796890259,0.07300058752298355,0.05307121202349663
0.035770393908023834,0.7397544384002686,0.17432895302772522,0.008774485439062119,0.04137178510427475
0.0007290720823220909,0.0017600834835320711,0.0009110790560953319,0.028486335650086403,0.9681134223937988
0.19373451173305511,0.6075068712234497,0.09236842393875122,0.04073718190193176,0.0656529888510704
0.01120089739561081,0.3513459265232086,0.557346761226654,0.03408189117908478,0.04602465033531189
0.5485875010490417,0.2996359169483185,0.03101240284740925,0.03983782231807709,0.080926313996315
0.0026603497099131346,0.0028548247646540403,0.05875597521662712,0.8324391841888428,0.10328962653875351
0.004859859589487314,0.015124838799238205,0.15762802958488464,0.7374162077903748,0.08497104048728943
0.13482823967933655,0.642271876335144,0.1403455138206482,0.02270490862429142,0.059849441051483154
0.03433671593666077,0.5534695982933044,0.32063961029052734,0.03142181783914566,0.06013217940926552
0.08533425629138947,0.6466163992881775,0.17375940084457397,0.036052145063877106,0.05823792144656181
0.02925647236406803,0.5809440016746521,0.3136921226978302,0.025983521714806557,0.050123896449804306
0.5613691210746765,0.2870897948741913,0.030871819704771042,0.036292340606451035,0.08437693119049072
0.5466986298561096,0.30540981888771057,0.03170183300971985,0.03686557337641716,0.07932411134243011
0.06709751486778259,0.6439873576164246,0.20807653665542603,0.03138480708003044,0.04945380240678787
0.1911267340183258,0.6105167865753174,0.11032866686582565,0.02641751989722252,0.06161032244563103
0.007189658470451832,0.10134539008140564,0.6720664501190186,0.1724550724029541,0.04694340005517006
0.32179614901542664,0.4882332682609558,0.07768762111663818,0.031761832535266876,0.08052118122577667
0.09547915309667587,0.6026127338409424,0.20667815208435059,0.035981159657239914,0.05924874171614647
0.3637915849685669,0.44518545269966125,0.07833448052406311,0.023610126227140427,0.08907832205295563
0.5542417764663696,0.307113379240036,0.0299040749669075,0.032897576689720154,0.07584322988986969
0.4661068916320801,0.352229505777359,0.04770433530211449,0.04076249152421951,0.09319672733545303
0.008159294724464417,0.0408770814538002,0.40066787600517273,0.48806434869766235,0.06223141774535179
0.023355303332209587,0.4762880504131317,0.4231055676937103,0.025023985654115677,0.05222709849476814
0.5936959385871887,0.2397584468126297,0.029285872355103493,0.049383752048015594,0.08787599205970764
6.29274727543816e-05,0.00010489967826288193,3.234604446333833e-05,0.01559534389525652,0.9842044711112976
0.5019001364707947,0.3353929817676544,0.0391952283680439,0.04324471205472946,0.08026690036058426
0.48211410641670227,0.32333752512931824,0.0509684793651104,0.0473950132727623,0.0961848795413971
0.5327884554862976,0.28247955441474915,0.043111592531204224,0.04975214600563049,0.0918683186173439
0.005510060116648674,0.032695360481739044,0.4557318091392517,0.45086824893951416,0.05519453063607216
0.0037575536407530308,0.00827101431787014,0.002497581299394369,0.09895151853561401,0.8865223526954651
0.6473417282104492,0.20690622925758362,0.01863022707402706,0.04251167178153992,0.08461019396781921
0.005840209778398275,0.014833208173513412,0.12553727626800537,0.7673770189285278,0.08641230314970016
0.03199547901749611,0.6166654825210571,0.28758352994918823,0.021107874810695648,0.0426475889980793
0.5626317262649536,0.2627387046813965,0.037285901606082916,0.04404216632246971,0.09330146014690399
0.10629235953092575,0.6969433426856995,0.11878497898578644,0.023232175037264824,0.05474717170000076
0.00819870550185442,0.03211207315325737,0.5460182428359985,0.35456588864326477,0.059105079621076584
0.00613155635073781,0.11980070173740387,0.7082170248031616,0.12299429625272751,0.04285646975040436
0.3318685293197632,0.5324984192848206,0.04315006360411644,0.029452065005898476,0.06303095072507858
0.5285536050796509,0.3117635250091553,0.03669917955994606,0.040505360811948776,0.08247826248407364
0.007039788644760847,0.059850383549928665,0.6056492328643799,0.2731249928474426,0.054335638880729675
0.001729514915496111,0.0035495804622769356,0.0019714361988008022,0.0870918408036232,0.9056576490402222
0.7808972001075745,0.09008458256721497,0.008741163648664951,0.03129966929554939,0.08897741138935089
0.431225448846817,0.3652091324329376,0.06335261464118958,0.05414561927318573,0.08606711775064468
0.010289627127349377,0.11363032460212708,0.7395299673080444,0.08871795237064362,0.04783213883638382
0.3164334297180176,0.5226827263832092,0.051122695207595825,0.03915519267320633,0.0706060603260994
0.005373978987336159,0.035382840782403946,0.4612269103527069,0.4417266249656677,0.05628965049982071
0.39914798736572266,0.4603944718837738,0.04371488094329834,0.023191973567008972,0.07355071604251862
0.13841192424297333,0.610897958278656,0.1583072692155838,0.032887984067201614,0.05949488654732704
0.00621437281370163,0.009383350610733032,0.005999291315674782,0.32056674361228943,0.6578362584114075
0.015609215013682842,0.11449318379163742,0.5275886058807373,0.26484960317611694,0.07745935767889023
0.0251143928617239,0.35280510783195496,0.507154643535614,0.06029340997338295,0.05463244393467903
0.6524626016616821,0.20136116445064545,0.01764371432363987,0.04098505154252052,0.08754758536815643
0.6253974437713623,0.20641186833381653,0.02462928742170334,0.0471542552113533,0.09640716761350632
0.012419980019330978,0.1879250556230545,0.6710277795791626,0.07818165421485901,0.05044557899236679
0.41172266006469727,0.41636496782302856,0.05980100482702255,0.03266773372888565,0.07944373041391373
0.6445720195770264,0.2268112748861313,0.0203293077647686,0.03445005416870117,0.07383733242750168
0.02135646715760231,0.45365652441978455,0.4539039134979248,0.033184148371219635,0.03789912909269333
0.00031152862356975675,0.0006986436201259494,0.00028471541008912027,0.047417715191841125,0.9512873888015747
0.009662295691668987,0.2331884652376175,0.6730690002441406,0.03083375096321106,0.05324648693203926
0.10891350358724594,0.7048048377037048,0.10947088897228241,0.024347543716430664,0.05246325954794884
0.6130746603012085,0.22895772755146027,0.027269037440419197,0.04807649925351143,0.08262205868959427
0.6231210827827454,0.22269849479198456,0.021298954263329506,0.04729817062616348,0.08558323234319687
0.4976058900356293,0.31707653403282166,0.05034269765019417,0.04646535590291023,0.08850956708192825
0.14588052034378052,0.5865176916122437,0.17343389987945557,0.0357823483645916,0.058385539799928665
0.539161205291748,0.2832641899585724,0.04460059851408005,0.04354928061366081,0.08942471444606781
0.6562862396240234,0.20729786157608032,0.020129641517996788,0.03268756344914436,0.08359865844249725
0.008076546713709831,0.029756059870123863,0.4429279565811157,0.46993058919906616,0.049308788031339645
0.5419008731842041,0.2923111021518707,0.03712799772620201,0.04237590357661247,0.0862841084599495
0.6972895264625549,0.18041139841079712,0.014601319096982479,0.027434594929218292,0.08026313036680222
0.00038951015449129045,0.0010831356048583984,0.033150725066661835,0.9197114109992981,0.04566517844796181
0.005543991457670927,0.04220927879214287,0.45521074533462524,0.4233790338039398,0.07365691661834717
0.4436478912830353,0.4279598593711853,0.03048725798726082,0.030700404196977615,0.06720463186502457
0.02519446425139904,0.5389274954795837,0.35683467984199524,0.02893928624689579,0.05010407418012619
0.04208821430802345,0.6159560084342957,0.285113662481308,0.018485043197870255,0.038357093930244446
0.19012244045734406,0.5940329432487488,0.1349892020225525,0.028435831889510155,0.052419546991586685
0.009808754548430443,0.13403359055519104,0.7461776733398438,0.05788208916783333,0.05209784209728241
0.007152075879275799,0.015805860981345177,0.3171028792858124,0.6063055396080017,0.05363353341817856
0.009634488262236118,0.2796004116535187,0.6228935122489929,0.046845242381095886,0.04102632403373718
0.006941324099898338,0.09567144513130188,0.7081848978996277,0.13999980688095093,0.04920250549912453
0.008798998780548573,0.07872766256332397,0.6359156370162964,0.218577042222023,0.05798066407442093
0.7092424631118774,0.17382782697677612,0.01386210136115551,0.028315341100096703,0.07475227117538452
0.004054844845086336,0.006926256697624922,0.005145446863025427,0.22100870311260223,0.7628647685050964
0.008949256502091885,0.2491101175546646,0.6502141356468201,0.05072743445634842,0.04099900647997856
0.007387591991573572,0.018602032214403152,0.07961299270391464,0.7096583843231201,0.18473903834819794
0.10064224153757095,0.3636513650417328,0.34030023217201233,0.12247691303491592,0.07292921841144562
0.007625175174325705,0.26149383187294006,0.6416135430335999,0.04490319639444351,0.044364284723997116
0.016504116356372833,0.33756470680236816,0.5527148246765137,0.04186389967799187,0.05135245621204376
0.45741990208625793,0.38373467326164246,0.038543879985809326,0.04274192079901695,0.0775597020983696
0.6450111865997314,0.22512367367744446,0.01825718954205513,0.03526617959141731,0.07634180039167404
0.5690870881080627,0.2855428457260132,0.024900279939174652,0.0428171381354332,0.07765261083841324
0.011930975131690502,0.04789920896291733,0.5162977576255798,0.35570430755615234,0.06816776841878891
0.007865790277719498,0.15038743615150452,0.7030168771743774,0.09576041996479034,0.0429694764316082
0.5465238094329834,0.3092130720615387,0.033421631902456284,0.029424630105495453,0.0814167782664299
0.05994969233870506,0.6794495582580566,0.19755791127681732,0.01805875077843666,0.044984057545661926
0.04638347402215004,0.7683331966400146,0.11469074338674545,0.013240734115242958,0.05735182389616966
0.20340295135974884,0.6044461727142334,0.08721193671226501,0.0209895558655262,0.08394941687583923
0.6552114486694336,0.1780087798833847,0.027525002136826515,0.04622768983244896,0.0930270105600357
0.0042516314424574375,0.01338967401534319,0.18764226138591766,0.7291140556335449,0.0656023696064949
0.03318682312965393,0.12411662191152573,0.49339354038238525,0.26741141080856323,0.08189164847135544
0.014622463844716549,0.11554485559463501,0.6124492883682251,0.1907539665699005,0.06662945449352264
0.01756763830780983,0.4051473140716553,0.49144238233566284,0.025935767218470573,0.0599069744348526
0.3834580183029175,0.482812762260437,0.03501936420798302,0.03141218423843384,0.06729763001203537
0.09244121611118317,0.5155746936798096,0.27376851439476013,0.06221698969602585,0.05599857494235039
0.007726072799414396,0.04016229137778282,0.4881526827812195,0.4115615785121918,0.05239744111895561
0.5944657325744629,0.25261804461479187,0.0263384897261858,0.040955085307359695,0.08562274277210236
0.6711248159408569,0.19059033691883087,0.018672188743948936,0.03423916548490524,0.08537343144416809
0.009691555052995682,0.20611785352230072,0.6598829627037048,0.0819774717092514,0.04233013838529587
0.004214209504425526,0.0054844035767018795,0.11336573213338852,0.8003104329109192,0.07662522792816162
0.4908847212791443,0.36104080080986023,0.03719894587993622,0.03851764649152756,0.07235785573720932
0.7208956480026245,0.15590205788612366,0.010975835844874382,0.035099923610687256,0.07712643593549728
0.05240614339709282,0.1395995169878006,0.21751420199871063,0.2925202548503876,0.29795992374420166
0.0067818849347531796,0.26564931869506836,0.6543070077896118,0.029324712231755257,0.043937087059020996
0.588118314743042,0.2656618356704712,0.024525677785277367,0.04560668766498566,0.07608744502067566
0.7363808155059814,0.12814410030841827,0.013181996531784534,0.03688926249742508,0.08540379256010056
0.6353374123573303,0.20285838842391968,0.0281333327293396,0.04590410739183426,0.08776677399873734
0.5279110074043274,0.3234746754169464,0.036223504692316055,0.03608398512005806,0.07630676031112671
0.5727373361587524,0.2732623517513275,0.031727783381938934,0.04186428338289261,0.08040820062160492
0.7040444612503052,0.17480596899986267,0.014554107561707497,0.028703704476356506,0.0778917595744133
0.6363065242767334,0.21014058589935303,0.021127209067344666,0.04257384315133095,0.08985183387994766
0.00353429326787591,0.004687056411057711,0.037280742079019547,0.6588701009750366,0.29562780261039734
0.016787823289632797,0.12352069467306137,0.5525806546211243,0.2423444241285324,0.06476642936468124
0.02339748479425907,0.29587626457214355,0.576753556728363,0.053237855434417725,0.050734832882881165
0.0033924041781574488,0.006253981962800026,0.1534373164176941,0.7847020030021667,0.052214253693819046
0.006381823215633631,0.046258267015218735,0.5244656205177307,0.37648117542266846,0.04641308635473251
0.006039711181074381,0.011411950923502445,0.007630717474967241,0.14649957418441772,0.8284180164337158
0.007785573601722717,0.025068478658795357,0.39353838562965393,0.5184804797172546,0.05512703210115433
0.18320317566394806,0.6317792534828186,0.099892258644104,0.026508083567023277,0.058617137372493744
0.005908886902034283,0.009713111445307732,0.03495300933718681,0.49502772092819214,0.4543972909450531
0.029376503080129623,0.6591324806213379,0.2411768138408661,0.017440995201468468,0.05287323147058487
0.3837171792984009,0.4380846619606018,0.06656988710165024,0.03404612094163895,0.07758218050003052
0.43797940015792847,0.4051567018032074,0.05149705708026886,0.03400230035185814,0.07136446237564087
0.042806632816791534,0.5190390348434448,0.3407611846923828,0.04410290718078613,0.05329025536775589
0.007255407515913248,0.1738653928041458,0.6960111260414124,0.08198834955692291,0.04087973013520241
0.09793396294116974,0.7373557686805725,0.09538005292415619,0.018842151388525963,0.050488073378801346
0.5974062085151672,0.25366002321243286,0.027688782662153244,0.03485827520489693,0.08638666570186615
0.750127911567688,0.12792876362800598,0.010058259591460228,0.03520722687244415,0.07667779177427292
0.06410544365644455,0.5696713328361511,0.27401620149612427,0.03755655884742737,0.0546504370868206
0.054463159292936325,0.5799352526664734,0.2737062871456146,0.029714295640587807,0.0621810145676136
0.007430252619087696,0.020506225526332855,0.18812066316604614,0.6988629102706909,0.08508000522851944
0.015922043472528458,0.2772884666919708,0.5879729390144348,0.07085435092449188,0.04796222969889641
0.6007051467895508,0.25665536522865295,0.020857201889157295,0.04088151827454567,0.08090084046125412
0.0004836154112126678,0.00041065484401769936,0.028711428865790367,0.9289407134056091,0.0414535216987133
0.00993760209530592,0.018375180661678314,0.01450663898140192,0.19594337046146393,0.7612372040748596
0.06514155119657516,0.7076774835586548,0.16520102322101593,0.017182551324367523,0.04479736089706421
0.06891065090894699,0.7133677005767822,0.14521758258342743,0.013215553015470505,0.059288352727890015
0.6707818508148193,0.1998060941696167,0.01794159598648548,0.030830159783363342,0.08064034581184387
0.0184415765106678,0.4935271441936493,0.4099506139755249,0.024224355816841125,0.053856294602155685
0.6571049690246582,0.21475957334041595,0.01708878017961979,0.025014055892825127,0.08603251725435257
0.017354736104607582,0.32324597239494324,0.5602133870124817,0.049956027418375015,0.049229949712753296
0.18530024588108063,0.5054563879966736,0.1837831735610962,0.05403672531247139,0.07142356783151627
0.009186221286654472,0.01557082962244749,0.02461904101073742,0.4407463073730469,0.509877622127533
0.7496232390403748,0.11562551558017731,0.01120284479111433,0.03574978560209274,0.08779846131801605
0.004016181919723749,0.013009215705096722,0.13974586129188538,0.6765229105949402,0.16670577228069305
0.43600282073020935,0.4118095934391022,0.037690792232751846,0.03916948288679123,0.0753273069858551
0.007560313679277897,0.02004183828830719,0.14269647002220154,0.7422237992286682,0.08747757971286774
0.4354740381240845,0.41496336460113525,0.044681962579488754,0.029409581795334816,0.075470931828022
0.11019547283649445,0.6638175249099731,0.13043348491191864,0.03786272555589676,0.057690903544425964
0.19583375751972198,0.6608561873435974,0.06483131647109985,0.012718360871076584,0.06576031446456909
0.01872633583843708,0.501126766204834,0.401745468378067,0.026014581322669983,0.05238693580031395
0.003699997439980507,0.014200881123542786,0.25488048791885376,0.6808924078941345,0.046326227486133575
0.0022786676418036222,0.004689597990363836,0.002484669676050544,0.055676497519016266,0.9348704814910889
0.2575317621231079,0.4582960605621338,0.14807532727718353,0.06171058490872383,0.07438632100820541
0.01177593506872654,0.04780223220586777,0.5169388651847839,0.3537916839122772,0.06969128549098969
0.008541612885892391,0.016698993742465973,0.010621879249811172,0.21223068237304688,0.7519068121910095
0.006496119312942028,0.01555643044412136,0.06121714040637016,0.7118453979492188,0.20488494634628296
0.004493235610425472,0.1019633486866951,0.7323134541511536,0.12230256199836731,0.03892741724848747
0.0007988581783138216,0.0020948746241629124,0.0011554585071280599,0.6745449900627136,0.3214057385921478
0.006948133464902639,0.009789136238396168,0.014755900017917156,0.22444666922092438,0.7440601587295532
0.004897858947515488,0.025278937071561813,0.28003448247909546,0.5758957266807556,0.11389291286468506
0.1462354212999344,0.690778911113739,0.0843670442700386,0.018255550414323807,0.060362983494997025
0.005757525097578764,0.1065802052617073,0.7096545100212097,0.13813763856887817,0.03987012058496475
0.12028518319129944,0.7384936809539795,0.07429907470941544,0.01616665907204151,0.050755441188812256
0.5722484588623047,0.23784904181957245,0.04679666832089424,0.049010246992111206,0.09409558027982712
0.007654586341232061,0.16911426186561584,0.6879585385322571,0.09501224756240845,0.040260396897792816
0.6733812093734741,0.17780105769634247,0.018260294571518898,0.04638230800628662,0.08417513966560364
0.055539779365062714,0.7503119111061096,0.1141076385974884,0.015772564336657524,0.06426802277565002
0.1948280781507492,0.6079103350639343,0.11191605776548386,0.02433975227177143,0.06100580096244812
0.5194761753082275,0.3286183178424835,0.02917863242328167,0.04209946468472481,0.08062739670276642
0.7288737297058105,0.14953795075416565,0.009487475268542767,0.03696802258491516,0.075132817029953
0.006999126169830561,0.0343666709959507,0.46378904581069946,0.44516414403915405,0.049681104719638824
0.2970437705516815,0.5501663684844971,0.05966698005795479,0.02083328366279602,0.07228969782590866
0.11131531000137329,0.658083438873291,0.1541786789894104,0.019379151985049248,0.05704338103532791
0.6110435128211975,0.21268343925476074,0.036781374365091324,0.04678758606314659,0.09270399808883667
0.005591687746345997,0.04404696449637413,0.5169947147369385,0.3737267255783081,0.05963990464806557
0.10720834136009216,0.6618912816047668,0.14626619219779968,0.027387524023652077,0.05724671855568886
0.0063603948801755905,0.04642952233552933,0.5030093193054199,0.3833029866218567,0.06089780479669571
0.4110179841518402,0.4047955870628357,0.058898307383060455,0.03291047364473343,0.09237765520811081
0.010572884231805801,0.08508895337581635,0.6600627303123474,0.1876623034477234,0.05661303177475929
0.008998622186481953,0.03531206399202347,0.5293009877204895,0.37094220519065857,0.05544614791870117
0.021545931696891785,0.1732049137353897,0.571967363357544,0.16553813219070435,0.06774371862411499
0.03905932232737541,0.6777215003967285,0.2166370004415512,0.014201689511537552,0.05238042399287224
0.6793826818466187,0.1658121794462204,0.021701989695429802,0.04393346235156059,0.08916964381933212
0.008649324998259544,0.021201426163315773,0.1066334918141365,0.7091046571731567,0.15441113710403442
0.6022029519081116,0.25372642278671265,0.02257515862584114,0.04142994061112404,0.08006551861763
0.0105797303840518,0.02379361353814602,0.07174843549728394,0.6682273745536804,0.2256508320569992
0.009084425866603851,0.1591711938381195,0.7365743517875671,0.043909184634685516,0.05126083269715309
0.30258476734161377,0.5444410443305969,0.05128428712487221,0.03431734815239906,0.06737262010574341
0.5737272500991821,0.29618969559669495,0.025615332648158073,0.03041813336312771,0.07404955476522446
0.27606871724128723,0.49252158403396606,0.10501348227262497,0.04786268621683121,0.07853344082832336
0.29203149676322937,0.4762900471687317,0.1352538913488388,0.03231530264019966,0.06410922110080719
0.006250631995499134,0.09449002891778946,0.6784647703170776,0.1762896478176117,0.044504959136247635
0.007376472465693951,0.01116299256682396,0.0146073242649436,0.24402360618114471,0.7228295803070068
0.008455098606646061,0.033553849905729294,0.45912641286849976,0.44131407141685486,0.05755046755075455
0.00902518630027771,0.13387493789196014,0.7087423801422119,0.10025263577699661,0.04810485243797302
0.010775033384561539,0.019543500617146492,0.031222734600305557,0.5035569071769714,0.4349018931388855
0.08714646100997925,0.7080750465393066,0.12955929338932037,0.025420881807804108,0.049798328429460526
0.0027552335523068905,0.008358079008758068,0.14697328209877014,0.7856636643409729,0.05624974146485329
0.48764002323150635,0.34568148851394653,0.046738628298044205,0.039325643330812454,0.08061428368091583
0.012298471294343472,0.02161739207804203,0.025863898918032646,0.33314380049705505,0.6070764064788818
0.004282096400856972,0.017623919993638992,0.23072238266468048,0.6402467489242554,0.10712476074695587
0.5786721110343933,0.25365257263183594,0.030875036492943764,0.04500674456357956,0.09179352968931198
0.013106019236147404,0.39444848895072937,0.5208261609077454,0.027881303802132607,0.04373810067772865
0.004424493294209242,0.01044965349137783,0.12588201463222504,0.7969474792480469,0.062296416610479355
0.0019937148317694664,0.006242745090276003,0.10422861576080322,0.8306068181991577,0.05692804604768753
0.005749694537371397,0.014032603241503239,0.062044255435466766,0.7285141348838806,0.1896592527627945
0.01742788590490818,0.35479581356048584,0.5290538668632507,0.05055616796016693,0.048166193068027496
0.05216182395815849,0.3171045184135437,0.49867814779281616,0.07887749373912811,0.053178027272224426
0.5871841311454773,0.27015650272369385,0.028662940487265587,0.03641600161790848,0.07758046686649323
0.011293407529592514,0.08165442943572998,0.692945122718811,0.15241751074790955,0.061689455062150955
0.532275915145874,0.3056849539279938,0.03572527691721916,0.04805965721607208,0.07825426757335663
0.22565364837646484,0.6135408282279968,0.0706259086728096,0.02565203420817852,0.06452765315771103
0.4723847210407257,0.33597394824028015,0.05353948101401329,0.04266871139407158,0.09543304890394211
0.5522748231887817,0.28409451246261597,0.03320351988077164,0.041941579431295395,0.08848553150892258
0.5126214623451233,0.3364477753639221,0.036270566284656525,0.04075191169977188,0.0739082619547844
0.024138890206813812,0.17259901762008667,0.5887160301208496,0.14192382991313934,0.07262221723794937
0.005832325667142868,0.016682598739862442,0.1287367045879364,0.744932234287262,0.10381615161895752
0.5205379128456116,0.3253096342086792,0.03477444872260094,0.04109880328178406,0.07827920466661453
0.0028177956119179726,0.00616272771731019,0.0032787311356514692,0.052264899015426636,0.9354758262634277
0.4362736642360687,0.3933649957180023,0.052285078912973404,0.041678961366415024,0.07639729231595993
0.034754980355501175,0.4156419038772583,0.44159018993377686,0.054141949862241745,0.05387093126773834
0.034210268408060074,0.6105384230613708,0.3015531599521637,0.016465509310364723,0.03723263368010521
0.20570875704288483,0.6002387404441833,0.09639015048742294,0.030576715245842934,0.06708559393882751
0.6293842792510986,0.2155754417181015,0.023769106715917587,0.04953145980834961,0.08173974603414536
0.007463764399290085,0.019731927663087845,0.30144527554512024,0.6077591776847839,0.0635998472571373
0.006503422278910875,0.015003231354057789,0.07949548214673996,0.777897298336029,0.12110057473182678
0.006276705767959356,0.018810249865055084,0.1296524852514267,0.7352475523948669,0.11001298576593399
0.7050455212593079,0.16868185997009277,0.015008536167442799,0.0297846719622612,0.08147948980331421
0.048825059086084366,0.610912024974823,0.24513107538223267,0.02305305004119873,0.07207876443862915
0.10742060840129852,0.6063629984855652,0.19380484521389008,0.034405555576086044,0.058005888015031815
0.735854983329773,0.1371338814496994,0.01288946345448494,0.033754803240299225,0.08036692440509796
0.00751536013558507,0.01210907381027937,0.037358321249485016,0.6163899898529053,0.3266271948814392
0.014275317080318928,0.44627654552459717,0.4735809862613678,0.02227751538157463,0.04358970746397972
0.4572795629501343,0.4077960252761841,0.029643330723047256,0.03372136130928993,0.07155974954366684
0.006859657354652882,0.094589002430439,0.7087555527687073,0.14009042084217072,0.04970545321702957
0.585088849067688,0.2630671560764313,0.02626674994826317,0.04417826980352402,0.08139905333518982
0.014031895436346531,0.027597667649388313,0.03778517618775368,0.4717017412185669,0.4488835632801056
0.008676874451339245,0.023739183321595192,0.19850629568099976,0.6918506622314453,0.07722696661949158
0.03891874477267265,0.5158505439758301,0.36108699440956116,0.03641851246356964,0.04772528260946274
0.4695082902908325,0.34854987263679504,0.056571293622255325,0.041117314249277115,0.08425319194793701
0.3093116879463196,0.4914785623550415,0.08647586405277252,0.03653014823794365,0.0762038379907608
0.0035514647606760263,0.005618620198220015,0.00848296470940113,0.24038200080394745,0.7419649362564087
0.011364310048520565,0.16016416251659393,0.7152189016342163,0.06068573147058487,0.05256688967347145
0.01753803715109825,0.03326287120580673,0.028582263737916946,0.3483045697212219,0.5723122954368591
0.0042400355450809,0.015176146291196346,0.27458932995796204,0.661804735660553,0.044189710170030594
0.23380739986896515,0.6373068690299988,0.04893690347671509,0.020902683958411217,0.05904623121023178
0.011834059841930866,0.12816384434700012,0.66472327709198,0.13570012152194977,0.059578731656074524
0.5573714971542358,0.2963351607322693,0.03091719187796116,0.03875875100493431,0.07661738991737366
0.5219516754150391,0.3198259174823761,0.0374477356672287,0.03301529213786125,0.0877593457698822
0.008065367117524147,0.05283014848828316,0.7028576135635376,0.18848490715026855,0.047761961817741394
0.008425275795161724,0.014349697157740593,0.012011382728815079,0.4444122612476349,0.5208014249801636
0.006174964364618063,0.012107006274163723,0.007476497441530228,0.09119998663663864,0.8830415606498718
0.01007307879626751,0.16001629829406738,0.7021996974945068,0.08409908413887024,0.04361192137002945
0.6872370839118958,0.18388520181179047,0.017115600407123566,0.03012837842106819,0.0816337987780571
0.1117236316204071,0.5365711450576782,0.2325793355703354,0.056907374411821365,0.062218546867370605
0.002776529872789979,0.005510231945663691,0.0034131095744669437,0.11306210607290268,0.8752380609512329
0.007834739051759243,0.09915129095315933,0.7797610759735107,0.07172195613384247,0.04153094440698624
0.005777082871645689,0.08335580676794052,0.6526320576667786,0.20715264976024628,0.05108244717121124
0.006837988272309303,0.23089207708835602,0.684592604637146,0.03486793488264084,0.0428093746304512
0.6027724146842957,0.24622511863708496,0.024912724271416664,0.045939888805150986,0.08014989644289017
0.04270625114440918,0.6184122562408447,0.26860517263412476,0.026786815375089645,0.04348953440785408
0.4949398636817932,0.36827918887138367,0.03686526045203209,0.02815307304263115,0.07176262885332108
0.008455315604805946,0.013440403155982494,0.019456269219517708,0.39804428815841675,0.5606037974357605
0.03156585246324539,0.5549802780151367,0.3286285400390625,0.03225560858845711,0.052569787949323654
0.6111053824424744,0.2466273009777069,0.024104058742523193,0.03111128695309162,0.08705202490091324
0.6120408177375793,0.2558019459247589,0.023473162204027176,0.029012147337198257,0.07967200130224228
0.0028988677076995373,0.007834186777472496,0.08210787922143936,0.804287850856781,0.10287122428417206
0.633990466594696,0.23459798097610474,0.020656289532780647,0.029589882120490074,0.0811653807759285
0.005425320006906986,0.11840122193098068,0.7153730392456055,0.1227107122540474,0.03808968514204025
0.027175376191735268,0.7024949789047241,0.2107066959142685,0.011855648830533028,0.04776724800467491
0.6448895931243896,0.20103593170642853,0.02398117445409298,0.04071156308054924,0.08938173204660416
0.05528956651687622,0.7092033624649048,0.16802971065044403,0.021012980490922928,0.04646437615156174
0.05603453144431114,0.6823222637176514,0.1937834918498993,0.020048923790454865,0.0478106252849102
0.01208698283880949,0.3356899321079254,0.5717111825942993,0.03466105833649635,0.04585077613592148
0.0376429483294487,0.6246353983879089,0.27076658606529236,0.02119484916329384,0.0457601472735405
0.7306532859802246,0.13599345088005066,0.014290271326899529,0.037588007748126984,0.08147493749856949
0.6616812348365784,0.19235248863697052,0.021090645343065262,0.03894851356744766,0.08592723309993744
0.7011989951133728,0.18950586020946503,0.012912092730402946,0.023182783275842667,0.07320031523704529
0.009433542378246784,0.1105707436800003,0.6675198078155518,0.1553753763437271,0.057100486010313034
0.0014663668116554618,0.0029918975196778774,0.0006863870657980442,0.05228552222251892,0.9425698518753052
0.6258001327514648,0.22967104613780975,0.025939708575606346,0.035029392689466476,0.08355973660945892
0.033939097076654434,0.4994429647922516,0.3729962408542633,0.036446571350097656,0.05717507377266884
0.012997292913496494,0.06482129544019699,0.6039396524429321,0.2554853558540344,0.06275627762079239
0.40993672609329224,0.4433712363243103,0.04966263473033905,0.02446756698191166,0.07256171107292175
0.004682638216763735,0.005798413418233395,0.07397226989269257,0.770621657371521,0.1449250429868698
0.6252076625823975,0.2125449925661087,0.028642509132623672,0.04800209403038025,0.08560273051261902
0.09271296113729477,0.6969701647758484,0.13369329273700714,0.024464145302772522,0.052159398794174194
0.4752632975578308,0.3557111322879791,0.04413963481783867,0.033389922231435776,0.09149608761072159
0.6516316533088684,0.21318143606185913,0.02030913718044758,0.03359822556376457,0.08127955347299576
0.6017276644706726,0.2675118148326874,0.021379807963967323,0.03629760444164276,0.07308317720890045
0.5743423104286194,0.24243146181106567,0.04735320433974266,0.04341461509466171,0.09245850145816803
0.2647835612297058,0.5640357732772827,0.07880610227584839,0.02684156596660614,0.06553295254707336
0.009823080152273178,0.11641475558280945,0.7164513468742371,0.11870280653238297,0.03860805928707123
0.04985567927360535,0.18704508244991302,0.138499453663826,0.21813184022903442,0.4064679741859436
0.5356267690658569,0.31281232833862305,0.030565200373530388,0.036260366439819336,0.08473533391952515
0.0010524537647143006,0.0016222979174926877,0.0013075122842565179,0.09847348183393478,0.8975442051887512
0.5215106010437012,0.30815914273262024,0.04403887689113617,0.04050380364060402,0.08578748255968094
0.006586802192032337,0.009474033489823341,0.00715105514973402,0.14424419403076172,0.8325438499450684
0.4659753739833832,0.35668259859085083,0.05146259069442749,0.04326773062348366,0.08261162787675858
0.4915941059589386,0.36719459295272827,0.0370272658765316,0.029126714915037155,0.07505732774734497
0.26689377427101135,0.497449666261673,0.12054223567247391,0.04598153755068779,0.06913282722234726
0.17459319531917572,0.6071916222572327,0.13777625560760498,0.02241012267768383,0.05802883207798004
0.2546840310096741,0.5160994529724121,0.11999128013849258,0.04493964836001396,0.06428559124469757
0.005056688562035561,0.009683633223176003,0.005092318169772625,0.18584315478801727,0.7943241596221924
0.010096577927470207,0.01371720340102911,0.014247422106564045,0.1814391165971756,0.7804996967315674
0.009466503746807575,0.07215245068073273,0.707043468952179,0.1535513550043106,0.05778636783361435
0.6262789964675903,0.24394673109054565,0.02074064314365387,0.03373631834983826,0.07529737055301666
0.004254008177667856,0.008279509842395782,0.11989444494247437,0.7490251064300537,0.11854684352874756
0.009485027752816677,0.023122459650039673,0.16025838255882263,0.6788040399551392,0.1283300369977951
0.01691482402384281,0.031266845762729645,0.0420432947576046,0.4021373689174652,0.507637619972229
0.007964441552758217,0.06050312891602516,0.6047589182853699,0.27357250452041626,0.05320100858807564
0.6578062772750854,0.20378974080085754,0.015815619379281998,0.04379149153828621,0.07879684865474701
0.35890546441078186,0.4817899167537689,0.059275101870298386,0.02602299302816391,0.07400652766227722
0.575326681137085,0.25394219160079956,0.030501091852784157,0.05271183326840401,0.08751823753118515
0.5849847197532654,0.2832028865814209,0.02528868429362774,0.03240300342440605,0.07412073016166687
0.007764733862131834,0.07988884299993515,0.7555884718894958,0.10116010159254074,0.055597852915525436
0.005457898136228323,0.01585010066628456,0.15267837047576904,0.7268406748771667,0.09917296469211578
0.21159757673740387,0.5707017183303833,0.10347779840230942,0.054943837225437164,0.05927915871143341
0.015716051682829857,0.28758856654167175,0.6026319861412048,0.040048059076070786,0.05401536822319031
0.007136119529604912,0.016144659370183945,0.20868103206157684,0.6862160563468933,0.08182202279567719
0.012632753700017929,0.03415292501449585,0.10874728858470917,0.5973555445671082,0.2471114993095398
0.5979492664337158,0.2571353614330292,0.02454010210931301,0.039966318756341934,0.08040902018547058
0.007834328338503838,0.05713260546326637,0.5362818837165833,0.3485963046550751,0.05015483498573303
0.01047525554895401,0.043550893664360046,0.41731709241867065,0.4493386149406433,0.07931813597679138
0.2201751470565796,0.5473446249961853,0.11524277925491333,0.04379253461956978,0.07344480603933334
0.7631064057350159,0.1118149682879448,0.010784182697534561,0.03335297480225563,0.08094144612550735
0.01204952783882618,0.13859863579273224,0.7023757696151733,0.08895214647054672,0.05802397057414055
0.0649617612361908,0.6934821009635925,0.16510362923145294,0.013291625306010246,0.06316085904836655
0.6071689128875732,0.2537463903427124,0.024418700486421585,0.03600216284394264,0.07866387814283371
0.23332016170024872,0.5950649976730347,0.0801086574792862,0.028516773134469986,0.06298939883708954
0.002001727931201458,0.003945579752326012,0.0010258718393743038,0.07699920982122421,0.9160276055335999
0.001323201577179134,0.0024244694504886866,0.0007224032888188958,0.061077382415533066,0.934452474117279
0.006479829084128141,0.023247526958584785,0.34215471148490906,0.5793563723564148,0.04876154288649559
0.021866347640752792,0.054219331592321396,0.3183750510215759,0.43922632932662964,0.16631294786930084
0.09799347817897797,0.6899386048316956,0.14333418011665344,0.016970794647932053,0.05176301300525665
0.5931384563446045,0.258178174495697,0.02913292497396469,0.03954079747200012,0.08000960946083069
0.024138357490301132,0.43760502338409424,0.465690553188324,0.032021671533584595,0.040544476360082626
0.6507053971290588,0.2123211920261383,0.01789906620979309,0.042242150753736496,0.07683218270540237
0.004470685962587595,0.013888795860111713,0.13073071837425232,0.7529157400131226,0.09799405187368393
0.6402800679206848,0.22690066695213318,0.020841438323259354,0.030310876667499542,0.0816669911146164
0.0710717961192131,0.5897067785263062,0.2560596466064453,0.030206477269530296,0.052955325692892075
0.007058172952383757,0.032908786088228226,0.4475502371788025,0.4637191891670227,0.04876364767551422
0.03059493750333786,0.6300328373908997,0.25911208987236023,0.0187715794891119,0.06148857995867729
0.6111186146736145,0.2415311485528946,0.02313588373363018,0.04198327660560608,0.08223103731870651
0.011252962984144688,0.2782016694545746,0.6249399185180664,0.04124527424573898,0.04436016082763672
0.655264139175415,0.192475825548172,0.020337607711553574,0.048156656324863434,0.08376581221818924
0.02352593094110489,0.23974932730197906,0.5983495116233826,0.08710009604692459,0.05127517879009247
0.5711449980735779,0.2758572995662689,0.03437735512852669,0.03687664493918419,0.08174379169940948
0.6751287579536438,0.1781139075756073,0.020296646282076836,0.041521839797496796,0.08493883162736893
0.022089701145887375,0.3573629558086395,0.5100815296173096,0.06168528273701668,0.048780497163534164
0.00633540004491806,0.012901317328214645,0.007259313482791185,0.1817457228899002,0.7917582392692566
0.45439964532852173,0.39332205057144165,0.041248224675655365,0.03916576877236366,0.07186438143253326
0.08956797420978546,0.7360690236091614,0.10886920243501663,0.016701415181159973,0.04879240691661835
0.011480900458991528,0.05162162706255913,0.2654520869255066,0.5439831614494324,0.1274622529745102
0.6547267436981201,0.20984046161174774,0.018729813396930695,0.02952093631029129,0.08718208223581314
0.002805955009534955,0.006264363415539265,0.0031869877129793167,0.05263109505176544,0.9351115226745605
0.4177110195159912,0.3557068407535553,0.0773279145359993,0.06241836026310921,0.0868358314037323
0.3574148714542389,0.42029869556427,0.09346219152212143,0.05636073648929596,0.0724635198712349
0.029495369642972946,0.42000749707221985,0.4511309266090393,0.04981334134936333,0.04955296963453293
0.01137237437069416,0.045054614543914795,0.4220465123653412,0.4411550760269165,0.0803714394569397
0.7247053980827332,0.1307774931192398,0.01392375398427248,0.040448516607284546,0.09014484286308289
0.004821416921913624,0.03458493947982788,0.48815056681632996,0.4176861345767975,0.05475688725709915
0.012090547941625118,0.24784527719020844,0.6426053643226624,0.056783922016620636,0.04067477211356163
0.5649800300598145,0.26693788170814514,0.04145688936114311,0.04548276960849762,0.08114240318536758
0.062173351645469666,0.6147840619087219,0.23321811854839325,0.03200577571988106,0.0578186996281147
0.0013281992869451642,0.001118158339522779,0.06819545477628708,0.8816529512405396,0.047705259174108505
0.011117078363895416,0.13271543383598328,0.7133168578147888,0.0812019631266594,0.0616486482322216
0.21010565757751465,0.5938470363616943,0.09264139086008072,0.023821743205189705,0.07958425581455231
0.0031334019731730223,0.009757405146956444,0.11675560474395752,0.798785924911499,0.07156764715909958
0.43577632308006287,0.39082425832748413,0.04994073137640953,0.030853329226374626,0.09260530024766922
0.08397860825061798,0.6859471797943115,0.1358085572719574,0.02193159982562065,0.07233406603336334
0.6627968549728394,0.20986852049827576,0.018264934420585632,0.03138302266597748,0.07768669724464417
0.011480286717414856,0.16599588096141815,0.6893669366836548,0.08243987709283829,0.050716985017061234
0.6123011708259583,0.24827082455158234,0.020879775285720825,0.04025353863835335,0.07829462736845016
0.01821405440568924,0.44396206736564636,0.48084673285484314,0.023781515657901764,0.033195611089468
0.5588024854660034,0.27923843264579773,0.033994290977716446,0.03977353498339653,0.08819124847650528
0.5772988200187683,0.27580997347831726,0.03058343380689621,0.03385452181100845,0.08245323598384857
0.05025257542729378,0.6578976511955261,0.22502276301383972,0.020077109336853027,0.04674987494945526
0.5595735907554626,0.274699330329895,0.03532671555876732,0.04331164434552193,0.0870886817574501
0.004028915893286467,0.005827312357723713,0.004296594299376011,0.1433696448802948,0.842477560043335
0.5853951573371887,0.24664084613323212,0.03106514737010002,0.04832492396235466,0.08857394009828568
0.009253679774701595,0.03356005623936653,0.33827298879623413,0.547267496585846,0.07164580374956131
0.014482074417173862,0.09218002110719681,0.539857804775238,0.2863377332687378,0.06714236736297607
0.003223443403840065,0.003862630110234022,0.08436044305562973,0.8272864818572998,0.08126702159643173
0.006775136571377516,0.014817584306001663,0.006180461961776018,0.1313304752111435,0.8408963680267334
0.07176527380943298,0.7122480869293213,0.168055459856987,0.010433819144964218,0.037497345358133316
0.0073346965946257114,0.1358548402786255,0.7287653684616089,0.08306918293237686,0.04497590661048889
0.39997240900993347,0.46114569902420044,0.03675856813788414,0.02846149355173111,0.07366188615560532
0.48795318603515625,0.3582194447517395,0.032149262726306915,0.04476593807339668,0.07691225409507751
0.5426952838897705,0.28334227204322815,0.038005247712135315,0.049125220626592636,0.08683191239833832
0.5022913813591003,0.35320255160331726,0.02960876375436783,0.04025829955935478,0.0746389776468277
0.009554286487400532,0.04767131060361862,0.6285961270332336,0.254338800907135,0.05983942002058029
0.19426091015338898,0.5959391593933105,0.11324979364871979,0.03586818277835846,0.060681939125061035
0.004149370361119509,0.00632341206073761,0.023501697927713394,0.4727822244167328,0.49324339628219604
0.6107905507087708,0.22838011384010315,0.026033952832221985,0.04700499027967453,0.08779042959213257
0.6555636525154114,0.1989818513393402,0.020065324380993843,0.038199614733457565,0.0871896967291832
0.7036586999893188,0.1525215059518814,0.016882412135601044,0.040217481553554535,0.08671998232603073
0.003939234651625156,0.008183839730918407,0.033267248421907425,0.7395676374435425,0.21504196524620056
0.525348424911499,0.3249114453792572,0.032920029014348984,0.026353685185313225,0.0904664546251297
0.08953218162059784,0.6099442839622498,0.225847989320755,0.024018509313464165,0.05065704509615898
0.005004145670682192,0.016039928421378136,0.17815245687961578,0.7221676111221313,0.07863587886095047
0.01497125905007124,0.42224764823913574,0.48672357201576233,0.026536114513874054,0.04952143877744675
0.01575232855975628,0.22800235450267792,0.6148799061775208,0.08902085572481155,0.052344538271427155
0.6430041790008545,0.24515537917613983,0.017142541706562042,0.028936242684721947,0.06576161831617355
0.009371605701744556,0.055330295115709305,0.5672431588172913,0.31671327352523804,0.0513417087495327
0.001731896074488759,0.00246284157037735,0.0015389530453830957,0.07259725779294968,0.921669065952301
0.16757307946681976,0.6164937019348145,0.12631666660308838,0.03162563219666481,0.057990919798612595
0.5796710252761841,0.28245091438293457,0.02705947309732437,0.03051929734647274,0.0802992656826973
0.4717990458011627,0.3773321211338043,0.04403260350227356,0.030561573803424835,0.07627467066049576
0.006811162922531366,0.07431600987911224,0.6088906526565552,0.2586342990398407,0.05134786665439606
0.0010321432491764426,0.0015482681337743998,0.0007714723469689488,0.05384692922234535,0.9428011178970337
0.0064053949899971485,0.028360949829220772,0.21800807118415833,0.5817385911941528,0.16548697650432587
0.509770929813385,0.34138625860214233,0.03674118593335152,0.029596393927931786,0.0825052559375763
0.10577507317066193,0.6821187734603882,0.11246300488710403,0.019870096817612648,0.07977305352687836
0.09221705794334412,0.6725507974624634,0.16497236490249634,0.021274281665682793,0.048985566943883896
0.003723256755620241,0.04183259606361389,0.5805598497390747,0.3306786119937897,0.04320565611124039
0.00696921069175005,0.01666596531867981,0.12169744074344635,0.7416596412658691,0.11300776898860931
0.5806394815444946,0.2507358193397522,0.031810659915208817,0.05141252651810646,0.08540154993534088
0.0007315903785638511,0.001486881054006517,0.0007402381743304431,0.07827728241682053,0.918764054775238
0.07221719622612,0.7385923266410828,0.10348547250032425,0.02158249355852604,0.06412259489297867
0.008116329088807106,0.013984954915940762,0.011961418204009533,0.2002459168434143,0.7656913995742798
0.5872305035591125,0.23613791167736053,0.03768406808376312,0.05057167261838913,0.08837580680847168
0.5738813877105713,0.28009891510009766,0.02849835529923439,0.030713319778442383,0.0868079662322998
0.015627754852175713,0.29596462845802307,0.5726219415664673,0.05943399295210838,0.05635163187980652
0.0859946683049202,0.6988403797149658,0.12340881675481796,0.015146991237998009,0.07660921663045883
0.5983408093452454,0.2524566054344177,0.026224737986922264,0.03642924875020981,0.08654852211475372
0.7165335416793823,0.1587280035018921,0.014305743388831615,0.030419930815696716,0.08001286536455154
0.011681175790727139,0.03960833698511124,0.3646050989627838,0.5150644183158875,0.0690409243106842
0.008437267504632473,0.01228427980095148,0.008210697211325169,0.24838608503341675,0.7226816415786743
0.026084035634994507,0.44250723719596863,0.44337573647499084,0.030309872701764107,0.05772315338253975
0.013423815369606018,0.26469436287879944,0.6139845252037048,0.051352065056562424,0.05654523894190788
0.006432125344872475,0.21606004238128662,0.6808122396469116,0.05615358054637909,0.040541958063840866
0.021695954725146294,0.3074522018432617,0.5668073892593384,0.051986634731292725,0.05205782875418663
0.10825677961111069,0.7388611435890198,0.07713335752487183,0.02534063532948494,0.050408121198415756
0.5989715456962585,0.27352482080459595,0.022525373846292496,0.03153040632605553,0.07344787567853928
0.04401838406920433,0.43056660890579224,0.4093129634857178,0.06226256862282753,0.053839366883039474
0.003200117265805602,0.004387311637401581,0.0033581170719116926,0.100197434425354,0.8888570666313171
0.06030659377574921,0.2587209939956665,0.331712543964386,0.1969950944185257,0.1522648185491562
0.28142502903938293,0.5271415114402771,0.08291564881801605,0.027237361297011375,0.08128044009208679
0.548463761806488,0.3047894835472107,0.023624563589692116,0.04243932664394379,0.08068292587995529
0.6832112073898315,0.17725616693496704,0.018771257251501083,0.03489023819565773,0.08587105572223663
0.714190661907196,0.1588076949119568,0.013068987056612968,0.03739185631275177,0.07654086500406265
0.007307721301913261,0.1505250185728073,0.750016450881958,0.041726719588041306,0.05042416974902153
0.0146784083917737,0.24694158136844635,0.6119376420974731,0.07500597089529037,0.05143639072775841
0.6370318531990051,0.21452385187149048,0.023239728063344955,0.0397665910422802,0.08543802052736282
0.5339955687522888,0.2926361560821533,0.03899319842457771,0.04819387197494507,0.08618127554655075
0.03207571804523468,0.18953882157802582,0.5106347799301147,0.19422094523906708,0.0735296979546547
0.010288413614034653,0.07948613911867142,0.5610647201538086,0.2857588231563568,0.06340191513299942
0.014669930562376976,0.18765631318092346,0.6140188574790955,0.13292579352855682,0.05072907358407974
0.007641668897122145,0.017222877591848373,0.08557669818401337,0.7220656871795654,0.1674930304288864
0.08451618999242783,0.646165132522583,0.18663033843040466,0.032372038811445236,0.05031632259488106
0.005386887583881617,0.0272639412432909,0.4249688684940338,0.5009408593177795,0.04143945127725601
0.7002303004264832,0.1620071679353714,0.015478633344173431,0.041459821164608,0.08082398027181625
0.15986157953739166,0.6448677182197571,0.10473307222127914,0.0341203399002552,0.05641735717654228
0.6616044640541077,0.17505238950252533,0.024544967338442802,0.047240257263183594,0.09155795723199844
0.24481354653835297,0.5858676433563232,0.06319258362054825,0.03670162707567215,0.06942463666200638
0.08187470585107803,0.733849823474884,0.10711675882339478,0.026273304596543312,0.05088545009493828
0.5916256308555603,0.25791630148887634,0.023976512253284454,0.04243794456124306,0.08404359966516495
0.7087150812149048,0.15387067198753357,0.01642449200153351,0.039240095764398575,0.08174973726272583
0.020227676257491112,0.5789291858673096,0.3342821002006531,0.019971579313278198,0.046589456498622894
0.011361141689121723,0.04803597554564476,0.400068998336792,0.4670187830924988,0.0735151544213295
0.006740902550518513,0.14370888471603394,0.7199143767356873,0.08931298553943634,0.040322769433259964
0.007437721360474825,0.011826150119304657,0.027182361111044884,0.363681435585022,0.5898723006248474
0.002152747241780162,0.0023008943535387516,0.062192223966121674,0.8653872609138489,0.06796682626008987
0.004031840246170759,0.0734834149479866,0.7048926949501038,0.17448827624320984,0.04310372471809387
0.06855422258377075,0.6479494571685791,0.21860556304454803,0.020553747192025185,0.0443369559943676
0.0408216267824173,0.13089630007743835,0.6271758079528809,0.12522518634796143,0.07588116824626923
0.005670743994414806,0.15466515719890594,0.7225590944290161,0.08180505782365799,0.03530000522732735
0.6009799242019653,0.24873757362365723,0.025049062445759773,0.044846031814813614,0.0803874284029007
0.11729088425636292,0.7112066745758057,0.07244428247213364,0.024169646203517914,0.07488849759101868
0.0048262267373502254,0.05556480213999748,0.6303056478500366,0.2665880024433136,0.04271532967686653
0.6521638631820679,0.2140999287366867,0.01829725317656994,0.03806120902299881,0.07737771421670914
0.00381541159003973,0.005667413119226694,0.08880430459976196,0.7753316760063171,0.12638117372989655
0.009151776321232319,0.0822344720363617,0.5856343507766724,0.2550378441810608,0.06794152408838272
0.22254678606987,0.5114039778709412,0.14237378537654877,0.05448920652270317,0.06918618828058243
0.011663910001516342,0.11281556636095047,0.7256695032119751,0.09298774600028992,0.056863293051719666
0.007468216586858034,0.17222172021865845,0.6891207098960876,0.08732691407203674,0.04386249557137489
0.006943497806787491,0.01895633526146412,0.2938418984413147,0.6215066313743591,0.05875169113278389
0.007128491997718811,0.06730594485998154,0.621078372001648,0.25207337737083435,0.05241385102272034
0.6297269463539124,0.23227639496326447,0.02314518205821514,0.03471192717552185,0.08013954013586044
0.6790978312492371,0.17687927186489105,0.016387654468417168,0.046123895794153214,0.08151134103536606
0.34312373399734497,0.471391886472702,0.07347582280635834,0.040458716452121735,0.0715498998761177
0.001298156683333218,0.0039205402135849,0.021330302581191063,0.913747251033783,0.05970371887087822
0.10710771381855011,0.7627320289611816,0.06884646415710449,0.01259094849228859,0.048722781240940094
0.003505018539726734,0.008623681031167507,0.08667408674955368,0.8267719745635986,0.07442521303892136
0.5478253364562988,0.2889426052570343,0.03545676916837692,0.04958829656243324,0.07818692922592163
0.695742130279541,0.1743117868900299,0.01445194985717535,0.03822691738605499,0.07726730406284332
0.014003541320562363,0.027716053649783134,0.07380177825689316,0.43835073709487915,0.44612786173820496
0.6483201384544373,0.20407168567180634,0.018580352887511253,0.04437253624200821,0.08465517312288284
0.0004922811640426517,0.0010798661969602108,0.00047909998102113605,0.054664935916662216,0.9432838559150696
0.017095739021897316,0.29876285791397095,0.5668624639511108,0.0665910392999649,0.050687942653894424
0.004437858238816261,0.010745493695139885,0.11859551817178726,0.7812311053276062,0.08499003201723099
0.69151771068573,0.19929847121238708,0.014696481637656689,0.024800147861242294,0.06968710571527481
0.6652564406394958,0.2067069113254547,0.018765993416309357,0.03084235079586506,0.07842835038900375
0.4812919497489929,0.3458217978477478,0.05248642340302467,0.043901678174734116,0.07649819552898407
0.013972175307571888,0.2695591151714325,0.6031196713447571,0.05947476252913475,0.05387432873249054
0.568027675151825,0.280441552400589,0.027591431513428688,0.04543714225292206,0.07850224524736404
0.0176632609218359,0.5209082365036011,0.4018489122390747,0.018703637644648552,0.04087593033909798
0.004677535034716129,0.04876086488366127,0.5639844536781311,0.32759588956832886,0.054981254041194916
0.019423985853791237,0.24865837395191193,0.6081112027168274,0.05629237741231918,0.06751406192779541
0.004747642204165459,0.01005467027425766,0.04115517809987068,0.6992912888526917,0.2447512000799179
0.11624479293823242,0.7230061888694763,0.0740332305431366,0.027200786396861076,0.05951502174139023
0.08584999293088913,0.7821324467658997,0.07081491500139236,0.01124767865985632,0.04995502531528473
0.006330075673758984,0.010130820795893669,0.021315133199095726,0.557933509349823,0.40429043769836426
0.5420322418212891,0.31183764338493347,0.031016254797577858,0.03486486151814461,0.0802491083741188
0.0035979601088911295,0.009827285073697567,0.08511841297149658,0.7832152247428894,0.1182410791516304
0.00821665022522211,0.20590835809707642,0.6925976276397705,0.046318382024765015,0.04695909470319748
0.04277006536722183,0.5616456270217896,0.2888675034046173,0.04101165011525154,0.06570515036582947
0.14518748223781586,0.5950131416320801,0.1601104587316513,0.029494373127818108,0.07019463181495667
0.009180066175758839,0.04339812695980072,0.3481593132019043,0.5170023441314697,0.08226010203361511
0.00529614370316267,0.026533780619502068,0.39503011107444763,0.5155358910560608,0.057604096829891205
0.5604919195175171,0.3011874556541443,0.02828923799097538,0.0274541936814785,0.08257723599672318
0.5892816781997681,0.24815168976783752,0.026593614369630814,0.033065762370824814,0.10290732234716415
0.5778484344482422,0.2876395881175995,0.02769092097878456,0.03286454826593399,0.07395658642053604
0.004261312074959278,0.007233098149299622,0.004870506003499031,0.09670539200305939,0.8869297504425049
0.08018700033426285,0.6300899982452393,0.21031977236270905,0.02684990130364895,0.052553314715623856
0.0238909013569355,0.5499177575111389,0.3464328646659851,0.018271641805768013,0.06148688122630119
0.7069708108901978,0.16222509741783142,0.011544927023351192,0.04169056564569473,0.07756868749856949
0.5544083714485168,0.2697628438472748,0.036577798426151276,0.05019408091902733,0.08905691653490067
0.009703312069177628,0.04215394705533981,0.5729982256889343,0.3144781291484833,0.06066649407148361
0.6661964058876038,0.20449694991111755,0.014396767131984234,0.035937607288360596,0.07897225022315979
0.17032571136951447,0.6715247631072998,0.07916773110628128,0.02129412442445755,0.05768762156367302
0.010387393645942211,0.034382011741399765,0.3865325152873993,0.5003588795661926,0.0683392658829689
0.005154592916369438,0.009709984064102173,0.2215491235256195,0.710731029510498,0.0528552383184433
0.017641203477978706,0.14065267145633698,0.548417866230011,0.21577082574367523,0.07751737534999847
0.004729586653411388,0.007337822113186121,0.01675271987915039,0.3373727798461914,0.6338070631027222
0.00037057328154332936,0.0010507063707336783,0.02127717062830925,0.9054399728775024,0.07186152786016464
0.5054242014884949,0.3301112651824951,0.03177952766418457,0.04095398262143135,0.09173106402158737
0.007979645393788815,0.09030978381633759,0.7556533813476562,0.09299416095018387,0.05306307226419449
0.013239477761089802,0.18018092215061188,0.6262352466583252,0.12454094737768173,0.05580345541238785
0.006514404434710741,0.01754997856914997,0.17506295442581177,0.7284545302391052,0.07241807132959366
0.5440843105316162,0.29951801896095276,0.0368078388273716,0.03835633397102356,0.08123350143432617
0.6661016345024109,0.18896980583667755,0.01602054201066494,0.04035146161913872,0.08855648338794708
0.04219429939985275,0.6238728165626526,0.255493700504303,0.024951400235295296,0.05348775163292885
0.024925487115979195,0.054336514323949814,0.10961214452981949,0.5218957662582397,0.289230078458786
0.005264974664896727,0.038320332765579224,0.5112087726593018,0.40434756875038147,0.04085840657353401
0.005574308801442385,0.014815635979175568,0.0822773426771164,0.8244051933288574,0.07292754203081131
0.5554947853088379,0.28512775897979736,0.03191231191158295,0.04419240728020668,0.083272784948349
0.009007345885038376,0.0191828403621912,0.28769680857658386,0.6196975708007812,0.06441544741392136
0.12149085104465485,0.6973737478256226,0.10578824579715729,0.018361017107963562,0.05698602646589279
0.00945919007062912,0.13317614793777466,0.7534055709838867,0.05640715733170509,0.047551918774843216
0.16940464079380035,0.5998292565345764,0.12714934349060059,0.030938616022467613,0.07267814874649048
0.008009337820112705,0.014462499879300594,0.017585836350917816,0.5660340785980225,0.39390823245048523
0.13627666234970093,0.6936421990394592,0.08361668884754181,0.024957560002803802,0.06150686740875244
0.006801452022045851,0.019922008737921715,0.15067169070243835,0.697834312915802,0.1247706264257431
0.012066328898072243,0.09901724755764008,0.7406502962112427,0.10147048532962799,0.046795666217803955
0.0063041639514267445,0.013168291188776493,0.04326203837990761,0.6486112475395203,0.28865423798561096
0.007243693340569735,0.016581332311034203,0.16008302569389343,0.7192565202713013,0.09683544933795929
0.005184715148061514,0.013285926543176174,0.10575561970472336,0.796592116355896,0.07918170094490051
0.01090301014482975,0.18748632073402405,0.6540789604187012,0.10119567066431046,0.04633602499961853
0.643074631690979,0.19881345331668854,0.020534615963697433,0.045545514672994614,0.09203190356492996
0.009526222944259644,0.28092101216316223,0.6234474778175354,0.040302373468875885,0.045802973210811615
0.5804783701896667,0.26370418071746826,0.029666103422641754,0.03493132069706917,0.0912199467420578
0.6149404048919678,0.23064649105072021,0.024697573855519295,0.04219925031065941,0.08751627057790756
0.6509433388710022,0.20123618841171265,0.01874072663486004,0.04756634682416916,0.08151344209909439
0.006546315271407366,0.021749773994088173,0.18560005724430084,0.704419732093811,0.08168406039476395
0.6425850987434387,0.2126135528087616,0.020963162183761597,0.04583122953772545,0.07800699770450592
0.5494828224182129,0.2625114917755127,0.047910429537296295,0.04953651502728462,0.09055870026350021
0.012173740193247795,0.11441144347190857,0.6554812788963318,0.1616208255290985,0.056312743574380875
0.3951862156391144,0.3835285007953644,0.09865417331457138,0.04460027813911438,0.07803093641996384
0.11324828118085861,0.6172958612442017,0.1783197820186615,0.028895413503050804,0.06224064528942108
0.001215288881212473,0.0023748225066810846,0.0012801308184862137,0.09751756489276886,0.8976122140884399
0.20689406991004944,0.6402222514152527,0.06836589425802231,0.025116123259067535,0.059401724487543106
0.005302614998072386,0.01428685337305069,0.23883573710918427,0.6792712211608887,0.062303658574819565
0.004753356333822012,0.015326944179832935,0.15537995100021362,0.7464274764060974,0.07811234146356583
0.022233953699469566,0.5723875164985657,0.34873518347740173,0.017664797604084015,0.038978539407253265
0.20909711718559265,0.6157295107841492,0.09192156791687012,0.020169978961348534,0.0630817636847496
0.18973784148693085,0.583917498588562,0.12264475226402283,0.02908247895538807,0.07461743801832199
0.003607803024351597,0.009616455063223839,0.05851175636053085,0.8588284850120544,0.0694354847073555
0.016363337635993958,0.3294873535633087,0.5589407086372375,0.05254606530070305,0.04266252741217613
0.0176238976418972,0.5572699904441833,0.3661400079727173,0.018318599089980125,0.0406474694609642
0.008356280624866486,0.10784468054771423,0.6742553114891052,0.16920676827430725,0.04033694788813591
0.0054617696441709995,0.013500802218914032,0.025325549766421318,0.8022223711013794,0.15348957479000092
0.003033231943845749,0.007506276480853558,0.09849287569522858,0.832476794719696,0.05849089473485947
0.008690839633345604,0.023895343765616417,0.14131492376327515,0.682848334312439,0.14325056970119476
0.008651334792375565,0.028543364256620407,0.20975089073181152,0.6634803414344788,0.08957414329051971
0.4520404636859894,0.35662636160850525,0.06674743443727493,0.0478035993874073,0.07678211480379105
0.06420855969190598,0.6083961129188538,0.23023518919944763,0.037591200321912766,0.059568971395492554
0.5865491032600403,0.23705914616584778,0.03339236229658127,0.04854842275381088,0.09445101767778397
0.008492342196404934,0.2123946249485016,0.6845455169677734,0.045797739177942276,0.0487697571516037
0.2218669056892395,0.521074116230011,0.13744613528251648,0.04258742555975914,0.07702526450157166
0.004703414160758257,0.015595966018736362,0.20784644782543182,0.707768440246582,0.06408575922250748
0.6465405821800232,0.20650526881217957,0.020681120455265045,0.04324417561292648,0.0830288752913475
0.013621202670037746,0.029095223173499107,0.025000452995300293,0.2584996223449707,0.6737834215164185
0.001639915513806045,0.003715286497026682,0.015534273348748684,0.710149884223938,0.2689606249332428
0.013175757601857185,0.3701653480529785,0.5361143350601196,0.03339824452996254,0.047146353870630264
0.0030159270390868187,0.006341931410133839,0.0031288564205169678,0.06341058760881424,0.9241027235984802
0.005022858735173941,0.03486323729157448,0.4163111746311188,0.4699673056602478,0.07383543998003006
0.008339977823197842,0.01483621634542942,0.00963323749601841,0.21972844004631042,0.7474621534347534
0.5263510346412659,0.3206019699573517,0.04016624018549919,0.027290355414152145,0.0855904370546341
0.013586700893938541,0.3794369399547577,0.5254247784614563,0.030939528718590736,0.05061207711696625
0.7035427093505859,0.17646600306034088,0.013906478881835938,0.02861233800649643,0.07747242599725723
0.005207425449043512,0.0074503556825220585,0.007803465239703655,0.16039694845676422,0.8191418647766113
0.16425444185733795,0.6814680695533752,0.07722039520740509,0.021906936541199684,0.055150240659713745
0.0013626179425045848,0.0032421441283077,0.032009221613407135,0.829841673374176,0.13354435563087463
0.0029893030878156424,0.004537597764283419,0.005262305028736591,0.17677229642868042,0.8104385733604431
0.01024959422647953,0.26832476258277893,0.6307008862495422,0.04240572080016136,0.04831904172897339
0.7533798813819885,0.13609877228736877,0.00983258057385683,0.02454063668847084,0.0761481374502182
0.5673490166664124,0.30436769127845764,0.025713011622428894,0.03003619611263275,0.07253404706716537
0.5756338834762573,0.25291529297828674,0.03451091796159744,0.05132824927568436,0.08561177551746368
0.004121136385947466,0.008805829100310802,0.04144259914755821,0.7207762598991394,0.2248542308807373
0.41476571559906006,0.4245709478855133,0.05324791744351387,0.030887853354215622,0.07652751356363297
0.16986015439033508,0.598125159740448,0.1245594471693039,0.04799932613968849,0.05945584550499916
0.007998403161764145,0.17898628115653992,0.7312272787094116,0.03468947857618332,0.04709862917661667
0.6135161519050598,0.2572939395904541,0.023319847881793976,0.03271660581231117,0.07315351068973541
0.00888120848685503,0.034635141491889954,0.5322069525718689,0.371825635433197,0.05245097726583481
0.15170058608055115,0.6676726937294006,0.09897101670503616,0.024169396609067917,0.057486336678266525
0.0030459826812148094,0.008415162563323975,0.10353012382984161,0.7991194725036621,0.08588918298482895
0.7138010859489441,0.13992971181869507,0.014946075156331062,0.04274510592222214,0.08857792615890503
0.6336402893066406,0.20291683077812195,0.02735055796802044,0.04723197594285011,0.08886029571294785
0.3507002294063568,0.5162270665168762,0.04030542075634003,0.027257543057203293,0.06550975888967514
0.3373042047023773,0.5170064568519592,0.04351494833827019,0.029534554108977318,0.07263980805873871
0.019820505753159523,0.5620514154434204,0.34738367795944214,0.014750744216144085,0.0559937059879303
0.6214826107025146,0.2395721673965454,0.02259465493261814,0.02950906939804554,0.08684147149324417
0.011058064177632332,0.019127029925584793,0.015925532206892967,0.18002836406230927,0.7738609910011292
0.5514863133430481,0.2696366608142853,0.04126030206680298,0.05048007145524025,0.08713658899068832
0.6621180772781372,0.198547825217247,0.01944623328745365,0.037160564213991165,0.08272737264633179
0.5760615468025208,0.24595418572425842,0.03426672890782356,0.05330495908856392,0.09041261672973633
0.11715878546237946,0.5714824795722961,0.19764311611652374,0.034194085747003555,0.0795215293765068
0.5272606611251831,0.3341768980026245,0.031084060668945312,0.036622319370508194,0.07085604220628738
0.0058037396520376205,0.01721864379942417,0.13902400434017181,0.7289020419120789,0.10905151069164276
0.006780669558793306,0.07830797135829926,0.7790626883506775,0.08635263890028,0.04949601739645004
0.040672048926353455,0.26604658365249634,0.3510267734527588,0.19579218327999115,0.14646245539188385
0.6320990920066833,0.22345919907093048,0.022692134603857994,0.033444471657276154,0.08830510824918747
0.6430388689041138,0.2146579474210739,0.020658256486058235,0.03196262568235397,0.08968230336904526
0.4650215804576874,0.33493125438690186,0.058167360723018646,0.0491659976541996,0.09271381050348282
0.38696593046188354,0.4458496570587158,0.056099679321050644,0.03654723986983299,0.0745374783873558
0.5092200636863708,0.3298127055168152,0.03580428287386894,0.04637279361486435,0.07879013568162918
0.6844038367271423,0.17974349856376648,0.017294110730290413,0.035898931324481964,0.08265957981348038
0.01983361504971981,0.389427125453949,0.5173925161361694,0.034225575625896454,0.039121147245168686
0.18186642229557037,0.6714286804199219,0.06207383796572685,0.022810185328125954,0.06182087957859039
0.006660050712525845,0.011325052008032799,0.013198336586356163,0.36138004064559937,0.6074365377426147
0.007348805200308561,0.0985615998506546,0.6630152463912964,0.1840844303369522,0.04698988422751427
0.010646389797329903,0.11985388398170471,0.7207425832748413,0.08717640489339828,0.06158079206943512
0.5026510953903198,0.3320586383342743,0.04050416126847267,0.040481243282556534,0.08430495113134384
0.6592228412628174,0.19027237594127655,0.02238471433520317,0.04537678882479668,0.08274337649345398
0.07141318917274475,0.6584264039993286,0.20505695044994354,0.01947835646569729,0.04562504589557648
0.0872354805469513,0.6802249550819397,0.12638379633426666,0.04312530532479286,0.06303048133850098
0.6463198065757751,0.21022365987300873,0.01828067936003208,0.042628638446331024,0.08254719525575638
0.318679541349411,0.49411097168922424,0.0763692557811737,0.03675881773233414,0.0740814208984375
0.49385738372802734,0.3454093933105469,0.041275154799222946,0.031219474971294403,0.08823859691619873
0.5732628107070923,0.24872589111328125,0.034692589193582535,0.04861794412136078,0.09470074623823166
0.746538519859314,0.14464755356311798,0.010072960518300533,0.02551671676337719,0.07322420924901962
0.007327883038669825,0.06039084866642952,0.5624954104423523,0.3186241090297699,0.051161687821149826
0.0010589715093374252,0.0023685703054070473,0.010361124761402607,0.7070978879928589,0.27911341190338135
0.5212193131446838,0.32485267519950867,0.03923038765788078,0.028892260044813156,0.08580537885427475
0.5048421621322632,0.3734014630317688,0.02082058973610401,0.03279522806406021,0.06814062595367432
0.489414244890213,0.3249536156654358,0.05455727130174637,0.049435459077358246,0.08163943141698837
0.5406771898269653,0.27592939138412476,0.041800860315561295,0.05033329874277115,0.09125933796167374
0.007794887293130159,0.0181932020932436,0.024206968024373055,0.7482924461364746,0.20151251554489136
0.6807217001914978,0.18230900168418884,0.017419693991541862,0.037678319960832596,0.08187124878168106
0.6115803122520447,0.24589574337005615,0.02472001127898693,0.031730636954307556,0.08607330173254013
0.01962978206574917,0.3216712474822998,0.5347816348075867,0.06468144804239273,0.059235986322164536
0.00608771713450551,0.044429004192352295,0.6124864816665649,0.2948680818080902,0.04212877154350281
0.6463370323181152,0.20865362882614136,0.025104764848947525,0.03329163044691086,0.08661291003227234
0.012448690831661224,0.08351058512926102,0.5245214700698853,0.3073185682296753,0.07220069319009781
0.10974772274494171,0.6772260665893555,0.13171471655368805,0.02262919209897518,0.05868237838149071
0.6939274072647095,0.15425491333007812,0.01936006359755993,0.04152277112007141,0.0909348577260971
0.03014547750353813,0.6346442699432373,0.2703115940093994,0.01791512966156006,0.046983521431684494
0.010521908290684223,0.15900170803070068,0.7206329107284546,0.05209050327539444,0.05775302276015282
0.3318672180175781,0.45050495862960815,0.09769807010889053,0.045899648219347,0.07403010874986649
0.006319620180875063,0.020246075466275215,0.20822308957576752,0.6343731880187988,0.13083797693252563
0.6476970911026001,0.2106589823961258,0.023248394951224327,0.034521233290433884,0.08387432247400284
0.009948772378265858,0.07997733354568481,0.6599560379981995,0.19547279179096222,0.05464507266879082
0.2374429702758789,0.5506085157394409,0.1038709431886673,0.03177912160754204,0.07629841566085815
0.007219725288450718,0.013458005152642727,0.022442659363150597,0.5006459951400757,0.45623353123664856
0.2369401752948761,0.5316828489303589,0.11372970789670944,0.037686724215745926,0.07996045053005219
0.7097013592720032,0.17152053117752075,0.013724960386753082,0.02858608216047287,0.07646709680557251
0.23054300248622894,0.5199034214019775,0.1246018335223198,0.0412762351334095,0.0836755782365799
0.004782595206052065,0.012130798771977425,0.16692210733890533,0.7487494349479675,0.0674150362610817
0.00599477207288146,0.025688601657748222,0.32149067521095276,0.5696711540222168,0.0771547481417656
0.45004144310951233,0.397280216217041,0.02866719290614128,0.05371927097439766,0.07029186934232712
0.49617937207221985,0.35701972246170044,0.028803767636418343,0.039075423032045364,0.07892166823148727
0.05816773325204849,0.621835470199585,0.24147115647792816,0.031984567642211914,0.046541109681129456
0.5310457944869995,0.3045520782470703,0.043483883142471313,0.03294755890965462,0.08797073364257812
0.011252216063439846,0.2893378734588623,0.6148877143859863,0.040334898978471756,0.04418725520372391
0.6691823601722717,0.17452599108219147,0.02253459207713604,0.0444670133292675,0.08928998559713364
0.5684199333190918,0.2817226052284241,0.03224199265241623,0.037374578416347504,0.08024094253778458
0.6131941676139832,0.2411423623561859,0.02154846116900444,0.04303061589598656,0.08108428865671158
0.05072248727083206,0.5149754881858826,0.30341413617134094,0.047260165214538574,0.08362767845392227
0.00917540118098259,0.09208901971578598,0.6143906712532043,0.23222965002059937,0.05211519077420235
0.003624486504122615,0.005544242449104786,0.0067812129855155945,0.1928327977657318,0.7912172675132751
0.6977486610412598,0.17307694256305695,0.014852922409772873,0.034250713884830475,0.08007077872753143
0.014202726073563099,0.12531721591949463,0.6924011707305908,0.10309262573719025,0.06498625874519348
0.5508175492286682,0.2803395986557007,0.04208995774388313,0.0453338697552681,0.08141890913248062
0.006056555546820164,0.02915099263191223,0.25941336154937744,0.5720702409744263,0.13330890238285065
0.676209032535553,0.19118662178516388,0.01791883073747158,0.03204379603266716,0.08264189958572388
0.06418123841285706,0.7864356637001038,0.0834726020693779,0.016830626875162125,0.04907987266778946
0.005360053852200508,0.018328402191400528,0.22919583320617676,0.680221438407898,0.0668943002820015
0.005534208845347166,0.02595820277929306,0.3460366725921631,0.5499175190925598,0.072553351521492
0.5041166543960571,0.3309990167617798,0.036542683839797974,0.04081817716360092,0.08752348273992538
0.3550691604614258,0.44684553146362305,0.07386626303195953,0.03877894952893257,0.08544009923934937
0.49777624011039734,0.3118720054626465,0.05697086453437805,0.04073953628540039,0.09264127910137177
0.003306710859760642,0.007810601498931646,0.042768336832523346,0.7716187238693237,0.17449559271335602
0.5363940000534058,0.3106253147125244,0.03137197345495224,0.04296090081334114,0.07864785194396973
0.010934616439044476,0.1367272436618805,0.6739475727081299,0.12359395623207092,0.05479659140110016
0.5853469371795654,0.2668812870979309,0.030922917649149895,0.03315095230937004,0.08369801938533783
0.009390214458107948,0.023970967158675194,0.10722294449806213,0.667841911315918,0.19157393276691437
0.006452444475144148,0.016729889437556267,0.13433045148849487,0.7557869553565979,0.08670031279325485
0.5226448178291321,0.2996548116207123,0.051628150045871735,0.0423712395131588,0.08370103687047958
0.01113590132445097,0.0320916473865509,0.1438014805316925,0.6370219588279724,0.1759490817785263
0.005691553000360727,0.02662443369626999,0.39202576875686646,0.5303985476493835,0.04525968059897423
0.5510416626930237,0.29733413457870483,0.027701925486326218,0.04450715333223343,0.07941514253616333
0.6183302402496338,0.22419828176498413,0.02561480551958084,0.03857490420341492,0.09328179806470871
0.36603978276252747,0.490275114774704,0.05003554746508598,0.018530327826738358,0.07511923462152481
0.5556811094284058,0.2791053056716919,0.03353475034236908,0.03644170984625816,0.09523710608482361
0.27136433124542236,0.5336502194404602,0.0900651067495346,0.030389223247766495,0.07453112304210663
0.4686535596847534,0.3651520013809204,0.045389704406261444,0.031042350456118584,0.0897623598575592
0.22551463544368744,0.6104716658592224,0.07227999716997147,0.026292579248547554,0.06544122844934464
0.15915188193321228,0.6833303570747375,0.0618014894425869,0.028073523193597794,0.06764275580644608
0.020485831424593925,0.30885830521583557,0.5692968964576721,0.039592817425727844,0.06176617369055748
0.021289614960551262,0.04375731572508812,0.039318595081567764,0.259178102016449,0.6364563703536987
0.07157931476831436,0.5193210244178772,0.293445885181427,0.05544201284646988,0.06021176278591156
0.49886655807495117,0.34183186292648315,0.04337120056152344,0.03714746609330177,0.07878291606903076
0.6662901639938354,0.18833066523075104,0.01766917295753956,0.04580579325556755,0.08190418034791946
0.006172246299684048,0.03076924942433834,0.4071212410926819,0.5071064233779907,0.04883092641830444
0.006339203100651503,0.01786372996866703,0.19519852101802826,0.6981937885284424,0.08240478485822678
0.003465824294835329,0.0060724117793142796,0.004118553828448057,0.20905300974845886,0.7772902250289917
0.008732940070331097,0.15322110056877136,0.6928600072860718,0.1002882868051529,0.044897690415382385
0.018535710871219635,0.34559038281440735,0.5415714979171753,0.04961415380239487,0.044688235968351364
0.42589396238327026,0.4302440583705902,0.03677036985754967,0.03673452138900757,0.07035714387893677
0.010104076936841011,0.01896868832409382,0.014611025340855122,0.13576722145080566,0.8205490112304688
0.0054145860485732555,0.01892911083996296,0.2322627604007721,0.6783716678619385,0.06502185016870499
0.17455312609672546,0.5472506284713745,0.1644289493560791,0.04505404457449913,0.06871332228183746
0.0015902789309620857,0.0036921603605151176,0.028468428179621696,0.8069043755531311,0.15934477746486664
0.6382641196250916,0.22103312611579895,0.019544007256627083,0.02766994573175907,0.09348873794078827
0.7366407513618469,0.1256350874900818,0.013218695297837257,0.037593841552734375,0.08691161125898361
0.001957179279997945,0.005782291758805513,0.11634910106658936,0.8216930627822876,0.05421828478574753
0.6966410875320435,0.15787020325660706,0.01769515685737133,0.04063548892736435,0.08715804666280746
0.007378226611763239,0.07615324854850769,0.6110712885856628,0.25512704253196716,0.05027013272047043
0.016886720433831215,0.3951869010925293,0.5042011141777039,0.04179121181368828,0.0419340655207634
0.029243778437376022,0.5468757748603821,0.36370307207107544,0.02281605824828148,0.03736133500933647
0.5190748572349548,0.31013908982276917,0.04409078136086464,0.038970548659563065,0.0877247303724289
0.4235062897205353,0.43442973494529724,0.03906568884849548,0.03339003771543503,0.06960824131965637
0.006676645018160343,0.009223250672221184,0.010976482182741165,0.1844596564769745,0.788663923740387
0.7471545338630676,0.11519476771354675,0.01208315510302782,0.03778977692127228,0.08777789026498795
0.6813503503799438,0.19150203466415405,0.016705339774489403,0.03193269297480583,0.07850965112447739
0.7413795590400696,0.11756987124681473,0.012456105090677738,0.03803424537181854,0.09056022763252258
0.5845884680747986,0.2709697186946869,0.022310951724648476,0.04617536440491676,0.07595549523830414
0.031935982406139374,0.7205530405044556,0.18233925104141235,0.014094016514718533,0.05107768625020981
0.014897437766194344,0.20021788775920868,0.6622809171676636,0.05837234854698181,0.06423137336969376
0.024448726326227188,0.4101162552833557,0.45212286710739136,0.04068271443247795,0.07262947410345078
0.6935405731201172,0.15808995068073273,0.016349561512470245,0.04556890204548836,0.08645099401473999
0.5907323956489563,0.2717756927013397,0.02226354368031025,0.041079919785261154,0.07414852827787399
0.64326012134552,0.21881894767284393,0.019875023514032364,0.0394781231880188,0.0785677433013916
0.008539573289453983,0.1834300011396408,0.699637234210968,0.06315769255161285,0.045235417783260345
0.014062969014048576,0.06457997858524323,0.29971012473106384,0.45275864005088806,0.16888825595378876
0.007204459980130196,0.08889934420585632,0.7841300368309021,0.07525939494371414,0.0445067323744297
0.013739023357629776,0.417744904756546,0.5153819918632507,0.02189226634800434,0.0312418844550848
0.6450566053390503,0.2205323576927185,0.017233222723007202,0.039876725524663925,0.07730112969875336
0.690215528011322,0.15953682363033295,0.018202392384409904,0.045323535799980164,0.08672177791595459
0.6117386221885681,0.24148018658161163,0.025874434038996696,0.04027019441127777,0.08063656091690063
0.681900143623352,0.18863637745380402,0.01666848734021187,0.03659664839506149,0.0761982798576355
0.019320135936141014,0.6031327843666077,0.311614066362381,0.012797175906598568,0.053135838359594345
0.5597602128982544,0.2930479943752289,0.03192877024412155,0.03481351584196091,0.08044949173927307
0.012783913873136044,0.05630771815776825,0.4422529935836792,0.40551692247390747,0.08313843607902527
0.0047898003831505775,0.013128716498613358,0.11475016176700592,0.7672357559204102,0.10009558498859406
0.0061645954847335815,0.011404024437069893,0.02943466417491436,0.6439042091369629,0.30909252166748047
0.008886619471013546,0.0741349384188652,0.6321492195129395,0.22967630624771118,0.05515298247337341
0.09083595126867294,0.5645318627357483,0.25130754709243774,0.04371333122253418,0.04961133748292923
0.5998189449310303,0.2271159142255783,0.03455754369497299,0.049973830580711365,0.08853381127119064
0.009216342121362686,0.27256396412849426,0.6480890512466431,0.03797661513090134,0.032154057174921036
0.5907788276672363,0.272842139005661,0.026080800220370293,0.03312273696064949,0.07717552781105042
0.009169002063572407,0.19448132812976837,0.6624913811683655,0.0890260860323906,0.0448322631418705
0.008642523549497128,0.038028065115213394,0.5900485515594482,0.3162589967250824,0.047021836042404175
0.016230395063757896,0.03255874663591385,0.046575888991355896,0.5357491970062256,0.36888575553894043
0.04489557072520256,0.5691161155700684,0.28530383110046387,0.04076271131634712,0.05992171913385391
0.0012234264286234975,0.0023652275558561087,0.0012775682844221592,0.10195009410381317,0.893183708190918
0.10405663400888443,0.6787676811218262,0.13505567610263824,0.018057918176054955,0.06406210362911224
0.016133056953549385,0.5297390818595886,0.39206644892692566,0.018350737169384956,0.04371064528822899
0.3814007639884949,0.40967658162117004,0.08230821788311005,0.04447893053293228,0.08213543891906738
0.6012426018714905,0.23191706836223602,0.028455311432480812,0.04864775389432907,0.08973725885152817
0.6265710592269897,0.23669308423995972,0.020377062261104584,0.026648957282304764,0.0897098258137703
0.01632789708673954,0.48440125584602356,0.4362013041973114,0.01997898891568184,0.04309059679508209
0.34004130959510803,0.4887026250362396,0.06331674754619598,0.035790905356407166,0.0721484124660492
0.002773451851680875,0.008232636377215385,0.16251240670681,0.7773814797401428,0.04910000041127205
0.009200341068208218,0.10447907447814941,0.6538519859313965,0.17402778565883636,0.058440860360860825
0.7601292729377747,0.11030055582523346,0.010652727447450161,0.03490830212831497,0.08400912582874298
0.0743531584739685,0.6853270530700684,0.18009692430496216,0.01539250835776329,0.04483039677143097
0.012607287615537643,0.01812228560447693,0.019620228558778763,0.2966291904449463,0.6530210375785828
0.6512186527252197,0.21204590797424316,0.01709984987974167,0.039254672825336456,0.08038097620010376
0.017507454380393028,0.4767185151576996,0.4208313226699829,0.02697601541876793,0.057966724038124084
0.026076648384332657,0.6293507814407349,0.28298133611679077,0.015347027219831944,0.046244218945503235
0.6095078587532043,0.26394861936569214,0.01896350085735321,0.03685295581817627,0.07072704285383224
0.6193113923072815,0.2116486132144928,0.03171608969569206,0.048727598041296005,0.08859638124704361
0.2992849051952362,0.5152081847190857,0.07810775935649872,0.02695741504430771,0.08044172078371048
0.6977180242538452,0.1594722718000412,0.018676068633794785,0.04028135538101196,0.08385232836008072
0.03432643041014671,0.4969134032726288,0.3899569809436798,0.03346288204193115,0.04534027352929115
0.49787652492523193,0.3401147723197937,0.039920397102832794,0.03982052952051163,0.08226776868104935
0.6603397130966187,0.23059283196926117,0.013400906696915627,0.029606932774186134,0.06605954468250275
0.1684684008359909,0.6752947568893433,0.08287706226110458,0.01972988434135914,0.05362985283136368
0.6838363409042358,0.1578458994626999,0.021870221942663193,0.04460886865854263,0.09183864295482635
0.006986026186496019,0.09925927966833115,0.6527220606803894,0.18650393187999725,0.05452865734696388
0.03820835053920746,0.6739535927772522,0.21963225305080414,0.015038183890283108,0.05316770449280739
0.06470557302236557,0.5444914102554321,0.2879020869731903,0.04528573900461197,0.05761520937085152
0.005527453031390905,0.007854176685214043,0.010593446902930737,0.2043251097202301,0.771699845790863
0.00598424207419157,0.012704071588814259,0.08670762926340103,0.6145394444465637,0.2800646424293518
0.4349384903907776,0.41164350509643555,0.03828210383653641,0.03994985297322273,0.07518613338470459
0.5660547614097595,0.25394317507743835,0.03610929474234581,0.05040064454078674,0.09349220246076584
0.009870084002614021,0.02056707814335823,0.010592811740934849,0.16970360279083252,0.7892664670944214
0.0060804300010204315,0.0083443783223629,0.005178422201424837,0.19762617349624634,0.782770574092865
0.005343000404536724,0.012336811050772667,0.06426744908094406,0.8090204000473022,0.10903240740299225
0.4504782259464264,0.3684093654155731,0.05581818148493767,0.04745210334658623,0.077842116355896
0.0432458370923996,0.7484971880912781,0.14687711000442505,0.013476044870913029,0.04790375009179115
0.6203107833862305,0.22761456668376923,0.02438557706773281,0.04332263022661209,0.08436643332242966
0.016201000660657883,0.32729530334472656,0.5592557787895203,0.053676340728998184,0.04357156157493591
0.005707576405256987,0.010740937665104866,0.007370474748313427,0.1305617392063141,0.8456193208694458
0.01564551144838333,0.17720343172550201,0.650550365447998,0.09976910799741745,0.056831665337085724
0.3779970705509186,0.3932110071182251,0.0935673713684082,0.04986375570297241,0.08536069095134735
0.5313917994499207,0.3138695955276489,0.034547898918390274,0.04305248335003853,0.07713823020458221
0.006101861130446196,0.008922015316784382,0.004829229786992073,0.20623928308486938,0.7739076614379883
0.5184485912322998,0.31899183988571167,0.03957099840044975,0.033241406083106995,0.08974709361791611
0.09405876696109772,0.7128248810768127,0.09739161282777786,0.02554910257458687,0.07017559558153152
0.004041709471493959,0.006411881186068058,0.02779669687151909,0.5096931457519531,0.4520565867424011
0.7166368365287781,0.14394022524356842,0.01664258912205696,0.03791630640625954,0.08486408740282059
0.002638300647959113,0.006557824555784464,0.003164963098242879,0.04579085111618042,0.9418480396270752
0.002461244584992528,0.0028592655435204506,0.08964859694242477,0.8583783507347107,0.046652618795633316
0.559717059135437,0.26325610280036926,0.03942061588168144,0.045118216425180435,0.09248792380094528
0.012234726920723915,0.01974078267812729,0.020638376474380493,0.277757853269577,0.6696282029151917
0.005809565540403128,0.1134360060095787,0.7870250940322876,0.045347537845373154,0.048381730914115906
0.6477293968200684,0.22638234496116638,0.01888447441160679,0.027057338505983353,0.07994649559259415
0.01691834256052971,0.03967718034982681,0.07795637845993042,0.5014423727989197,0.36400577425956726
0.7458104491233826,0.11850553005933762,0.011803164146840572,0.036261722445487976,0.08761904388666153
0.013250087387859821,0.05759754404425621,0.5680682063102722,0.29462844133377075,0.06645568460226059
0.004920494742691517,0.010456499643623829,0.003652887186035514,0.11649376153945923,0.8644763827323914
0.012797350063920021,0.3224944472312927,0.5807119607925415,0.048677343875169754,0.03531898558139801
0.6198132634162903,0.22598406672477722,0.026319900527596474,0.04478964954614639,0.08309315145015717
0.7478867769241333,0.13467290997505188,0.009317765012383461,0.03498465195298195,0.07313793152570724
0.2708420157432556,0.5067370533943176,0.10719936341047287,0.042140208184719086,0.07308138906955719
0.5863487124443054,0.26987937092781067,0.02597936987876892,0.029720202088356018,0.08807229995727539
0.033761247992515564,0.5708608031272888,0.3348855674266815,0.022861134260892868,0.03763127699494362
0.006214463151991367,0.025597408413887024,0.33363351225852966,0.5819454193115234,0.052609145641326904
0.013949023559689522,0.27017277479171753,0.5728590488433838,0.07647351175546646,0.06654556095600128
0.12326560914516449,0.5993191003799438,0.17510764300823212,0.03596413508057594,0.06634357571601868
0.3344916105270386,0.47587281465530396,0.07378717511892319,0.046639494597911835,0.06920892000198364
0.519727349281311,0.32055070996284485,0.03335452452301979,0.04783796891570091,0.07852954417467117
0.42260444164276123,0.42516523599624634,0.044861797243356705,0.033909980207681656,0.07345854490995407
0.024570835754275322,0.18859657645225525,0.48204344511032104,0.19920466840267181,0.10558446496725082
0.005794905126094818,0.013391923159360886,0.05736690014600754,0.6901603937149048,0.2332858294248581
0.006260407157242298,0.14014814794063568,0.7248140573501587,0.08981508761644363,0.03896225988864899
0.015398329123854637,0.112776018679142,0.5294095277786255,0.2782086431980133,0.0642075464129448
0.013272680342197418,0.24061697721481323,0.6475363373756409,0.05467460677027702,0.04389944672584534
0.7090809345245361,0.14592605829238892,0.01625189557671547,0.04171348735690117,0.08702767640352249
0.5383241176605225,0.30453985929489136,0.0344802588224411,0.03152463957667351,0.09113108366727829
0.07730463147163391,0.7035413384437561,0.12389852851629257,0.03411078080534935,0.06114477291703224
0.010581761598587036,0.2361355423927307,0.6585813760757446,0.047146089375019073,0.04755526781082153
0.6448352336883545,0.18764705955982208,0.02654491923749447,0.04756959155201912,0.09340314567089081
0.006430164445191622,0.019545257091522217,0.1575888693332672,0.7121481895446777,0.1042875200510025
0.6560415625572205,0.19048206508159637,0.021724142134189606,0.04801661893725395,0.08373554795980453
0.5518733263015747,0.2784883379936218,0.03704220801591873,0.039852265268564224,0.09274385124444962
0.00848778523504734,0.03807823732495308,0.4301699101924896,0.46573054790496826,0.057533495128154755
0.42436715960502625,0.4152165353298187,0.04075232148170471,0.043949853628873825,0.07571425288915634
0.6393182277679443,0.22681696712970734,0.01955411769449711,0.03708726912736893,0.07722342759370804
0.3671956956386566,0.4339990019798279,0.07976727932691574,0.03911515325307846,0.07992291450500488
0.024938108399510384,0.2742329239845276,0.587067186832428,0.061029594391584396,0.05273214727640152
0.09121380001306534,0.64570152759552,0.17341333627700806,0.0274546816945076,0.062216661870479584
0.017056217417120934,0.49207228422164917,0.4233492910861969,0.020918624475598335,0.04660366475582123
0.002147442428395152,0.002172760898247361,0.1023743748664856,0.8462531566619873,0.04705220088362694
0.6631611585617065,0.2035447061061859,0.020350409671664238,0.030339494347572327,0.08260421454906464
0.008464899845421314,0.029223434627056122,0.4569148123264313,0.4562402069568634,0.049156662076711655
0.01387090515345335,0.029272492974996567,0.04920036718249321,0.4935149848461151,0.41414114832878113
0.00669825728982687,0.018741725012660027,0.31925028562545776,0.6070923805236816,0.048217348754405975
0.027966221794486046,0.6856471300125122,0.22504723072052002,0.015870226547122,0.04546918347477913
0.748850405216217,0.13508965075016022,0.008769061416387558,0.03643816336989403,0.07085268199443817
0.6966050267219543,0.17836718261241913,0.015055524185299873,0.030178334563970566,0.07979390770196915
0.12078820914030075,0.6457518935203552,0.09985772520303726,0.047125015407800674,0.08647717535495758
0.5227146148681641,0.28320538997650146,0.04839623346924782,0.05195184051990509,0.0937318503856659
0.569989025592804,0.2953835427761078,0.026224657893180847,0.03175908327102661,0.07664371281862259
0.007496949750930071,0.010441754944622517,0.01712356135249138,0.25208476185798645,0.7128530144691467
0.018320893868803978,0.23221032321453094,0.5791124701499939,0.1104753166437149,0.05988100543618202
0.5281951427459717,0.29711923003196716,0.038537900894880295,0.03953946754336357,0.09660826623439789
0.4433310925960541,0.387078195810318,0.045381177216768265,0.040627215057611465,0.0835823118686676
0.6035885810852051,0.25028055906295776,0.026923025026917458,0.04329589009284973,0.07591188699007034
0.009377490729093552,0.06411062926054001,0.678161084651947,0.18801163136959076,0.0603390708565712
0.00044783277553506196,0.0009041002485901117,0.0004060113860759884,0.06043447554111481,0.937807559967041
0.005745891947299242,0.032945666462183,0.4622134864330292,0.4480763077735901,0.0510186068713665
0.0067410580813884735,0.0104823037981987,0.005992723163217306,0.2347411960363388,0.7420427799224854
0.005078982096165419,0.10592625290155411,0.7308923602104187,0.119652658700943,0.03844974562525749
0.0059146336279809475,0.017778482288122177,0.14471039175987244,0.6476238369941711,0.18397267162799835
0.009377253241837025,0.03707434982061386,0.22224164009094238,0.6187880635261536,0.11251866072416306
0.02000480704009533,0.46335676312446594,0.4356880486011505,0.023576807230710983,0.057373493909835815
0.008560998365283012,0.06630805879831314,0.5177066326141357,0.32629120349884033,0.08113311976194382
0.008628642186522484,0.18371489644050598,0.6945664882659912,0.06143313646316528,0.05165686458349228
0.025729630142450333,0.4320986568927765,0.44336506724357605,0.03546837717294693,0.06333840638399124
0.4271705150604248,0.4229945242404938,0.04410116374492645,0.0348299965262413,0.07090374082326889
0.008438397198915482,0.2383463978767395,0.6514565944671631,0.056866604834795,0.04489198327064514
0.003323529614135623,0.009797130711376667,0.12064780294895172,0.7841607928276062,0.08207077533006668
0.16446749866008759,0.5648643374443054,0.1569640040397644,0.04162171483039856,0.07208243757486343
0.2628326416015625,0.5091823935508728,0.10435924679040909,0.041282180696725845,0.08234362304210663
0.13390053808689117,0.6531997323036194,0.11924948543310165,0.02422168105840683,0.06942860037088394
0.002677456708624959,0.005116686690598726,0.009926707483828068,0.5337734222412109,0.4485057294368744
0.6206791400909424,0.24835187196731567,0.02233310416340828,0.03400735929608345,0.07462845742702484
0.013333109207451344,0.025893956422805786,0.01842532865703106,0.2790282368659973,0.6633194088935852
0.2619094252586365,0.5852616429328918,0.05199413746595383,0.030191795900464058,0.07064303755760193
0.16053122282028198,0.6268458962440491,0.12392369657754898,0.023343438282608986,0.06535569578409195
0.01185200922191143,0.12164289504289627,0.6333459615707397,0.1787932962179184,0.05436581373214722
0.02840551733970642,0.4141261577606201,0.4547559916973114,0.05352216586470604,0.04919018968939781
0.002956811338663101,0.005398956127464771,0.0036744072567671537,0.15066027641296387,0.8373095393180847
0.6825703382492065,0.16213537752628326,0.020409004762768745,0.044403448700904846,0.09048181772232056
0.029661474749445915,0.23242071270942688,0.5032824277877808,0.1520981341600418,0.08253728598356247
0.0038571173790842295,0.012773463502526283,0.2107819765806198,0.7204704880714417,0.05211692303419113
0.11645568907260895,0.6670449376106262,0.12275156378746033,0.02100387215614319,0.07274387031793594
0.008884505368769169,0.18967796862125397,0.7103390097618103,0.037493426352739334,0.05360513553023338
0.002846017712727189,0.004292439203709364,0.006246147211641073,0.22714194655418396,0.7594735026359558
0.35869041085243225,0.43621504306793213,0.08460832387208939,0.044537998735904694,0.07594821602106094
0.0008347307448275387,0.001286330516450107,0.0019680021796375513,0.1776738464832306,0.8182371258735657
0.7522010803222656,0.11397866159677505,0.011058115400373936,0.03554685786366463,0.08721540123224258
0.6037285923957825,0.26265913248062134,0.025107165798544884,0.03450680896639824,0.07399830967187881
0.07971181720495224,0.6722482442855835,0.167104572057724,0.022196920588612556,0.05873843654990196
0.5348519682884216,0.28919723629951477,0.03981320187449455,0.048177286982536316,0.08796023577451706
0.00889512151479721,0.039865367114543915,0.4423167109489441,0.4525967836380005,0.05632597208023071
0.011767071671783924,0.32318639755249023,0.5887386798858643,0.03937866911292076,0.036929160356521606
0.352060467004776,0.372327595949173,0.10881437361240387,0.07992451637983322,0.08687297254800797
0.007974954321980476,0.14890055358409882,0.7465298771858215,0.04501485452055931,0.05157972499728203
0.045505695044994354,0.5898351073265076,0.2878844439983368,0.03495607152581215,0.04181874170899391
0.6225900053977966,0.2060842365026474,0.025176329538226128,0.046650853008031845,0.09949854016304016
0.07690823823213577,0.5903688669204712,0.24665571749210358,0.033306729048490524,0.05276045575737953
0.008853456005454063,0.1820206344127655,0.7201764583587646,0.03790915757417679,0.05104018747806549
0.008193141780793667,0.11545884609222412,0.7048396468162537,0.12000722438097,0.051501113921403885
0.005288821179419756,0.04471613094210625,0.5087003111839294,0.3774538040161133,0.06384097784757614
0.011062019504606724,0.36315780878067017,0.5511255860328674,0.027399389073252678,0.04725520312786102
0.691519021987915,0.16900840401649475,0.01711769960820675,0.03564940392971039,0.08670539408922195
0.016396857798099518,0.4882543981075287,0.41776198148727417,0.017784401774406433,0.05980241298675537
0.006762874312698841,0.09421060234308243,0.7787080407142639,0.06816042959690094,0.052158012986183167
0.030971381813287735,0.5745787024497986,0.3265678286552429,0.023018453270196915,0.04486368969082832
0.6687074899673462,0.20642255246639252,0.01745673269033432,0.034633539617061615,0.07277967780828476
0.006887370254844427,0.07929752767086029,0.775310754776001,0.0865379348397255,0.05196643993258476
0.00770227424800396,0.0153427105396986,0.1213441789150238,0.7327984571456909,0.12281237542629242
0.0112912030890584,0.03358990699052811,0.24479705095291138,0.6154748797416687,0.09484701603651047
0.6418163776397705,0.19516119360923767,0.026979845017194748,0.04732552915811539,0.08871705085039139
0.014569224789738655,0.12271080911159515,0.6760768890380859,0.11583511531352997,0.07080796360969543
0.5850597023963928,0.2657255530357361,0.025731507688760757,0.04054864123463631,0.08293467015028
0.00447909627109766,0.014755523763597012,0.15075568854808807,0.6685753464698792,0.16143442690372467
0.010622864589095116,0.05607176199555397,0.48635047674179077,0.3809565603733063,0.0659983679652214
0.005840051453560591,0.054531920701265335,0.5381988286972046,0.34197279810905457,0.05945641174912453
0.6506369113922119,0.21675477921962738,0.01633964106440544,0.04021260514855385,0.07605606317520142
0.13711059093475342,0.673663854598999,0.09152226895093918,0.026676135137677193,0.07102715224027634
0.018861155956983566,0.4005900025367737,0.49068742990493774,0.040253691375255585,0.049607761204242706
0.025739531964063644,0.30221763253211975,0.5427756905555725,0.07240080833435059,0.056866321712732315
0.635522723197937,0.2121032476425171,0.02340245060622692,0.03610196337103844,0.09286961704492569
0.47592952847480774,0.3557714819908142,0.038565605878829956,0.0438731424510479,0.08586034923791885
0.004874581005424261,0.01576486974954605,0.2886481285095215,0.6382639408111572,0.05244840681552887
0.004950948525220156,0.007574539165943861,0.053754907101392746,0.6268516778945923,0.30686789751052856
0.01179444883018732,0.13385166227817535,0.6751707196235657,0.1300530731678009,0.049130115658044815
0.011278366670012474,0.08917644619941711,0.5890862345695496,0.24755164980888367,0.06290730088949203
0.07670101523399353,0.6730542182922363,0.17971956729888916,0.023417988792061806,0.047107189893722534
0.011522001586854458,0.24488045275211334,0.6342863440513611,0.06707631051540375,0.042234912514686584
0.00041204821900464594,0.0016728115733712912,0.011472055688500404,0.953729510307312,0.032713573426008224
0.6877152919769287,0.17985248565673828,0.017228342592716217,0.0316842682659626,0.08351960778236389
0.006540573667734861,0.026601741090416908,0.33173829317092896,0.5577466487884521,0.07737278193235397
0.0060047307051718235,0.05442245677113533,0.5280868411064148,0.3591049313545227,0.052381034940481186
0.0967741385102272,0.7044829726219177,0.12602783739566803,0.017029736191034317,0.05568533018231392
0.011477014049887657,0.09903007745742798,0.7160114049911499,0.11661297082901001,0.0568685457110405
0.008525677025318146,0.02429678663611412,0.1260969042778015,0.6882786750793457,0.15280191600322723
0.6151880025863647,0.21534065902233124,0.031123746186494827,0.04972308501601219,0.08862447738647461
0.624738872051239,0.22315919399261475,0.02386685088276863,0.04378727823495865,0.08444781601428986
0.4642801284790039,0.3767234683036804,0.04623240977525711,0.035907283425331116,0.07685663551092148
0.002312550088390708,0.0048331464640796185,0.0029200187418609858,0.07363096624612808,0.916303277015686
0.5520808696746826,0.28573474287986755,0.033470917493104935,0.04369699954986572,0.08501647412776947
0.06206553429365158,0.49445459246635437,0.3192374110221863,0.06037111207842827,0.063871368765831
0.04534259811043739,0.6694521903991699,0.21337872743606567,0.01604304276406765,0.055783502757549286
0.006194585934281349,0.010828139260411263,0.11263439059257507,0.7525898218154907,0.11775302141904831
0.5932508111000061,0.25548914074897766,0.027311379089951515,0.03474745154380798,0.08920129388570786
0.004278754349797964,0.013493677601218224,0.19555538892745972,0.7304441332817078,0.05622800067067146
0.5321038961410522,0.32197442650794983,0.02677338570356369,0.03945447504520416,0.07969381660223007
0.6618057489395142,0.2010522186756134,0.016464805230498314,0.043348513543605804,0.07732870429754257
0.5383365154266357,0.31255319714546204,0.029362911358475685,0.044335998594760895,0.07541147619485855
0.6349378824234009,0.2066207379102707,0.024103544652462006,0.04987819865345955,0.08445959538221359
0.3851501941680908,0.36100244522094727,0.0897793099284172,0.06449535489082336,0.09957272559404373
0.585988461971283,0.2500985264778137,0.033990297466516495,0.04240431264042854,0.08751839399337769
0.09502796083688736,0.6313031315803528,0.1886490434408188,0.02809477224946022,0.056925155222415924
0.0038494702894240618,0.010251372121274471,0.02820459194481373,0.8440892696380615,0.11360534280538559
0.6835358142852783,0.16379249095916748,0.01994604617357254,0.043694380670785904,0.08903122693300247
0.6679813265800476,0.19650273025035858,0.015835221856832504,0.038437627255916595,0.08124314993619919
0.5473851561546326,0.30069032311439514,0.03063654527068138,0.042228370904922485,0.0790596529841423
0.45155438780784607,0.39427387714385986,0.03533270210027695,0.042921263724565506,0.07591772824525833
0.020548835396766663,0.03678375482559204,0.041736405342817307,0.3160370886325836,0.5848938822746277
0.006472830660641193,0.10732702165842056,0.7163715362548828,0.11860770732164383,0.051220960915088654
0.011294256895780563,0.3342793583869934,0.5734269618988037,0.033918820321559906,0.0470806360244751
0.6408748030662537,0.19271571934223175,0.02854026108980179,0.047327909618616104,0.09054120630025864
0.004388071596622467,0.019226104021072388,0.36190488934516907,0.5752081274986267,0.03927277773618698
0.016088848933577538,0.5277377367019653,0.39006882905960083,0.01704195886850357,0.049062661826610565
0.005592941772192717,0.15703335404396057,0.7441094517707825,0.05300292745232582,0.040261272341012955
0.5246853232383728,0.3263019025325775,0.03774392232298851,0.04154236987233162,0.06972646713256836
0.01241404190659523,0.024839524179697037,0.014104411005973816,0.25214752554893494,0.6964945197105408
0.6006700992584229,0.2526690661907196,0.02584744803607464,0.03185536339879036,0.08895803242921829
0.5025606751441956,0.31881773471832275,0.05139440298080444,0.047699157148599625,0.07952792942523956
0.2817724049091339,0.5545928478240967,0.06081320717930794,0.03016696311533451,0.07265452295541763
0.42347750067710876,0.40277808904647827,0.05296957120299339,0.03165305778384209,0.08912177383899689
0.08323866873979568,0.6954674124717712,0.13463649153709412,0.01855836622416973,0.06809915602207184
0.11506663262844086,0.7205551266670227,0.08748247474431992,0.016694514080882072,0.0602012574672699
0.11313527077436447,0.6820115447044373,0.12227296084165573,0.01750257983803749,0.06507758796215057
0.011008590459823608,0.2016376554965973,0.6459158658981323,0.07987842708826065,0.06155954301357269
0.19711248576641083,0.5865424871444702,0.13250674307346344,0.02787523716688156,0.05596297234296799
0.5971320867538452,0.24807623028755188,0.026266319677233696,0.03310550004243851,0.0954199805855751
0.039152227342128754,0.6760693192481995,0.22139623761177063,0.01431062538176775,0.04907158762216568
0.10455084592103958,0.7306653261184692,0.09167096018791199,0.01883855275809765,0.054274361580610275
0.004660165403038263,0.014718335121870041,0.1270620971918106,0.6464106440544128,0.2071487456560135
0.0010990641312673688,0.0028153688181191683,0.0007898698095232248,0.09825916588306427,0.8970364928245544
0.03713162615895271,0.6781458854675293,0.22582291066646576,0.01852046139538288,0.040379080921411514
0.006189018953591585,0.020841745659708977,0.23754917085170746,0.6676101088523865,0.06780993193387985
0.528139054775238,0.3097018301486969,0.04262103885412216,0.03720427304506302,0.0823337659239769
0.47650042176246643,0.3823600113391876,0.03210920840501785,0.03615681082010269,0.07287359237670898
0.023522166535258293,0.15616253018379211,0.651720404624939,0.11564448475837708,0.05295046046376228
0.5968896150588989,0.2577386200428009,0.02941225841641426,0.035216085612773895,0.0807434469461441
0.4949623942375183,0.3356098532676697,0.04350334405899048,0.0430118553340435,0.08291251212358475
0.03850401192903519,0.7645847797393799,0.13503524661064148,0.012173275463283062,0.04970265552401543
0.010439939796924591,0.07404279708862305,0.575955867767334,0.27485132217407227,0.06471012532711029
0.4623047709465027,0.3790533244609833,0.04173802211880684,0.025521691888570786,0.09138220548629761
0.21406333148479462,0.5598350167274475,0.12126597762107849,0.040170811116695404,0.06466490775346756
0.011016911827027798,0.040979206562042236,0.34234997630119324,0.5426695346832275,0.06298434734344482
0.18106096982955933,0.6236897706985474,0.11107129603624344,0.02453754097223282,0.059640444815158844
0.006292886100709438,0.016904763877391815,0.10240157693624496,0.733634889125824,0.14076589047908783
0.6328322887420654,0.19205805659294128,0.03387885168194771,0.047439273446798325,0.09379152208566666
0.0005535707459785044,0.0010171568719670177,0.0005658388254232705,0.12074416875839233,0.877119243144989
0.007436339743435383,0.07791979610919952,0.6547799706459045,0.20561358332633972,0.05425038933753967
0.005291968584060669,0.09777083247900009,0.7425608038902283,0.11360549181699753,0.040770914405584335
0.2107440084218979,0.5651339292526245,0.11868308484554291,0.03449218347668648,0.07094693928956985
0.0038187734317034483,0.004141475539654493,0.04176433011889458,0.7749930620193481,0.17528235912322998
0.4333708882331848,0.43060171604156494,0.04162813723087311,0.023842833936214447,0.07055629044771194
0.010262097232043743,0.016172880306839943,0.011189006268978119,0.299407958984375,0.662968099117279
0.05242931470274925,0.6759202480316162,0.18037384748458862,0.01883990876376629,0.07243679463863373
0.01086263358592987,0.132664293050766,0.6978346705436707,0.10945890843868256,0.049179449677467346
0.22043626010417938,0.6342066526412964,0.047977834939956665,0.03497370705008507,0.06240558251738548
0.0025841346941888332,0.004550814628601074,0.002019783714786172,0.10856672376394272,0.8822785019874573
0.1999908834695816,0.6395975351333618,0.07407058775424957,0.024055203422904015,0.06228578835725784
0.2337360382080078,0.5711523294448853,0.08707479387521744,0.024457236751914024,0.08357956260442734
0.48352211713790894,0.3697011470794678,0.03742041811347008,0.03382724151015282,0.0755290538072586
0.005907885264605284,0.016038978472352028,0.17148540914058685,0.75150066614151,0.05506707355380058
0.006226782687008381,0.04592461884021759,0.7325934767723083,0.16419744491577148,0.051057688891887665
0.6128721833229065,0.23417077958583832,0.022395793348550797,0.05012345686554909,0.08043777197599411
0.6446040868759155,0.20547102391719818,0.020843882113695145,0.043261874467134476,0.08581912517547607
0.005398863926529884,0.01818433776497841,0.15458136796951294,0.643389880657196,0.17844551801681519
0.00579883623868227,0.09673896431922913,0.6835476160049438,0.1657748520374298,0.048139672726392746
0.14872772991657257,0.657407283782959,0.10529406368732452,0.02001647837460041,0.06855441629886627
0.0005492823547683656,0.0008255421998910606,0.00035942174145020545,0.03807082399725914,0.9601949453353882
0.003065955126658082,0.008291495032608509,0.04107666015625,0.8721883296966553,0.07537755370140076
0.7486128807067871,0.1492740660905838,0.010817567817866802,0.025417359545826912,0.06587810814380646
0.3120105564594269,0.4723534882068634,0.07984352111816406,0.03728313744068146,0.0985093042254448
0.08047811686992645,0.6195000410079956,0.21581099927425385,0.03070250153541565,0.053508318960666656
0.6471601724624634,0.21501308679580688,0.02135780267417431,0.03475135192275047,0.0817175954580307
0.6198484897613525,0.24114106595516205,0.023147178813815117,0.03158583119511604,0.08427748084068298
0.45026302337646484,0.408611923456192,0.029411882162094116,0.042626336216926575,0.06908685714006424
0.2620387077331543,0.45087990164756775,0.14403854310512543,0.06579631567001343,0.0772465243935585
0.058330412954092026,0.5492652654647827,0.30048322677612305,0.039976686239242554,0.051944367587566376
0.008977078832685947,0.023579701781272888,0.08411557227373123,0.6338089108467102,0.24951870739459991
0.0049983179196715355,0.007210315205156803,0.045833244919776917,0.7393995523452759,0.2025584727525711
0.02890271693468094,0.53631591796875,0.34135791659355164,0.03039294295012951,0.06303057074546814
0.3288847506046295,0.48967039585113525,0.0795203149318695,0.028781816363334656,0.07314268499612808
0.011312173679471016,0.2416514903306961,0.6464295387268066,0.050388652831315994,0.05021815747022629
0.006182168610394001,0.10081958770751953,0.7260679602622986,0.11966971307992935,0.04726056382060051
0.5691823363304138,0.2783348560333252,0.026664726436138153,0.047303859144449234,0.07851424068212509
0.0037962684873491526,0.010875812731683254,0.11542000621557236,0.7777939438819885,0.09211397171020508
0.5905522704124451,0.23421871662139893,0.03670790046453476,0.04989199712872505,0.08862912654876709
0.5982791185379028,0.25880002975463867,0.028859248384833336,0.029002711176872253,0.08505885303020477
0.023603735491633415,0.4679674804210663,0.4323294460773468,0.03313574939966202,0.04296369105577469
0.07288285344839096,0.644447922706604,0.16292014718055725,0.036733388900756836,0.08301559090614319
0.40961331129074097,0.4162583351135254,0.06535639613866806,0.034615226089954376,0.07415682822465897
0.3649100363254547,0.437958687543869,0.0707336887717247,0.04072869196534157,0.08566892892122269
0.0037906060460954905,0.00908123143017292,0.04425943270325661,0.7681854963302612,0.17468322813510895
0.652915358543396,0.20989736914634705,0.01656930148601532,0.04237555339932442,0.0782424658536911
0.024070987477898598,0.6525459885597229,0.26131221652030945,0.01646072044968605,0.04561004042625427
0.006873306818306446,0.07184095680713654,0.580545961856842,0.2735477387905121,0.06719198077917099
0.003976428881287575,0.01126044150441885,0.10462354868650436,0.7882856726646423,0.09185394644737244
0.5944651961326599,0.24031665921211243,0.029238756746053696,0.04684675857424736,0.08913259953260422
0.001372672850266099,0.004070863127708435,0.08916769176721573,0.8530263900756836,0.05236237496137619
0.7087347507476807,0.15012584626674652,0.015377200208604336,0.041435688734054565,0.08432654291391373
0.007771880365908146,0.09971228241920471,0.6869271397590637,0.15145964920520782,0.05412904545664787
0.014046382158994675,0.023598147556185722,0.05018514022231102,0.3628600239753723,0.5493103265762329
0.5798133015632629,0.24610088765621185,0.03240374103188515,0.050388261675834656,0.09129384160041809
0.6823548674583435,0.2058793306350708,0.01578962616622448,0.02616422437131405,0.06981190294027328
0.011776771396398544,0.025241650640964508,0.05071241036057472,0.5028998851776123,0.40936926007270813
0.6439279913902283,0.2287529557943344,0.021171605214476585,0.02831866219639778,0.07782875001430511
0.5706658363342285,0.28066495060920715,0.028088051825761795,0.029342621564865112,0.09123853594064713
0.1239122748374939,0.6994474530220032,0.09882748872041702,0.021625148132443428,0.05618762969970703
0.3166893720626831,0.46177977323532104,0.09477853775024414,0.04655640199780464,0.08019588887691498
0.003303883131593466,0.011212379671633244,0.1766550987958908,0.6960060000419617,0.11282264441251755
0.46698638796806335,0.36787497997283936,0.04918096214532852,0.04075735807418823,0.07520026713609695
0.20092417299747467,0.6252186298370361,0.0868755355477333,0.02528761699795723,0.061694081872701645
0.0010838316520676017,0.0027620105538517237,0.001024132943712175,0.033863261342048645,0.9612667560577393
0.008586922660470009,0.02557825669646263,0.3312189280986786,0.5693749785423279,0.06524090468883514
0.06004158407449722,0.70611572265625,0.1527378261089325,0.02433752454817295,0.05676736682653427
0.09549007564783096,0.7006809711456299,0.1332421600818634,0.017163630574941635,0.053423166275024414
0.10111072659492493,0.49087849259376526,0.2166217416524887,0.11741242557764053,0.0739765539765358
0.009124507196247578,0.2181738168001175,0.678982138633728,0.04863248020410538,0.045087043195962906
0.00242917169816792,0.007802135776728392,0.095645472407341,0.8259943723678589,0.06812886148691177
0.6958471536636353,0.1741226762533188,0.016225455328822136,0.030232872813940048,0.08357176184654236
0.06989632546901703,0.602451741695404,0.24293412268161774,0.03303053230047226,0.05168728530406952
0.016231708228588104,0.42686232924461365,0.4867111146450043,0.034506384283304214,0.03568856418132782
0.009630737826228142,0.10827509313821793,0.5919455885887146,0.223252072930336,0.066896453499794
0.020914291962981224,0.15409451723098755,0.6176140904426575,0.14666172862052917,0.06071535870432854
0.3329704701900482,0.4901467561721802,0.07224304229021072,0.029432667419314384,0.07520707696676254
0.4063103199005127,0.4101664125919342,0.06465538591146469,0.039671748876571655,0.07919610291719437
0.6769842505455017,0.20920245349407196,0.01617450639605522,0.025961842387914658,0.07167690992355347
0.6119778156280518,0.2276386320590973,0.026832060888409615,0.03981427475810051,0.09373723715543747
0.014515796676278114,0.20166359841823578,0.6066127419471741,0.11532768607139587,0.06188013032078743
0.23218683898448944,0.5243735909461975,0.12456484884023666,0.05348479002714157,0.06538989394903183
0.016452843323349953,0.4124511480331421,0.5063028931617737,0.030102914199233055,0.03469020873308182
0.3060123324394226,0.5321109890937805,0.049161769449710846,0.03990107402205467,0.07281395047903061
0.0319768525660038,0.5526196956634521,0.3415050208568573,0.025357985869050026,0.04854041337966919
0.00862108264118433,0.01735488884150982,0.03915606811642647,0.5964404344558716,0.3384275734424591
0.0434446707367897,0.6523425579071045,0.222089484333992,0.028444986790418625,0.053678251802921295
0.440123975276947,0.40400800108909607,0.04418078064918518,0.038869474083185196,0.0728178471326828
0.01164185255765915,0.23672589659690857,0.6531129479408264,0.05188286304473877,0.046636465936899185
0.010912968777120113,0.06614888459444046,0.5024304986000061,0.350739449262619,0.06976822018623352
0.052627842873334885,0.7715600728988647,0.11441822350025177,0.012320708483457565,0.04907311871647835
0.669097900390625,0.1769084930419922,0.020123230293393135,0.04468288645148277,0.08918744325637817
0.3655310869216919,0.44024136662483215,0.07065344601869583,0.03160957619547844,0.09196456521749496
0.034692782908678055,0.36941131949424744,0.47677889466285706,0.06654330343008041,0.05257367342710495
0.011823347769677639,0.041137274354696274,0.24355542659759521,0.521769106388092,0.18171481788158417
0.6094682812690735,0.2531186044216156,0.021594537422060966,0.04423630237579346,0.07158228009939194
0.6131216883659363,0.23238129913806915,0.02758508175611496,0.04463372007012367,0.08227819949388504
0.7233595848083496,0.1512446254491806,0.013397795148193836,0.031555525958538055,0.0804423987865448
0.4454349875450134,0.40746015310287476,0.036448974162340164,0.03752078115940094,0.07313510030508041
0.005875180475413799,0.021301401779055595,0.2664274573326111,0.611844539642334,0.0945514589548111
0.006022069603204727,0.0795414075255394,0.6768258213996887,0.18937893211841583,0.048231735825538635
0.6927052140235901,0.17345425486564636,0.01597377471625805,0.03983928635716438,0.07802751660346985
0.446443110704422,0.4046919643878937,0.03520021215081215,0.03933749347925186,0.07432716339826584
0.10179833322763443,0.5361079573631287,0.2646372318267822,0.04501292109489441,0.05244358256459236
0.006340820342302322,0.02505466341972351,0.25715741515159607,0.5931367874145508,0.1183103621006012
0.005627269856631756,0.010121838189661503,0.007300968747586012,0.1670387089252472,0.8099112510681152
0.10209815949201584,0.6024914383888245,0.18195942044258118,0.05642476677894592,0.057026203721761703
0.40873149037361145,0.3521600365638733,0.08887112885713577,0.06317558884620667,0.08706175535917282
0.6210382580757141,0.23255212604999542,0.023085400462150574,0.043533679097890854,0.07979043573141098
0.00455470522865653,0.02092324011027813,0.3344680666923523,0.5792099833488464,0.06084398180246353
0.0024434023071080446,0.005702989641577005,0.040823161602020264,0.7908859252929688,0.16014458239078522
0.008845318108797073,0.04570845142006874,0.44090089201927185,0.45332133769989014,0.05122397840023041
0.009663679637014866,0.02099457010626793,0.07194032520055771,0.6437631845474243,0.2536381483078003
0.03766731545329094,0.5565821528434753,0.3334830105304718,0.02906767651438713,0.04319990053772926
0.5426570773124695,0.28791266679763794,0.035996776074171066,0.04952032119035721,0.0839131623506546
0.6141995787620544,0.21444258093833923,0.03034021519124508,0.04640307277441025,0.09461453557014465
0.012028036639094353,0.04348297417163849,0.35547199845314026,0.5249565243721008,0.0640605017542839
0.4999958276748657,0.3441644012928009,0.03985360264778137,0.032538529485464096,0.08344769477844238
0.5937208533287048,0.2519528567790985,0.026245830580592155,0.04402751848101616,0.08405297249555588
0.6706146001815796,0.17388927936553955,0.021578282117843628,0.044864535331726074,0.08905334025621414
0.00954454019665718,0.19263820350170135,0.6645312309265137,0.088314488530159,0.04497159272432327
0.009543010033667088,0.17097587883472443,0.6954476833343506,0.07669588923454285,0.047337476164102554
0.0042759934440255165,0.0109168766066432,0.1317054033279419,0.7731287479400635,0.07997293770313263
0.009400514885783195,0.013989865779876709,0.011992985382676125,0.21675148606300354,0.7478651404380798
0.47134149074554443,0.32629090547561646,0.05590551346540451,0.04634484648704529,0.10011730343103409
0.02259625308215618,0.3680606484413147,0.5156428217887878,0.045498158782720566,0.048202116042375565
0.005016610957682133,0.013451725244522095,0.16222018003463745,0.6904297471046448,0.1288817673921585
0.011842688545584679,0.02304309792816639,0.05394997075200081,0.5914292931556702,0.3197349011898041
0.031085319817066193,0.5572178959846497,0.35407859086990356,0.0219122264534235,0.035705968737602234
0.005782504566013813,0.011483000591397285,0.005293604452162981,0.15058638155460358,0.8268545269966125
0.7155653834342957,0.1425998955965042,0.013678891584277153,0.042756374925374985,0.08539942651987076
0.003971770405769348,0.009185666218400002,0.05443780869245529,0.7511683106422424,0.18123652040958405
0.0018565059872344136,0.004877611994743347,0.026878057047724724,0.8882830142974854,0.07810482382774353
0.3983634412288666,0.41501420736312866,0.06530754268169403,0.043581489473581314,0.07773343473672867
0.008326129987835884,0.01174553856253624,0.008545847609639168,0.2775985300540924,0.6937839984893799
0.4476151466369629,0.3583717346191406,0.06927827000617981,0.04143158346414566,0.08330336213111877
0.6797275543212891,0.1774352490901947,0.01956878788769245,0.04039844498038292,0.08286997675895691
0.01652861386537552,0.5875831842422485,0.33068448305130005,0.016578413546085358,0.048625316470861435
0.05473363399505615,0.4499865472316742,0.37384557723999023,0.05953812226653099,0.06189617142081261
0.00897609256207943,0.02468288503587246,0.3073398768901825,0.5864534974098206,0.07254763692617416
0.00830337218940258,0.06664253771305084,0.49677544832229614,0.3516867756843567,0.07659189403057098
0.38947293162345886,0.4195373058319092,0.06908810138702393,0.04217695817351341,0.07972466200590134
0.0765165388584137,0.5826094746589661,0.23723433911800385,0.03721417859196663,0.06642548739910126
0.5716850757598877,0.2610146403312683,0.03448300436139107,0.04127277806401253,0.09154446423053741
0.011748998425900936,0.038479726761579514,0.21749435365200043,0.6003355979919434,0.1319413185119629
0.5952524542808533,0.2505563795566559,0.028583835810422897,0.03622611612081528,0.08938132226467133
0.004996078554540873,0.06970109790563583,0.8102837800979614,0.06970299780368805,0.04531599581241608
0.004656135570257902,0.014386514201760292,0.1395386904478073,0.6581583023071289,0.18326038122177124
0.006354572717100382,0.028418391942977905,0.37212222814559937,0.5465168952941895,0.04658789560198784
0.0037338603287935257,0.015254058875143528,0.3278762698173523,0.6180546283721924,0.03508109599351883
0.7222139835357666,0.13729429244995117,0.014276576228439808,0.03908614441752434,0.08712896704673767
0.21545086801052094,0.5937380790710449,0.08500367403030396,0.023131387308239937,0.08267594873905182
0.5466707944869995,0.2674613893032074,0.04984932020306587,0.04741398245096207,0.08860443532466888
0.6118282079696655,0.20574943721294403,0.03815247491002083,0.0490691140294075,0.09520069509744644
0.006580345798283815,0.01884734258055687,0.27326464653015137,0.6406972408294678,0.06061040610074997
0.000792404287494719,0.002594391582533717,0.018280230462551117,0.9336466789245605,0.04468640685081482
0.6050450801849365,0.24074135720729828,0.02659360133111477,0.035548288375139236,0.09207168221473694
0.6094144582748413,0.23543037474155426,0.024733075872063637,0.04286547005176544,0.0875566154718399
0.02854384481906891,0.6673496961593628,0.23508791625499725,0.015485278330743313,0.053533315658569336
0.004860603716224432,0.12537282705307007,0.7363943457603455,0.09887166321277618,0.03450058400630951
0.5688092112541199,0.2932189404964447,0.02667068876326084,0.026954587548971176,0.08434655517339706
0.671220600605011,0.18511494994163513,0.017309041693806648,0.04538039490580559,0.08097502589225769
0.6439443826675415,0.20331548154354095,0.021113429218530655,0.05001356452703476,0.0816132202744484
0.0076859318651258945,0.030590329319238663,0.29680100083351135,0.5971071720123291,0.06781549751758575
0.5951012969017029,0.24343398213386536,0.028575677424669266,0.04482939839363098,0.08805962651968002
0.0625007152557373,0.28824058175086975,0.509914755821228,0.08296260237693787,0.056381288915872574
0.2217363864183426,0.639549195766449,0.04354827478528023,0.02327977493405342,0.07188637554645538
0.005773376673460007,0.05505461245775223,0.5616843700408936,0.31810083985328674,0.059386882930994034
0.6951616406440735,0.16155844926834106,0.015683339908719063,0.03946646302938461,0.0881301611661911
0.704322874546051,0.1530044674873352,0.016092119738459587,0.04166296124458313,0.08491756021976471
0.6360536217689514,0.21692845225334167,0.01991107501089573,0.041524920612573624,0.08558188378810883
0.013834749348461628,0.02418924681842327,0.020606689155101776,0.2211519032716751,0.7202174663543701
0.00676996074616909,0.018863696604967117,0.1323002576828003,0.6210486888885498,0.22101739048957825
0.4401055574417114,0.395537793636322,0.04987429827451706,0.035629674792289734,0.07885272055864334
0.6789146065711975,0.17511121928691864,0.01744740456342697,0.04551315680146217,0.08301353454589844
0.47109362483024597,0.36194899678230286,0.04056062549352646,0.04557429999113083,0.08082246035337448
0.6883453130722046,0.18088948726654053,0.01281572412699461,0.03790232166647911,0.08004722744226456
0.6897643804550171,0.1618727147579193,0.017737867310643196,0.04122885689139366,0.08939625322818756
0.537311851978302,0.3031635284423828,0.03981733322143555,0.0358068011701107,0.08390054106712341
0.7149367928504944,0.162343367934227,0.01363715436309576,0.029965197667479515,0.079117551445961
0.006189578678458929,0.07957908511161804,0.6317128539085388,0.22902388870716095,0.053494565188884735
0.009198588319122791,0.22784192860126495,0.6798590421676636,0.030134717002511024,0.052965693175792694
0.00562382722273469,0.017613273113965988,0.21584348380565643,0.6934069991111755,0.0675123780965805
0.001035475404933095,0.002026648260653019,0.0004400183097459376,0.046289339661598206,0.9502084851264954
0.014746922068297863,0.025032568722963333,0.057348188012838364,0.37541595101356506,0.5274564027786255
0.003624720498919487,0.009533836506307125,0.025354908779263496,0.8473051190376282,0.11418140679597855
0.5686729550361633,0.2952003479003906,0.02742832526564598,0.03335636109113693,0.07534198462963104
0.639129102230072,0.21002843976020813,0.020293792709708214,0.04431353509426117,0.08623509109020233
0.0002974948438350111,0.0006546275690197945,0.0001072341765393503,0.03480759263038635,0.9641330242156982
0.0031602701637893915,0.007935619913041592,0.05529718101024628,0.8015479445457458,0.1320589780807495
0.05471453443169594,0.6229841113090515,0.23031631112098694,0.03304250165820122,0.05894258990883827
0.00020039075752720237,0.000334275362547487,0.00012268652790226042,0.025899769738316536,0.9734428524971008
0.2796483337879181,0.5724757313728333,0.04833705350756645,0.030267801135778427,0.06927105039358139
0.005430123768746853,0.013502893969416618,0.1249195858836174,0.766007661819458,0.0901397168636322
0.5508199334144592,0.30528637766838074,0.030662275850772858,0.03390000760555267,0.07933145761489868
0.2017388939857483,0.5551390051841736,0.12829411029815674,0.04958922788500786,0.06523872911930084
0.004280920140445232,0.01439797692000866,0.24526582658290863,0.6875431537628174,0.04851214215159416
0.33223193883895874,0.4743311405181885,0.07479479163885117,0.04809035360813141,0.07055170834064484
0.6915491223335266,0.16603201627731323,0.012698820792138577,0.047636792063713074,0.08208328485488892
0.5984209775924683,0.23729009926319122,0.028714125975966454,0.04785613715648651,0.08771861344575882
0.6613444685935974,0.2107909917831421,0.014597036875784397,0.038946483284235,0.07432106137275696
0.0060057067312300205,0.06660866737365723,0.5886994004249573,0.2809795141220093,0.05770665779709816
0.5177605748176575,0.302543044090271,0.039167746901512146,0.03608904033899307,0.10443948954343796
0.2807962894439697,0.5310501456260681,0.08270930498838425,0.026116415858268738,0.07932790368795395
0.0074936100281775,0.18064561486244202,0.6951340436935425,0.076743483543396,0.03998318687081337
0.5842709541320801,0.26872873306274414,0.026116691529750824,0.02945532463490963,0.0914282500743866
0.5045018792152405,0.34230202436447144,0.029829008504748344,0.04937725514173508,0.07398981600999832
0.530538022518158,0.3003748953342438,0.04433193430304527,0.04747571051120758,0.07727944850921631
0.03320841118693352,0.7462531328201294,0.16146716475486755,0.011071501299738884,0.047999829053878784
0.12385109066963196,0.6567814350128174,0.1440543830394745,0.020991915836930275,0.05432127043604851
0.5199445486068726,0.32491326332092285,0.03401157632470131,0.03923865780234337,0.08189191669225693
0.5884546041488647,0.26270270347595215,0.02762000449001789,0.034124258905649185,0.08709844946861267
0.007016939576715231,0.015266486443579197,0.26953864097595215,0.6467989683151245,0.06137901172041893
0.03724517673254013,0.7661914229393005,0.1395198553800583,0.010525058954954147,0.04651849344372749
0.011583426967263222,0.021239398047327995,0.01267959177494049,0.3620111644268036,0.5924863815307617
0.49919864535331726,0.34019479155540466,0.03956570848822594,0.03173508122563362,0.08930577337741852
0.6243062019348145,0.22326594591140747,0.021493123844265938,0.04556087404489517,0.08537394553422928
0.010049056261777878,0.02164982073009014,0.010322491638362408,0.1703965812921524,0.7875820398330688
0.01190304383635521,0.10993622243404388,0.6483112573623657,0.1807045191526413,0.049144964665174484
0.5971324443817139,0.24283964931964874,0.028306378051638603,0.04386288300156593,0.08785872161388397
0.020174238830804825,0.32931995391845703,0.5535648465156555,0.04203999787569046,0.054900821298360825
0.008379512466490269,0.012051559053361416,0.007684916723519564,0.23380009829998016,0.7380838394165039
0.24195663630962372,0.5742306113243103,0.08130516111850739,0.029766777530312538,0.0727408155798912
0.011387702077627182,0.027597732841968536,0.09920370578765869,0.704977810382843,0.15683302283287048
0.6003507971763611,0.24476872384548187,0.0276419036090374,0.03664757311344147,0.09059102833271027
0.6219093203544617,0.22352708876132965,0.022210054099559784,0.04307645559310913,0.08927692472934723
0.0027689982671290636,0.0038271036464720964,0.10072513669729233,0.8353529572486877,0.0573258250951767
0.0038806849624961615,0.007102572824805975,0.13105258345603943,0.7755292057991028,0.0824349895119667
0.04375877603888512,0.515220046043396,0.3511257469654083,0.04061594232916832,0.04927946254611015
0.0067640929482877254,0.08010780066251755,0.7807081937789917,0.08216743171215057,0.050252534449100494
0.5677337646484375,0.28005972504615784,0.032964952290058136,0.037176162004470825,0.08206545561552048
0.6477398872375488,0.18979497253894806,0.026315409690141678,0.046514417976140976,0.08963525295257568
0.4638729989528656,0.37549811601638794,0.03753165155649185,0.0463668629527092,0.07673033326864243
0.6066385507583618,0.24078820645809174,0.02448773756623268,0.04352728649973869,0.08455825597047806
0.0057444386184215546,0.05665028840303421,0.5750402808189392,0.3044722378253937,0.05809278041124344
0.011669506318867207,0.06822044402360916,0.5262374877929688,0.32932615280151367,0.06454645097255707
0.01568213663995266,0.2993548512458801,0.5862636566162109,0.05295479670166969,0.045744530856609344
0.004523024894297123,0.014193194918334484,0.15364451706409454,0.6717218160629272,0.1559174805879593
0.004984031431376934,0.029916705563664436,0.43909308314323425,0.483389675617218,0.04261651635169983
0.22277586162090302,0.6399321556091309,0.05537803843617439,0.022685561329126358,0.05922844633460045
0.5744987726211548,0.2635836899280548,0.032682258635759354,0.04371751472353935,0.08551772683858871
0.3925720751285553,0.4351806342601776,0.05466415360569954,0.038811635226011276,0.07877155393362045
0.005879689939320087,0.09768026322126389,0.6996179223060608,0.15504169464111328,0.04178034886717796
0.5128649473190308,0.3310287892818451,0.038908690214157104,0.03172457590699196,0.08547301590442657
0.43709343671798706,0.415181040763855,0.04519341513514519,0.02630748599767685,0.07622469216585159
0.26722052693367004,0.45532721281051636,0.16595764458179474,0.04426002874970436,0.06723460555076599
0.15023119747638702,0.6066176295280457,0.14543093740940094,0.03562019020318985,0.06210007518529892
0.0005177453276701272,0.0013219646643847227,0.0007071946165524423,0.01908102072775364,0.9783720374107361
0.04741041734814644,0.5187515616416931,0.3407232463359833,0.04154360294342041,0.05157105624675751
0.500349223613739,0.33904707431793213,0.04055656120181084,0.04019571468234062,0.07985144108533859
0.6173260807991028,0.22021116316318512,0.030305961146950722,0.04559103026986122,0.08656582981348038
0.012533476576209068,0.40668123960494995,0.5143274068832397,0.026167258620262146,0.040290672332048416
0.02152290567755699,0.14005984365940094,0.5863657593727112,0.18812362849712372,0.06392782181501389
0.6353113651275635,0.21717879176139832,0.022979913279414177,0.03655629605054855,0.08797364681959152
0.000394969480112195,0.0009454160463064909,0.007999136112630367,0.816999614238739,0.17366090416908264
0.006053678225725889,0.013143876567482948,0.05752507969737053,0.7222434878349304,0.20103393495082855
0.19752992689609528,0.5870758295059204,0.11277612298727036,0.029529614374041557,0.07308848202228546
0.3492112457752228,0.4984017014503479,0.03801017999649048,0.033792201429605484,0.08058471977710724
0.02758629620075226,0.45014843344688416,0.43918102979660034,0.03557838872075081,0.04750592261552811
0.5918067097663879,0.22874298691749573,0.0422220379114151,0.046227116137742996,0.09100116789340973
0.21276620030403137,0.5689513087272644,0.10578553378582001,0.029795922338962555,0.08270107209682465
0.004289903212338686,0.0672534704208374,0.6641266345977783,0.2179519385099411,0.046378061175346375
0.007879340089857578,0.012416896410286427,0.04880496859550476,0.6808630228042603,0.2500357925891876
0.00394869688898325,0.00791521929204464,0.02602715604007244,0.656742513179779,0.3053663969039917
0.0041791414842009544,0.013950159773230553,0.23117727041244507,0.6999179124832153,0.05077551677823067
0.561519205570221,0.2914036512374878,0.0297432541847229,0.029249941930174828,0.0880839005112648
0.009133044630289078,0.06370562314987183,0.5435497760772705,0.3376677334308624,0.045943789184093475
0.027135489508509636,0.481853723526001,0.4127824604511261,0.03564023971557617,0.04258805140852928
0.013902074657380581,0.3489361107349396,0.5587566494941711,0.039395857602357864,0.03900926932692528
0.6122362613677979,0.24729035794734955,0.025945894420146942,0.035732921212911606,0.07879453152418137
0.010587329976260662,0.20195087790489197,0.6553838849067688,0.07645697146654129,0.05562087148427963
0.0042947279289364815,0.013073009438812733,0.18131643533706665,0.7348811626434326,0.06643467396497726
0.005126568954437971,0.00831653829663992,0.006781756412237883,0.22869206964969635,0.7510830760002136
0.5736268162727356,0.28571268916130066,0.026072664186358452,0.03843704238533974,0.0761508196592331
0.00883608590811491,0.05600525066256523,0.5361713767051697,0.3394072651863098,0.05957992374897003
0.009515298530459404,0.14825676381587982,0.7029556632041931,0.08985252678394318,0.049419716000556946
0.005804047919809818,0.029623234644532204,0.3761463463306427,0.520997166633606,0.06742912530899048
0.3680054247379303,0.48421424627304077,0.041457533836364746,0.03646691516041756,0.06985585391521454
0.0067750681191682816,0.08168291300535202,0.6707062125205994,0.18678995966911316,0.05404581502079964
0.014688603579998016,0.25745460391044617,0.6031625866889954,0.06600997596979141,0.05868423730134964
0.3552290201187134,0.49450281262397766,0.03988369554281235,0.03722601383924484,0.07315847277641296
0.13324673473834991,0.6449506878852844,0.12537406384944916,0.02051538974046707,0.07591304928064346
0.12274400889873505,0.6273098587989807,0.16627034544944763,0.02847905270755291,0.05519672483205795
0.7378942370414734,0.15740978717803955,0.011247578077018261,0.025062181055545807,0.06838615238666534
0.003394616534933448,0.004763696808367968,0.02737382799386978,0.5680829286575317,0.39638492465019226
0.547013521194458,0.2998287081718445,0.03804263472557068,0.032289620488882065,0.0828254446387291
0.006301738787442446,0.009845768101513386,0.04095527529716492,0.5177026987075806,0.42519456148147583
0.28204792737960815,0.5693289041519165,0.054343920201063156,0.029358072206377983,0.06492122262716293
0.00629502022638917,0.04538479819893837,0.5222873091697693,0.36891278624534607,0.05712005868554115
0.2827824354171753,0.5594573020935059,0.07161804288625717,0.021464236080646515,0.06467799097299576
0.010308878496289253,0.07816798239946365,0.6465920805931091,0.21049340069293976,0.05443759635090828
0.0049874912947416306,0.007791574113070965,0.006816468667238951,0.07841825485229492,0.9019862413406372
0.6937835812568665,0.1827942132949829,0.015825023874640465,0.030305668711662292,0.07729146629571915
0.006950473878532648,0.016955332830548286,0.09039029479026794,0.5814307332038879,0.30427318811416626
0.019520238041877747,0.10207740217447281,0.543942391872406,0.2630058228969574,0.07145408540964127
0.006552925333380699,0.1640322357416153,0.7315195202827454,0.05503549799323082,0.04285978525876999
0.7140762805938721,0.13064107298851013,0.017459193244576454,0.04228154197335243,0.09554193913936615
0.005533936899155378,0.014868102967739105,0.10295514762401581,0.7387902140617371,0.13785263895988464
0.1342182755470276,0.6042852401733398,0.17773829400539398,0.03298479691147804,0.05077337101101875
0.022302301600575447,0.5940988063812256,0.3198830187320709,0.01854235865175724,0.0451735220849514
0.003447491442784667,0.0036397092044353485,0.04344942793250084,0.7667276263237,0.18273572623729706
0.017678959295153618,0.14725695550441742,0.5719105005264282,0.19318057596683502,0.06997296959161758
0.3585379719734192,0.5102234482765198,0.04699118807911873,0.018391022458672523,0.06585638970136642
0.1746370941400528,0.6707956194877625,0.07156645506620407,0.024746684357523918,0.058254141360521317
0.00845669861882925,0.059925153851509094,0.5828567743301392,0.293150395154953,0.055610958486795425
0.15470105409622192,0.5319627523422241,0.18518178164958954,0.060425397008657455,0.06772898882627487
0.019631540402770042,0.326302170753479,0.5422435402870178,0.058918341994285583,0.05290449783205986
0.0025940509513020515,0.004736993461847305,0.0029561391565948725,0.13951309025287628,0.8501997590065002
0.000738578790333122,0.001920002163387835,0.0004774607077706605,0.08786209672689438,0.9090018272399902
0.16756300628185272,0.5910599827766418,0.14224742352962494,0.03256513923406601,0.06656448543071747
0.5000326633453369,0.3311178684234619,0.04445972666144371,0.03993961587548256,0.0844501256942749
0.10563264787197113,0.6566472053527832,0.1596994251012802,0.022279655560851097,0.05574098601937294
0.003989111166447401,0.011910172179341316,0.12912620604038239,0.7766774892807007,0.07829702645540237
0.19307297468185425,0.6165032982826233,0.09744056314229965,0.03250271826982498,0.060480453073978424
0.015666453167796135,0.3612481653690338,0.5442065596580505,0.030595917254686356,0.04828291013836861
0.0047829109244048595,0.01706443913280964,0.2922392785549164,0.6409346461296082,0.04497866332530975
0.008235858753323555,0.24064679443836212,0.6686861515045166,0.04793984442949295,0.03449143096804619
0.6243833899497986,0.22832657396793365,0.024632427841424942,0.03901661932468414,0.08364105224609375
0.011548331938683987,0.026674827560782433,0.06426668912172318,0.5436638593673706,0.3538462519645691
0.00321707664988935,0.0065522706136107445,0.004199253860861063,0.07793920487165451,0.908092200756073
0.033895913511514664,0.624834418296814,0.2837992012500763,0.014838429167866707,0.04263199493288994
0.01625548116862774,0.0415121428668499,0.09674781560897827,0.6096985936164856,0.23578602075576782
0.6891350746154785,0.1898326575756073,0.015939434990286827,0.0289600882679224,0.07613272964954376
0.011774679645895958,0.024505194276571274,0.04082253575325012,0.4932149648666382,0.4296826720237732
0.2633358836174011,0.5183390378952026,0.10444795340299606,0.0388481505215168,0.07502903044223785
0.6714640259742737,0.17203471064567566,0.02296578697860241,0.043241530656814575,0.09029389917850494
0.006006486713886261,0.015934649854898453,0.11695746332406998,0.7746349573135376,0.086466483771801
0.006276499014347792,0.15216124057769775,0.7407198548316956,0.05859236791729927,0.042250048369169235
0.4171203672885895,0.42605286836624146,0.050394363701343536,0.03347538039088249,0.07295701652765274
0.6718764305114746,0.1838214099407196,0.01621975377202034,0.04628719761967659,0.08179519325494766
0.0023861743975430727,0.007164167705923319,0.08647531270980835,0.8289003968238831,0.07507398724555969
0.5450674295425415,0.2889936864376068,0.034779444336891174,0.04561798274517059,0.0855415090918541
0.05255880579352379,0.6996805667877197,0.16273197531700134,0.026578083634376526,0.05845055729150772
0.00023998755204956979,0.0010579288937151432,0.005874948110431433,0.9605890512466431,0.03223806992173195
0.7466549873352051,0.11597740650177002,0.012629854492843151,0.03754562512040138,0.08719217777252197
0.4757557511329651,0.37899163365364075,0.03783457353711128,0.02437675930559635,0.08304133266210556
0.23070046305656433,0.44695237278938293,0.18324723839759827,0.07045634090900421,0.06864359229803085
0.006264372728765011,0.024298299103975296,0.3771238327026367,0.5479099154472351,0.044403575360774994
0.6237389445304871,0.21351031959056854,0.028125446289777756,0.04873678460717201,0.08588848263025284
0.6098685264587402,0.23383677005767822,0.024964146316051483,0.0424719862639904,0.08885856717824936
0.6817324757575989,0.18322615325450897,0.01464811246842146,0.03941110149025917,0.08098215609788895
0.7398490309715271,0.1288992464542389,0.012357734143733978,0.03665889427065849,0.0822351798415184
0.1929360032081604,0.5212692022323608,0.17905037105083466,0.04290376603603363,0.0638405829668045
0.37566787004470825,0.42816829681396484,0.06816429644823074,0.03633512929081917,0.09166447073221207
0.005766469985246658,0.03410773724317551,0.4525984525680542,0.46262964606285095,0.044897668063640594
0.46747589111328125,0.3668972849845886,0.05096260458230972,0.028503740206360817,0.08616042137145996
0.5911399722099304,0.2732151746749878,0.023334987461566925,0.038525767624378204,0.07378409057855606
0.5553433299064636,0.28019678592681885,0.034854210913181305,0.039009109139442444,0.09059654176235199
0.013739648275077343,0.06019258126616478,0.5698881149291992,0.2875605523586273,0.06861904263496399
0.012762678787112236,0.21609662473201752,0.6343508958816528,0.07853049784898758,0.05825933441519737
0.05437831953167915,0.5458664894104004,0.28723767399787903,0.0535685233771801,0.05894897133111954
0.03810090944170952,0.601413369178772,0.290871798992157,0.021706048399209976,0.04790796339511871
0.007686991710215807,0.01364834327250719,0.023256855085492134,0.500154435634613,0.45525336265563965
0.6350672245025635,0.20710502564907074,0.026004716753959656,0.04559146240353584,0.08623161166906357
0.7967314124107361,0.09508637338876724,0.006525195203721523,0.028510574251413345,0.07314656674861908
0.16103918850421906,0.6926358342170715,0.06988095492124557,0.01950172707438469,0.05694226548075676
0.07428063452243805,0.6559905409812927,0.1686852127313614,0.02788737416267395,0.07315631210803986
0.007512764539569616,0.020678848028182983,0.19697992503643036,0.7093027234077454,0.06552568078041077
0.004672670271247625,0.01177726686000824,0.1324717402458191,0.7575803995132446,0.09349798411130905
0.49612706899642944,0.3621007800102234,0.033470217138528824,0.035695869475603104,0.07260604202747345
0.6632673740386963,0.18422074615955353,0.026273636147379875,0.04050130397081375,0.08573691546916962
0.4939197301864624,0.3249627947807312,0.0457662008702755,0.04020605608820915,0.09514524787664413
0.47220975160598755,0.38350072503089905,0.03010588325560093,0.03227628022432327,0.08190732449293137
0.5294673442840576,0.3069135844707489,0.0460667684674263,0.031170157715678215,0.08638221025466919
0.451957106590271,0.37681981921195984,0.04978756979107857,0.03344555199146271,0.08798989653587341
0.0051549687050282955,0.05321970209479332,0.5892175436019897,0.3092058002948761,0.04320191964507103
0.587960422039032,0.2678235173225403,0.023840652778744698,0.04239482060074806,0.07798057794570923
0.4201182723045349,0.418351948261261,0.04426407441496849,0.04142072796821594,0.07584498077630997
0.02581041492521763,0.08231525868177414,0.2456701546907425,0.4927230477333069,0.1534811109304428
0.6201735138893127,0.21760685741901398,0.028826681897044182,0.04180862754583359,0.09158440679311752
0.18633034825325012,0.6256069540977478,0.10673579573631287,0.021058982238173485,0.06026788800954819
0.33154192566871643,0.4614534378051758,0.09226032346487045,0.0431319884955883,0.07161228358745575
0.008841031230986118,0.02318335697054863,0.3889107406139374,0.5243075489997864,0.054757293313741684
0.30967018008232117,0.5203374028205872,0.07030274718999863,0.023889992386102676,0.07579967379570007
0.6564667224884033,0.2311583310365677,0.01671569235622883,0.02819468080997467,0.06746456772089005
0.5807479619979858,0.2713642716407776,0.028473181650042534,0.0332859605550766,0.0861286148428917
0.6660117506980896,0.2046021670103073,0.014542906545102596,0.038668833673000336,0.076174296438694
0.03607335314154625,0.44857358932495117,0.42474859952926636,0.04253537207841873,0.048069097101688385
0.6480519771575928,0.20863814651966095,0.020891940221190453,0.03892702981829643,0.08349088579416275
0.058469101786613464,0.7616959810256958,0.1225322037935257,0.010593203827738762,0.04670948535203934
0.006581733003258705,0.014374956488609314,0.2212921380996704,0.6877425909042358,0.0700085237622261
0.6132798194885254,0.24897027015686035,0.02457411214709282,0.03312363103032112,0.08005225658416748
0.00807611458003521,0.026920806616544724,0.2547527253627777,0.6273755431175232,0.08287487924098969
0.6408240795135498,0.1833934485912323,0.0360092967748642,0.04570014029741287,0.09407292306423187
0.005339532159268856,0.08318348973989487,0.8053593039512634,0.060830432921648026,0.04528727009892464
0.6348350644111633,0.21922774612903595,0.023895718157291412,0.035370081663131714,0.08667141199111938
0.0036578045692294836,0.014320356771349907,0.285442978143692,0.6569496989250183,0.03962920606136322
0.004497990943491459,0.010686563327908516,0.08740440756082535,0.8120107650756836,0.08540023118257523
0.6186015009880066,0.24157169461250305,0.02529466152191162,0.0306596290320158,0.08387253433465958
0.6448501944541931,0.2110140323638916,0.023822352290153503,0.03456805273890495,0.0857454165816307
0.005926022306084633,0.04425138235092163,0.5405617356300354,0.36497360467910767,0.04428723454475403
0.014633666723966599,0.02156447060406208,0.018268348649144173,0.2424336075782776,0.7030999660491943
0.2266576737165451,0.5756797790527344,0.10136991739273071,0.02737586386501789,0.06891666352748871
0.03776364400982857,0.3191734850406647,0.482686847448349,0.10008750855922699,0.060288503766059875
0.0074124326929450035,0.023614414036273956,0.23887097835540771,0.6556276082992554,0.07447453588247299
0.6166279315948486,0.23491398990154266,0.027256175875663757,0.036696698516607285,0.08450524508953094
0.03592047095298767,0.41968801617622375,0.40678077936172485,0.06782767176628113,0.06978308409452438
0.5930714011192322,0.25518178939819336,0.026786791160702705,0.03332429379224777,0.09163571149110794
0.007725884672254324,0.03934207186102867,0.29169419407844543,0.535428524017334,0.12580928206443787
0.10480803996324539,0.5302776098251343,0.24317727982997894,0.054594989866018295,0.06714210659265518
0.6392125487327576,0.22488857805728912,0.017779892310500145,0.03786749392747879,0.08025147765874863
0.41270849108695984,0.4420701265335083,0.04931331053376198,0.024624673649668694,0.07128328830003738
0.2929721772670746,0.5193069577217102,0.0879022553563118,0.022920407354831696,0.0768982395529747
0.01229606382548809,0.24526940286159515,0.6498516201972961,0.038303691893815994,0.05427924543619156
0.1653469204902649,0.6130763292312622,0.11430631577968597,0.026831474155187607,0.08043894171714783
0.5422424674034119,0.30680373311042786,0.03245525807142258,0.029703298583626747,0.0887952372431755
0.5054942965507507,0.3413155972957611,0.03195478767156601,0.04309774190187454,0.07813765108585358
0.4735957980155945,0.35145363211631775,0.051056139171123505,0.03474367409944534,0.08915086835622787
0.008615517057478428,0.01480758935213089,0.03714672848582268,0.564586877822876,0.3748432993888855
0.014635338447988033,0.3049345016479492,0.5757409334182739,0.05464635044336319,0.0500427670776844
0.5797707438468933,0.27505967020988464,0.029218876734375954,0.03308362513780594,0.08286707103252411
0.5641684532165527,0.2710019648075104,0.04030165448784828,0.04444679990410805,0.08008123189210892
0.048034802079200745,0.7479051351547241,0.14027541875839233,0.013731274753808975,0.050053324550390244
0.005247629713267088,0.012859196402132511,0.10567573457956314,0.7887112498283386,0.08750618249177933
0.5039979815483093,0.3422330319881439,0.030886508524417877,0.04073473811149597,0.0821477547287941
0.00832662545144558,0.024156736209988594,0.23668025434017181,0.6571919918060303,0.07364445179700851
0.6879085898399353,0.16900502145290375,0.014385120011866093,0.04619830101728439,0.08250292390584946
0.010374350473284721,0.051256660372018814,0.4848162531852722,0.39365309476852417,0.05989956855773926
0.01421546470373869,0.16430139541625977,0.6019680500030518,0.16139759123325348,0.058117467910051346
0.010018855333328247,0.026615742594003677,0.08863940834999084,0.6174522042274475,0.25727379322052
0.6661671996116638,0.1793394386768341,0.023582620546221733,0.04366011172533035,0.08725065737962723
0.010753661394119263,0.01680043339729309,0.01599113456904888,0.17708198726177216,0.7793728113174438
0.0007909921114332974,0.001142227789387107,0.0005352768348529935,0.04258222505450249,0.9549493193626404
0.011273507960140705,0.04443121328949928,0.298880010843277,0.5592263340950012,0.08618894964456558
0.008829123340547085,0.09281028807163239,0.6737334728240967,0.1724516898393631,0.05217549577355385
0.6474710702896118,0.20936466753482819,0.021044928580522537,0.0340847484767437,0.08803457766771317
0.0100635951384902,0.1252567023038864,0.7229516506195068,0.07824373245239258,0.0634842962026596
0.592702329158783,0.24427469074726105,0.03400282561779022,0.04629470407962799,0.08272544294595718
0.00829106755554676,0.061063338071107864,0.5902421474456787,0.2880864441394806,0.052317000925540924
0.20083186030387878,0.6024988889694214,0.10806694626808167,0.02463206648826599,0.06397026777267456
0.04680447652935982,0.5788255333900452,0.28981783986091614,0.03619939088821411,0.048352811485528946
0.004134973045438528,0.008032743819057941,0.06082355976104736,0.791729748249054,0.13527897000312805
0.6003089547157288,0.24923303723335266,0.0294282715767622,0.042369600385427475,0.07866017520427704
0.010433996096253395,0.1269870102405548,0.6728193759918213,0.13675475120544434,0.0530049093067646
0.6076815128326416,0.21273744106292725,0.037629056721925735,0.049646832048892975,0.09230516850948334
0.003925691358745098,0.026524292305111885,0.3941589593887329,0.503800094127655,0.07159098237752914
0.622821033000946,0.21852023899555206,0.02515961229801178,0.038113974034786224,0.09538508206605911
0.5292453169822693,0.2860043942928314,0.052477750927209854,0.05009787902235985,0.08217456191778183
0.008214345201849937,0.12720464169979095,0.6687788963317871,0.14683958888053894,0.04896252974867821
0.48391446471214294,0.3279300928115845,0.05063827335834503,0.0472036749124527,0.09031346440315247
0.007637156639248133,0.1342248022556305,0.6784836649894714,0.13414187729358673,0.04551246017217636
0.2906455993652344,0.511282205581665,0.09156988561153412,0.033029984682798386,0.07347237318754196
0.0016986188711598516,0.004634147975593805,0.06542300432920456,0.8434462547302246,0.08479795604944229
0.5412448048591614,0.33013197779655457,0.028935831040143967,0.028018875047564507,0.07166842371225357
0.05214468017220497,0.7219364047050476,0.14088475704193115,0.024601072072982788,0.06043311208486557
0.19377146661281586,0.5574186444282532,0.14763978123664856,0.0331890843808651,0.06798103451728821
0.5432184338569641,0.2977541387081146,0.03714306280016899,0.042423222213983536,0.07946112751960754
0.2931634187698364,0.4232410788536072,0.12154530733823776,0.07828162610530853,0.08376850187778473
0.29560744762420654,0.5141780972480774,0.08361293375492096,0.030694222077727318,0.07590731233358383
0.010504418984055519,0.19391821324825287,0.6656790375709534,0.078489750623703,0.0514085479080677
0.0434754453599453,0.7407312989234924,0.1633145958185196,0.011274011805653572,0.04120464622974396
0.4938635230064392,0.34994930028915405,0.03479703143239021,0.043787986040115356,0.07760211080312729
0.008270133286714554,0.11876141279935837,0.6951532959938049,0.1284792274236679,0.04933592304587364
0.5514473915100098,0.2752132713794708,0.04165136069059372,0.04720156639814377,0.08448641002178192
0.5905834436416626,0.23367010056972504,0.032134804874658585,0.04383409768342972,0.09977752715349197
0.48304468393325806,0.33445999026298523,0.05725732445716858,0.04668407142162323,0.07855390757322311
0.002153795910999179,0.0031221071258187294,0.002816844033077359,0.11825002729892731,0.8736572861671448
0.014324176125228405,0.03719836845993996,0.11124967783689499,0.6117561459541321,0.2254715859889984
0.4054808020591736,0.3933655619621277,0.07640142738819122,0.03502454608678818,0.08972767740488052
0.5642755031585693,0.29513809084892273,0.02238478884100914,0.04276049882173538,0.0754411518573761
0.5957146883010864,0.2554006576538086,0.026211008429527283,0.04294658824801445,0.07972698658704758
0.0015174233121797442,0.0037967779207974672,0.03137563541531563,0.835328221321106,0.12798194587230682
0.03448762372136116,0.7200867533683777,0.1832258552312851,0.013114654459059238,0.049085091799497604
0.0353105403482914,0.49635469913482666,0.3781125545501709,0.045233797281980515,0.04498843476176262
0.011087491177022457,0.038644351065158844,0.4734267592430115,0.40948399901390076,0.06735742837190628
0.017151543870568275,0.14813664555549622,0.5811828970909119,0.18391869962215424,0.06961017847061157
0.6004362106323242,0.23661993443965912,0.02785389870405197,0.04793308675289154,0.08715687692165375
0.18433286249637604,0.4314426779747009,0.22182822227478027,0.09245236963033676,0.06994392722845078
0.3387928009033203,0.4749792814254761,0.06867890059947968,0.03049418516457081,0.08705483376979828
0.008086002431809902,0.026402929797768593,0.24399156868457794,0.6448125243186951,0.07670702040195465
0.03074587509036064,0.7147474884986877,0.19191700220108032,0.0133840786293149,0.04920555278658867
0.7037074565887451,0.15247763693332672,0.01949465088546276,0.03855980187654495,0.08576042950153351
0.1566518247127533,0.5833242535591125,0.14290116727352142,0.05732269212603569,0.059800125658512115
0.29687079787254333,0.4831242859363556,0.10630913823843002,0.03653990104794502,0.07715587317943573
0.0045677912421524525,0.01398097351193428,0.2889358401298523,0.6460474729537964,0.04646792635321617
0.3342285752296448,0.5005149841308594,0.06824004650115967,0.029402215033769608,0.06761417537927628
0.6520228385925293,0.20046216249465942,0.017557501792907715,0.04955493286252022,0.08040260523557663
0.009161232970654964,0.023256810382008553,0.23923447728157043,0.6408460140228271,0.08750148117542267
0.008333082310855389,0.20760682225227356,0.6911616921424866,0.05530592054128647,0.03759252279996872
0.010662401095032692,0.21393324434757233,0.6612463593482971,0.07064155489206314,0.04351646825671196
0.004406482446938753,0.00928474497050047,0.07889213413000107,0.793601930141449,0.11381465196609497
0.6441293954849243,0.22223863005638123,0.02148084156215191,0.03069511614739895,0.08145596832036972
0.6261169910430908,0.22351180016994476,0.024591371417045593,0.036944400519132614,0.0888354703783989
0.04562247917056084,0.7150430679321289,0.15563230216503143,0.01664561778306961,0.06705646961927414
0.5781244039535522,0.25307953357696533,0.033785998821258545,0.04531062766909599,0.08969947695732117
0.6130199432373047,0.2516453266143799,0.023584725335240364,0.0351392962038517,0.07661072164773941
0.03743298351764679,0.1725432425737381,0.5452255606651306,0.1883399486541748,0.0564582422375679
0.2739855647087097,0.5647188425064087,0.06539858877658844,0.027625199407339096,0.0682719349861145
0.455049991607666,0.4062471091747284,0.034194592386484146,0.033416055142879486,0.07109230756759644
0.0057915891520679,0.011891080997884274,0.06877908855676651,0.5909897685050964,0.32254841923713684
0.008586592972278595,0.18693603575229645,0.6947888731956482,0.07031138986349106,0.039377015084028244
0.6379627585411072,0.22999203205108643,0.02283157780766487,0.033787425607442856,0.07542618364095688
0.005110238678753376,0.023528795689344406,0.3192382752895355,0.5727184414863586,0.07940421998500824
0.6337223649024963,0.21898138523101807,0.024366099387407303,0.03829522058367729,0.084634929895401
0.011569558642804623,0.02049054577946663,0.02672755718231201,0.3645328879356384,0.5766794085502625
0.0054452489130198956,0.12023826688528061,0.7565468549728394,0.07771975547075272,0.04004988446831703
0.7089067101478577,0.14543360471725464,0.016029849648475647,0.04093500226736069,0.08869477361440659
0.010563530959188938,0.12845167517662048,0.7393370866775513,0.06881590187549591,0.05283180996775627
0.6475045084953308,0.21898460388183594,0.01959344744682312,0.029206521809101105,0.08471086621284485
0.6592709422111511,0.19297677278518677,0.017431380227208138,0.041911784559488297,0.08840913325548172
0.018610863015055656,0.03284667804837227,0.028814859688282013,0.2440497875213623,0.6756778359413147
0.5269358158111572,0.31489649415016174,0.04382116720080376,0.0296847652643919,0.08466174453496933
0.005725781433284283,0.04578161612153053,0.5471546053886414,0.3588789105415344,0.042459044605493546
0.007327685598284006,0.018239712342619896,0.13116471469402313,0.7477479577064514,0.09551991522312164
0.0052941846661269665,0.055848732590675354,0.6107611060142517,0.2855165898799896,0.04257941246032715
0.048144157975912094,0.43728071451187134,0.33966556191444397,0.09519068151712418,0.07971882820129395
0.051558785140514374,0.6756630539894104,0.19809743762016296,0.015638817101716995,0.059041887521743774
0.005056215915828943,0.012019682675600052,0.05274469405412674,0.7003708481788635,0.2298084944486618
0.009709254838526249,0.023193737491965294,0.05079829320311546,0.5050881505012512,0.4112105667591095
0.042589664459228516,0.43104565143585205,0.4053821563720703,0.06595871597528458,0.05502384901046753
0.02954733557999134,0.6068657636642456,0.2995925843715668,0.018080906942486763,0.04591347649693489
0.006482295226305723,0.06237355247139931,0.635121762752533,0.24442130327224731,0.0516011044383049
0.6693755984306335,0.19134096801280975,0.01722961850464344,0.03992587700486183,0.08212795853614807
0.07008432596921921,0.6193936467170715,0.15030914545059204,0.04847116395831108,0.11174166947603226
0.005882837809622288,0.20297114551067352,0.7155334949493408,0.045560915023088455,0.030051574110984802
0.012269649654626846,0.21467693150043488,0.6348938345909119,0.09096182882785797,0.04719772934913635
0.006306603085249662,0.13885506987571716,0.7187783122062683,0.09643443673849106,0.03962560370564461
0.004133900161832571,0.019250905141234398,0.3280562460422516,0.5858595967292786,0.06269939243793488
0.012508152984082699,0.20976099371910095,0.6336750388145447,0.10136894881725311,0.042686838656663895
0.030074531212449074,0.5400509238243103,0.36395883560180664,0.025248561054468155,0.04066714644432068
0.008868701756000519,0.126142218708992,0.6532194018363953,0.1554102897644043,0.05635937303304672
0.010723392479121685,0.08312104642391205,0.6420327425003052,0.2080649882555008,0.05605781078338623
0.1974097639322281,0.608119547367096,0.09724118560552597,0.02369658835232258,0.07353284955024719
0.003963758237659931,0.005129961296916008,0.09168198704719543,0.803406298160553,0.09581795334815979
0.6191250681877136,0.22964665293693542,0.022941317409276962,0.04495096579194069,0.08333595842123032
0.5378206968307495,0.27915188670158386,0.04871751368045807,0.05022194981575012,0.08408786356449127
0.5739704370498657,0.2764105498790741,0.027879543602466583,0.04163455218076706,0.08010489493608475
0.016026677563786507,0.26052239537239075,0.6164767742156982,0.056878428906202316,0.050095707178115845
0.3481372594833374,0.3741433024406433,0.14575789868831635,0.05140566825866699,0.08055593073368073
0.13164407014846802,0.628263533115387,0.1474020779132843,0.03293490409851074,0.059755392372608185
0.012569944374263287,0.061947185546159744,0.45762941241264343,0.3895026743412018,0.07835077494382858
0.49381551146507263,0.3496394157409668,0.04322970658540726,0.04012836888432503,0.07318700104951859
0.00619013886898756,0.013289364986121655,0.0077954609878361225,0.22590932250022888,0.7468157410621643
0.005541196092963219,0.047657545655965805,0.5591968297958374,0.34350234270095825,0.04410206153988838
0.020110461860895157,0.10092727094888687,0.6685130000114441,0.15717752277851105,0.05327174440026283
0.36834248900413513,0.445780873298645,0.06949654221534729,0.037595007568597794,0.07878510653972626
0.017380816861987114,0.5477561354637146,0.3709941804409027,0.01804800145328045,0.04582090303301811
0.49103039503097534,0.31191587448120117,0.05738279968500137,0.047757454216480255,0.09191343188285828
0.46375370025634766,0.39669322967529297,0.0352112241089344,0.034383442252874374,0.06995841860771179
0.0015521198511123657,0.0030220781918615103,0.0007358933798968792,0.05452510342001915,0.9401648044586182
0.5143382549285889,0.3533117175102234,0.03189126402139664,0.027114281430840492,0.07334445416927338
0.42957961559295654,0.38710668683052063,0.0586172379553318,0.03882235288619995,0.08587426692247391
0.46612927317619324,0.3873657286167145,0.03676832094788551,0.027900315821170807,0.08183643221855164
0.06273368000984192,0.6241165399551392,0.23530477285385132,0.02930516004562378,0.04853983595967293
0.6891215443611145,0.15008996427059174,0.020396549254655838,0.04541267082095146,0.09497936815023422
0.009209588170051575,0.10151401907205582,0.6028007864952087,0.2200494408607483,0.06642615795135498
0.037127815186977386,0.43667832016944885,0.42067357897758484,0.05120345950126648,0.05431682616472244
0.030350634828209877,0.6421266198158264,0.258268266916275,0.02033611759543419,0.04891831800341606
0.11536093801259995,0.5019450783729553,0.23598945140838623,0.07387343049049377,0.07283107191324234
0.009437915869057178,0.01675604283809662,0.17954021692276,0.6823363304138184,0.11192943155765533
0.5456954836845398,0.2740474045276642,0.0342872254550457,0.05012699216604233,0.09584291279315948
0.007096505723893642,0.10619595646858215,0.6978923678398132,0.14681749045848846,0.04199772700667381
0.00867582019418478,0.11692913621664047,0.6564748287200928,0.1739073097705841,0.044012926518917084
0.3283984065055847,0.4721606969833374,0.08167199790477753,0.03857573866844177,0.0791931003332138
0.004172796383500099,0.005550744011998177,0.07756657898426056,0.8029419779777527,0.10976780951023102
0.0057564908638596535,0.06718122214078903,0.6490994095802307,0.23411241173744202,0.04385053738951683
0.5717323422431946,0.258646696805954,0.03142038360238075,0.03676828369498253,0.10143227130174637
0.017903704196214676,0.43541663885116577,0.4860963821411133,0.0258529894053936,0.03473028540611267
0.3653923273086548,0.46705350279808044,0.06449782103300095,0.030970506370067596,0.07208582013845444
0.007348201237618923,0.022878896445035934,0.376445472240448,0.5382682085037231,0.05505923926830292
0.6941124796867371,0.18377692997455597,0.015437663532793522,0.029848922044038773,0.07682402431964874
0.00424806447699666,0.006422842852771282,0.11953487247228622,0.794718861579895,0.07507538795471191
0.056732725352048874,0.6600565314292908,0.20813985168933868,0.018267305567860603,0.05680351331830025
0.004631964955478907,0.012342139147222042,0.0754193514585495,0.7457003593444824,0.1619061678647995
0.025152113288640976,0.5768364071846008,0.31530123949050903,0.018106991425156593,0.06460320949554443
0.0063293552957475185,0.01696718856692314,0.10257138311862946,0.787270724773407,0.08686131238937378
0.12181980907917023,0.6184931397438049,0.17165537178516388,0.028127234429121017,0.059904374182224274
0.011768486350774765,0.2879056930541992,0.6037704348564148,0.04456721618771553,0.05198816582560539
0.6923585534095764,0.16329999268054962,0.015582932159304619,0.04538951814174652,0.08336895704269409
0.009139398112893105,0.03502803295850754,0.5066954493522644,0.3904861509799957,0.0586509108543396
0.007084924727678299,0.009713541716337204,0.009975150227546692,0.157215878367424,0.8160105347633362
0.08394801616668701,0.7156782746315002,0.14974892139434814,0.010897023603320122,0.03972787410020828
0.5539243817329407,0.2562883198261261,0.05193145200610161,0.05033421888947487,0.08752164244651794
0.007083462551236153,0.014559253118932247,0.2751511335372925,0.641605794429779,0.06160036474466324
0.03230585530400276,0.6552403569221497,0.2488436996936798,0.01935085654258728,0.044259291142225266
0.390877366065979,0.434408038854599,0.06263810396194458,0.03194955363869667,0.08012696355581284
0.5533214211463928,0.25996872782707214,0.04086747020483017,0.05395364388823509,0.09188872575759888
0.02367858774960041,0.25756755471229553,0.5380645394325256,0.116907998919487,0.06378138810396194
0.4878913164138794,0.3271850049495697,0.052827637642621994,0.04044954106211662,0.09164658188819885
0.0034549753181636333,0.01048431545495987,0.11526055634021759,0.7928333282470703,0.07796681672334671
0.04911739006638527,0.45734983682632446,0.37265902757644653,0.06127096340060234,0.05960286408662796
0.009780295193195343,0.02859470620751381,0.1572640836238861,0.665899395942688,0.13846150040626526
0.4467169940471649,0.38035014271736145,0.055144693702459335,0.036792926490306854,0.08099524676799774
8.162497397279367e-05,0.00012783700367435813,5.197338032303378e-05,0.018742019310593605,0.9809964895248413
0.6658295392990112,0.17047326266765594,0.023769773542881012,0.04740875959396362,0.09251866489648819
0.7378233671188354,0.14320652186870575,0.012072770856320858,0.026522841304540634,0.08037450909614563
0.32506754994392395,0.48419803380966187,0.08042938262224197,0.03525888919830322,0.07504607737064362
0.014860084280371666,0.18204112350940704,0.6530461311340332,0.09627189487218857,0.053780749440193176
0.09399749338626862,0.5184140205383301,0.2750481367111206,0.04630320146679878,0.06623703986406326
0.003442398039624095,0.008474757894873619,0.004277999047189951,0.05734498053789139,0.9264599084854126
0.08634954690933228,0.7257564067840576,0.09386388957500458,0.023631135001778603,0.07039894163608551
0.01098790392279625,0.25613370537757874,0.6326169371604919,0.0503288209438324,0.049932610243558884
0.04848102480173111,0.6823303699493408,0.1965865194797516,0.015968339517712593,0.056633688509464264
0.5771264433860779,0.2853447496891022,0.021227741613984108,0.041933219879865646,0.07436779886484146
0.0058335368521511555,0.02997412718832493,0.30783507227897644,0.5466498136520386,0.10970737040042877
0.5517916679382324,0.31086429953575134,0.026901541277766228,0.03715672716498375,0.07328582555055618
0.006032400298863649,0.016228238120675087,0.10967962443828583,0.7496544122695923,0.11840538680553436
0.5954198837280273,0.24467945098876953,0.028004731982946396,0.04433470219373703,0.08756126463413239
0.6017743945121765,0.24090296030044556,0.02731558121740818,0.04901023209095001,0.08099693804979324
0.5616775751113892,0.31070035696029663,0.022690827026963234,0.034328751266002655,0.07060249149799347
0.6427573561668396,0.2285485714673996,0.019363969564437866,0.02668081969022751,0.08264929056167603
0.005692546721547842,0.011851422488689423,0.005688562989234924,0.17869499325752258,0.7980725169181824
0.5674824118614197,0.27470502257347107,0.03355490043759346,0.04280432313680649,0.081453338265419
0.009638935327529907,0.013298463076353073,0.02381671592593193,0.2883014380931854,0.6649444699287415
0.5342671871185303,0.3079981803894043,0.03639499470591545,0.041398368775844574,0.07994122058153152
0.0013597767101600766,0.0040664286352694035,0.09383184462785721,0.8508255481719971,0.049916427582502365
0.43814346194267273,0.383722722530365,0.05106161907315254,0.03575170040130615,0.09132041037082672
0.01282094419002533,0.37954819202423096,0.5350242257118225,0.028270239010453224,0.04433641582727432
0.480439156293869,0.35752272605895996,0.0495033860206604,0.03838098421692848,0.07415373623371124
0.5837262272834778,0.2636147737503052,0.02599993348121643,0.04243230074644089,0.08422672748565674
0.17094258964061737,0.6214320659637451,0.11527590453624725,0.028956297785043716,0.06339313834905624
0.5293718576431274,0.33644771575927734,0.030121970921754837,0.029357578605413437,0.07470088452100754
0.559056282043457,0.29890090227127075,0.027598608285188675,0.03955007344484329,0.07489410042762756
0.6490590572357178,0.1984608769416809,0.019529743120074272,0.04565432667732239,0.0872960314154625
0.07221559435129166,0.6788371801376343,0.1704588085412979,0.017253994941711426,0.061234451830387115
0.020140668377280235,0.5807549357414246,0.33343470096588135,0.015959180891513824,0.04971054941415787
0.6470729112625122,0.20953425765037537,0.022241881117224693,0.03599429130554199,0.08515664935112
0.3836718499660492,0.46548038721084595,0.044370152056217194,0.043980371206998825,0.06249731034040451
0.18789207935333252,0.6469900012016296,0.06363263726234436,0.030576955527067184,0.070908322930336
0.503073513507843,0.3483700156211853,0.033031120896339417,0.034303195774555206,0.08122214674949646
0.00927097350358963,0.030385904014110565,0.3746755123138428,0.5210118889808655,0.06465568393468857
0.009513502940535545,0.10816963762044907,0.6188987493515015,0.2047458291053772,0.0586722306907177
0.0025482047349214554,0.008389863185584545,0.20056508481502533,0.7506430745124817,0.037853796035051346
0.009709259495139122,0.0474872887134552,0.4825746715068817,0.40106722712516785,0.05916152149438858
0.0105506032705307,0.062222760170698166,0.6642085313796997,0.19956184923648834,0.06345633417367935
0.14210595190525055,0.6847065091133118,0.09396548569202423,0.019694142043590546,0.05952785536646843
0.0029937897343188524,0.008161276578903198,0.09745372831821442,0.8007607460021973,0.0906304270029068
0.01070416159927845,0.022935105487704277,0.025876369327306747,0.6531602144241333,0.28732413053512573
0.012492150068283081,0.021297642961144447,0.0261901393532753,0.3596930503845215,0.5803270936012268
0.594549834728241,0.23312754929065704,0.032807931303977966,0.05059807375073433,0.08891662210226059
0.5366511940956116,0.33091965317726135,0.031310126185417175,0.02969980239868164,0.07141932100057602
0.016231846064329147,0.36410003900527954,0.5475238561630249,0.03505216911435127,0.037092044949531555
0.04105257987976074,0.6431019306182861,0.2419377714395523,0.02560250088572502,0.04830530658364296
0.007639285642653704,0.020095625892281532,0.0776028260588646,0.660728931427002,0.23393334448337555
0.5653781294822693,0.28175827860832214,0.028665976598858833,0.04356272146105766,0.08063484728336334
0.597245991230011,0.2457306683063507,0.026121072471141815,0.04333508014678955,0.08756714314222336
0.37419775128364563,0.4083712100982666,0.1023470088839531,0.04203803837299347,0.07304595410823822
0.12664325535297394,0.680472731590271,0.11239534616470337,0.027071399614214897,0.053417231887578964
0.5831557512283325,0.2565261423587799,0.0315220020711422,0.041299596428871155,0.08749648183584213
0.658008873462677,0.18109677731990814,0.018914762884378433,0.04354294389486313,0.09843669831752777
1.938005516421981e-05,6.314352503977716e-05,0.0032824177760630846,0.9587537050247192,0.037881311029195786
0.6199463605880737,0.22248944640159607,0.02601213939487934,0.04857458174228668,0.08297745138406754
0.6417954564094543,0.2300182282924652,0.01846741884946823,0.02485041320323944,0.08486852049827576
0.010480450466275215,0.01486667338758707,0.013161267153918743,0.2342853844165802,0.7272062301635742
0.7287712693214417,0.1400490701198578,0.012579566799104214,0.038360919803380966,0.08023916929960251
0.005344419274479151,0.020652737468481064,0.31932708621025085,0.6089675426483154,0.045708198100328445
0.006652586627751589,0.07892997562885284,0.6467458605766296,0.21796663105487823,0.049705032259225845
0.5848665833473206,0.24974307417869568,0.035961348563432693,0.04677881672978401,0.08265017718076706
0.0015864549204707146,0.003952435217797756,0.0017521277768537402,0.036677390336990356,0.9560315608978271
0.005649671424180269,0.00716323172673583,0.004866115283221006,0.18137657642364502,0.8009443879127502
0.4033797085285187,0.41865280270576477,0.05648866668343544,0.02936870977282524,0.09211009740829468
0.006304236128926277,0.10083838552236557,0.6809991598129272,0.16654178500175476,0.04531649872660637
0.6182049512863159,0.22910171747207642,0.02601487934589386,0.038248397409915924,0.0884300097823143
0.04650799557566643,0.5723845958709717,0.2871122360229492,0.03526940196752548,0.05872583016753197
0.49947983026504517,0.3571113049983978,0.039654284715652466,0.037553343921899796,0.06620119512081146
0.62610924243927,0.2255501002073288,0.02527260035276413,0.03836902976036072,0.08469898253679276
0.7079264521598816,0.17500950396060944,0.013372120447456837,0.026189744472503662,0.07750211656093597
0.005247242748737335,0.048414479941129684,0.518432080745697,0.36368027329444885,0.06422589719295502
0.07004912197589874,0.6543482542037964,0.20134425163269043,0.02928408607840538,0.04497430473566055
0.010785599239170551,0.021203307434916496,0.0377618633210659,0.635039746761322,0.29520946741104126
0.003516391385346651,0.00799150113016367,0.05192507058382034,0.8327014446258545,0.10386556386947632
0.6732392311096191,0.19837945699691772,0.015619996003806591,0.03684355318546295,0.07591775804758072
0.005459589418023825,0.013655814342200756,0.08871617913246155,0.7448779344558716,0.14729057252407074
0.011142391711473465,0.0908893570303917,0.7156229019165039,0.12067441642284393,0.061670973896980286
0.5252106189727783,0.30529651045799255,0.0286052618175745,0.04259128123521805,0.09829629212617874
0.6697208285331726,0.17755630612373352,0.020869411528110504,0.04263678938150406,0.08921664953231812
0.5507707595825195,0.31287628412246704,0.031333986669778824,0.030322102829813957,0.07469680160284042
0.6160318851470947,0.2281542420387268,0.025283392518758774,0.036801423877477646,0.09372906386852264
0.6565758585929871,0.20225907862186432,0.01756768859922886,0.046205662190914154,0.07739176601171494
0.057580046355724335,0.7059852480888367,0.16346439719200134,0.01315402239561081,0.05981624498963356
0.12285640090703964,0.6931158900260925,0.08913187682628632,0.025398438796401024,0.06949739903211594
0.7038488984107971,0.16466407477855682,0.015662893652915955,0.031722474843263626,0.08410165458917618
0.007379497867077589,0.015743041411042213,0.2805551290512085,0.6383768916130066,0.05794544145464897
0.14101988077163696,0.7057215571403503,0.07870189845561981,0.018968673422932625,0.055587925016880035
0.010613885708153248,0.08108127862215042,0.7091915011405945,0.14183728396892548,0.05727597326040268
0.004326645750552416,0.016292326152324677,0.27195778489112854,0.658526599407196,0.04889669641852379
0.615721583366394,0.24552762508392334,0.02113337069749832,0.03735124319791794,0.08026623725891113
0.08471827208995819,0.7580291628837585,0.07351528108119965,0.017990484833717346,0.06574677675962448
0.0007928180857561529,0.0016404762864112854,0.0007960551301948726,0.06461868435144424,0.9321519732475281
0.48696714639663696,0.31030136346817017,0.06271684914827347,0.04809040576219559,0.09192431718111038
0.00983685813844204,0.01625281758606434,0.040416404604911804,0.4160104990005493,0.5174834132194519
0.00423633074387908,0.007103415206074715,0.00915994867682457,0.41823911666870117,0.5612612366676331
0.5991144776344299,0.2551881968975067,0.026915911585092545,0.03387536481022835,0.08490602672100067
0.0035876280162483454,0.009433085098862648,0.06740961968898773,0.8570071458816528,0.062562495470047
0.0051010712049901485,0.015835516154766083,0.15556246042251587,0.7429061532020569,0.08059480041265488
0.5124640464782715,0.3120182454586029,0.04921911656856537,0.04593488574028015,0.08036365360021591
0.41743203997612,0.3821980059146881,0.07262477278709412,0.04276302829384804,0.08498220145702362
0.007784921210259199,0.16684237122535706,0.716242790222168,0.06322456896305084,0.045905377715826035
0.009540506638586521,0.016588641330599785,0.014056668616831303,0.4711802899837494,0.4886339604854584
0.05198241397738457,0.7764208912849426,0.11230510473251343,0.011351685971021652,0.04793998971581459
0.012331916950643063,0.025706076994538307,0.08113636076450348,0.6411989331245422,0.23962675034999847
0.005575202871114016,0.011924339458346367,0.0814947634935379,0.7789960503578186,0.12200963497161865
0.0011749385157600045,0.0035106083378195763,0.07921472191810608,0.8622134923934937,0.05388614535331726
0.3969734311103821,0.42217063903808594,0.06570213288068771,0.04267814755439758,0.07247577607631683
0.22698761522769928,0.6186701655387878,0.04837338253855705,0.0281732976436615,0.07779560983181
0.5680280923843384,0.26709744334220886,0.03545377776026726,0.047781284898519516,0.08163952082395554
0.13136550784111023,0.5913050770759583,0.18447785079479218,0.030693432316184044,0.06215817108750343
0.0066769118420779705,0.09326384216547012,0.6616327166557312,0.1891484409570694,0.04927804693579674
0.026506146416068077,0.5797267556190491,0.31619688868522644,0.02041846141219139,0.05715174973011017
0.505369246006012,0.32947856187820435,0.04413752630352974,0.03724246844649315,0.08377224951982498
0.7089622616767883,0.15978768467903137,0.014245131984353065,0.038814716041088104,0.07819025218486786
0.6426563858985901,0.21773992478847504,0.02202657237648964,0.03892957791686058,0.07864756137132645
0.06908068805932999,0.43888425827026367,0.3512960970401764,0.07860099524259567,0.06213805079460144
0.05700528994202614,0.6025406122207642,0.2448713779449463,0.03326645866036415,0.06231619417667389
0.1433444619178772,0.6364455819129944,0.13784447312355042,0.023103559389710426,0.05926187336444855
0.5570991635322571,0.2802221179008484,0.030265768989920616,0.05241745337843895,0.07999543100595474
0.7040388584136963,0.16171514987945557,0.011833264492452145,0.0398893877863884,0.0825234204530716
0.5300257205963135,0.3269590437412262,0.030209964141249657,0.03988920897245407,0.07291609048843384
0.006284461356699467,0.07703817635774612,0.6744963526725769,0.18947100639343262,0.05270996689796448
0.12758232653141022,0.6439594030380249,0.13043326139450073,0.038039758801460266,0.05998532101511955
0.1659732311964035,0.6540774703025818,0.09847623854875565,0.02491677738726139,0.05655637010931969
0.005719236098229885,0.018702520057559013,0.25946149230003357,0.6605669856071472,0.05554986372590065
0.0060881562530994415,0.025225190445780754,0.2954571545124054,0.5773900151252747,0.0958394706249237
0.014947086572647095,0.4964565336704254,0.42343178391456604,0.019556427374482155,0.04560816287994385
0.3847436308860779,0.48150932788848877,0.036856893450021744,0.02902885712683201,0.06786127388477325
0.11140595376491547,0.3404880464076996,0.34422746300697327,0.13137629628181458,0.0725022628903389
0.01290266215801239,0.339982271194458,0.5616068243980408,0.024882500991225243,0.06062580645084381
0.0280681774020195,0.7088846564292908,0.2021411955356598,0.012932908721268177,0.047972965985536575
0.19053341448307037,0.56133633852005,0.130315363407135,0.042517874389886856,0.07529706507921219
0.33744528889656067,0.44608941674232483,0.08537403494119644,0.044412266463041306,0.08667902648448944
0.0038086322601884604,0.008549737744033337,0.037547770887613297,0.7076685428619385,0.24242526292800903
0.008398321457207203,0.01568704843521118,0.020548878237605095,0.6652641892433167,0.2901015877723694
0.3982838988304138,0.4289281666278839,0.057337187230587006,0.030582120642066002,0.08486863225698471
0.5667990446090698,0.2522898316383362,0.03622850775718689,0.0535983182489872,0.09108427911996841
0.009362397715449333,0.10364445298910141,0.6531801223754883,0.1736755073070526,0.06013760343194008
0.07782213389873505,0.7733144164085388,0.07704947888851166,0.016839928925037384,0.054973993450403214
0.0730675607919693,0.4459278881549835,0.3573101758956909,0.057548362761735916,0.06614609062671661
0.5247302055358887,0.3064926266670227,0.037794340401887894,0.035052213817834854,0.0959305390715599
0.46683165431022644,0.3773638904094696,0.044782478362321854,0.031064806506037712,0.07995718717575073
0.007445291616022587,0.05797617882490158,0.7419859170913696,0.15026098489761353,0.042331594973802567
0.5622550249099731,0.2908020615577698,0.02729647234082222,0.042406387627124786,0.07724008709192276
0.019268576055765152,0.3306092917919159,0.5538967251777649,0.050109848380088806,0.046115607023239136
0.0161951445043087,0.2134229689836502,0.6551994681358337,0.06077571585774422,0.054406650364398956
0.21877646446228027,0.614323079586029,0.06819289177656174,0.02434239350259304,0.07436523586511612
0.2120794653892517,0.6443650126457214,0.058301281183958054,0.023541893810033798,0.06171233579516411
0.00888405367732048,0.12891674041748047,0.6534555554389954,0.15660814940929413,0.052135441452264786
0.007745635230094194,0.014193985611200333,0.0824587419629097,0.7193513512611389,0.17625024914741516
0.006208190694451332,0.014507290907204151,0.10466437041759491,0.7656798958778381,0.10894027352333069
0.6630774140357971,0.18769682943820953,0.02232905849814415,0.03763744235038757,0.08925934880971909
0.002708858111873269,0.00757381459698081,0.2047930806875229,0.7369791269302368,0.04794514551758766
0.16561579704284668,0.6564139723777771,0.08792174607515335,0.030371367931365967,0.05967719852924347
0.025115055963397026,0.48658156394958496,0.4159238934516907,0.031826261430978775,0.04055321589112282
0.0033999928273260593,0.009843583218753338,0.16083665192127228,0.767794132232666,0.05812564119696617
0.009138643741607666,0.03249138221144676,0.4509206712245941,0.4493565261363983,0.05809277668595314
0.007985292933881283,0.025881147012114525,0.3628280460834503,0.5412232279777527,0.06208226829767227
0.001237544696778059,0.00421565305441618,0.08612927794456482,0.8634452223777771,0.04497227072715759
0.18875162303447723,0.48289114236831665,0.1721024066209793,0.07719483971595764,0.07906004786491394
0.4186932444572449,0.42217928171157837,0.05270591750741005,0.028633346781134605,0.07778815925121307
0.5729590654373169,0.2631785273551941,0.03167209401726723,0.042076677083969116,0.09011367708444595
0.0055982498452067375,0.12007610499858856,0.7142603397369385,0.12153291702270508,0.03853237256407738
0.6110718250274658,0.24504899978637695,0.028614232316613197,0.03482786938548088,0.08043713122606277
0.0007147758733481169,0.001510146539658308,0.0007308562635444105,0.06655312329530716,0.9304910898208618
0.6564034223556519,0.21096161007881165,0.019164349883794785,0.030724313110113144,0.08274628221988678
0.47956135869026184,0.3446955382823944,0.048069462180137634,0.038693010807037354,0.08898060023784637
0.008521150797605515,0.017736174166202545,0.04204374924302101,0.5936282873153687,0.3380705416202545
0.029443945735692978,0.05392314866185188,0.05701250955462456,0.15514510869979858,0.7044752836227417
0.037998732179403305,0.6441289782524109,0.2517375349998474,0.020002827048301697,0.04613202065229416
0.011202617548406124,0.35378941893577576,0.5623175501823425,0.02900676615536213,0.04368358105421066
0.6748671531677246,0.19576571881771088,0.0172535702586174,0.036452844738960266,0.0756608247756958
0.008164928294718266,0.1975371539592743,0.7007243633270264,0.05747147649526596,0.036102160811424255
0.007556356955319643,0.024145621806383133,0.4061923921108246,0.5083358287811279,0.05376984924077988
0.4865911304950714,0.33674055337905884,0.04633953422307968,0.03654669225215912,0.09378211200237274
0.05420856922864914,0.16623146831989288,0.47823911905288696,0.22348710894584656,0.07783374935388565
0.0059682405553758144,0.009791572578251362,0.052824437618255615,0.7188877463340759,0.21252794563770294
0.7353968620300293,0.1260652244091034,0.012652864679694176,0.037424713373184204,0.08846042305231094
0.5215657353401184,0.3221886157989502,0.03591303527355194,0.043354425579309464,0.0769781693816185
0.6969261765480042,0.1804133802652359,0.015498930588364601,0.030038751661777496,0.0771227777004242
0.0012486318591982126,0.00263307080604136,0.0016380619490519166,0.03931869938969612,0.9551615715026855
0.006080591585487127,0.07945261895656586,0.6572255492210388,0.21297159790992737,0.04426965117454529
0.05885249376296997,0.7611872553825378,0.10863783210515976,0.015415368601679802,0.05590697005391121
0.053743839263916016,0.7365385890007019,0.15031607449054718,0.012579371221363544,0.04682215303182602
0.7075973749160767,0.18528607487678528,0.012017429806292057,0.028642119839787483,0.06645707786083221
0.36198824644088745,0.3978467285633087,0.11885563284158707,0.044009413570165634,0.07729993760585785
0.18056780099868774,0.560776948928833,0.1433127522468567,0.04206002503633499,0.07328242063522339
0.00044382104533724487,0.0009000594145618379,0.000472119398182258,0.04385699704289436,0.9543270468711853
0.6704683303833008,0.16350407898426056,0.025546574965119362,0.04443071410059929,0.09605027735233307
0.0008135729585774243,0.0017593364464119077,0.0008693141280673444,0.0642368495464325,0.9323209524154663
0.534227728843689,0.2876542806625366,0.03907565400004387,0.040364138782024384,0.09867820143699646
0.015702152624726295,0.053645018488168716,0.25356078147888184,0.5713827013969421,0.10570929199457169
0.007693402469158173,0.12715907394886017,0.7016485929489136,0.10968641936779022,0.05381247401237488
0.005434506572782993,0.022709326818585396,0.3301202356815338,0.5789102911949158,0.06282564252614975
0.018580075353384018,0.09336944669485092,0.5884861946105957,0.21881844103336334,0.08074592053890228
0.04602162912487984,0.3234194219112396,0.4849317967891693,0.09571221470832825,0.04991494491696358
0.21464243531227112,0.6283747553825378,0.06346692144870758,0.02898392267525196,0.06453195959329605
0.2838781476020813,0.535868763923645,0.08440001308917999,0.029505180194973946,0.06634785979986191
0.6604364514350891,0.19284284114837646,0.02159203216433525,0.04343458637595177,0.08169412612915039
0.28659293055534363,0.43361806869506836,0.13776332139968872,0.062027379870414734,0.07999832928180695
0.4089745283126831,0.39364320039749146,0.07998519390821457,0.03792325034737587,0.07947389036417007
0.05994512513279915,0.5123683214187622,0.3156820833683014,0.047965168952941895,0.06403933465480804
0.6841006875038147,0.1810320019721985,0.01692218706011772,0.037824347615242004,0.08012085407972336
0.6048358678817749,0.2526552379131317,0.03032039850950241,0.028585003688931465,0.08360347896814346
0.5469752550125122,0.3041316270828247,0.031864847987890244,0.03613327816128731,0.08089493960142136
0.08308514207601547,0.6637631058692932,0.17359746992588043,0.02126428112387657,0.058290064334869385
0.012027038261294365,0.04789809137582779,0.2677541971206665,0.5629569888114929,0.10936367511749268
0.05857160687446594,0.7667625546455383,0.10944394767284393,0.012541824020445347,0.05268004909157753
0.006735085044056177,0.10827641934156418,0.7844750285148621,0.054537419229745865,0.045975957065820694
0.6029800772666931,0.23695789277553558,0.028518719598650932,0.0484173446893692,0.08312598615884781
0.006303649395704269,0.06448639184236526,0.5607033967971802,0.3056814968585968,0.06282512098550797
0.6344042420387268,0.21593648195266724,0.02236437052488327,0.03504233807325363,0.09225253760814667
0.11813748627901077,0.6275115013122559,0.1687764674425125,0.026979662477970123,0.058594945818185806
0.006799951661378145,0.014659152366220951,0.007236692123115063,0.1623782217502594,0.808925986289978
0.003539993893355131,0.00905107893049717,0.07450390607118607,0.7767215371131897,0.13618355989456177
0.011819974519312382,0.27327898144721985,0.6242167353630066,0.0447198860347271,0.04596439376473427
0.2985462546348572,0.47304269671440125,0.09086447954177856,0.044109515845775604,0.09343710541725159
0.6362694501876831,0.21248307824134827,0.022932156920433044,0.04640751704573631,0.08190777897834778
0.09339814633131027,0.7284029722213745,0.09116377681493759,0.022449059411883354,0.06458599120378494
0.010054327547550201,0.14689239859580994,0.6565593481063843,0.13411574065685272,0.05237817019224167
0.02168845757842064,0.09801916033029556,0.4441463351249695,0.356995165348053,0.07915087789297104
0.5377057790756226,0.2968502938747406,0.03977023810148239,0.03862259164452553,0.08705110102891922
0.06906526535749435,0.5742495656013489,0.24837563931941986,0.0377672053873539,0.07054238021373749
0.63184654712677,0.20783792436122894,0.024208761751651764,0.0445171520113945,0.09158964455127716
0.02746756561100483,0.6649363040924072,0.24286572635173798,0.013791005127131939,0.050939347594976425
0.0020079761743545532,0.005725035443902016,0.05672366917133331,0.8948350548744202,0.040708236396312714
0.30326148867607117,0.5283758044242859,0.07571442425251007,0.024946026504039764,0.06770234555006027
0.011385412886738777,0.09089147299528122,0.6452324986457825,0.19976450502872467,0.05272618308663368
0.006808826699852943,0.07269605249166489,0.6354164481163025,0.2306104451417923,0.05446827784180641
0.6388848423957825,0.20216189324855804,0.023135242983698845,0.045892857015132904,0.08992509543895721
0.4822113811969757,0.3371207118034363,0.04403464123606682,0.033184584230184555,0.10344868898391724
0.02250637486577034,0.6310381293296814,0.28555384278297424,0.01336369477212429,0.04753797501325607
0.36758893728256226,0.43644750118255615,0.07825738191604614,0.04669557511806488,0.0710107609629631
0.007960342802107334,0.016625307500362396,0.31491947174072266,0.6041580438613892,0.056336790323257446
0.007550625130534172,0.021639516577124596,0.16716323792934418,0.7045665979385376,0.09908003360033035
0.07351365685462952,0.7138335108757019,0.1296990066766739,0.019346019253134727,0.06360775232315063
0.010377481579780579,0.11222542822360992,0.7229293584823608,0.09382420033216476,0.060643479228019714
0.23997555673122406,0.5251882076263428,0.13768942654132843,0.033378902822732925,0.06376788020133972
0.01295221596956253,0.21977834403514862,0.6615278720855713,0.04739821329712868,0.058343421667814255
0.032923221588134766,0.5857917070388794,0.31285688281059265,0.025399915874004364,0.04302831366658211
0.18739140033721924,0.5378157496452332,0.15496520698070526,0.05283074826002121,0.06699695438146591
0.14520278573036194,0.652569591999054,0.11101432144641876,0.03246742859482765,0.05874587967991829
0.021414941176772118,0.5195035934448242,0.37734678387641907,0.022789571434259415,0.05894508957862854
0.00675298273563385,0.01737138442695141,0.29644113779067993,0.6178079843521118,0.061626505106687546
0.03440455347299576,0.6865099668502808,0.21754194796085358,0.014432938769459724,0.047110624611377716
0.24835871160030365,0.5867295265197754,0.05965736135840416,0.0340331606566906,0.07122118026018143
0.011464543640613556,0.13606518507003784,0.6590739488601685,0.13522379100322723,0.05817258358001709
0.008157855831086636,0.09518185257911682,0.605451762676239,0.22351020574569702,0.06769832968711853
0.5461419224739075,0.28566160798072815,0.03740459308028221,0.04123438894748688,0.08955743908882141
0.13096259534358978,0.6192690134048462,0.15345485508441925,0.02737106941640377,0.06894246488809586
0.007890522480010986,0.03663301095366478,0.36600640416145325,0.525052547454834,0.06441757082939148
0.7018718719482422,0.16539998352527618,0.0138653963804245,0.03885501250624657,0.0800076425075531
0.0005409314180724323,0.0008463410777039826,0.0004177602822892368,0.04734152555465698,0.9508534669876099
0.5111898183822632,0.297861248254776,0.04824545979499817,0.04899879917502403,0.0937047079205513
0.03282357007265091,0.5460673570632935,0.32003626227378845,0.03877134993672371,0.06230142340064049
0.4193689227104187,0.4220821261405945,0.03967259079217911,0.044323548674583435,0.07455278933048248
0.6823413372039795,0.1707407385110855,0.018546978011727333,0.04303716868162155,0.08533385396003723
0.006404002662748098,0.010772895999252796,0.008383852429687977,0.2469482570886612,0.7274909615516663
0.409265398979187,0.3841361999511719,0.06658953428268433,0.039961591362953186,0.10004729777574539
0.6187531352043152,0.23533432185649872,0.025410328060388565,0.035372015088796616,0.08513019233942032
0.009978879243135452,0.1176157146692276,0.6037248969078064,0.20651479065418243,0.06216572970151901
0.28367912769317627,0.3946608304977417,0.17382879555225372,0.07064525783061981,0.0771859884262085
0.010197896510362625,0.03170255571603775,0.20364658534526825,0.6578269600868225,0.09662607312202454
0.004268950317054987,0.008112053386867046,0.0619862861931324,0.7627636790275574,0.16286908090114594
0.5272119641304016,0.27911698818206787,0.05062318220734596,0.05321309342980385,0.08983470499515533
0.5091661810874939,0.32182493805885315,0.042304251343011856,0.0394648052752018,0.08723977208137512
0.004528526682406664,0.01582098752260208,0.17720185220241547,0.6782029271125793,0.1242457702755928
0.011814335361123085,0.02196204662322998,0.056391991674900055,0.5480551719665527,0.3617763817310333
0.0036492319777607918,0.007825935259461403,0.0025664253626018763,0.0913223996758461,0.8946359753608704
0.00897397194057703,0.04198616370558739,0.5130147337913513,0.38076701760292053,0.05525807663798332
0.28404664993286133,0.5262013673782349,0.08210162818431854,0.02858530357480049,0.07906506210565567
0.013279751874506474,0.3665711283683777,0.5410434603691101,0.0345027856528759,0.04460287466645241
0.003350049490109086,0.010956251993775368,0.19669197499752045,0.7419846653938293,0.04701703414320946
0.6137769818305969,0.20451976358890533,0.03320290893316269,0.054152946919202805,0.09434734284877777
0.1784449815750122,0.5922905802726746,0.1262042224407196,0.030082043260335922,0.07297815382480621
0.4652743339538574,0.38917630910873413,0.0401664562523365,0.02624889463186264,0.0791340172290802
0.009103136137127876,0.015431676991283894,0.027936575934290886,0.475522518157959,0.4720061421394348
0.054878585040569305,0.6022458672523499,0.2598383128643036,0.026898818090558052,0.05613848567008972
0.01223913487046957,0.04389859363436699,0.23928628861904144,0.5901466608047485,0.1144292876124382
0.5984564423561096,0.2480716109275818,0.024827387183904648,0.045228078961372375,0.08341658115386963
0.008117874152958393,0.014437774196267128,0.014645122922956944,0.2646271884441376,0.6981720328330994
0.008742736652493477,0.1927177757024765,0.6979873776435852,0.06274750828742981,0.03780458867549896
0.5312424898147583,0.27715444564819336,0.056207071989774704,0.046140581369400024,0.08925539255142212
0.009800512343645096,0.02967335470020771,0.2164389193058014,0.6490946412086487,0.09499257057905197
0.7450388669967651,0.15285322070121765,0.009857137687504292,0.022105734795331955,0.07014504820108414
0.25859618186950684,0.5393611192703247,0.08294369280338287,0.044768452644348145,0.07433050870895386
0.029405171051621437,0.5417927503585815,0.3493536710739136,0.025909172371029854,0.053539205342531204
0.367379367351532,0.48573827743530273,0.04336407780647278,0.03411531448364258,0.06940296292304993
0.014604384079575539,0.3655124008655548,0.534186840057373,0.03634125739336014,0.0493551567196846
0.44811132550239563,0.36718252301216125,0.05295087397098541,0.03742420673370361,0.0943310558795929
0.6282286643981934,0.23804792761802673,0.022657454013824463,0.03170004487037659,0.07936590909957886
0.6457776427268982,0.21441642940044403,0.017090406268835068,0.03810668736696243,0.08460883051156998
0.34869471192359924,0.48523977398872375,0.062251973897218704,0.034801043570041656,0.06901243329048157
0.0053611379116773605,0.028357572853565216,0.3112518787384033,0.5552054643630981,0.09982389211654663
0.011590421199798584,0.09384360164403915,0.5838626623153687,0.24328012764453888,0.0674232617020607
0.4840879440307617,0.3292657434940338,0.053672343492507935,0.04432463273406029,0.08864934742450714
0.000256279919994995,0.0005964412121102214,0.00023266822972800583,0.037716273218393326,0.9611983895301819
0.49850815534591675,0.3197067379951477,0.049930769950151443,0.054536256939172745,0.07731810212135315
0.09572061896324158,0.6929874420166016,0.13084295392036438,0.019376982003450394,0.061072081327438354
0.2658747732639313,0.5341895222663879,0.09261198341846466,0.03065045177936554,0.0766732320189476
0.39927706122398376,0.4386771321296692,0.05152074247598648,0.03872190788388252,0.07180310040712357
0.008884275332093239,0.03695591539144516,0.4532955288887024,0.4395919740200043,0.061272259801626205
0.006129019893705845,0.011430785059928894,0.18738897144794464,0.7184268236160278,0.07662438601255417
0.6467124223709106,0.21986639499664307,0.022277716547250748,0.028455020859837532,0.08268827199935913
0.009138016030192375,0.14065177738666534,0.7384300827980042,0.05921485275030136,0.05256523936986923
0.6524717211723328,0.22773422300815582,0.018781716004014015,0.02794712223112583,0.07306519150733948
0.005727837327867746,0.09303782135248184,0.6874290108680725,0.16796906292438507,0.04583625867962837
0.6941842436790466,0.17251567542552948,0.014150206930935383,0.036065418273210526,0.08308441936969757
0.25048109889030457,0.5446692705154419,0.09202338755130768,0.030848639085888863,0.0819774940609932
0.5754543542861938,0.2855352759361267,0.02700304426252842,0.03441641479730606,0.07759092003107071
0.36261600255966187,0.4803173542022705,0.05287491902709007,0.03366096317768097,0.07053077965974808
0.030484851449728012,0.6260713338851929,0.2823260724544525,0.01803169585764408,0.04308604076504707
0.01667403243482113,0.21109259128570557,0.6493476033210754,0.05984489619731903,0.06304091215133667
0.004175716079771519,0.010201836936175823,0.06108191981911659,0.7535107731819153,0.1710297167301178
0.6732574105262756,0.16786372661590576,0.02797979861497879,0.036548227071762085,0.09435092657804489
0.006792247295379639,0.23569686710834503,0.6817798018455505,0.02275014854967594,0.052980951964855194
0.0038037023041397333,0.004460091702640057,0.02888687327504158,0.7289665341377258,0.23388275504112244
0.5345749855041504,0.299834668636322,0.04068179801106453,0.04672959819436073,0.0781790167093277
0.5118980407714844,0.3352026641368866,0.03806789591908455,0.031811609864234924,0.08301975578069687
0.12123885005712509,0.6577612161636353,0.14177757501602173,0.022170549258589745,0.057051874697208405
0.6626383662223816,0.22495439648628235,0.015851376578211784,0.0289495550096035,0.0676063522696495
0.3658187985420227,0.45696356892585754,0.058548130095005035,0.04387768357992172,0.07479193806648254
0.05307812988758087,0.730745792388916,0.15398916602134705,0.016090136021375656,0.04609682038426399
0.30861133337020874,0.5363305807113647,0.042356256395578384,0.030677555128932,0.08202424645423889
0.5488453507423401,0.28524234890937805,0.03547987341880798,0.043694693595170975,0.08673775941133499
0.5148959159851074,0.3327370882034302,0.034627728164196014,0.04169211536645889,0.07604710757732391
0.5842683911323547,0.2390143722295761,0.0357033833861351,0.05027906596660614,0.09073469787836075
0.0020251593086868525,0.00471505057066679,0.0323663055896759,0.7894835472106934,0.17140991985797882
0.08815059810876846,0.734460711479187,0.09197540581226349,0.025429600849747658,0.059983622282743454
0.005543549545109272,0.02461729571223259,0.3586091995239258,0.5510600805282593,0.06016984209418297
0.007578287739306688,0.03239603340625763,0.2818049192428589,0.5655553936958313,0.11266535520553589
0.3404691517353058,0.46170350909233093,0.0696861520409584,0.031712260097265244,0.09642896056175232
0.00026293721748515964,0.0006060127634555101,0.00025059611652977765,0.0444636195898056,0.954416811466217
0.6701929569244385,0.18224120140075684,0.019732557237148285,0.04482175409793854,0.0830114558339119
0.38925987482070923,0.4580918252468109,0.04601079225540161,0.032218169420957565,0.07441934198141098
0.6562051773071289,0.20390962064266205,0.01618056744337082,0.0466185063123703,0.07708606123924255
0.5302535891532898,0.30776625871658325,0.03762885555624962,0.03569464385509491,0.0886567011475563
0.6198197603225708,0.24134448170661926,0.023877762258052826,0.03372914344072342,0.0812288448214531
0.0004399151948746294,0.0016537988558411598,0.006883794441819191,0.9370454549789429,0.053977120667696
0.7291252613067627,0.13214543461799622,0.012558814138174057,0.04090660810470581,0.08526380360126495
0.6782913208007812,0.17325279116630554,0.018893353641033173,0.046042125672101974,0.08352041989564896
0.009759612381458282,0.0548984557390213,0.6645488739013672,0.21707002818584442,0.05372295156121254
0.01398337073624134,0.06505239754915237,0.40342485904693604,0.443464070558548,0.07407534122467041
0.47561919689178467,0.3390713334083557,0.06408963352441788,0.04106619209051132,0.080153688788414
0.006076395977288485,0.01384753081947565,0.06568270921707153,0.7297692894935608,0.1846241056919098
0.15956197679042816,0.6513238549232483,0.10331186652183533,0.025088457390666008,0.06071387976408005
0.05855581909418106,0.3447626531124115,0.43421822786331177,0.09072083979845047,0.07174250483512878
0.5824375748634338,0.2641924023628235,0.03433955833315849,0.04244682192802429,0.07658372074365616
0.2892036437988281,0.5235272645950317,0.07629356533288956,0.02602805569767952,0.08494753390550613
0.5494318008422852,0.2880096435546875,0.035752855241298676,0.03998567909002304,0.0868200808763504
0.012732381001114845,0.02179701440036297,0.019085593521595,0.2057233601808548,0.7406616806983948
0.011465729214251041,0.043065667152404785,0.3932233154773712,0.4759988784790039,0.0762464627623558
0.13589715957641602,0.5866421461105347,0.16302718222141266,0.03235562518239021,0.08207781612873077
0.7001359462738037,0.1597808301448822,0.01526358351111412,0.043155819177627563,0.08166387677192688
0.009053239598870277,0.0725879892706871,0.5321249961853027,0.30509477853775024,0.08113899827003479
0.3195182979106903,0.5233238935470581,0.060353320091962814,0.02810576558113098,0.06869868189096451
0.48190993070602417,0.36967402696609497,0.03278445452451706,0.040507979691028595,0.07512356340885162
0.0845954492688179,0.7548450231552124,0.09549606591463089,0.012060019187629223,0.05300344154238701
0.016787415370345116,0.16985370218753815,0.6141858696937561,0.1307273507118225,0.06844575703144073
0.03293628245592117,0.43296509981155396,0.43106362223625183,0.052128277719020844,0.05090681463479996
0.06861855089664459,0.6065788269042969,0.23311364650726318,0.03909526765346527,0.052593715488910675
0.6551885604858398,0.20308135449886322,0.017867717891931534,0.039926204830408096,0.08393610268831253
0.292581170797348,0.5373425483703613,0.07574658840894699,0.024394897744059563,0.06993474066257477
0.0006472878740169108,0.0011913299094885588,0.00023912143660709262,0.04267289489507675,0.9552493095397949
0.002771567553281784,0.0069827730767428875,0.04973470792174339,0.8020898103713989,0.13842110335826874
0.7813318967819214,0.10337945818901062,0.007892925292253494,0.029781043529510498,0.0776146799325943
0.5857037305831909,0.261740505695343,0.026837676763534546,0.044950224459171295,0.08076787739992142
0.4087531566619873,0.334387868642807,0.10632038861513138,0.061159636825323105,0.08937899023294449
0.055781252682209015,0.6509783864021301,0.21870726346969604,0.020566703751683235,0.053966280072927475
0.011421481147408485,0.20920534431934357,0.6614998579025269,0.06804408878087997,0.04982921853661537
0.4278382360935211,0.4137462079524994,0.04292431101202965,0.04128565266728401,0.07420562207698822
0.006271525751799345,0.047243356704711914,0.5446577668190002,0.356911838054657,0.044915445148944855
0.015998253598809242,0.15393561124801636,0.6464936137199402,0.11434429883956909,0.06922820955514908
0.022801075130701065,0.5060101747512817,0.3904182016849518,0.023412762209773064,0.057357851415872574
0.6526148319244385,0.22941681742668152,0.017172085121273994,0.030082056298851967,0.07071422785520554
0.583979070186615,0.26195672154426575,0.029495269060134888,0.03498314321041107,0.08958566933870316
0.31508344411849976,0.5117068290710449,0.06315497308969498,0.0425332635641098,0.06752149015665054
0.0075835250318050385,0.15419964492321014,0.7181293368339539,0.070424884557724,0.04966255649924278
0.5572450160980225,0.3034435510635376,0.024050703272223473,0.04012778028845787,0.07513295114040375
0.006157712545245886,0.016032831743359566,0.11054602265357971,0.7768948674201965,0.09036851674318314
0.09477892518043518,0.7102993130683899,0.11284081637859344,0.018927590921521187,0.06315329670906067
0.03483649343252182,0.7257640957832336,0.18291479349136353,0.01264516543596983,0.04383941739797592
0.004850734956562519,0.009727127850055695,0.16353216767311096,0.74837327003479,0.07351671904325485
0.046361733227968216,0.49378034472465515,0.3433229625225067,0.06076520308852196,0.05576983094215393
0.004221722017973661,0.004934648517519236,0.0407007597386837,0.7070155739784241,0.2431272566318512
0.01666228286921978,0.045148178935050964,0.12048041075468063,0.5852733254432678,0.23243571817874908
0.5354720950126648,0.2906133830547333,0.0405866913497448,0.0438668429851532,0.08946100622415543
0.6653407216072083,0.17458754777908325,0.02434031292796135,0.044830095022916794,0.09090133756399155
0.4647720158100128,0.36865290999412537,0.041397467255592346,0.027558298781514168,0.09761932492256165
0.0046954224817454815,0.0074693369679152966,0.2133137732744217,0.7253144383430481,0.04920705780386925
0.003919307608157396,0.02533765509724617,0.4014571011066437,0.5083132386207581,0.060972750186920166
0.6300230026245117,0.22585009038448334,0.02288166619837284,0.041641462594270706,0.07960379123687744
0.5333443284034729,0.2721553146839142,0.04544294625520706,0.0562882199883461,0.09276928007602692
0.6090184450149536,0.234532430768013,0.027806922793388367,0.037286803126335144,0.09135538339614868
0.16917306184768677,0.6576797962188721,0.07565099000930786,0.03179873526096344,0.06569740176200867
0.0022850267123430967,0.0031541381031274796,0.0020247928332537413,0.0771544873714447,0.9153815507888794
0.597904622554779,0.261450856924057,0.02058258093893528,0.04331916943192482,0.07674276828765869
0.637634813785553,0.21171875298023224,0.025510992854833603,0.04222997650504112,0.08290541917085648
0.007876945659518242,0.017304079607129097,0.05336315557360649,0.6747681498527527,0.24668775498867035
0.4763384163379669,0.3944515883922577,0.03512619808316231,0.0241805762052536,0.06990313529968262
0.011092971079051495,0.0312196034938097,0.10271149128675461,0.6268288493156433,0.22814707458019257
0.0014392104931175709,0.003310665488243103,0.0009568592649884522,0.10275907069444656,0.8915342688560486
0.5345507860183716,0.30850881338119507,0.03791777417063713,0.04398434981703758,0.07503826916217804
0.008270887657999992,0.023984134197235107,0.16603636741638184,0.6163127422332764,0.18539585173130035
0.13491834700107574,0.6941020488739014,0.07745828479528427,0.03058435395359993,0.0629369243979454
0.060394030064344406,0.6077887415885925,0.2336929738521576,0.04004966840147972,0.058074627071619034
0.23868444561958313,0.5919214487075806,0.08818423748016357,0.02183285914361477,0.05937699228525162
0.005128821823745966,0.041165854781866074,0.542776882648468,0.36720943450927734,0.04371897503733635
0.48878371715545654,0.35376787185668945,0.04103024676442146,0.03643904626369476,0.07997912913560867
0.006017968989908695,0.020315546542406082,0.23216013610363007,0.6718743443489075,0.06963197886943817
0.6096577048301697,0.24335582554340363,0.021594617515802383,0.04293132945895195,0.08246051520109177
0.6781176924705505,0.17993251979351044,0.019493242725729942,0.03356685861945152,0.08888965100049973
0.014043984934687614,0.10650382936000824,0.5956442356109619,0.21109241247177124,0.07271554321050644
