P_None,P_Low,P_Med,P_High,P_VeryHigh,RowId
0.9999035932508915,8.655526398066738e-05,5.5255234740691874e-06,4.192882111169009e-06,1.330795424474546e-07,1
0.004068325521101805,0.29225424914712667,0.6988150556465639,0.00483842347118159,2.3946214026050447e-05,2
0.999864723585987,0.00011992025538669248,1.2823629223353747e-05,2.065178282301172e-06,4.6735112049695423e-07,3
4.210919471331811e-05,0.0001266132971554326,0.11516180520063299,0.8846658668250846,3.605482413705676e-06,4
0.0333866323652706,0.8002219691413822,0.1661107830675231,0.00021016617996044533,7.04492458636094e-05,5
9.555437348901837e-05,0.010876284435409455,0.9831246594762462,0.005900736312946348,2.765401909063014e-06,6
0.007177108626256715,0.0443472786984174,0.9384371802861244,0.009791720497752896,0.0002467118914486097,7
0.00013670552036415122,0.03960436590684692,0.9509777323361523,0.009276886896125571,4.3093405110532424e-06,8
0.40862231080181105,0.5779237339795481,0.01249590503899952,0.00037821505018818363,0.0005798351294531458,9
0.0003310337252595748,0.018685783826497993,0.9755202282675406,0.005452802407800239,1.0151772901502927e-05,10
0.9714400878814162,0.02835354676067442,0.00014747587122096293,5.588186449538033e-05,3.0076221928855334e-06,11
0.9998128384845112,0.00014977594514859835,2.6675816418206858e-05,1.0350490481688888e-05,3.592634403378748e-07,12
0.0001218876223746642,0.0033179696918576077,0.9600367606257274,0.03650363917934588,1.9742880694533632e-05,13
5.420199713772404e-05,0.00013596624483891762,0.06036073031472179,0.9394466763738325,2.425069469082158e-06,14
0.00048793751864815803,0.0012313401984308408,0.322469099768644,0.675776799575248,3.48229390288764e-05,15
4.029951195356841e-05,0.00012179751114155694,0.03958352076666048,0.9599567493399153,0.00029763287032919943,16
0.8951505752911613,0.10412835825871265,0.0006258250487097992,7.766732962283273e-05,1.757407179339009e-05,17
4.952140173743976e-05,0.0001802361293881906,0.07111982527077336,0.928581723672548,6.869352555303898e-05,18
0.0031430679167556695,0.35335471938021573,0.6415687868737081,0.0019192193820225293,1.4206447297815116e-05,19
0.9591655123486771,0.03991280129484502,0.0008108202140814813,7.923605322077471e-05,3.163008917572993e-05,20
0.9994353428746839,0.0005389790331893076,2.2122458350916933e-05,2.875343736875304e-06,6.802900388883298e-07,21
0.5681581408774231,0.42815748136074827,0.0036146996647025685,6.070400437998072e-05,8.974092745939966e-06,22
0.01349919092704833,0.6016633849265256,0.38392272323115517,0.0008268546377356194,8.784627753521818e-05,23
0.9996930325521186,0.0002949244293252215,1.0474583104903899e-05,1.5254175896349304e-06,4.301786156046919e-08,24
6.738843381872522e-05,0.005806563211338623,0.980215222806707,0.013908006198735515,2.8193494002868857e-06,25
0.00045598741131214264,0.007403674035694664,0.9632950980143749,0.028760481216576223,8.475932204210856e-05,26
2.2531734782546614e-05,8.60800803603988e-05,0.13579722430454327,0.864072570804715,2.159307559872612e-05,27
0.9997267495176496,0.0002620972613164746,8.654435479909996e-06,1.412488475911512e-06,1.0862970780809046e-06,28
0.9998911928503176,9.8778987664732e-05,9.16237873185676e-06,7.221450992573968e-07,1.4363818648267221e-07,29
0.0001673345843729015,0.0003137194077183523,0.00566833558816799,0.9927959458241238,0.0010546645956168513,30
0.6824869781984407,0.31087858191123413,0.005920782925603507,0.0005867176408998143,0.00012693932382179716,31
0.03142235339307854,0.6613669371511536,0.3062773851189239,0.000924136614029865,9.187722814088567e-06,32
5.312788918004967e-05,0.0002246169476105071,0.0014487776342298469,0.08841166880856803,0.9098618087204116,33
0.0016929928936326329,0.21741471755289368,0.776679004089983,0.004205081215955066,8.204247535555518e-06,34
0.5470882987280756,0.30256661072648977,0.14912578643375946,0.001116709819908987,0.0001025942917661514,35
0.21002434840366888,0.7705908070623766,0.01886320165433191,0.0005182000220929663,3.4428575296577652e-06,36
0.0007265674297205125,0.1756163074851735,0.8044146631221633,0.019226855050742783,1.5606912199926102e-05,37
1.9072976740406105e-05,2.561221986364871e-05,0.039358297336966594,0.9605891494154744,7.868050954937969e-06,38
6.664447411309395e-05,0.00017065432839626654,0.21738681647086627,0.7823339467417803,4.193798484411522e-05,39
0.9997817179631763,0.00019828034801447732,1.5501247783174437e-05,3.310330189906913e-06,1.1901108361105625e-06,40
0.8717792709481141,0.1269091301897602,0.0012371866164264135,5.174359601593586e-05,2.2668649683334187e-05,41
0.9998668567242597,0.00012432933358991452,7.629789458667012e-06,1.0209790056001072e-06,1.6317368611662326e-07,42
8.215325040381534e-05,0.0002658487917929245,0.42811528954263756,0.5715073345610294,2.937385413629961e-05,43
2.1133250716604886e-05,5.0008166604373004e-05,0.0007121878712187526,0.3747925918751201,0.6244240788363402,44
2.540990220066569e-05,0.00010066000870973476,0.01794254730675791,0.97949763193627,0.002433750846061655,45
0.0050249117599654725,0.660034830889143,0.33061803427401193,0.004304563343949851,1.7659732929777238e-05,46
0.00027728589701797785,0.30919354602811944,0.6896832922371885,0.0008443203375109729,1.5555001630279644e-06,47
0.5986357955989886,0.36515418202966754,0.03583974406293625,0.00034089322263806797,2.938508576954802e-05,48
0.0010060871064864782,0.5146426037641965,0.48321667734221024,0.001129687283139161,4.944503967516872e-06,49
0.3163142966319631,0.6803186101267008,0.0032437138334544284,0.00011410628042346884,9.273127458239151e-06,50
0.0013942449486446743,0.12031006091487631,0.7812877156679129,0.09698240178472899,2.5576683837177904e-05,51
0.00010079731016669807,0.01084235255803974,0.9878446051491565,0.0012114221579292458,8.228247078112652e-07,52
0.0003518073955481492,0.000744546369502873,0.44468743355601453,0.5540010790171117,0.00021513366182261128,53
0.00012156629662409017,0.0010144430274431928,0.8130309505513555,0.1857862905892782,4.674953529904913e-05,54
0.9432821255264402,0.056169790993693035,0.0005122039862683431,3.095180760190619e-05,4.927685996515174e-06,55
7.034581862636413e-05,0.00015447034691700785,0.04096534144998154,0.8017701244860934,0.15703971789838184,56
2.2397346884426486e-05,1.9044167949647746e-05,0.002848575950531701,0.012588155299345167,0.9845218272352891,57
4.594876479685189e-05,7.838555500887411e-05,0.006734865550835141,0.9930075205878609,0.0001332795414982283,58
0.00021785648907661037,0.00046587891590411923,0.005480367878655729,0.9423511264646042,0.051484770251759314,59
0.9999140381478338,6.150016890611245e-05,2.177698193340613e-05,1.9391900805553267e-06,7.455112461974252e-07,60
0.9858070132836136,0.014049388033327198,0.00011610027325259986,2.3522768811000586e-05,3.975640995677545e-06,61
0.021868355976138225,0.9557565261470214,0.021464950001462993,0.0006408904186413578,0.000269277456735986,62
0.43966096009033323,0.5561552997453546,0.003856464648554477,0.00031996388141182887,7.311634345782705e-06,63
0.7480512208798394,0.1599327256689535,0.08825437066547971,0.0037548694995470167,6.813286180270704e-06,64
1.143756550972228e-05,3.612877540917996e-05,0.0004647652223709733,0.04336095543556669,0.9561267130011434,65
0.9998409606991012,0.00014681409881324258,1.1051142136281069e-05,9.470753217993843e-07,2.2698462757401468e-07,66
0.0001750758263656084,0.00039700248469110315,0.005991344221210625,0.9924391723183487,0.0009974051493841104,67
0.0023193449903960157,0.8712464380856906,0.12620972076375994,0.00022273762215631676,1.758537997058766e-06,68
2.2333180560581675e-05,8.18421636692327e-05,0.042986433173658294,0.9568628557261285,4.6535755983471245e-05,69
0.00025022310361092154,0.0007622223433418474,0.013725255176849041,0.9835928649698902,0.0016694344063080588,70
0.9998690529175163,0.0001196679156472376,9.451321454680658e-06,1.5163084689497897e-06,3.115369130070209e-07,71
0.0002486560073947541,0.002657013069795405,0.9526238684044117,0.04446786989876834,2.592619629760872e-06,72
0.00026925528966062885,0.024055237712959098,0.9733919753629227,0.0022591151607451896,2.441647371245118e-05,73
0.0005679493457367217,0.18807578974895994,0.8108212712650573,0.0005327451437117308,2.2444965343242122e-06,74
4.19005951848398e-05,0.00029526439147614094,0.0033597919733509294,0.9577706658699219,0.03853237717006634,75
4.388365689131827e-05,5.576698768814028e-05,0.011839850366828487,0.9801511779146509,0.00790932107394136,76
0.7288426159350851,0.26073843257096235,0.01009153601376397,0.00029763890757024717,2.9776572618349605e-05,77
0.9936583320316238,0.006286074974038507,4.9558457290538066e-05,5.249811810290792e-06,7.847252367645875e-07,78
5.501146410221132e-05,0.00011285167600180857,0.26621508093916985,0.7336126723090692,4.383611657000848e-06,79
7.362889220177701e-05,0.00023339242080292998,0.09645577118233337,0.9032111035294592,2.610397520269198e-05,80
0.0070320210328309995,0.8457331033257212,0.14621032124336195,0.0010150821293435912,9.472268742165791e-06,81
0.0007912959767145313,0.5036581354884633,0.4951387942834301,0.00041037522668966215,1.399024702459312e-06,82
4.4383577236185237e-07,7.486663566985403e-07,1.2502403585920154e-05,0.00015973987870899177,0.999826565215576,83
0.9999068223432002,7.77577084078545e-05,1.4401496498182072e-05,9.610694559028533e-07,5.7382438038326644e-08,84
0.9998309233449539,0.00014704133818728673,1.8301633122021603e-05,2.500105201523732e-06,1.2335785350831455e-06,85
0.004932933839700997,0.5928037081364486,0.40062386990914833,0.0016350843541979472,4.40376050416429e-06,86
0.9940476074038216,0.005928920327930634,1.9401828548291384e-05,3.741239932519761e-06,3.291997668774998e-07,87
6.183571773788659e-05,0.00011904670862742956,0.7237538038959579,0.27606337766356137,1.936014115371104e-06,88
0.9732326645308463,0.026667899876110696,7.077575916052534e-05,2.3127153789954025e-05,5.532680092398678e-06,89
0.00016331632061699036,0.0005415234757995639,0.21014909324630132,0.7646350042810239,0.024511062676258237,90
0.00016917608002507776,0.0005962845009915756,0.6761877400133646,0.3230184252170565,2.8374188562310083e-05,91
0.9998351093787369,0.00014345100952065285,1.969456601247566e-05,1.380330468672392e-06,3.6471526135951743e-07,92
0.9997744092964236,0.0001822800990280629,3.875490284728196e-05,4.341214009647112e-06,2.1448769137806492e-07,93
6.417470100272413e-05,0.0002628328969846511,0.054977203614798284,0.9446812988018941,1.448998532027691e-05,94
0.00015787139070939213,0.0007646001529824593,0.9724367603329863,0.026636667511016277,4.100612305417545e-06,95
0.99980842047027,0.0001819636074456297,6.876390157049926e-06,2.0252451156060965e-06,7.142870117465795e-07,96
2.993187730346927e-05,3.627079071440821e-05,0.005423886598514939,0.4207925817812829,0.5737173289521842,97
0.9984438167618297,0.001515401986426078,3.59904522467019e-05,4.363281434092349e-06,4.275180633827102e-07,98
0.9984898550565624,0.0014921722993180755,1.4863928149369739e-05,2.8272197034151463e-06,2.814962667039324e-07,99
5.383457164109718e-06,8.00629171981027e-06,0.0009597062340083496,0.00886494748298131,0.9901619565341264,100
0.0002978556561871991,0.0005057815950653575,0.5229071387459091,0.4762731170959554,1.610690688294365e-05,101
0.001018564018973083,0.39624445692493,0.6000022640056383,0.0027319852690742726,2.7297813844615376e-06,102
0.9717646400885108,0.02803697358144245,0.00017919025109015943,1.6109318056037017e-05,3.0867609004209464e-06,103
0.9998520612593911,0.00012726638338576634,1.784528173773263e-05,2.452689469676569e-06,3.7438601557584243e-07,104
3.979223853822555e-05,9.233394383940244e-05,0.16614687652682741,0.8337090936899957,1.1903600799213857e-05,105
0.0007469894031723736,0.5468059962411239,0.4512927367357989,0.0011523500241502065,1.927595754721125e-06,106
3.2869770110142227e-06,5.17971262213386e-06,5.4525684899587765e-05,0.00717338581831483,0.9927636218071523,107
0.00011485136401802349,0.0001498092782004522,0.19077195344983952,0.8088228857947899,0.00014050011315209205,108
0.030370885925202085,0.8503200691430362,0.1188480811575354,0.0004563074506517109,4.656323574654579e-06,109
0.9989918962326598,0.0009896116439301022,1.564327186746717e-05,2.5028309378937077e-06,3.4602060469093366e-07,110
0.06220115668677005,0.8846923336980733,0.05241671856840211,0.0006779136500807319,1.1877396673598914e-05,111
0.9986067681038211,0.0007109456508936291,0.0005318984450534655,0.00013750027383505254,1.2887526396807473e-05,112
0.00015594736167995332,0.0003744211573857596,0.02988174343948851,0.8232658969531551,0.14632199108829066,113
0.000936357600556734,0.0008544259015080185,0.21805068867260768,0.7800367184626043,0.00012180936272326779,114
0.9996456626719153,0.0003436822638113393,8.206284967390341e-06,2.2441007008912445e-06,2.046786050834847e-07,115
0.06245958507041423,0.8190706267223653,0.11807621839545542,0.0003877917530122236,5.778058752774675e-06,116
0.00012624730854388346,0.0646690689712508,0.9339768763081265,0.0012261227697676757,1.684642311143258e-06,117
0.9996378516586152,0.00035016693143900536,8.783605127862497e-06,2.27374939361216e-06,9.240554244762942e-07,118
0.6379854444963445,0.36082215370273263,0.001177346880027854,1.28798342993343e-05,2.17508659563271e-06,119
2.173193211659067e-05,9.76968775866397e-05,0.000524062566990245,0.07914609282770604,0.9202104157956004,120
0.9995607478163626,0.00030454440868981383,0.00012363005305106585,1.0274905990013922e-05,8.028159065081374e-07,121
0.9995644890870267,0.00039840286672186036,3.283539528989968e-05,3.794255582646453e-06,4.783953788276674e-07,122
0.00048592201284119644,0.0025373008307511104,0.9743031249764996,0.022660560074652013,1.3092105256027025e-05,123
0.13450463542755736,0.7477888753988214,0.11356994745446977,0.004086583266888943,4.995845226239288e-05,124
6.778633779700524e-05,0.00013030127625581248,0.5757282958394373,0.4240715237532541,2.0927932557991407e-06,125
0.00023033267119497116,0.0005364384544368758,0.16029821454623888,0.8142090520047539,0.02472596232337538,126
0.040746530246137766,0.9243903326036351,0.03444685385674212,0.000404059229190564,1.2224064294535846e-05,127
3.9886976884341964e-05,8.81429484032456e-05,0.019492370107029165,0.9720533714506218,0.008326228517061334,128
0.00019461267325589294,0.008127254059102158,0.9837837162007915,0.00788829920073916,6.117866111384558e-06,129
0.8257310791078598,0.1722912718263847,0.0018449845226321145,6.76884374887674e-05,6.497610563463917e-05,130
0.0004936759174128243,0.005946659646148261,0.2078007844240152,0.7841024365624512,0.0016564434499726495,131
0.3294623690825699,0.4342563203695219,0.23157510871505985,0.004551466136611499,0.00015473569623678283,132
0.0001551169878327702,0.009366847645073945,0.9693203372957735,0.02114487441824218,1.2823653077667457e-05,133
0.0009709535319303113,0.006191502489118707,0.7937105140549324,0.19907248634279887,5.4543581219699115e-05,134
1.0900018475273981e-05,3.384384173524366e-06,0.00010323884881669022,0.0011194422121335599,0.998763034536401,135
8.759856180670612e-05,0.006289924569856891,0.9927635630224876,0.0008581107580427957,8.030878061450502e-07,136
0.20736318773300214,0.7623702516855079,0.029841229735176767,0.00040770243675777065,1.7628409555418816e-05,137
3.484517701201697e-05,0.0009100699341466238,0.665816160929948,0.3332281612806195,1.0762678273912552e-05,138
0.00013970208167076115,0.00020615609933013015,0.02525467366303863,0.3723659658012925,0.6020335023546679,139
0.4187573374450652,0.5661227500152312,0.014819234774886161,0.0002910319394070006,9.645825410435932e-06,140
0.8254078582836515,0.17141161052737008,0.0030575863198690914,9.247679994380377e-05,3.046806916546722e-05,141
0.0001305498050696916,0.0004426921564776541,0.019948172285030107,0.9400653614675495,0.03941322428587319,142
0.00010606391755156713,0.0004196714723431602,0.008202911682860076,0.9899528888184381,0.001318464108807038,143
0.00012053141089340908,0.0005765189928054721,0.36799807740924184,0.6310881079818268,0.0002167642052326107,144
0.024447331291768754,0.9145128750395461,0.06080818136046671,0.000228661162668878,2.951145549464961e-06,145
9.480856939749541e-05,0.015046755352980268,0.983392048315349,0.0014645935264356587,1.7942358376550707e-06,146
0.0006878732090231963,0.0021151576660320944,0.8414687222327636,0.14625956360927622,0.009468683282905102,147
0.00024737162294523557,0.0006039675769886405,0.531141900105842,0.4677050654514917,0.0003016952427325252,148
0.000101905605815659,0.0004391359680640923,0.18502976103068086,0.8101214640748517,0.00430773332058766,149
0.9986609047956794,0.0011635301261690083,0.000163558168988081,7.81295670244119e-06,4.193952461178507e-06,150
0.00015872811863002146,0.0010497570942130988,0.07370788105740726,0.8985336854367592,0.026549948292990334,151
0.9997800730635404,0.0002085857779054309,9.275577996018696e-06,1.5645471791279705e-06,5.010333790813435e-07,152
0.4795615858621664,0.5170566902714554,0.0033458406534819193,3.189663127332738e-05,3.986581622841335e-06,153
0.000339464894630706,0.0004626050466842017,0.14473314565364104,0.8543953424215095,6.944198353468383e-05,154
7.129119700376526e-07,1.8390004913301047e-06,1.4620762186486826e-05,0.0001435809007705404,0.9998392464245818,155
0.03653376012906574,0.883208419176561,0.08010133719599685,0.00015174315650326098,4.7403418733502455e-06,156
4.927600030989574e-05,0.0001764598232788242,0.4605887723498666,0.539176521634582,8.970191962738523e-06,157
1.7953804403115446e-05,2.384776454143526e-05,0.00447639056507446,0.21584100254223798,0.779640805323743,158
4.740404944654084e-05,0.0009297537940293262,0.9887849894797662,0.010234901072349463,2.951604408397082e-06,159
0.018846419431775483,0.8385204776507356,0.13978384431425947,0.0028291996589714175,2.005894425809757e-05,160
7.566048421361823e-05,0.00024313579879889965,0.098717252494022,0.9009266999761364,3.725124682916911e-05,161
7.039414957824344e-05,0.00015529059802596576,0.02947415443601687,0.9135058465641016,0.05679431425227728,162
0.9998245786016744,0.00016837741151097112,5.839017758175442e-06,1.0875011962533444e-06,1.1746786017406172e-07,163
0.05060613635786747,0.8944268442958669,0.05476784219993621,0.00019031883314372128,8.858313185451657e-06,164
0.0004882652293600501,0.0016763453825153255,0.7212912651430485,0.27653330294718537,1.0821297890914402e-05,165
0.025640668122989957,0.2714311318673611,0.7025034483265236,0.00021727814702502605,0.00020747353610026976,166
0.0004904045261642147,0.0008858432087224998,0.32598365242100447,0.6719167143840582,0.0007233854600506203,167
0.24685230954858337,0.6972448428529855,0.05566957090575099,0.00022331806014296092,9.958632537016646e-06,168
0.00078400336822254,0.37998023362110034,0.6186991410478505,0.0005321008146198754,4.521148206856199e-06,169
0.9990051037734446,0.0009055837170542713,7.480080585119217e-05,8.084346325085406e-06,6.427357324704871e-06,170
0.9998868190978183,9.922846865379892e-05,1.1978180191527218e-05,1.4327437725308614e-06,5.415095640017326e-07,171
0.00016471614969211146,0.0025506612097626604,0.958120424386218,0.03914806688950425,1.613136482299477e-05,172
0.9996979939631674,0.00029055593351227905,9.877045081210162e-06,1.438812748551435e-06,1.3424549061228242e-07,173
0.5273878294117818,0.41793024358682757,0.05394462411056187,0.0006877558048741377,4.954708595468557e-05,174
0.0011252518365846365,0.0743545892820093,0.9216052547450871,0.0028961662640156474,1.8737872303216158e-05,175
0.9993530104851853,0.0006248035434977709,1.9952929983177714e-05,1.9534399687703815e-06,2.7960136500186185e-07,176
0.0036772697511710853,0.7909246771991377,0.20520908754968392,0.0001854858133118449,3.4796866954407396e-06,177
0.00035026690950280945,0.018698744247280116,0.9808055502126297,0.00012611158592027374,1.9327044667068153e-05,178
0.000408990981141748,0.004818342522635628,0.7422333170369406,0.2524950074779335,4.4341981348417026e-05,179
0.1950102406900071,0.7929415495900012,0.011953942133178432,9.047301411322375e-05,3.794572700175245e-06,180
8.754831570790538e-05,0.00012856769150737307,0.07018232366332625,0.9294297708931252,0.00017178943633332184,181
0.00026056914547201946,0.0003154346504470829,0.022722895099867458,0.9679284523872236,0.008772648716989922,182
0.09544525354148514,0.8760749336157995,0.028327685606759932,0.0001364357570466287,1.5691478908902917e-05,183
0.0001090345631585059,0.0004561389321338908,0.004058181848020714,0.2714247296509218,0.7239519150057652,184
0.9766995255873292,0.02212686425915513,0.0010709208912960953,9.918405251467442e-05,3.5052097049465233e-06,185
0.05216210804257522,0.8687871915339619,0.07805624575411499,0.0009674761847388108,2.697848460925142e-05,186
7.307779703857553e-05,0.0008825260904557717,0.9838520635694191,0.015190458165791338,1.8743772952015448e-06,187
1.203567828917158e-05,4.740917332369299e-05,0.010775164191437227,0.9888259264893611,0.00033946446758896374,188
0.00018094613556340908,0.00046360793498259015,0.10880410019970026,0.8479056118828151,0.042645733846938684,189
0.6542436091949064,0.3330364517367932,0.012518110501971016,0.00010688962241510718,9.493894391422459e-05,190
0.999585976425496,0.00036608892916069953,4.282570098248694e-05,3.89121227112857e-06,1.217732089891506e-06,191
0.12875482159433474,0.812513625135973,0.058513688696173585,0.000211055823783206,6.80874973550406e-06,192
7.468544485831953e-05,0.0001659448144500937,0.0057577903741625105,0.2092589304404951,0.784742648926034,193
0.0007363147481779793,0.0007093587386579564,0.9674829697545613,0.031064864275791276,6.492482811391327e-06,194
0.9996242033426844,0.00033939551726175474,3.142822567260168e-05,2.8948802233445035e-06,2.0780341577915497e-06,195
0.05136722223893333,0.5900105909881104,0.35805732133509205,0.0004159939864959001,0.00014887145136836913,196
0.00021799223632184496,0.0004858680618225114,0.03635268809185886,0.900424103462991,0.06251934814700573,197
5.8027509073867024e-05,0.00035236147740869237,0.6715372854101052,0.3278191838010813,0.00023314180233091047,198
0.028208891628639238,0.9312049822570667,0.03925489390890714,0.0013016405689963953,2.9591636390425734e-05,199
3.461866318016099e-05,0.000141748934461951,0.003873893877801328,0.36660690287669684,0.6293428356478598,200
0.4030131791208317,0.5443480677778129,0.051679898504327505,0.0008438838697652267,0.00011497072726281577,201
0.889442681477437,0.10586231808482507,0.004321738179351071,0.00028550605721842237,8.775620116842078e-05,202
0.00021972495568867685,0.0020977625614590715,0.967075950289163,0.03060067596412578,5.88622956341777e-06,203
0.08369336942118215,0.42532779224224965,0.4907614827030077,0.0002070908651704832,1.0264768389993384e-05,204
0.0003665574775264299,0.6885261339166229,0.3105653622190886,0.0005386212049543871,3.325181807611798e-06,205
0.959702290693016,0.0398472167695723,0.0004425299994823882,6.666001194541902e-06,1.2965367348334273e-06,206
0.00012334937362137185,0.0005306655168545059,0.016080774420866,0.982976527709394,0.0002886829792639869,207
0.5321942589657727,0.4591168061612504,0.008572846171384717,0.00011352088323980124,2.5678183523467044e-06,208
0.00038803696524555,0.13516208446553363,0.8590700561246593,0.0053771465527109085,2.6758918505501195e-06,209
0.9860532676347079,0.013827298741510851,0.00010819748591959266,1.0026916847899622e-05,1.2092210137166798e-06,210
0.9998241116721193,0.00016797507311380034,5.634610306147671e-06,1.8759305780720847e-06,4.0271388263973914e-07,211
0.9862203720418377,0.013651216420618081,0.00011427274063205309,1.1421774971992537e-05,2.7170219402013583e-06,212
0.00013807542745266897,0.0002776119933673426,0.019098726872332245,0.9024914029258124,0.07799418278103527,213
0.23680463827857282,0.5873138265214893,0.17402046441674882,0.0012962078781007208,0.0005648629050883214,214
0.000570516317411404,0.09242488402394236,0.8966227506130954,0.010377419763208417,4.429282342353991e-06,215
0.9994754460703416,0.00035867861325696113,0.0001615816881196072,2.3610688116406193e-06,1.9325594701948393e-06,216
0.0012493915624407531,0.673759711784361,0.3244910573587081,0.0004939353194816528,5.90397500856053e-06,217
0.00021721722340284567,0.0003357510983377492,0.041869939054079264,0.9278039394149828,0.029773153209197357,218
9.836919344994844e-05,0.0004370464770375242,0.012772307410773037,0.9284229070839217,0.05826936983481775,219
0.9995540643502153,0.00041080756331609273,2.8511529252639996e-05,4.157796240427714e-06,2.4587609756514353e-06,220
0.004521276773370557,0.8802695912672389,0.11493464504826086,0.00027200338119890875,2.483529930705851e-06,221
0.9997689056942936,0.00021794378640270382,1.0287271857378069e-05,1.6888159920649808e-06,1.174431454280594e-06,222
0.00017094020605903899,0.0004118764991521446,0.917749528548903,0.08166508017631416,2.5745695714580552e-06,223
9.802581674738884e-07,2.2909369758601505e-06,1.392790283683239e-05,0.0003576277870272015,0.9996251731149925,224
0.00013096643266441988,0.0002517176294905996,0.0462946452295035,0.9441590698213247,0.009163600887016742,225
0.9998623740709378,0.00012900669575607046,7.71920251484568e-06,7.596001185319563e-07,1.4043067260251817e-07,226
0.8748439514944764,0.12389502605978078,0.001246830991951182,1.3819793319237507e-05,3.716604723827047e-07,227
0.00019039019957059984,0.0006440800397471301,0.27580731045403334,0.7232898433438035,6.837596284542119e-05,228
0.02572079028041414,0.7945786330974454,0.15920995832243573,0.02043425069348125,5.636760622349626e-05,229
1.3542028797722425e-06,3.9937835296044195e-07,2.0097539449885255e-05,8.644365099853501e-05,0.9998917052283188,230
0.7962481988616854,0.20234711668108224,0.0011569330962125722,0.00011246332479963265,0.00013528803622012711,231
3.996631272146801e-05,7.20497510606927e-05,0.0021182603082656273,0.18944121195932748,0.8083285116686248,232
0.9994818774409001,0.00033665102069827294,0.00016141498301185515,1.5658604143303494e-05,4.3979512465771314e-06,233
0.02021524948652236,0.6307871712622111,0.3486921924553762,0.00030118622361531675,4.2005722750556284e-06,234
0.34038840919245106,0.5436572863160926,0.11321776765219142,0.0022748975285912356,0.00046163931067368243,235
0.004067880295147668,0.9551580286989523,0.038663106049880006,0.0021086400053354657,2.3449506845941206e-06,236
0.9994822827965205,0.0004492879181351439,6.146384353064894e-05,5.687175978481119e-06,1.27826583518541e-06,237
0.0008632132793696191,0.001163436077570796,0.4998688387711326,0.49791257544556766,0.0001919364263594866,238
0.00012774933040133463,0.00029314197909885377,0.7536376854924621,0.2459208452183253,2.0577979712359897e-05,239
0.8925084208677208,0.10633158314279348,0.0010993174704265192,5.909653765943804e-05,1.5819813997433299e-06,240
0.6173448730177812,0.3737460043941264,0.008690671257370048,0.00019935811742097972,1.90932133013524e-05,241
0.9997351313525982,0.00021357215671067876,3.543760961787682e-05,1.5129625599593642e-05,7.292554737317885e-07,242
8.808699122747472e-05,0.0031022638665380003,0.9468952694795437,0.04991188352748077,2.4961352099909987e-06,243
0.010646921548776745,0.11312847050173765,0.857796356003937,0.018325022887082456,0.00010322905846621083,244
0.006938901618419419,0.7242866136063786,0.2673118424935067,0.00145344326541297,9.199016282140896e-06,245
0.00012527401473931874,0.0008972825880386923,0.033817651632280586,0.7849177911602667,0.18024200060467455,246
0.944539030630825,0.055154154123625655,0.00024340369770987105,3.9941171741060354e-05,2.3470376098434403e-05,247
0.9323089208759179,0.06753248178147073,0.00012098717166284531,1.9463965969346673e-05,1.8146204979145415e-05,248
7.638767339236743e-05,0.0004985018426017035,0.8901281396350814,0.10927915951818672,1.7811330737702985e-05,249
0.0001716533858589723,0.0008234157193944984,0.7740693277195938,0.2249024795007286,3.3123674424159004e-05,250
0.9994252315844079,0.0005309606283703862,3.701061459389051e-05,3.2350580675783246e-06,3.5621145602860096e-06,251
0.000717173281210002,0.0065694279124715454,0.9921567996393964,0.00047714436543993345,7.945480148211845e-05,252
0.000903554516402064,0.8244758973453914,0.17236598739749462,0.0022531407525171855,1.4199881947603445e-06,253
0.00278347025305885,0.763481202528596,0.23345928572167535,0.00027473050675448586,1.310989915441231e-06,254
4.9329819980020395e-05,0.00012811235007090493,0.03907585737303419,0.9606515359847905,9.516447212438384e-05,255
0.00018584751401343153,0.00033572668391390105,0.06377307608073007,0.9343575053813946,0.0013478443399479862,256
0.988013684490968,0.011836234101984113,0.00012932607026127022,1.3476368640614043e-05,7.278968146132656e-06,257
0.1864912391460864,0.7820534941853772,0.031141462054197867,0.0001984008172519973,0.00011540379708642237,258
0.5365627502111432,0.37731919433622674,0.0855303365201725,0.0005321926893061886,5.552624315141527e-05,259
0.0713482969813238,0.9252601488167251,0.0033294191355415412,5.9949898022212424e-05,2.185168387251342e-06,260
0.12978751046281636,0.5162995218157416,0.35317227230762355,0.0006332820630935165,0.00010741335072491766,261
0.9983032507496968,0.001687059347507577,8.309866544217493e-06,1.0625178488935e-06,3.175184024630194e-07,262
0.967265964333665,0.03169148129252529,0.0009443309655640832,9.706872808981489e-05,1.1546801559173712e-06,263
0.000281202607024327,0.030550197338572928,0.9549381929220001,0.01419305114746058,3.73559849421755e-05,264
0.1762071925252441,0.8048913303993626,0.01880005399985868,8.756000726216329e-05,1.3863068272492363e-05,265
0.0005215808513592938,0.516927412490447,0.4821620673204633,0.00038680169243468857,2.137645295645012e-06,266
0.00032901717419699073,0.0006290740156805284,0.5305955394469779,0.46831633160163844,0.00013003776150638071,267
0.00021327779591288586,0.0016686979668615054,0.917399521721643,0.08071201789893113,6.484616651525636e-06,268
0.16190423268717052,0.8282446785926332,0.00978002686552251,5.4056423920205755e-05,1.700543075355198e-05,269
0.05045966876289572,0.5297169436208755,0.4174170255313374,0.0023462096157399006,6.015246915152013e-05,270
0.06577264798138234,0.5282261899367583,0.3920870579034866,0.013775249978959578,0.00013885419941329279,271
0.9984335636908046,0.0013050824519693644,0.0002463448287180511,1.3861573550855879e-05,1.1474549571750792e-06,272
0.00030025285688698567,0.14013418759689594,0.85579877348604,0.0037395555684575817,2.7230491719383105e-05,273
0.024404487502727848,0.8970088693546467,0.07665080750668787,0.001906243199425841,2.959243651187182e-05,274
0.1837067536300489,0.8086778664620218,0.00753943322414425,7.486540816421442e-05,1.0812756209757944e-06,275
0.06020850941276159,0.9216075521368751,0.017063218066563742,0.0011157547855669596,4.965598232573343e-06,276
0.00014040742815061926,0.002606199679892324,0.8847323151891746,0.1125149110576199,6.1666451623079715e-06,277
0.00034149927760650836,0.00035201256848813565,0.006153788674753283,0.9923559727063533,0.0007967267727987034,278
0.9998753350146465,0.00011258414939488448,9.8130316902881e-06,1.881600377697685e-06,3.862038906498269e-07,279
0.9998286914545934,0.000153867723739349,1.5105992523326708e-05,1.6522433600329513e-06,6.825857838260409e-07,280
0.0005064269472078638,0.0020288477443580243,0.24497289217202844,0.5862135758139313,0.1662782573224743,281
0.99985226081389,0.00012498911302731601,1.9736717357014714e-05,2.257389690933908e-06,7.559660346528507e-07,282
0.999286471023477,0.000609055087459028,8.802302554595772e-05,1.4211998648267481e-05,2.2388648697313166e-06,283
0.20585863229764909,0.759975195136582,0.033971825909040895,0.00017685358539077306,1.7493071337283127e-05,284
0.7239923754325266,0.2724168336039421,0.003121732710041147,0.0003191505478579119,0.00014990770563215304,285
9.94396982148517e-05,0.05099511349869523,0.94752118911229,0.0013807964087105176,3.461282089404837e-06,286
0.00015252520423620478,0.0003843730070484996,0.7279916545322113,0.27142200282928625,4.944442721781608e-05,287
0.9531944456474651,0.046488381760237805,0.00028642868266887453,1.952877293986913e-05,1.1215136688546793e-05,288
0.00016942948019817175,0.0023117061626817216,0.8796367999352445,0.11785943965782972,2.2624764046028762e-05,289
1.6615491074267153e-06,5.924166035715438e-06,6.839584665748488e-05,0.007720705955393819,0.9922033124828055,290
0.9966351895517864,0.0011424006291379583,0.0021793991955978732,3.734444031101822e-05,5.666183166637184e-06,291
0.5463400331621358,0.42838316644620666,0.025057883518049932,0.00012551675905689375,9.340011455066635e-05,292
0.0026177532781134698,0.8287764657399042,0.16845963623081575,0.00014437502841725092,1.769722749337466e-06,293
4.0116570371969165e-05,0.00029430247947373814,0.013285275692714354,0.5075781605570455,0.47880214470039445,294
0.9995170157103231,0.00045298381550577273,2.5041400921556946e-05,2.4781785689128923e-06,2.480894680492064e-06,295
0.00033572452584788187,0.0005957805215456464,0.6350874651764007,0.36397507407273577,5.955703469986201e-06,296
0.10799594300236004,0.8745411126052612,0.01731681365378379,0.00014409845727224454,2.0322813225434286e-06,297
0.0003613386375753316,0.03383359775057213,0.9502340583967323,0.015537628558402794,3.337665671738767e-05,298
0.9777711168100545,0.022017470364703865,0.00015693543272276054,4.455059768284114e-05,9.92679483603558e-06,299
0.9998503327211935,0.00014085210461556975,7.126605172179688e-06,1.3345462311315965e-06,3.5402278772947297e-07,300
0.9995829440745639,0.0003894738286544048,2.2673156573908716e-05,3.089388520754981e-06,1.819551687146652e-06,301
0.9964657034681977,0.003463922928609528,5.6578556130634056e-05,1.2554927318399732e-05,1.240119743756057e-06,302
0.7080171347644552,0.2897379869222948,0.002202344470288037,3.543320807996493e-05,7.100634882106996e-06,303
0.002522707430923042,0.9102805653328401,0.08708894515107804,0.00010586097615452434,1.9211090043881014e-06,304
0.9003426176479155,0.09826827340021078,0.0013753352982106312,1.3365335276765642e-05,4.0831838630597293e-07,305
0.00048141938007524056,0.04719922523486714,0.8753500315105249,0.07692444229858544,4.48815759473149e-05,306
0.0007100031743036308,0.16278904671229677,0.8363535748114928,0.0001455275483891613,1.84775351781316e-06,307
0.7600957997626099,0.238809045896084,0.0009435354476633615,0.00012083603465002197,3.078285899258948e-05,308
0.9985901542520649,0.0006232797639914918,0.0007224693962446195,5.586611276827483e-05,8.230474930571227e-06,309
0.006089173468887113,0.620071908484557,0.37132187479035705,0.0025062536482189698,1.078960797988637e-05,310
0.9997619122305448,0.00022854316760812396,6.822858630672314e-06,2.1051066196157188e-06,6.166365967272436e-07,311
0.06635191398711124,0.8422747744888424,0.08882549756019942,0.0025419165959200177,5.89736792694231e-06,312
0.5853472494589775,0.41235205634139016,0.0021202416789882503,0.00013227074304378737,4.8181777600216366e-05,313
0.00010493140492971963,0.0006174006908505016,0.9466338137527271,0.0526393714955243,4.48265596831954e-06,314
0.9946725642260915,0.005303556229244418,2.206768417605218e-05,1.6555297598956756e-06,1.5633072821423853e-07,315
4.517368954689735e-05,1.1882372961599512e-05,0.0004593158905124308,0.0054508730749864235,0.9940327549719926,316
0.11544067704696344,0.8814399493240377,0.002827758615720985,0.00014769863072068286,0.00014391638255712206,317
0.00032884714853242296,0.0007398852756571297,0.6854886270592216,0.31340254741633944,4.009310024935126e-05,318
1.6256676442095813e-05,2.1517064620559237e-05,0.0011865308087353425,0.06690533953368996,0.931870355916512,319
0.00030613689219428057,0.0018204932396042532,0.802795197759268,0.19507425388522265,3.9182237107054275e-06,320
0.024829717047532517,0.9679952464261167,0.0071444979963026746,2.8318966718672075e-05,2.2195633296276346e-06,321
0.00018640193330340512,0.0007358513436850682,0.9551941503332128,0.04385633430376225,2.7262086036537992e-05,322
0.5842714324914086,0.3929308188941765,0.02265132853680517,0.00014152777478473544,4.892302825013362e-06,323
0.0004756251696349305,0.0036656782970669864,0.9454945237121553,0.05035808254701522,6.090274127657562e-06,324
0.9998435643592553,0.00012928756590424237,2.284206473287985e-05,2.704894487834144e-06,1.6011156197598062e-06,325
0.00013703039383019795,0.0004574882670019279,0.7942766561655582,0.2051111682704906,1.7656903118991397e-05,326
0.9636382939487481,0.03629359523319875,5.500614285550042e-05,1.166217809681706e-05,1.4424971009845513e-06,327
0.0005433171786559493,0.0008898118292636054,0.48984901683840876,0.5080244763851873,0.000693377768484347,328
0.00014569648604230144,0.0002939222624746155,0.0804554502422981,0.918787705049918,0.0003172259592670456,329
0.013714520796085605,0.9536497149075576,0.03245583910855841,0.00017754286018895011,2.3823276095491413e-06,330
0.00031059503223192426,0.0005458513373873042,0.4519775547311804,0.5471165736449145,4.9425254285893525e-05,331
0.338435789192,0.6597316666427631,0.0017797479061232885,4.486805983254916e-05,7.928199281107322e-06,332
0.7384543347004465,0.2605168896492135,0.0009308658062623225,7.457948735503895e-05,2.3330356722716834e-05,333
0.004570163845451976,0.6732533554446742,0.32158996392095957,0.0005801498171415764,6.366971772461606e-06,334
0.7138259801861269,0.2832268995541028,0.0028979887217543037,4.789200098380366e-05,1.239537032249064e-06,335
6.858921840915318e-06,1.6865986276527498e-05,0.0005061254017931003,0.00763433700560987,0.9918358126844797,336
0.024269699920015684,0.9706503593097692,0.004890795959148986,0.00013557323402000793,5.357157704631069e-05,337
0.9997061810089537,0.0002870600272320631,3.985949854665173e-06,1.7219340736958613e-06,1.0510798858438836e-06,338
1.3605232653387963e-05,0.0002456839751883581,0.02197708687099269,0.9771158275323373,0.0006477963888282595,339
0.0002736423593204227,0.015986346696155698,0.6337983542768153,0.3498345487539142,0.00010710791379454649,340
0.9108028575354119,0.08871292020185212,0.000464331338512404,1.810461039813083e-05,1.786313825534063e-06,341
0.4105853232953879,0.5258971432125505,0.06290850544791735,0.0005740297576697227,3.4998286474407584e-05,342
0.19596341276696627,0.7075107567668288,0.09555781914017861,0.0009253837472383595,4.262757878785797e-05,343
0.008079451658782447,0.9559011787061304,0.03571124899489246,0.00030489802268891564,3.222617505744907e-06,344
0.8128177732427616,0.1849433412093866,0.0021436434333168444,8.901730920379751e-05,6.2248053311242784e-06,345
0.0001313584944725329,0.0006931669944015854,0.06313214238629306,0.9357186850912427,0.00032464703358996226,346
0.9996174679255159,0.0003646399969311012,1.531982748783864e-05,1.494727771498199e-06,1.0775222936239369e-06,347
0.9732943354772378,0.0265254433579444,0.00017111394781569786,8.366670397664525e-06,7.40546604572437e-07,348
0.0002970278317411271,0.0016098344069139208,0.8136260196282021,0.18446399730511992,3.120828022840081e-06,349
9.55699280241437e-05,0.0014991988289191271,0.9889545162733459,0.00944714611465385,3.5688550570022613e-06,350
0.006076982792561663,0.8630384079275091,0.13060769712435247,0.0002724016347798584,4.510520796757544e-06,351
5.130048470631232e-05,0.0001814742394525688,0.022176274526968243,0.2982042887086658,0.679386662040207,352
0.7670732869791894,0.23215580462146673,0.0007387536832905665,2.852677168838422e-05,3.627944364916042e-06,353
1.3902696832015228e-06,1.2254809266250455e-06,4.801246836437817e-06,0.00032175876333550185,0.9996708242392183,354
0.0003280451047751727,0.0023913890417174054,0.9366171306968513,0.06065878288898434,4.652267671872447e-06,355
6.605301318423648e-07,1.4907156403893067e-06,2.2040000977662994e-05,0.00041790747150226694,0.9995579012817478,356
0.2898189193694437,0.6379976786156295,0.07108974301777736,0.0009274561753723765,0.00016620282177719654,357
0.7637252421767785,0.17335485468484021,0.06258857870084442,0.00015338285152732874,0.0001779415860095569,358
0.00018711475993183631,0.0003984981160248051,0.05236597161835105,0.8478521057327109,0.09919630977298154,359
0.00022003200679839404,0.0007119407490518633,0.014376654853252369,0.6924005728710835,0.29229079951981385,360
0.9352836711190827,0.06445684585967074,0.0002029550170560718,2.5465014758071007e-05,3.106298943233105e-05,361
0.6700392282749686,0.3215077038670737,0.008343891959523397,0.00010526839641443006,3.907502019704744e-06,362
0.0044101468461530974,0.4770228864221274,0.3220601063617651,0.1964579129700227,4.8947399931677555e-05,363
2.3225738831627475e-05,5.8119311249801225e-05,0.010248844706611967,0.5471185188875759,0.44255129135573074,364
0.0001475041394994506,0.002330675495716402,0.957272394134538,0.040239569237455815,9.856992790357192e-06,365
0.00048755599075636126,0.02719818411711395,0.9478251453222766,0.024436725853759972,5.23887160932168e-05,366
0.157863883833479,0.7928520588277339,0.0478864571973185,0.0013797881707759791,1.781197069266167e-05,367
0.0004318228999920882,0.0007131350606461009,0.1676656648774395,0.8311771511958284,1.2225966093921078e-05,368
0.9997956953063518,0.00014776236961994613,4.922314556424303e-05,6.592258103290703e-06,7.269203608783675e-07,369
0.4245775454527461,0.5326098238072718,0.0426598949455829,0.00013065247274933505,2.2083321649786618e-05,370
0.4508509864683378,0.33343410502962645,0.2132283614293166,0.002397488867489751,8.905820522934409e-05,371
7.835614895281711e-05,0.00017490681516280432,0.08713692756605071,0.9126003415522638,9.467917569875047e-06,372
0.8587311686428614,0.13992308807726347,0.0012723681898636728,5.50272153936844e-05,1.8347874617789982e-05,373
0.6844572586945648,0.3068976497395437,0.008416566886071048,0.00020158121286850678,2.6943466951986188e-05,374
0.09015431865582621,0.30752629738643894,0.5990471216271832,0.002614393035130419,0.000657869295421315,375
0.023791486804860575,0.4598860106468391,0.5089821552315061,0.007259275518005895,8.107179878843784e-05,376
0.9624966046785011,0.03724561676978647,0.00022595888738374142,2.4548190411249654e-05,7.271473917669336e-06,377
0.9998718742780696,0.00012229941376819888,4.644584755247103e-06,1.0671009999351996e-06,1.1462240702452133e-07,378
1.6967417407059587e-07,3.762285645874563e-07,1.1753435734158766e-05,5.763493832884873e-05,0.9999300657231982,379
0.8577171742244228,0.14070311860681184,0.0014982335069721206,7.55339176119245e-05,5.939744181237828e-06,380
0.6930528112442969,0.2939284422243106,0.01185711795093998,0.0010927363584644176,6.889222198828277e-05,381
0.6632748850339986,0.32475028789190374,0.011750786310686153,0.00015299623108273554,7.104453232883632e-05,382
0.0014896725213067242,0.5672613505347681,0.43052673595309,0.0007072662670648019,1.4974723770421887e-05,383
0.00014782115323007912,0.0022335441318201256,0.24361885601387115,0.7538357935104513,0.00016398519062744732,384
0.9933798018250048,0.006540985590508216,7.147537837674721e-05,7.344597043655186e-06,3.926090664861319e-07,385
0.04033182256896519,0.9375553011333515,0.022007868808612264,0.00010271046772975675,2.2970213412506087e-06,386
0.967335944412348,0.03219927082957298,0.0004478224558181579,1.3365888064873046e-05,3.596414195867658e-06,387
9.337932988033135e-05,0.000407096452681591,0.004260887508989385,0.7109465848333144,0.2842920518751342,388
0.0009822234735174119,0.13018884482635604,0.6840064331613522,0.184722793827986,9.970471078833857e-05,389
0.00022853615635547836,0.020404810743806505,0.9148296489104302,0.0645208610924397,1.614309696796162e-05,390
0.49741824761709735,0.49615538246085916,0.006220395551389113,0.0001927566779959793,1.321769265839288e-05,391
0.0001538395049885471,0.03946209474286537,0.9580686593821295,0.0023126447580885503,2.7616119281953927e-06,392
4.80962841031123e-05,0.000130961110779441,0.02317427158974723,0.973762057402852,0.002884613612518035,393
0.9993389164056014,0.0006323903954300271,2.612928168915099e-05,2.3414056748685363e-06,2.2251160460806218e-07,394
0.00011331243048563365,0.0014849864400405602,0.9624830444628806,0.03591512334859352,3.533317999659073e-06,395
0.9999042935012696,9.045025705178943e-05,3.386642194064413e-06,1.2552884060820728e-06,6.143110785657692e-07,396
0.00013934385837076905,0.002627211549236334,0.9926807007194174,0.004550710496759411,2.033376216108147e-06,397
0.9997366818370178,0.0002488584371384444,1.2599825532152243e-05,1.547860864420474e-06,3.1203944703705365e-07,398
0.0023819489245503886,0.7554454621669097,0.24177560098918746,0.00039236389140520476,4.624027947325046e-06,399
0.9827665264299288,0.01704920719043352,0.00017829609268613607,5.2881473399739745e-06,6.821396116322402e-07,400
0.5952097897035225,0.3963060245087151,0.00842737371476166,5.196263437716151e-05,4.849438623550388e-06,401
3.403054649450992e-05,0.00028228453456070874,0.0026754425525320467,0.9956942384298948,0.0013140039365180372,402
0.005700066000256436,0.7412640177750169,0.2525992903830731,0.00042611562838584935,1.0510213267772087e-05,403
4.120135718683289e-05,8.900820319755867e-05,0.009054410059321947,0.0503460600584941,0.9404693203217995,404
0.9997612541230975,0.00022932805403828917,7.745801936345269e-06,1.343546367866882e-06,3.284745600702028e-07,405
0.00017296962460212748,0.0010040738683251191,0.010344546197494036,0.9871367417624034,0.0013416685471752704,406
0.0006302882622826785,0.1207096878935388,0.8714560258021331,0.00717755802544783,2.644001659748655e-05,407
0.9117721033727941,0.08778099380880822,0.00044086026618543,5.4952661311889305e-06,5.472860810514081e-07,408
0.00021474182297778863,0.00047413782206451863,0.7720484364931248,0.22723559828764645,2.7085574186454773e-05,409
0.999866488496961,0.00012680201396663996,5.566457277031288e-06,8.821296069886655e-07,2.6090218819718166e-07,410
0.999536355295813,0.00045252217494972085,9.421680861529911e-06,1.3547306509271724e-06,3.4611772474959296e-07,411
0.04613810627241578,0.8933133318610235,0.060211984418532816,0.00032498892110973223,1.1588526918090684e-05,412
0.0003710396347375925,0.0006206793984939273,0.506638435198458,0.49235146336276003,1.8382405550576785e-05,413
0.9802269866493465,0.019478494537370643,0.0002662476812601381,2.7342445809225036e-05,9.28686213582714e-07,414
0.41204701795065224,0.546059745773306,0.04158753498559633,0.00027798277604610853,2.7718514399382266e-05,415
6.202027087096923e-05,0.00021857136105169167,0.011696376860976408,0.25750286749725815,0.7305201640098428,416
0.28781831753452625,0.7001405025892273,0.011896558005282793,9.332095986896824e-05,5.130091109448725e-05,417
0.838184459571322,0.15968169497076806,0.0020200895275831604,8.410284198390907e-05,2.9653088343013035e-05,418
8.222926245624976e-05,0.0021558536001665047,0.9752412724253707,0.022513392900638474,7.25181136809257e-06,419
0.0004832924883283091,0.0009083216376757868,0.7881411791037067,0.2104495128175689,1.769395272045295e-05,420
0.657680320149457,0.3402155370269984,0.0020543329992582455,4.206062816644494e-05,7.749196119927698e-06,421
0.9998471605127852,0.0001400290880698714,1.159230329106313e-05,1.0189344664470396e-06,1.991613873675854e-07,422
0.00012170028507892388,0.0007162805685339451,0.14996705463429544,0.8372269069827393,0.011968057529352455,423
0.06806543947185169,0.9034549039106915,0.028139524766544112,0.0002748623057797075,6.526954513291162e-05,424
0.3063477093349743,0.3620409673540267,0.3289620297567194,0.002629902325924467,1.9391228355112778e-05,425
0.9993535771689868,0.0006060348881104755,3.5673095210263395e-05,3.3028115585653248e-06,1.4120361340983683e-06,426
0.002902616034122031,0.9421453898402123,0.05470691053303582,0.00024370463718869904,1.3789554408570078e-06,427
0.0019963001014030855,0.7184940073555833,0.2793787251781776,0.00012992750411442363,1.0398607214838046e-06,428
4.493228361627298e-05,0.00011069487385559488,0.0018970638339457536,0.9976976710040754,0.0002496380045069784,429
0.00027117968803786494,0.0033769422728857886,0.8644559118180055,0.13185813192507007,3.783429600083092e-05,430
0.0006338585343798441,0.6020208371853213,0.39509378656767113,0.002227356717968259,2.4160994659461643e-05,431
0.00018014741953853715,0.0029899421292851392,0.6346528799203449,0.362081730687307,9.529984352438074e-05,432
0.007386988989076554,0.29307342879503395,0.6982367345277559,0.001120478209850279,0.00018236947828331732,433
9.894965252462174e-05,0.0003485408688850274,0.004866864921881928,0.35406090061181555,0.6406247439448929,434
0.0013419342936719027,0.6165156994590442,0.38187423712819696,0.00026661393239756244,1.515186689492175e-06,435
0.4058718926012331,0.5822420320450388,0.011758142164235891,0.00010072944127158805,2.7203748220697256e-05,436
0.9999030291018144,9.110946246849947e-05,5.408971898035458e-06,4.2567410559678033e-07,2.678971338576161e-08,437
0.001461788718885344,0.9021443333648363,0.09540289612120632,0.0009863200230749692,4.661771996894881e-06,438
0.01843788581840599,0.7441544176644916,0.22576308199495965,0.011550001246317613,9.461327582524825e-05,439
0.688326677112922,0.3035384182545652,0.00808326407417229,4.745906846163036e-05,4.181489878813584e-06,440
0.0004353959587540079,0.0010282461930150994,0.3983582639601201,0.5862367853284518,0.013941308559659004,441
0.0003230428277363795,0.001175046913277258,0.13706587178884277,0.8465890397881608,0.014846998681982842,442
4.8677425563248495e-05,0.00017971040630250127,0.0011681545052788839,0.2198196435892204,0.7787838140736351,443
0.0002010890167914608,0.0002521180043166476,0.22557483806613643,0.7707439443505055,0.003228010562249913,444
0.029327987963138995,0.9512270462883811,0.01915506145082661,0.0002873451414935479,2.5591561597887332e-06,445
0.00016977191733663397,0.00036606365483023335,0.10583950704692364,0.8927231529489355,0.0009015044319740154,446
0.9206108763797799,0.07904222572974437,0.000339556890276397,6.800744442323356e-06,5.402557569728446e-07,447
0.00025975120939080175,0.1673413963133043,0.832219736901832,0.00017782665890114753,1.2889165717269964e-06,448
0.012826911576588811,0.546707946412538,0.4398705713332472,0.00039916057640868377,0.00019541010121740628,449
0.00014427799849567446,0.0004306906213688598,0.006443698431208245,0.9763862194941021,0.016595113454825006,450
0.0003686205885226937,0.024415406709048754,0.571961815111979,0.40241560158115985,0.0008385560092897791,451
0.09240374383542069,0.6259473602976504,0.2792882378377213,0.0023495273877486545,1.1130641458958935e-05,452
0.9996219092057557,0.0003380771830500317,3.534396744156174e-05,3.0934007552476447e-06,1.5762429975106387e-06,453
0.9997838893471511,0.00020054536877583753,1.3785285486004175e-05,1.5304427309498502e-06,2.4955585610692814e-07,454
0.9383387209383647,0.06114857577996434,0.0004530485636783975,5.615649236896537e-05,3.498225623405391e-06,455
0.0010264292257948335,0.04299705145191872,0.7126685758336038,0.2431635993847054,0.00014434410397729932,456
3.295996239900722e-05,9.545661847641024e-05,0.012932874278521054,0.9865686654182422,0.00037004372236144656,457
0.999407447140786,0.0004886834827998325,9.885936127836635e-05,3.194451110760569e-06,1.8155640249002704e-06,458
0.8563971707303268,0.1426454153651225,0.0009460438266775319,1.0586813275501104e-05,7.832645975891083e-07,459
7.190036568559209e-05,0.0004303048111999043,0.17692478977167195,0.8225384769899902,3.452806145226745e-05,460
0.9588578719940124,0.04005825943778559,0.0010325060602058025,3.404336793530191e-05,1.7319140060825596e-05,461
0.7024977504080667,0.2942782531722555,0.0031846742428886356,3.747059305407944e-05,1.8515837350356717e-06,462
0.000230651559525952,0.0020603413088406573,0.8399304585264631,0.15770113517757808,7.74134275922363e-05,463
0.9994042653350862,0.0004901720437921011,0.00010099032685869334,3.304393943381949e-06,1.2679003197445593e-06,464
0.991207197166799,0.008705504417199984,7.762727854392799e-05,7.774230878035312e-06,1.8969065791694024e-06,465
6.417404411083764e-05,0.0001999027513113761,0.10965144180875386,0.8900497223702167,3.47590256071507e-05,466
0.0005747817181591556,0.2082217349492927,0.7896523461364209,0.001542187565897394,8.949630229891371e-06,467
0.03636533372736773,0.918599187513243,0.044626465102833704,0.0003990913124053876,9.922344150203951e-06,468
0.0002693144589840068,0.003685580803125148,0.7283181337237583,0.2676681852191814,5.878579495107305e-05,469
0.0003387223234696958,0.015686324868652964,0.9455017565752453,0.03845098206287068,2.2214169761414542e-05,470
0.0003450646157822102,0.0009307785615423421,0.4380430700637148,0.5606184512553791,6.263550358145652e-05,471
0.6026213269727883,0.3929360466936068,0.00429211376457106,0.00014069440028411387,9.818168749874307e-06,472
0.08026530458329041,0.8868956836225828,0.030347842173150324,0.0017558869601222986,0.0007352826608541928,473
0.11342555702317725,0.46322830835368245,0.4213879887052386,0.0018545116520215308,0.00010363426588021768,474
1.7090031729277217e-06,3.1897386127993454e-06,2.3734746059347374e-05,0.0009814062114948238,0.99898996030066,475
0.18016927383598516,0.8185870087316796,0.0012115033226287617,2.935914477583197e-05,2.85496493088423e-06,476
0.010401408404687593,0.8216279277597229,0.16781954359619985,0.00014852566155010484,2.594577839480196e-06,477
0.0004790273625852522,0.020871886667399288,0.6177725248057763,0.36068074489675905,0.00019581626748018223,478
4.591117928905149e-05,8.029946034525437e-05,0.00512489153868102,0.07630766077410958,0.9184412370475752,479
0.0003485255541575417,0.0013118079494708935,0.05408612910498709,0.9161938934107926,0.028059643980591797,480
0.001955912412141966,0.5781559594508441,0.41241203134243765,0.007463319218511946,1.2777576064438098e-05,481
0.00044156117534727265,0.002029456154338344,0.9926753128871132,0.0048504529017950205,3.2168814060991958e-06,482
0.48670383023760166,0.5097305271265457,0.0034117320226875066,0.00014915179855690987,4.758814608309866e-06,483
3.5606640411081104e-07,8.228798350477881e-07,9.368556179148649e-06,0.00014083054557067703,0.9998486219520111,484
0.00011227589791627016,0.0006999027167467389,0.6889361254359768,0.31023088800552573,2.080794383451099e-05,485
0.05421839783725566,0.5895476022595656,0.3542985341359275,0.001881184179958946,5.428158729249978e-05,486
0.0003775352401617268,0.12387485434532819,0.8705076203518075,0.005235392877365827,4.5971853366694025e-06,487
0.00021245006896605047,0.001604574577647758,0.958287051780197,0.039892987460375506,2.9361128137372138e-06,488
0.9998537306460559,0.00013406447495554374,1.0502839028813747e-05,1.4553784752804975e-06,2.466614845033729e-07,489
0.44508468373042326,0.5505805907385835,0.004278221605861205,4.765578657831073e-05,8.848138553863936e-06,490
0.000945950885112954,0.00201620426030198,0.03762711919648948,0.7694396487815341,0.1899710768765614,491
0.8348099523337632,0.16311743705690543,0.0018819067431231303,0.00018038056051511244,1.0323305693045495e-05,492
0.00012916687952940732,0.00018234912870352266,0.020944980580854356,0.9772626475334187,0.0014808558774940383,493
0.9996476228809913,0.0003277719634233713,2.1057832027696037e-05,2.254702960715278e-06,1.2926205970210977e-06,494
2.809188457683918e-05,0.0001319574954181788,0.012112295507435259,0.902235259615504,0.08549239549706583,495
0.0025043248228937306,0.7655838322430696,0.22736625310844646,0.004530253930431553,1.5335895158800378e-05,496
0.969363116406092,0.030322511433656572,0.00028442023924607154,2.7536000937169286e-05,2.4159200681463165e-06,497
0.011645651798731362,0.5060971537660668,0.478623305944019,0.003547289771461451,8.659871972152675e-05,498
0.22979911649421386,0.7619812201904927,0.007991029006081755,0.00022279301751347802,5.841291698144772e-06,499
0.039991356154230315,0.9430627040729498,0.01656926579934924,0.00037389545134282814,2.7785221278457235e-06,500
0.2919265359951142,0.6565266140229147,0.05134521577977128,0.00013962186554452381,6.201233665540585e-05,501
5.273218873881884e-05,0.00019759781750902007,0.026903400827082074,0.9696752186062595,0.0031710505604105378,502
0.9996311036899893,0.00027910609732795624,7.949653910474693e-05,9.540874206530811e-06,7.527993714435938e-07,503
0.7983181748108139,0.19693484088683802,0.0045997744385621675,0.00013500796385199255,1.2201899933832448e-05,504
0.00021508195620579835,0.001409042176975772,0.20418555918880346,0.7941729072044246,1.7409473590304687e-05,505
0.00037625689047174034,0.004857027719423505,0.9897862530717774,0.004976853383693034,3.6089346345185035e-06,506
0.9798500195031041,0.019995605154334163,0.00015076962701595804,3.16578989786469e-06,4.3992564815047745e-07,507
0.9997390730186483,0.0002451464988440931,1.3597504633096512e-05,1.7112473042144695e-06,4.717305703396692e-07,508
0.8766373940370554,0.10445842914004513,0.018694704679516345,0.00015102559664770604,5.844654673538951e-05,509
0.763757993138401,0.23404649881667866,0.0021211244357642995,6.991642208095711e-05,4.467187075226019e-06,510
0.9993548020155784,0.0004931995039638184,0.00013964108232866518,1.003642652719679e-05,2.320971601848905e-06,511
0.9970621473404488,0.0015391661722733974,0.0013457458964164718,3.1959336065364e-05,2.0981254795892936e-05,512
7.892002278180685e-05,0.00020227838932293895,0.05045356089432619,0.9492310626174874,3.417807608171154e-05,513
0.032589447550734715,0.945405347755862,0.021788713675287077,0.00021253903792047812,3.95198019570666e-06,514
0.04916198150771706,0.45950473331534114,0.4908739778926785,0.0003213994355551146,0.00013790784870813593,515
0.9998112181080003,0.0001804820717302449,6.7454513540260865e-06,1.3503286075623377e-06,2.0404030779038303e-07,516
4.2818729487038e-05,8.576894235930071e-05,0.005314118546211005,0.23559181559374548,0.7589654781881972,517
0.000267897028630549,0.0006438259589135733,0.9207498911491404,0.0783356310891461,2.7547741694082378e-06,518
9.60554046925224e-07,3.229731679037345e-06,3.352029204199303e-05,0.000417224474568248,0.9995450649476638,519
0.9998718918172379,0.00012173107371524633,5.37873139263633e-06,8.784665168395713e-07,1.1991113734579362e-07,520
0.0015496117430801172,0.0030265360023620223,0.011573571801281348,0.49911676388749815,0.48473351656577834,521
0.950509903202511,0.04905968406331155,0.0003998356098862059,2.7560848872527792e-05,3.01627541858851e-06,522
0.9255170374503467,0.07288861324823571,0.0015682451467829439,2.116178177417911e-05,4.9423728601944675e-06,523
0.0013321758181021868,0.2293390015504279,0.7612377088129154,0.008064944805665495,2.6169012888889967e-05,524
0.0005881399535094831,0.003609412394974916,0.9370037363942132,0.05872722694873306,7.148430856938616e-05,525
0.053681797291777446,0.9311092168020363,0.014910050117568949,0.00025057787908615455,4.83579095311691e-05,526
0.9998773591718381,0.00011802161961966382,4.063480240113215e-06,4.5761966708310013e-07,9.81086350023973e-08,527
0.9995602722048762,0.00036059420283883367,7.25775966236374e-05,5.6611435890231294e-06,8.948520723208406e-07,528
0.001982275337745415,0.0018360961525060078,0.09085121031754205,0.7227487623764639,0.18258165581574268,529
0.9998434050353119,0.00011134337595964294,3.789357147807966e-05,7.237402631622998e-06,1.2061461853629093e-07,530
6.153440101781233e-06,1.5075782815776459e-05,0.00020523146321564694,0.04770565474279898,0.9520678845710678,531
0.03717124515724525,0.8020772076458844,0.16053505669961757,0.00021335300342869315,3.137493824087871e-06,532
0.0002767729786108551,0.0004829482839976959,0.5334690656757699,0.46576556992398954,5.64313763201332e-06,533
0.002782183051540951,0.9300302738338619,0.06655840811231585,0.0006205503651979806,8.584637083367133e-06,534
0.001954704916771874,0.4197823154891197,0.45292456940181947,0.1250518308918847,0.00028657930040421086,535
0.004556311995842961,0.8572033211565829,0.1375029904131443,0.0007341051633892768,3.2712710404944177e-06,536
0.0003669712744886284,0.00028576395701338745,0.0320599170370016,0.9173023322934858,0.0499850154380106,537
0.6028476999265532,0.38839330436547814,0.008659921060331612,7.5018632529605e-05,2.4056015107316854e-05,538
0.00035115652415580257,0.09160869536357455,0.9023765832983301,0.005658907057299653,4.657756639865554e-06,539
0.9992927564199039,0.0006331511975320322,6.476734779297653e-05,4.233145938294782e-06,5.0918888329532336e-06,540
3.527368402652302e-05,0.00011690769147797752,0.01455868797353877,0.6397031109000021,0.3455860197509546,541
7.013279758734164e-05,0.00021688617124906396,0.002946115848398865,0.9919143239017025,0.00485254128106218,542
0.9997831363675542,0.00019776937230893952,1.6576317827982643e-05,1.8483068464668083e-06,6.696354623596629e-07,543
0.00035267460154873745,0.01691127016622044,0.9681807784781749,0.014541756541858871,1.3520212197025938e-05,544
1.5104606030263048e-05,3.211834012469449e-05,0.0025658371862848322,0.15962857013024706,0.8377583697373131,545
0.993587139791394,0.006388498687706734,2.143198272002483e-05,2.599368417415738e-06,3.3016976186463263e-07,546
0.8277721047692591,0.1714810263397254,0.0006004659891363877,8.086773823232467e-05,6.55351636466706e-05,547
0.9956109305046155,0.00435616767197826,2.819734764601808e-05,4.317478202235157e-06,3.8699755799259507e-07,548
0.0005429198358420425,0.0005789258683138712,0.013930245462896122,0.9787566107936166,0.006191298039331416,549
0.9982364696753867,0.0016496757008845175,0.00010027055521042545,7.448404418058587e-06,6.135664100188803e-06,550
2.1286380007659304e-07,6.649493277553022e-07,7.31882457107703e-06,0.00029681897878073405,0.9996949843835206,551
0.00012085066660107674,0.001772627198760242,0.9041990756843059,0.09389176998399437,1.567646633827542e-05,552
0.9997263795383112,0.00024620047967491206,2.586141039408795e-05,1.4847492456044795e-06,7.382237423081589e-08,553
0.2671618900282262,0.7248448642436426,0.00744678255425935,0.0004668916996996223,7.957147417220188e-05,554
3.350668102071823e-05,7.082083699438876e-05,0.006143277178798574,0.6700625202342826,0.3236898750689038,555
0.026865371645475856,0.18189066602152987,0.7909360245735615,0.00011996372475960486,0.00018797403467322072,556
2.8392490370199093e-05,7.432934522633837e-05,0.004840743948599213,0.20636214690741922,0.7886943873083849,557
0.9994510296714146,0.0005201961231862476,2.419684365267344e-05,4.409184565525045e-06,1.6817718095263212e-07,558
0.00020357676358608856,0.0009313883417903757,0.5579358306754859,0.4409220981458234,7.106073314205763e-06,559
0.0010763675397164145,0.3233628910233688,0.6738261061542248,0.0017311445437607383,3.4907389291913163e-06,560
0.09513126288125238,0.8326388124667913,0.07096933949243886,0.0012439295250957316,1.6655634421682007e-05,561
0.6231935009666073,0.37473192731146854,0.0020133495020598904,4.829761518620101e-05,1.2924604677978e-05,562
0.9998615032105016,0.00010863661508706626,2.656077583566963e-05,3.076105746807061e-06,2.2329282870912534e-07,563
0.31107835974990233,0.6817499747281173,0.006850743900356425,0.0002796067424336616,4.131487919033779e-05,564
0.5125266424220223,0.44411997407383497,0.04275125819965361,0.0003100565977519168,0.00029206870673712264,565
0.5587358021094602,0.43680166458032443,0.004264940714353522,0.00017446551572104877,2.312708014078563e-05,566
0.0006794650074398248,0.24462882113966686,0.7536688699732969,0.001019585192672851,3.258686923680719e-06,567
0.0021538696758531825,0.5169267327154379,0.4805106286482008,0.0004047835828459252,3.985377662187256e-06,568
0.0001102097811638675,0.0026617589614233023,0.8525939794858521,0.1445491894134597,8.486235810102041e-05,569
0.26831941957929206,0.6488220261085861,0.08145672395928008,0.0013479886558387696,5.3841697003077706e-05,570
0.036281351119500385,0.923097822737837,0.03974806400539479,0.0007003819276904575,0.00017238020957730673,571
1.862989530714469e-05,2.593868779285529e-06,1.8245326564493386e-05,0.0007665539183770245,0.999193976990972,572
1.5028802575433351e-06,2.6380934120114125e-06,2.4305589689317696e-05,0.0014313348609171403,0.998540218575724,573
0.9983021999552495,0.0015326774350135624,0.00014352575489892018,7.927766840163077e-06,1.3669087997923514e-05,574
0.0651884418327681,0.5418009321937385,0.39247698585102403,0.0005177936280699839,1.584649439940968e-05,575
0.00017555256487987645,0.0005799410670165766,0.0415043722895682,0.5328087199643251,0.42493141411421015,576
8.423314026666969e-05,0.00012414283921605967,0.3578977722331994,0.641858097756141,3.575403117680068e-05,577
0.3216929612264936,0.6547943629545183,0.02339078985012565,0.00011420278198147876,7.683186880911932e-06,578
0.26763908015730625,0.6470773342222748,0.08493881573541404,0.0001858086009965979,0.0001589612840083177,579
0.9996876066412497,0.0002988236643783929,1.1137862264612205e-05,1.7387921146917173e-06,6.930399925139838e-07,580
0.00016181495029747112,0.00026198035252759336,0.16740475592834517,0.8321507639977599,2.068477106992591e-05,581
0.0003537677448503438,0.11136349856726406,0.8878329017286408,0.0004481236332658546,1.7083259790612893e-06,582
0.03716907834241606,0.9392219237979769,0.02181138934242558,0.0013025496319967647,0.0004950588851846635,583
0.00023684374776375473,0.0004024688322476636,0.015702333786327995,0.5200393023312546,0.46361905130240605,584
3.259773501479701e-07,8.371517454106266e-07,6.22862162418807e-05,0.00018437152599895843,0.9997521791286637,585
0.999866242638958,0.00012601370917376912,6.912658507975842e-06,6.841425100784591e-07,1.46850850371409e-07,586
0.9993713105390215,0.0006026718510111105,1.9094000510910816e-05,4.27222101910129e-06,2.651388437314096e-06,587
0.0004923316253721457,0.011639179358894209,0.8804749787309529,0.1073779081060415,1.5602178739352513e-05,588
0.7213108937592004,0.2623458514675027,0.01584936732067547,0.00044313984281118944,5.074760981019432e-05,589
6.466747559062513e-06,1.210424236247269e-05,0.0005263053555782419,0.02149050434365437,0.9779646193108459,590
0.0002605235428186064,0.0011508686688738283,0.2836859295653711,0.7148899996278204,1.267859511613405e-05,591
0.9604163928558055,0.03766578555396879,0.0018577920904758079,4.186074772199635e-05,1.816875202767227e-05,592
0.00014276635311149334,0.00032172958952243454,0.07154678925152405,0.782453509387409,0.14553520541843312,593
0.9999318013363796,5.937736183762366e-05,7.365413545482408e-06,1.3813004515753305e-06,7.458778575568303e-08,594
0.5053130028829244,0.4926952455629194,0.001623813781792641,0.00030156887295451987,6.636889940906846e-05,595
0.9995141829506597,0.00046252577956400876,1.8066092855858015e-05,2.4898162809587554e-06,2.7353606394632797e-06,596
0.9227570414896228,0.07698891292224952,0.00020933738797938536,3.551611197168365e-05,9.19208817661093e-06,597
0.0035807883659465267,0.372482602399935,0.6235910207539777,0.00034412439568073054,1.4640844601624622e-06,598
0.6069937313407309,0.31947508361201515,0.07218762256647847,0.001294891382633258,4.867109814221237e-05,599
0.029179702387593615,0.39807904689708223,0.5718985279937351,0.0006188471613522056,0.00022387556023700808,600
0.00012148685180448885,0.00011798287819164272,0.20320647044470447,0.7960838236377918,0.00047023618750755946,601
0.00021070031337784323,0.023274853795086575,0.5378526840376302,0.4384569252172761,0.00020483663662941974,602
0.00036991009233562264,0.04617724067172511,0.7379280636263794,0.215475642780722,4.914282883796796e-05,603
0.00017766031883308613,0.0006115364121439592,0.25912232442617017,0.7399498423851159,0.000138636457736883,604
0.2570484935302031,0.7297776507348955,0.01306454650899789,9.494874906045754e-05,1.4360476843050256e-05,605
0.000699882475415146,0.5049579013291898,0.49327027727322265,0.0010703588843290457,1.580037843345106e-06,606
0.42313693118781465,0.5530875983913671,0.023099167469039016,0.000617318674816341,5.89842769630204e-05,607
4.0546966963487316e-05,0.00015495769146221973,0.022094866940471428,0.569848938532638,0.407860689868465,608
0.00011896565029874551,0.0002476076824976039,0.12202896271461214,0.8774497353475607,0.0001547286050307412,609
0.999819244601942,0.0001594689951585506,1.9625347148047636e-05,1.6133150291323913e-06,4.774072220165275e-08,610
0.0001808927584200486,0.0019312975207262534,0.9944161609495417,0.0034693103283193723,2.3384429927820672e-06,611
0.9935683552104949,0.006314149239661311,9.959762492149772e-05,1.3871053166958808e-05,4.026871755279816e-06,612
0.9998386113660743,0.0001525149061564985,7.72427770352603e-06,8.495302059477434e-07,2.9991985973014846e-07,613
0.0006554777006769777,0.06839527899249949,0.9137451136106399,0.01718754594573747,1.6583750445985393e-05,614
0.9998516594448894,0.00013819191447002392,8.979942839077353e-06,8.241395900976532e-07,3.445582113853247e-07,615
0.7448450505652329,0.2499050760136705,0.005204355401808976,2.9014396682957065e-05,1.650362260460172e-05,616
1.4743348308994892e-06,6.185257162501806e-06,4.7502989782935415e-05,0.0014244671841752595,0.9985203702340483,617
2.667191725793578e-06,8.125213929025044e-06,0.00013308243223169228,0.0019048939018011743,0.9979512312603124,618
0.00023285367475503889,0.0005277638643014326,0.029480084084166986,0.8826693028680248,0.08708999550875181,619
3.0278804260993066e-08,1.782028502258743e-07,1.1513725553851696e-06,3.542212812975854e-05,0.9999632180176604,620
6.603279484747383e-06,2.515934900413023e-05,0.00019722193335109235,0.00826775718387095,0.9915032582542891,621
0.37453459553465857,0.6129058878256086,0.011889244280082752,0.0006595043383440683,1.0768021306000927e-05,622
0.0001747577576919242,0.0004246293320847289,0.33204980827173697,0.6673335114094276,1.7293229058693947e-05,623
8.480768778600015e-06,3.616824583071802e-05,0.000272296313492908,0.11569840511023566,0.8839846495616621,624
0.0009322291505733344,0.2683223311152618,0.7075854245507107,0.02313956901454849,2.0446168905617676e-05,625
0.00043060685271903535,0.0006293784189649223,0.006854851946642838,0.9919976849827726,8.74777989005026e-05,626
0.6495121056365609,0.3461108908451551,0.004330362235885325,4.231353197280864e-05,4.327750425813435e-06,627
0.4383888063309467,0.5602473169922894,0.0012604421048928497,8.197513153944423e-05,2.145944033178024e-05,628
0.00028030714081282075,0.0005067785101719838,0.9488798937439654,0.05033036115736163,2.659447688267141e-06,629
0.00028718898343682884,0.002113610815274175,0.7237223118988109,0.2738498723536703,2.7015948807863302e-05,630
0.4257240562162375,0.3542662048840018,0.2153958166350567,0.004539680154350139,7.424211035384092e-05,631
0.0015194854039515331,0.4755371381228389,0.5220241855787164,0.000913620665822305,5.570228670861757e-06,632
4.256927810268941e-05,7.96969039507759e-05,0.030208796280550575,0.9693729125603496,0.0002960249770463054,633
5.418666652531723e-07,6.31075246807472e-07,3.5535857769985763e-06,0.00010147054112370164,0.9998938029311872,634
0.03229184431831993,0.9427593466390001,0.024726022601293602,0.00020838028134190174,1.440616004448997e-05,635
0.0008937207378567023,0.037072547948635154,0.9619772213030793,3.15607607906154e-05,2.494924963837956e-05,636
0.7360586505649557,0.2628521297015089,0.0009862257199372258,8.444724514758886e-05,1.854676845068963e-05,637
0.9987169784470851,0.0011762919626801854,9.508151042721581e-05,5.146934045451124e-06,6.501145762212121e-06,638
1.530748378249925e-06,4.3116613673163167e-07,4.424871649526008e-05,7.754297420461331e-05,0.9998762463947852,639
0.9994197584018778,0.0005006363387427134,7.291492178901198e-05,4.113782582796842e-06,2.5765550077122344e-06,640
0.7073301327095634,0.28883164659195426,0.003785043188977353,4.593502969014547e-05,7.242479814931973e-06,641
0.9996887553679338,0.0002267560183900028,7.616193495430133e-05,7.463826609607404e-06,8.628521124262869e-07,642
0.00014894908339370383,0.005895119384760816,0.9894155599829834,0.004538979419371062,1.392129491063827e-06,643
7.196916063303244e-05,0.00025164996188131885,0.6644516727562627,0.33521867921943593,6.028901786968369e-06,644
0.0006762455375472877,0.13547970620813896,0.8630815692155022,0.0007600227883329257,2.4562504787409893e-06,645
4.7631604396145564e-05,0.00014647394864147716,0.024338864021099922,0.9752739507059104,0.00019307971995197602,646
0.9905096989408371,0.009411636632456668,6.371348587816819e-05,1.1234959736697737e-05,3.7159810915611875e-06,647
0.7078168811711032,0.2899716826391131,0.0020657427934943407,0.00011163679068589186,3.405660560354388e-05,648
0.0002645251153685235,0.0006482325956081921,0.14303438412792085,0.8560184200095866,3.4438151515875324e-05,649
0.00012198635155336068,0.0028647338775198445,0.9088439355312316,0.08814856266558209,2.0781574113124374e-05,650
0.0006024812495385107,0.004168362738330684,0.9681862948049875,0.02701161737070885,3.124383643430605e-05,651
1.3864372847216749e-05,4.095313984134359e-05,0.004977065418162374,0.0424886436339419,0.9524794734352071,652
0.0010725671115339142,0.9077828589604217,0.09049839850802903,0.0006444600233457718,1.715396669576944e-06,653
0.0001585394134327142,0.00037273387836263294,0.10495591352647923,0.8941314321160512,0.00038138106567418525,654
0.9996617853501683,0.0003199060485942495,1.653584692542726e-05,1.5966807771078812e-06,1.7607353493550665e-07,655
0.4729134829869851,0.5246311624466572,0.0023683015227563553,8.440377908249325e-05,2.649264518823787e-06,656
0.7553271030691662,0.24330684667693275,0.00108957225950483,0.00018165790540663806,9.48200889896377e-05,657
0.00028456687616946184,0.02019906940945157,0.9770803313747474,0.0024301429953586017,5.8893442729269464e-06,658
0.000270323830946276,0.0007750277820468471,0.007965895266674614,0.9902573888534156,0.000731364266916532,659
0.280704945998483,0.7137458662299757,0.0048410141785144205,0.0006799162475161605,2.825734551085311e-05,660
0.9997920914465812,0.00018740058335108838,1.85654332135106e-05,1.582902346995378e-06,3.5963450724272665e-07,661
0.8920296352209212,0.1076019130994452,0.00034478117374773176,2.0685459837604706e-05,2.9850460483159767e-06,662
0.0016070731832473696,0.03535072060722474,0.9619273011534721,0.0009341860875000992,0.00018071896855561477,663
0.00017264094764614848,0.0004622228367271781,0.03452869462080155,0.8284720339156628,0.13636440767916236,664
0.00011367107594847608,0.0009636300526444607,0.10823160000511818,0.8904614284290954,0.00022967043719357658,665
0.0034543704552819307,0.9458814664228992,0.05045452852893306,0.000207527327237601,2.1072656479997485e-06,666
0.0001619053004130175,0.0005098056644562667,0.02842300707056079,0.8317422538075288,0.13916302815704112,667
0.007424016895216523,0.8557627556509871,0.13655229204901911,0.0002562651799572324,4.670224820258326e-06,668
0.0006874311160676713,0.0022095668555693272,0.22676605942303113,0.7702143165890165,0.0001226260163154107,669
0.9998540379152399,0.00012381954971185503,1.982320282633691e-05,1.385258714315927e-06,9.340735075693108e-07,670
0.8351201380784581,0.1637422734376574,0.001049508771417735,6.247150300017029e-05,2.5608209466624797e-05,671
0.9966495940289797,0.0032880118821443623,4.960734146278594e-05,1.1776285476678247e-05,1.010461936553228e-06,672
0.00013925460785137056,0.026938505090326425,0.9721451831202428,0.0007741324495796149,2.9247319998058657e-06,673
0.0001432680944172368,0.000552610960605832,0.21064790784308,0.7886484512506253,7.761851271557464e-06,674
0.73492790636309,0.2461759088735965,0.018660561421094596,0.0001641789057791405,7.144443643974677e-05,675
0.008425260182763385,0.878486553033183,0.11296735609005337,0.00011910424562582757,1.7264483745676853e-06,676
1.947727668784764e-06,6.468210919553756e-06,0.00014377125396912633,0.005148506135421225,0.9946993066720212,677
0.14265161424307699,0.8159330562349011,0.04103213009991245,0.0003590094564062061,2.4189965703346454e-05,678
0.00020938775763707312,0.0004998528714369385,0.3420789464025705,0.6571042449516977,0.00010756801665768154,679
0.9995349719140967,0.00044156590108019407,1.8885246224556585e-05,2.5177450614301563e-06,2.0591935371303244e-06,680
0.99978118994909,0.00017664656591949267,3.134223529294577e-05,1.061597702287536e-05,2.0527267484192994e-07,681
0.0002868068301019999,0.0018562062721903954,0.926951424981089,0.0708961090979088,9.452818709905916e-06,682
5.305587815411254e-07,1.3580126338058963e-06,0.00011532703953865051,0.0004424255969010905,0.9994403587921447,683
6.701255700786013e-05,0.00010514352248723241,0.05475370919038075,0.945066778325297,7.35640482718478e-06,684
0.00029697037723952095,0.036618861262682025,0.9282103756470874,0.03478426145269227,8.953126029875939e-05,685
0.0011592243752708842,0.6507730882943046,0.3477542033596541,0.0003091231885426147,4.360782227755585e-06,686
0.07887795648382959,0.7625426314592193,0.15812760736668902,0.00038616531056821145,6.563937969386947e-05,687
0.00033999530603430353,0.3346586361800917,0.6640098815950598,0.0009868808183837497,4.606100430596607e-06,688
0.0004884400181897742,0.007312918372816298,0.5981797954969276,0.3936935243915948,0.0003253217204715063,689
0.0008437956770215657,0.13809547079881984,0.8490724517126583,0.011982543373854317,5.738437645865428e-06,690
0.08995644683787307,0.7069457631705125,0.2018012474869401,0.001268211580352661,2.8330924321667703e-05,691
0.7839946532419569,0.2074163902035419,0.00849323008964356,8.445331795047236e-05,1.12731469070942e-05,692
0.000350844163981194,0.00037349035767702545,0.008950656883795908,0.8631469776371091,0.12717803095743685,693
0.00033573372906501653,0.003029003757979332,0.9889606828317838,0.00767119543967251,3.384241499349398e-06,694
0.999888682580527,0.00010153765386858777,7.964260831917373e-06,9.765653940586227e-07,8.389393785774171e-07,695
0.00031332873634488365,0.0007647325111261858,0.18783890437448283,0.5506569651899685,0.2604260691880775,696
4.714547099985962e-05,0.0001291545677600823,0.0008148858834551558,0.062071127029927675,0.9369376870478572,697
0.00018845096248815946,0.0028426540548095675,0.9933632730420927,0.0036044260062524174,1.1959343572205338e-06,698
1.7302293998986304e-06,3.1795537559096584e-06,0.00010173677830741254,0.0004608199609155518,0.9994325334776214,699
0.0006108828690528387,0.2982359208837768,0.6394509669714782,0.06158044112961127,0.00012178814608078937,700
0.9998677704710959,0.00012343344222605463,7.583902945316929e-06,9.326371115748714e-07,2.79546621208879e-07,701
0.00023089465874607555,0.0020302027494562887,0.8072111191075473,0.190490684266097,3.709921815333126e-05,702
0.0006502074192208676,0.12498617663109446,0.8286670654136895,0.04563841730615763,5.813322983756423e-05,703
0.5654125535313134,0.4327901140572602,0.001507219023846789,0.00018347552515609325,0.00010663786242352997,704
0.39520816197526876,0.5955335651696954,0.008922823525684912,0.00016304977121618362,0.00017239955813492603,705
0.3540322246412442,0.595304114677463,0.049929509460497526,0.000675633783017414,5.851743777781115e-05,706
0.9995640239861622,0.00041618057732535516,1.5665074166185095e-05,3.1253768805692914e-06,1.004985465687875e-06,707
0.00017013728979363494,0.00021761591960027196,0.03018107658856566,0.9520433840398519,0.017387786162188428,708
0.7579947431526887,0.2394453773021942,0.002405870493863295,0.00011706219969511483,3.69468515586004e-05,709
0.145121669755226,0.8431358351141259,0.0113993679088999,0.0003307949931852926,1.2332228562957265e-05,710
0.04532214264221452,0.35656577513126064,0.5978475096753678,0.000200797063165821,6.37754879911568e-05,711
0.22281836984466946,0.7266719835973322,0.050293888789608124,0.00018692742208649315,2.8830346303657435e-05,712
0.26738013807800903,0.5197268619111006,0.2124121258896064,0.00043878951661899864,4.208460466500443e-05,713
0.5432613725270566,0.44260992600101845,0.013779858392268043,0.0002621384963899818,8.670458326686246e-05,714
0.0002669189449791781,0.001002544340754101,0.6320985364062752,0.36659153406592626,4.04662420653088e-05,715
0.0007469992651222372,0.24900703437173366,0.7494515262144492,0.0007899744386827603,4.465710012123246e-06,716
9.082172381141267e-05,0.00026389656784297556,0.058855917705202744,0.9343536665022807,0.006435697500862192,717
0.001590326504934353,0.0018805028952220536,0.21024862832488247,0.7641908407825136,0.022089701492447496,718
9.894492156146664e-05,0.00023592643417698112,0.02897953486144949,0.9667548451763608,0.003930748606451316,719
0.0001238412891451705,0.0035446797693923864,0.7088351391413313,0.28713765653208106,0.00035868326804998146,720
0.29037507008921176,0.6274148151410017,0.081820398810411,0.0003566122496837693,3.310370969174397e-05,721
0.365261378550137,0.6315882188055031,0.003064477607941051,8.309496194630888e-05,2.830074472445683e-06,722
0.0004925078165024276,0.2899786804233364,0.7089045429363424,0.00062166693216993,2.601891648806842e-06,723
0.9990911317295413,0.0007546957097784101,0.0001346101255073347,1.584456485559051e-05,3.717870317245237e-06,724
0.9936835766605018,0.006253300879501137,5.536479629366198e-05,7.09658347730914e-06,6.610802261094118e-07,725
6.873793951462544e-05,2.3298017239301684e-05,0.0020116345121848405,0.05403210295673884,0.9438642265743225,726
5.962984981084247e-05,0.00026758064143688035,0.9817244620182283,0.01794710912629692,1.2183642271778803e-06,727
0.0014450327108802689,0.004391919872193449,0.7553357856585836,0.21641516947137962,0.02241209228696294,728
0.44153657139097235,0.5472017690330969,0.01089746891687308,0.0002477835647696856,0.00011640709428782254,729
0.00012215457507504403,0.005208153499252995,0.6911602058976619,0.30339340144731564,0.0001160845806942261,730
0.025519586412725653,0.6328736791597868,0.33761434408489105,0.003942042091097485,5.034825149907974e-05,731
0.012717298237137378,0.9451561834517893,0.04207103473426911,5.4082951025123475e-05,1.4006257791221502e-06,732
0.002113333316714841,0.24709376793286078,0.723587151650504,0.027151348305216594,5.439879470385508e-05,733
7.733057608548301e-05,0.0001298313915727836,0.11066034610996063,0.8870216720439019,0.00211081987847925,734
0.00039076427033613124,0.045442309833728364,0.9470157737721138,0.007147732137394893,3.4199864268940043e-06,735
0.00027984574145922033,0.0004615836621111627,0.007158567135943428,0.8528353776940196,0.13926462576646664,736
0.0001321779196752676,0.0005522198469490047,0.8134617904391124,0.1858272735958389,2.653819842439223e-05,737
0.0002661233768407312,0.0006386085786807377,0.31959277614699655,0.6789814021550206,0.00052108974246132,738
0.8680144581121552,0.13029172943238582,0.0016692514786863732,2.2796598866824725e-05,1.7643779058415205e-06,739
0.0006796518458952758,0.049822947639944,0.9454980811760698,0.00399651150903735,2.8078290535568224e-06,740
0.00013741277729045024,0.003872558500237716,0.8808800401767822,0.11509951228785376,1.0476257835829934e-05,741
0.03385736923916368,0.5033356660842208,0.4618976146359229,0.0006079094361768723,0.0003014406045158435,742
0.9995697713760834,0.0003232091604549869,0.00010031856284054525,5.377288805914315e-06,1.323611815275792e-06,743
0.00010515696620364513,0.00022133347239997907,0.020928877771918618,0.5273837031458218,0.45136092864365596,744
0.07414692571820952,0.9089422459043526,0.0165927442922277,0.00026408583394160355,5.399825126865183e-05,745
0.04980796388697087,0.9288012882096988,0.021186503734616367,0.0001920944200365417,1.2149748677413852e-05,746
0.0012901358036836994,0.822132686594855,0.17557717420190183,0.0009970132900156492,2.9901095438892164e-06,747
0.013720655733635711,0.3851767751981121,0.6006580218575313,0.00032046971674940563,0.0001240774939714754,748
1.5591880707191317e-07,6.946643296530172e-07,1.3678237121755165e-05,0.00025505469854528287,0.9997304164811963,749
0.00013412868669765982,0.0001857855124465233,0.003898030170641854,0.8480319245334872,0.14775013109672672,750
0.0002621593661627173,0.6292918409377689,0.36947585684828815,0.0009666631505441614,3.4796972360408986e-06,751
0.9998105793989106,0.0001744836342351203,1.3278827346611445e-05,1.1566184829110964e-06,5.015210247541908e-07,752
0.00016697709736392333,0.002052962977926534,0.9272833747596037,0.07049111815885306,5.56700625279283e-06,753
2.346020520687906e-05,4.414178234954523e-06,0.0004789745433678122,0.005026831061750586,0.9944663200114399,754
0.0041074611456422445,0.9307315278574941,0.06499923719384534,0.00015899601225061324,2.777790767525186e-06,755
0.06193028269628174,0.9286196426052322,0.00939379113275377,5.447776162211135e-05,1.8058041100604909e-06,756
0.00046056871118680336,0.8746530528622516,0.12466395842265152,0.00022020561506856705,2.214388841440781e-06,757
0.7163582159872866,0.2832002739754576,0.0003884484496595326,4.553823495378333e-05,7.523352642438831e-06,758
0.9997576815009724,0.0001895989654898182,4.538034715956588e-05,6.942768493503746e-06,3.964178847451673e-07,759
0.9994515151744409,0.00047349786177393354,6.044671548022495e-05,1.3175386881913785e-05,1.3648614230873022e-06,760
0.999786647092936,0.0001886425546507281,1.908985231192442e-05,5.374064470467243e-06,2.464356309238339e-07,761
0.9947972325053216,0.003794383343439319,0.001360248912345905,2.6625577234111438e-05,2.1509661659046455e-05,762
5.389260399292612e-05,8.850626512053045e-05,0.0011313336461942526,0.9966488890999594,0.002077378384732982,763
0.0374048354238095,0.9363895245165945,0.025030386294817575,0.0011678677353914929,7.386029387035961e-06,764
0.6476417916019528,0.3474115554558843,0.0048547464185387254,7.839788134647886e-05,1.3508642277781666e-05,765
0.00016810388115798099,0.0002248793082556301,0.14490599693324396,0.8546876132495193,1.3406627823125929e-05,766
0.9995423479273242,0.0004353449952536503,1.760458697314424e-05,3.487846339377027e-06,1.2146441096231539e-06,767
0.204106240584612,0.7280474743044293,0.06649093086969497,0.0012858974143995325,6.945682686426363e-05,768
0.002588450294381011,0.8370752700090346,0.16025001634621988,8.468790202649726e-05,1.5754483379571e-06,769
0.00014259924518155112,0.011871943387853114,0.9878397911110905,0.00014467469635472656,9.91559520107693e-07,770
0.01151330463315937,0.9623559166428202,0.025890117149990892,0.00022344321426839885,1.7218359761222593e-05,771
0.00035440784443296946,0.00032624012490398396,0.35009918010052293,0.6490257101066692,0.0001944618234707781,772
0.0001103246499933381,0.0004302880977324751,0.2776052894148779,0.7218046271350996,4.947070229657989e-05,773
0.9995336537465223,0.00044187600044626825,2.1841964657965517e-05,2.5273435472298687e-06,1.0094482644483866e-07,774
0.00017507995067927063,0.11219729304888856,0.8875117871337569,0.00011490283762042887,9.370290549792006e-07,775
0.023923899937973305,0.7877066487010782,0.18768066631886934,0.0006708163444392446,1.7968697639984174e-05,776
0.9627083236917425,0.03716108215743928,0.00011493963831311514,1.3435660806138865e-05,2.218851699025423e-06,777
0.00016714961111119613,0.009391534851075948,0.9759713655017113,0.014461899136394679,8.050899707039148e-06,778
0.0004502247768305094,0.0010484701973178343,0.4435655738621406,0.5499767949292,0.004958936234510871,779
0.00035083936682465245,0.0019441250304681429,0.9337997523019471,0.06390069880991203,4.5844908481381635e-06,780
0.988181247303276,0.01166649654259474,0.00014082205474528182,1.036984750270501e-05,1.0642518813767295e-06,781
0.36645471166241644,0.6130925685785736,0.020291985972559462,0.00014562171350537088,1.5112072945132441e-05,782
0.0001124708113660576,0.0004114197351402241,0.06985808561134549,0.8804261466135264,0.0491918772286219,783
0.0005409711822302585,0.08416152057531803,0.8731759324233289,0.04200222195264881,0.00011935386647399707,784
0.00038244591351253843,0.0011977988125649796,0.5139184584855087,0.48273620385107946,0.0017650929373345039,785
7.293474224265265e-05,0.0001435140082285564,0.003941489491282554,0.09874093710476581,0.8971011246534804,786
0.00322615038527937,0.8847497122148225,0.1119524381798807,6.917411501252034e-05,2.5251050049058307e-06,787
0.0003986687045701335,0.0006062905128305047,0.07675646481353307,0.8494025148219781,0.07283606114708811,788
0.001006917745030795,0.8024281256201498,0.1960596459164487,0.0005009764986310921,4.334219739639981e-06,789
0.03558313899160094,0.8914626657339145,0.06918758237647168,0.003740225597490364,2.63873005224554e-05,790
0.00021548556425856044,0.09680084570279092,0.9023775737737363,0.0006022382322952957,3.8567269186879384e-06,791
0.00026553998196210594,0.0023765359183428223,0.9648313232291766,0.032524510836100876,2.0900344174912547e-06,792
8.461158435238256e-05,0.003521031579738958,0.9957888794353111,0.0006046012228458689,8.761777516699439e-07,793
0.9997184308237987,0.00026311460807880183,1.69225196129143e-05,1.3107001199352003e-06,2.2134838960826065e-07,794
0.0014328523144331283,0.9834147014484224,0.014214436615616144,0.0009349201273154397,3.0894942130161393e-06,795
0.028550893008027,0.8768872262887589,0.09071038268434468,0.003785744323402021,6.575369546738109e-05,796
0.12149873420594648,0.851369742715271,0.026876122468310976,0.00024984475685688775,5.5558536146016535e-06,797
1.3027048131212746e-05,3.6155742184142007e-05,0.0036005421998738197,0.2926262752881025,0.7037239997217084,798
0.9789363101095905,0.020925094340122165,0.00010099756367458189,2.912326420069502e-05,8.474722412188139e-06,799
0.000267486320182793,0.0008464415547157205,0.43672255768840407,0.5620101700424305,0.00015334439426691182,800
0.569235213846184,0.41630673594093803,0.014303048527195845,0.0001397480144755703,1.5253671206584695e-05,801
0.0004974908786619089,0.974534214640826,0.024776037176190712,0.00019155192727383498,7.053770472567793e-07,802
2.5385630483004067e-05,3.951386856263034e-05,0.12242772280373271,0.8775003693360588,7.0083611628990755e-06,803
0.16507222994467058,0.8303359094386773,0.004296582513219311,0.0002897544638526358,5.523639580149237e-06,804
0.0002533407737998096,0.04400080126406508,0.9514258902401206,0.0043062137065417805,1.3754015472777933e-05,805
0.0003393933576510207,0.0002040973310618441,0.14813064474873472,0.8329443992306166,0.018381465331935888,806
0.005786815664944103,0.5034716176239937,0.48888737412516436,0.0018456152488862,8.577337011794398e-06,807
0.11402846806403133,0.3754828752912722,0.5086726227390839,0.001798319519310921,1.7714386301549787e-05,808
0.00018746423334335186,0.000649240957878301,0.30410789751992395,0.6949776588391202,7.77384497342476e-05,809
1.4838569549154486e-07,4.4360771247627265e-07,4.4145880548778015e-06,0.0001722453634614101,0.9998227480550756,810
0.48276547784620905,0.5161604002510923,0.000967870845442733,8.139449330224065e-05,2.4856563953673485e-05,811
0.9994734209772416,0.0004998030147405714,2.3340726290841976e-05,3.103520151326339e-06,3.3176157567836237e-07,812
0.9997047307944072,0.000277407905204462,1.3063201669035003e-05,2.4202017942753417e-06,2.37789692495547e-06,813
0.5980794364955272,0.3999542589924731,0.0018644173267896031,8.398880106884386e-05,1.7898384141157306e-05,814
0.024465416253076057,0.9150236406318266,0.060146415360153936,0.0002741342429441589,9.039351199930962e-05,815
0.027154762618011263,0.951252107600256,0.02151658393885924,7.466177184114447e-05,1.8840710323139056e-06,816
1.2399628409633979e-05,1.6547065931969932e-05,0.00024050217675596376,0.0054612900689634935,0.9942692610599388,817
0.0005106548233888446,0.0017300701145618713,0.9807983287459981,0.01694841139031062,1.2534925740552448e-05,818
0.0001611385647002719,0.09966115266802737,0.8988065465924471,0.0013607027583061788,1.0459416519072011e-05,819
0.006331318402338066,0.9858105631824448,0.0077145307622204645,0.00014036812800638306,3.2195249903542826e-06,820
0.9865104207908504,0.01318848666055239,0.00029141760122499365,6.18423304512934e-06,3.4907143269963847e-06,821
9.314550828089943e-05,0.00018625492416748522,0.04540248195163192,0.9322555181890021,0.022062599426917674,822
9.378167288697214e-08,3.787243205750523e-07,4.569824771708781e-06,8.35699754745941e-05,0.9999113876937601,823
4.949468913088487e-05,9.770941475761947e-05,0.014632503354953055,0.939950820198961,0.04526947234219746,824
0.7917676621337146,0.20390513484559453,0.004242409061204977,6.088508037923598e-05,2.3908879106667506e-05,825
0.00018159251642249145,0.0006040980449462951,0.10623517113494137,0.8926193501240116,0.0003597881796783343,826
0.290177076234667,0.7027691800598289,0.006958344799333674,9.217117843950483e-05,3.2277277308674973e-06,827
0.6567221608711705,0.3152910949938394,0.02778702720460116,0.00015917682124800414,4.0540109140860874e-05,828
0.19304057208818987,0.8048584337268203,0.0020562576673008337,3.6177781744354616e-05,8.558735944724751e-06,829
4.1113921871919443e-07,1.0765869027858417e-06,1.1446897628385441e-05,0.00017462041075498727,0.999812444965495,830
0.9997739296375808,0.0002131205481158997,1.0740136335077314e-05,2.123943813577372e-06,8.573415456178836e-08,831
0.9995307527456185,0.00045184691033730765,1.566767130056157e-05,1.4100831340951951e-06,3.225896094083135e-07,832
0.0007745013732693218,0.3897949834355329,0.6093300242501207,9.9046188156638e-05,1.444752920361752e-06,833
0.462018819230502,0.47547855342297113,0.06207864885124505,0.0002912212056995924,0.0001327572895822027,834
0.09558204783369365,0.8019169558194841,0.10068440395926168,0.001715401492975703,0.00010119089458470622,835
0.9992447563337802,0.0007418243242220521,9.894602682852663e-06,2.942514903733191e-06,5.822244110966524e-07,836
0.0002102332365426976,0.036204913261433186,0.960236676842972,0.003320628585894339,2.7548073157679955e-05,837
0.7444714650672078,0.2349969838482166,0.019899037445833503,0.0005680205267908352,6.449311195124335e-05,838
0.9369141737609136,0.06274657516841005,0.00032582574386117846,1.0539421699980645e-05,2.8859051151807884e-06,839
0.00021760145016333862,0.0014803644890094194,0.8827594437045192,0.11553566491486662,6.925441441120489e-06,840
0.1793751799459809,0.730060070562853,0.08573650062463886,0.004544433743375909,0.0002838151231514541,841
8.430351093729702e-05,0.00010572869113735987,0.04991933841977804,0.9331281186377591,0.016762510740388262,842
4.8759034761707854e-05,0.00012993463811386896,0.1267906630584435,0.8729067832174835,0.00012386005119760347,843
0.6062781614408813,0.3925466421006055,0.0009499873672375149,0.00015939334240613298,6.58157488694399e-05,844
0.0010887002647659912,0.9325136159298715,0.06625308872250306,0.00014150519765164995,3.0898852076928934e-06,845
0.00014781711856818732,0.0005204544311365347,0.9918322267513308,0.007497918213824148,1.5834851403898506e-06,846
1.8527310814308014e-05,5.268032485388758e-05,0.02355785256718458,0.9760936421729631,0.00027729762418407706,847
0.5248367626121249,0.46947724801431,0.005482704117800418,0.00013907699452801405,6.420826123667616e-05,848
6.9665477646821895e-06,3.213858911680508e-06,0.00017146670579099244,0.002263704353574995,0.9975546485339576,849
0.05640477711043943,0.9346303123218969,0.008868808580876773,9.349504407809484e-05,2.6069427089152563e-06,850
0.0009553573511289279,0.26458524643622183,0.7332379196402191,0.0012109660472268385,1.0510525203317249e-05,851
0.00021757961350630755,0.0004694231610596998,0.010548148091819282,0.9653402267228495,0.023424622410765365,852
0.036186573909128515,0.954121318649673,0.009533766374002998,0.000156009357754446,2.3317094409884764e-06,853
0.9997445223456106,0.0002431572890637627,8.084075439769263e-06,2.970981243468444e-06,1.2653086424196707e-06,854
0.00023578445123947166,0.0037462077712232715,0.6401639286635753,0.35582020874246834,3.387037149362804e-05,855
0.0004121908591905066,0.0004524034381218186,0.4500630300768151,0.5490039140360997,6.846158977280959e-05,856
0.0002468161153148713,0.02413299911080074,0.9707120023451623,0.004902120938730973,6.061489991108767e-06,857
0.0012072942516805154,0.759219409739176,0.2365789022751928,0.0029876277706062564,6.765963344524339e-06,858
0.00034181896714801063,0.0738697613387428,0.9225426836861503,0.0032353853614096816,1.035064654916832e-05,859
0.999572108052367,0.0003951347293366822,2.8993677472929567e-05,2.852338927687633e-06,9.112018957252919e-07,860
0.29168296294597096,0.6400739744540662,0.06791979296332973,0.0003053287099471577,1.794092668583914e-05,861
1.3748659389233016e-06,3.1046811849447607e-06,2.8853546929770526e-05,0.003926022000498441,0.996040644905448,862
0.00012664072645391313,0.001294590487351948,0.9968771508839123,0.0017000406119887742,1.5772902933070856e-06,863
0.6831872997834617,0.3083244735305686,0.00831776573359571,0.00015525699422247002,1.5203958151494787e-05,864
0.9995605421882308,0.0004023871218582417,2.9744095340396336e-05,5.889427981324142e-06,1.4371665891176143e-06,865
0.38336543197267553,0.608598935522601,0.007946861038552227,8.426165694455122e-05,4.509809226754443e-06,866
0.00018395398398413158,0.0005099591039291723,0.17449450699043417,0.8246022385397456,0.00020934138190694318,867
0.0413858591564901,0.9445899910109865,0.013895339524696654,0.0001272573646730922,1.5529431536635859e-06,868
0.4412430841132465,0.5389315062858031,0.019649014415557123,0.0001639337875398321,1.2461397853513856e-05,869
0.0002088956086573444,0.044778095638697814,0.9523369757876132,0.0026684799004296203,7.553064602123772e-06,870
0.055570460428699106,0.7547150711504951,0.18897046615794416,0.0007331919772152115,1.081028564642146e-05,871
0.0023128764582996905,0.39455177710533273,0.601705903262141,0.0014229193681319073,6.523806094589776e-06,872
0.0015172839022814838,0.049579815800986735,0.9483783692290502,0.0004411978356043724,8.333323207747347e-05,873
0.0009850514345685255,0.23304214012882601,0.7509814243624167,0.014961838869730851,2.954520445791999e-05,874
0.0007389707578168395,0.004670194396104566,0.9796435025300012,0.014935338996538788,1.199331953868048e-05,875
0.000945096547200271,0.37133387693502234,0.6267994840942188,0.0009160160345860778,5.526388972390436e-06,876
0.00012621221249147944,0.0117315803073022,0.9827804956409503,0.0053508877863826815,1.0824052873451551e-05,877
0.9989758684473784,0.0007378485585956397,0.00020465857471660062,7.012274097625199e-05,1.1501678333085402e-05,878
0.0001514551066923168,0.0005120905498459517,0.5941843957496559,0.4051220531453552,3.0005448450625506e-05,879
0.004365817236622306,0.9397362635386497,0.05570551664782457,0.00018858133278849024,3.821244114970349e-06,880
0.0002005605478386424,0.012908174057423399,0.9868487628997105,2.856197544019983e-05,1.3940519587288524e-05,881
9.08177236246852e-05,0.00025454101283935534,0.018488754997456842,0.5681393337161609,0.4130265525499183,882
0.00025849916022668856,0.27372456492961605,0.7242716454687682,0.001741356681330595,3.933760058485554e-06,883
0.9979213479724679,0.001930246515389595,0.00014159595232144954,5.652948888720416e-06,1.1566109324296284e-06,884
0.00019293476446717957,0.01627067102444464,0.9832723906257217,0.0002625465646950265,1.4570206715819482e-06,885
0.0001685973751407257,0.000601403898075716,0.9187799650898917,0.08043917671177997,1.0856925111849153e-05,886
0.0002795412409096551,0.0006892560800681724,0.17984381750148104,0.8190888958914495,9.848928609158441e-05,887
0.644103827778329,0.34271705621200604,0.013092468510460475,7.032158411216401e-05,1.6325915092308143e-05,888
0.9989266053217909,0.0008218993601940422,0.00020952175096236,3.9009835483671835e-05,2.963731568964503e-06,889
0.00019054065815492783,0.0011101926468952857,0.9609040163948738,0.03778923719485211,6.013105223766446e-06,890
0.0012432655237831708,0.3452078390748214,0.6499765328453185,0.003563691944204475,8.670611872407782e-06,891
0.9985954439444431,0.0012909184843569663,8.82701870728375e-05,7.486747315364343e-06,1.7880636811582055e-05,892
4.000728800943883e-05,0.00012528295997840831,0.0025808203167988907,0.2873147049906267,0.7099391844445866,893
0.000160333099561606,0.00042546391940868195,0.0038380719239970314,0.9954848579518852,9.127310514751953e-05,894
6.70477426581068e-05,0.00046729449166525326,0.9638142173262813,0.03563357525960677,1.786517978853295e-05,895
0.13399199236062265,0.8512068353603153,0.014604969972884818,0.0001229791540254557,7.322315215182498e-05,896
0.09039044283788192,0.8736549251034162,0.03565204559557691,0.0002056312144581186,9.695524866687555e-05,897
0.0008285849121014603,0.0018630952680605644,0.507569218034222,0.4746210935282108,0.015118008257405146,898
6.246248387835272e-05,0.00019614955325549365,0.01336091522176543,0.9859316897829766,0.000448782958124214,899
0.00013838682173497436,0.00028178042571623356,0.8894975705977359,0.11007497350097332,7.288653839590041e-06,900
0.9998441716455764,0.00014290310120170844,1.1031507126815752e-05,1.333098618607479e-06,5.60647476458697e-07,901
0.00012817974779954968,0.00032496237054703564,0.9282938277866204,0.07120335309137762,4.967700365532342e-05,902
9.141364405748832e-05,0.0004700102477474777,0.992304851671402,0.007129212269679208,4.512167113797504e-06,903
9.00162029742725e-05,0.0002481384107417086,0.009988279811639094,0.17476761579966205,0.8149059497749829,904
1.027478412722664e-06,4.575264467510904e-06,2.095199306998428e-05,0.0004164274329595726,0.9995570178310901,905
0.0015017190022017604,0.41740905926239413,0.5803566328786233,0.0007222088095642047,1.0380047216528939e-05,906
0.00027248614061940973,0.0020674412905544474,0.956531206181223,0.0411264272520601,2.4391355431002785e-06,907
0.0011335568367571245,0.455669878907958,0.5426208205338228,0.0005708948824963122,4.848838965910537e-06,908
0.00021721316921078927,0.01501970300761885,0.9759134150871944,0.008846255365685347,3.413370290651413e-06,909
0.1271990946578623,0.568023022908539,0.30396431416957637,0.0007480474417890919,6.5520822233219e-05,910
0.000524072598212612,0.646007724618517,0.35319170809380473,0.000273682368193814,2.8123212718428235e-06,911
0.03182115693165242,0.8433222688446345,0.11038912795611389,0.014216849965322562,0.0002505963022769326,912
0.9486149470668266,0.04777681191091117,0.0034539387608993654,0.00015022022854177433,4.082032821057123e-06,913
0.0014314361080487263,0.41319526748712565,0.5847938602886752,0.0005748764828507779,4.5596332996529905e-06,914
0.0007264217901185898,0.03795558566221036,0.9243646735438855,0.036938801685168166,1.4517318617465145e-05,915
0.9331389084791955,0.06574663710087096,0.0010943630190807698,1.8997377912171423e-05,1.0940229406249714e-06,916
0.0013918254211341176,0.000567765204460243,0.5823220904836341,0.4133604637057755,0.0023578551849959654,917
0.014231004486812132,0.46183510906462005,0.4359942974706302,0.0878208282026526,0.00011876077528511227,918
0.9991368611135831,0.0008265880024117817,3.160268002367122e-05,3.6930089724391226e-06,1.255195009018731e-06,919
0.0010880326082054633,0.2658053570244466,0.6896686368458387,0.04332507201198635,0.00011290150952313277,920
0.9991023592977273,0.0007605580828293842,0.00012714287472862423,8.508189473804021e-06,1.431555240816437e-06,921
3.050233743730357e-05,9.595346210148228e-05,0.007053644044913222,0.5220712030524811,0.4707486971030669,922
0.8743307604681727,0.12400224278305683,0.0013015832081923313,0.0003474157265472973,1.7997814030923076e-05,923
0.1575347913785047,0.8351646051027085,0.007111380130643221,0.00014875438159652388,4.046900654715907e-05,924
5.896987542761211e-05,0.0001964397094694669,0.06399138590234944,0.7965617394679698,0.1391914650447836,925
0.0003037798399019776,0.006131091751615574,0.35484162100371297,0.6375481073587025,0.0011754000460669424,926
0.728705567985394,0.26284164200950033,0.008254034199631676,0.0001217530141138044,7.700279136019683e-05,927
0.00056828588268587,0.6913104904328092,0.3076949066897066,0.00042061367442817934,5.7033203699967475e-06,928
0.0009856200582717578,0.7292770539022635,0.26638430782467304,0.003316401720228687,3.6616494562959504e-05,929
0.9994191324925807,0.0005519531884731962,2.2644126420737762e-05,5.089108472212723e-06,1.1810840528973994e-06,930
3.6893646018827565e-05,5.124791361748635e-05,0.00037472815428378156,0.1021899124486301,0.8973472178374499,931
0.001726627141476003,0.18421077406787886,0.8138774985210271,0.0001573725065220988,2.772776309606562e-05,932
0.00016117907077708792,0.0008055469003328758,0.8868408075152379,0.11215721533582321,3.5251177828793525e-05,933
0.0001756691126171705,0.0025639046716098473,0.9703540605642189,0.026900798909655438,5.566741898626658e-06,934
0.9990722654213501,0.0008721829419826353,4.658074635486107e-05,4.562326770130417e-06,4.408563542153534e-06,935
0.0004260922056778842,0.05861963009254101,0.9399885148591117,0.0009620404712919947,3.7223713773215087e-06,936
0.29454145654745645,0.4119762022497473,0.293049795453477,0.000336553664920652,9.599208439864625e-05,937
0.4970437580159155,0.4761892609293542,0.0266590249922141,0.00010121660213579649,6.739460380444982e-06,938
0.0019497742445937344,0.9171995212520025,0.08057440246510711,0.00027313316538637815,3.1688729102795484e-06,939
0.127624867011303,0.790222123477179,0.08128693285188661,0.0008486718305890905,1.7404829042318487e-05,940
0.00015253362887943578,0.05901905543873291,0.9407279904229142,9.966745829529686e-05,7.530511781554951e-07,941
0.037459749802142256,0.5712313889380585,0.3905723855553969,0.0007233372371134156,1.3138467289013804e-05,942
0.9818924080508127,0.01792192198244523,0.0001725644685038158,9.545399998301508e-06,3.5600982399005155e-06,943
0.06098690358108179,0.7492928164603164,0.18693452000077268,0.0027526561650150403,3.310379281402732e-05,944
0.9814118620274691,0.018493800890248612,8.21020329171071e-05,1.0763749441924808e-05,1.471299923291369e-06,945
0.00018000469293491718,0.0004964464626126606,0.019567709472867557,0.5002262455523317,0.4795295938192529,946
0.999571200033189,0.0003813103497537776,4.241912828611109e-05,2.8001307356266357e-06,2.2703580354120542e-06,947
0.00011547754687842463,0.0001726608966114665,0.08055689296847504,0.9191046064510189,5.036213701609387e-05,948
0.00015446303402694614,0.010991207081286992,0.9750017990010713,0.013844077653563418,8.45323005134137e-06,949
3.7621524036360276e-05,0.0001580707766996536,0.010249819396169353,0.41293022821497605,0.5766242600881186,950
0.11625946714469941,0.6312504766990986,0.25174900811687895,0.0006033380094307378,0.00013771002989224385,951
0.9977545322464614,0.0021539187328888103,8.333314892376167e-05,6.693944110500333e-06,1.5219276154981122e-06,952
0.0002591043818156361,0.0004432371311097203,0.0936441596034185,0.8755913768794532,0.03006212200420314,953
2.624960029820236e-05,9.046308762331823e-05,0.03783107232786403,0.9619863661263441,6.584885787040318e-05,954
0.998931477303176,0.000994926428720011,6.26360754197026e-05,7.991795411681285e-06,2.9683972726260116e-06,955
0.0002447301196681712,0.0025812335829901085,0.9795612413868631,0.017609256646311033,3.5382641675721197e-06,956
3.922129888049508e-05,0.00010255778245537561,0.03238430612696288,0.9663691640552077,0.0011047507364935164,957
0.00016185403945240704,0.0033641643619121636,0.9901380567723782,0.006326196337202765,9.728489054434345e-06,958
0.9988001586947807,0.0010491409078006908,0.0001426510443657888,5.192280187089885e-06,2.8570728656387914e-06,959
0.7731707758551106,0.22430875845853512,0.0024007285206935963,0.00011250707015145862,7.230095509045756e-06,960
0.6442765767879226,0.3468014723929796,0.007549754362412879,0.00122407968348012,0.0001481167732048418,961
0.9997085852318938,0.00027348722744038607,1.4980038977498474e-05,2.1034288653925117e-06,8.440728229331499e-07,962
0.9998720806335248,0.00011210563299982705,1.374550674119066e-05,1.472295219204132e-06,5.959315150484975e-07,963
0.014355983831449915,0.6005434665184882,0.38297785275230556,0.0020595636190599126,6.31332786963391e-05,964
0.8079051078868785,0.1914935040621889,0.0005897346718311785,1.0379646792142697e-05,1.2737323091329388e-06,965
0.00014161450898286963,0.0003279846684649863,0.4853211979342499,0.5141190550318826,9.014785641967764e-05,966
0.2428732986583116,0.7505209774303483,0.006539087500132436,6.222003593400208e-05,4.416375273615517e-06,967
0.000361572471467612,0.0006251044073263936,0.6261182361493728,0.3727261523445798,0.0001689346272533786,968
0.9994685459259799,0.0004975032917221686,3.181407228523642e-05,1.7746813631996643e-06,3.620286494871217e-07,969
0.8668731717568228,0.13118794357397778,0.0018659459185467048,6.214620517292925e-05,1.0792545479685312e-05,970
0.20555709965851712,0.7781090494862369,0.016273050980805566,5.570831691928682e-05,5.091557521032651e-06,971
0.0001956541936491911,0.00040302956410597217,0.4490637111964012,0.5503301868610618,7.418184781903971e-06,972
0.020420873039004327,0.9633747021696006,0.015647561044478304,0.0004936198405083296,6.324390640843246e-05,973
0.0002496315462247664,0.000411474728288106,0.15959314305827715,0.8395319328684934,0.00021381779871659096,974
0.0063786658867551384,0.9764536172228521,0.016765165543379517,0.00039927902866521397,3.272318348053674e-06,975
2.2647391951047133e-06,8.371504002983957e-07,4.985519504119297e-05,0.00036945675461519476,0.9995775861607482,976
0.999899595502041,9.733111606117585e-05,2.3082962990101833e-06,7.077625283638941e-07,5.732307045334141e-08,977
5.112240105745266e-05,0.00018018675275843172,0.012757388701016259,0.6902158942839302,0.2967954078612377,978
0.0006938566166395134,0.7097151704545418,0.2332249459574629,0.05627312964749881,9.289732385690314e-05,979
0.999308452685382,0.0006373844072800987,4.479648366578112e-05,9.066630600724432e-06,2.997930712315295e-07,980
0.023639717568959544,0.9142268099752343,0.061005330052777376,0.001122363911456319,5.778491572525709e-06,981
0.5224971049640936,0.44477143074542536,0.03262795715450746,8.427981407753201e-05,1.922732189601255e-05,982
0.9994099884979881,0.000520029701170529,5.913779968439122e-05,9.540360728756971e-06,1.303640428059964e-06,983
0.8590839447591213,0.13762270989050215,0.003208705305211108,7.146935231652258e-05,1.3170692848898702e-05,984
0.0004650162600849418,0.0014132236282804141,0.012087057297862842,0.8985334665476591,0.08750123626611277,985
0.9011971893848612,0.0856986621448485,0.012428504434012912,0.0006309737600787367,4.4670276198660274e-05,986
0.9985819023140339,0.00116037914266712,0.00024194257794094275,8.79641064098935e-06,6.979554717076958e-06,987
3.864617092087664e-05,9.425669251081573e-05,0.035768305324787496,0.9640886974302203,1.0094381560534553e-05,988
0.9985368377939491,0.0012024757599996764,0.00024111053124539726,1.7562556629382407e-05,2.0133581763915808e-06,989
0.9705403866895793,0.02889444658275745,0.0005314666440843399,2.9071975377132604e-05,4.628108201947431e-06,990
0.9985799700634059,0.0012207050804593108,0.0001853334422616652,1.1820769040759021e-05,2.1706448323562333e-06,991
0.00044742844310965535,0.02994942249076283,0.9685991144116107,0.001001867516916387,2.1671376005131724e-06,992
4.992005960554429e-05,0.00015224833987576375,0.0013196067387801131,0.998441292170494,3.693269124458076e-05,993
0.02078667542596629,0.6014059596802876,0.377610529617436,0.0001266448725176285,7.019040379248566e-05,994
0.0014147802488525768,0.9009141591382106,0.09757458524837753,9.417511888353336e-05,2.300245675849392e-06,995
5.034056538863296e-05,0.00039225486078496954,0.07384689279105684,0.9252460734542101,0.0004644383285593356,996
1.1974802022278538e-05,1.341349045096343e-05,0.0007541095278490016,0.01795303071149316,0.9812674714681846,997
0.9310595161050468,0.06865512480238037,0.0002267576330170019,5.543025756144968e-05,3.171201994288191e-06,998
0.7966679213789958,0.20264379784823783,0.0005901829598630564,5.4883456727769756e-05,4.321435617558086e-05,999
0.9996433749429883,0.00031136731291734915,3.827941388559785e-05,6.266368703735742e-06,7.119615051761402e-07,1000
0.5211664601701658,0.47644293666649384,0.0023548002828894937,3.1871970096715733e-05,3.930910354314575e-06,1001
0.9997096418535604,0.00024110308291456313,3.665337770874611e-05,1.2187964474876685e-05,4.137213413357852e-07,1002
0.9082357750781208,0.09126016929637794,0.0004884022309940148,1.4148216321953108e-05,1.5051781852406895e-06,1003
0.001378443003103142,0.003880427781818323,0.04733522943286698,0.8002496041837805,0.1471562955984311,1004
3.943075737179227e-05,0.00015476423960964183,0.009802818515923472,0.9634557434332581,0.02654724305383687,1005
0.0001432489283552583,0.007106871480443089,0.8394941047429155,0.15315640875162895,9.936609665722352e-05,1006
0.9962380261107023,0.0036962343624054378,5.732943008149216e-05,6.190650939560812e-06,2.219445871041177e-06,1007
0.0007593352664665591,0.9034786786557488,0.09567241790014394,8.868660887786043e-05,8.815687628518778e-07,1008
0.00012802575043236076,0.00034184723914289954,0.05505673313148739,0.9419719990894737,0.002501394789463683,1009
0.9993280265333553,0.0006386201168805912,2.7103670240995863e-05,4.2955432120724716e-06,1.954136310984714e-06,1010
2.1981492072245443e-07,1.0740974184606184e-06,6.42241754265335e-06,0.00015646638499521023,0.9998358172851229,1011
0.7930064175986086,0.20616450571145323,0.0008194494207034015,8.505830712657162e-06,1.1214385221831435e-06,1012
0.5080656206550245,0.48430032403414564,0.0072633963616381995,0.00022415726409264419,0.00014650168509898115,1013
0.3782882936241988,0.6150327425335829,0.006590783165378697,6.848372383815909e-05,1.969695300152057e-05,1014
0.00015462606580802872,0.00030130998178137016,0.993859184126519,0.005677340136650723,7.539689240827047e-06,1015
0.0034564482047215795,0.7118275316462197,0.27922579612004067,0.0054833012654975765,6.922763520585871e-06,1016
0.9438416138837085,0.05551126365923662,0.0005780469985593496,6.202966523475378e-05,7.045793260925514e-06,1017
0.000900318309416347,0.6329197915077363,0.36562230309087035,0.0005515858791300509,6.001212847031794e-06,1018
0.0002109304304575089,0.8910231391679204,0.10841850593670328,0.00034375912940952684,3.6653355092631213e-06,1019
0.0003568888608533968,0.0007384344547156053,0.8420754449367257,0.1568050282928734,2.4203454831989473e-05,1020
0.9987600980258924,0.001061698131524792,0.00016129947684903305,1.3173967055885607e-05,3.7303986778560535e-06,1021
0.00025117958304357726,0.00045616387686322254,0.5014638760410863,0.4978233481488655,5.432350141300316e-06,1022
0.0006891740145109987,0.000643175090884999,0.9131687552433873,0.08548594387131599,1.2951779900709196e-05,1023
0.33338856592119875,0.6591113892088417,0.00717078306215137,0.0002875580881570327,4.170371965097972e-05,1024
0.9988856946169875,0.0010141280978866515,8.897818545756798e-05,7.5808463554412364e-06,3.618253312689288e-06,1025
0.0007322780499208214,0.3685157213777893,0.6047628711683055,0.02588361752736732,0.0001055118766170417,1026
0.7692242044239108,0.22681956251021806,0.0037270640428949723,0.00022171457099185446,7.45445198431247e-06,1027
0.7802038223940447,0.2168258061819459,0.002612849999204216,0.0003201684335232673,3.7352991281912624e-05,1028
0.0005689859762895649,0.0233699686636561,0.9758624030959417,0.0001512012820192362,4.744098209328961e-05,1029
6.308637006571182e-06,2.511690470804555e-05,0.00018138928843725973,0.014915876660382599,0.9848713085094655,1030
2.3537661746273462e-07,1.2200500854028962e-06,4.662312285286829e-05,0.0003326236603938608,0.9996192977900504,1031
0.00011716073663076649,0.0021191846019011297,0.9966005228391506,0.0011618475034629954,1.2843188543649413e-06,1032
1.0079547166455225e-06,3.348618564599483e-06,1.3472622167899688e-05,0.0009098574278983698,0.9990723133766524,1033
0.007408399716287098,0.7179252112580524,0.2743575580369032,0.00014261185385110533,0.00016621913490615239,1034
0.20704306137363337,0.7688375522596295,0.02323728083239742,0.0008351321111865438,4.697342315322129e-05,1035
4.8346440097463126e-05,0.0005421230017507021,0.05652303727649851,0.9426860852202681,0.00020040806138526683,1036
0.9984201130112134,0.0012414465285132345,0.0002783692968709704,5.8138543709388626e-05,1.9326196930539116e-06,1037
0.0001209692876500817,0.00048816419500519496,0.0057623802807892175,0.9834207394727926,0.010207746763762949,1038
0.9998538303580435,0.00013647157592978486,7.460660734373478e-06,1.421134060076854e-06,8.16271232068962e-07,1039
0.0008372030297343243,0.7662566104016789,0.23242537945362626,0.00047808506091477556,2.72205404572261e-06,1040
0.0005150211717884406,0.003085116316979713,0.810685602522379,0.18545514958819526,0.00025911040065767696,1041
0.03134320205430191,0.9097167676615108,0.05862440124715782,0.00030276587477166497,1.2863162257793407e-05,1042
0.0002218823405900792,0.007943977089575779,0.9693012269681495,0.022527876532529315,5.0370691554632114e-06,1043
3.8471553611942765e-05,0.00012437237149588154,0.013970397324462858,0.5836331595511066,0.4022335991993227,1044
0.00034367251652829626,0.0045351759773387,0.9802658531907898,0.014847795564055164,7.502751287980187e-06,1045
7.697891702646702e-07,1.1878792520765966e-06,1.248053835251166e-05,0.0003210915769596705,0.9996644702162654,1046
5.5706486928023084e-06,2.172996800693931e-05,7.285079114788104e-05,0.002220143946863627,0.9976797046452888,1047
7.156644987178008e-07,2.7718982204034346e-06,0.00010955146671123316,0.0015284179398462462,0.9983585430307234,1048
0.000154602321680693,0.0005615779825591813,0.9042019855105167,0.09507205327284794,9.78091239544935e-06,1049
8.386883514796817e-05,0.020101824718176883,0.9777201236423902,0.00209068343658319,3.4993677016182103e-06,1050
0.9991487113400911,0.0007206443095172021,0.00012090277566034446,5.730145829190275e-06,4.011428902163212e-06,1051
0.9993274885302921,0.000615473175952538,5.105622486218104e-05,4.7835967875653154e-06,1.1984721056841116e-06,1052
0.010165655352014698,0.9847836796593729,0.004910567952396054,0.0001374426680996861,2.6543681167100393e-06,1053
0.7715523734095553,0.22347567520946146,0.004805777555596329,0.00010845495180582907,5.771887358099092e-05,1054
0.9996792933826322,0.0002965979375784761,2.0748256449471564e-05,2.567359832146363e-06,7.93063507781378e-07,1055
5.116543815862676e-05,0.00010421781213377583,0.10477533714570955,0.8945744032042275,0.0004948763997705372,1056
0.36452194861470943,0.634737113389727,0.0005448635306218111,0.00014385542611110958,5.221903883058451e-05,1057
0.6200257661849531,0.3679393500351472,0.011375309527337046,0.000622681450529775,3.6892802033021185e-05,1058
0.0002546346898205673,0.0008411040317807622,0.008419660965433446,0.9227876044978043,0.06769699581516106,1059
0.00016198228420479156,0.0003552956388757738,0.2336313471061069,0.7644103558069432,0.001441019163869472,1060
0.9996292509268494,0.00033375586318071064,2.9142513264944157e-05,7.534949944700573e-06,3.1574676034170945e-07,1061
0.93021873124479,0.06908856041332229,0.0006422568603191257,4.056155184208023e-05,9.889929726493062e-06,1062
0.2691356597597781,0.7228728327679029,0.007849229331814287,0.00013793814587883098,4.339994625752946e-06,1063
0.3194659111360294,0.6715370054271246,0.008837924467725546,0.0001273798606176378,3.177910850278355e-05,1064
5.937355935669225e-05,0.0005255561410188667,0.9963278000902303,0.003085882769121141,1.387440272912648e-06,1065
0.00021673931174120338,0.08346425096210504,0.912728515733721,0.0035863202843053666,4.173708127511634e-06,1066
0.0003630603455916667,0.9477981727172766,0.05147752031699694,0.0003593713530144916,1.8752671202713292e-06,1067
0.00011502657209966341,0.0004721629931055519,0.3162500170414935,0.6831595947931146,3.198600186611697e-06,1068
7.85537864039144e-05,0.00044911103838444913,0.6480943186262014,0.3513393168330803,3.8699715929952925e-05,1069
0.5020418443759773,0.4906377917902994,0.0072478405848844605,6.602560906041021e-05,6.497639778293647e-06,1070
8.578449971055962e-05,0.000896936665044103,0.8857082480211365,0.11330125225324209,7.778560867023749e-06,1071
4.955900586339753e-05,9.955985449657507e-05,0.06915555081668968,0.9303710003047886,0.00032433001816175276,1072
3.0479124560692267e-06,1.1059688343439167e-05,0.00074345968218173,0.023442296315583575,0.9758001364014351,1073
0.9997913579255112,0.0001942198831776151,1.1913442733560719e-05,2.385989172005879e-06,1.2275940550258656e-07,1074
3.2476195997587726e-05,0.00011522540235197332,0.010565484906930721,0.9891148435407814,0.00017196995393832442,1075
7.0530839815376276e-06,8.814146465757825e-06,0.0005032917990127168,0.004533778957822339,0.9949470620127177,1076
0.3530869384894779,0.6407334990447204,0.006043690022808267,0.00012243205405088593,1.3440388942644439e-05,1077
0.00023803905994873603,0.0011867013925047159,0.8393411045752833,0.15921436879785386,1.9786174409429847e-05,1078
0.00013841343924509878,0.0005124335665077455,0.18040138874332903,0.8186613668913229,0.0002863973595952934,1079
0.998993533817581,0.0008569871880753077,0.00011926276840939233,2.8168060737728485e-05,2.0481651965343534e-06,1080
3.957869844645575e-05,0.00010306957988611943,0.006895865566064363,0.9929153155655601,4.617059004303856e-05,1081
0.06702853310062336,0.9257211675065588,0.007161888921557909,8.070819375015757e-05,7.702277509803379e-06,1082
7.489491843791955e-05,0.00015234001602490292,0.30010133396262917,0.6995358586686258,0.000135572434282233,1083
0.9990586699586249,0.0008811845295621321,5.1369784973195876e-05,5.444862995424209e-06,3.330863844325717e-06,1084
0.00020137973180937954,0.0009581166156869471,0.09480720759050437,0.9039910843863875,4.221167561165814e-05,1085
0.0001235529527006152,0.0002611616281002145,0.39226345861029793,0.6072180760709172,0.00013375073798408505,1086
0.0001121916271846142,0.00023659882843868929,0.039094146059008926,0.9566513223823175,0.003905741103050214,1087
0.00019188621788144265,0.00034785961101917244,0.09430118794437506,0.9049857051735575,0.0001733610531667148,1088
3.0444882633708077e-05,4.727716724961364e-05,0.0015859259881384116,0.05681888808488593,0.9415174638770922,1089
0.0006275561990845789,0.26052097320459355,0.7387175487113221,0.000131977607589252,1.9442774106028166e-06,1090
0.9995879236029799,0.00038987780427281784,1.876941308410854e-05,2.2670488845055228e-06,1.1621307788145961e-06,1091
0.0001339082402170843,7.00956094396472e-05,0.006378227285373553,0.26413341792950046,0.7292843509354692,1092
0.9999300587348905,6.61216048571749e-05,3.6321645446694545e-06,1.6062189735338023e-07,2.6873810202986167e-08,1093
0.0001732892372305248,0.47071202595346706,0.5289747175397956,0.00013630930015056362,3.6579693560507192e-06,1094
0.3679706512130491,0.6242239872857029,0.007757912023498015,4.255128545107419e-05,4.8981922987992296e-06,1095
0.00019385244575716523,0.001117144323942771,0.5296037602760174,0.46902845896974954,5.678398453301874e-05,1096
0.10307300086035547,0.843428571901447,0.05309985510763471,0.0003795163103484544,1.905582021432267e-05,1097
0.9988814104280103,0.001065548583901906,4.153144631004859e-05,7.433330214437218e-06,4.076211563498489e-06,1098
0.00015106747267847653,0.00032776292147338,0.13781431469042754,0.8589647958264092,0.0027420590890114556,1099
0.0267732131317008,0.840478080513295,0.1325821821872013,0.00012652713602628974,3.999703177666245e-05,1100
0.9996643368289295,0.0003023254510922599,2.832022487414229e-05,4.7521969513632616e-06,2.652981528734993e-07,1101
8.094663184803512e-05,0.00022958693181635768,0.009051330189177783,0.88425155145218,0.1063865847949778,1102
0.6546411438543882,0.3412847000774355,0.0032472302114266724,0.0007837797898468168,4.3146066902827974e-05,1103
0.9322463371452201,0.06738338640129461,0.0003461151990446747,2.3583573308192177e-05,5.776811324797627e-07,1104
0.9993754958947874,0.0005783882773489765,4.277759064632418e-05,2.1188307720041574e-06,1.2194064453644398e-06,1105
0.9986003032396564,0.0010538497993689664,0.0002667071545642731,7.673961699919551e-05,2.400189411403022e-06,1106
0.9995788053023457,0.00038484781470210185,3.170014138924266e-05,3.246859778125804e-06,1.3998817849508643e-06,1107
0.8509157046801308,0.14830254800245085,0.000762216519122418,1.6617148511498296e-05,2.913649784484499e-06,1108
0.0023904081124849763,0.8900433137119557,0.10658859301387591,0.0009738637261647812,3.821435518588385e-06,1109
0.9991780684542457,0.000762362201454493,4.7906845240123944e-05,9.464022613344543e-06,2.1984764462949527e-06,1110
0.9989487085694352,0.0009518315739871726,8.865766617640479e-05,8.040786335867985e-06,2.7614040654440547e-06,1111
0.9285557431426181,0.07105184780307408,0.00032720967537431405,4.823172601721624e-05,1.6967652916350724e-05,1112
0.00011391488327504744,0.02888755072255052,0.9691925949079726,0.00180340154420249,2.5379419993640517e-06,1113
0.0020591015762738587,0.9573150708268925,0.04052627274716422,9.683820497428579e-05,2.716644695112997e-06,1114
0.0014549565268693048,0.7203067290501033,0.2777094513401708,0.000519917438608025,8.945644248516988e-06,1115
0.8008146746888398,0.19854439791758224,0.0005910691709249212,3.703118349383335e-05,1.2827039159295648e-05,1116
0.00013691117732986903,0.00036032410148918964,0.021084338651186148,0.9704208405344487,0.007997585535546154,1117
0.0001682805253549639,0.003196068862969855,0.6243068434634983,0.3722794784432203,4.932870495662359e-05,1118
0.20686783944831016,0.46707472015954987,0.3257440093187037,0.00025932476093662053,5.410631249964003e-05,1119
0.00017131551371569044,0.0008143563046901668,0.04773363746385073,0.8656506200628792,0.08563007065486414,1120
2.5931211661950784e-07,1.0192375778711337e-06,7.596684323769465e-06,0.00021155002258754877,0.9997795747433941,1121
0.9995026273999876,0.00043694645350352056,5.4536860800566306e-05,5.461593096595933e-06,4.276926116268997e-07,1122
0.9979648971775251,0.0018107353552864632,0.00021267672418797727,7.589443356267429e-06,4.101299644242414e-06,1123
9.8939590971973e-05,0.017897543590122956,0.9813550350675545,0.0006462499145634333,2.2318367869957522e-06,1124
0.0032830061840229364,0.16021798228262418,0.8354539992847572,0.0007559781451232538,0.00028903410347249725,1125
0.998926042961115,0.0009673126326606516,8.569685120612558e-05,1.8428551224933578e-05,2.5190037933673146e-06,1126
0.9996204583920291,0.0003572332857776335,1.8710607281708765e-05,2.7821404239185126e-06,8.155744876417337e-07,1127
4.748916437868242e-05,6.498830305055875e-05,0.0005437348894600429,0.07978711369866082,0.9195566739444498,1128
0.9893042969949152,0.010588798819411088,9.910515685240243e-05,6.20757439073086e-06,1.5914544305177303e-06,1129
0.0005491030082028338,0.04690883466265001,0.9524242176168599,7.325925751424315e-05,4.45854547728421e-05,1130
0.00029434999395365675,0.0007847973393473791,0.7045450014017275,0.2941594481324908,0.00021640313248069495,1131
0.0009886543531100272,0.5257060612282365,0.47290709878771564,0.00039165383476327836,6.531796174723911e-06,1132
4.6016435422227694e-05,0.00015716639164525928,0.0015170484408514636,0.17923382334746238,0.8190459453846186,1133
0.0005224550169160958,0.002528062310782453,0.14184517950022843,0.8527808730487066,0.0023234301233663853,1134
1.6281099039963387e-05,4.770549184810953e-05,0.0002479372970989156,0.012020657701347675,0.9876674184106655,1135
0.0006148611090432443,0.6489899246592532,0.35010361171416376,0.00028796019748357233,3.642320056118504e-06,1136
0.00018499317223398572,0.0006252505613019299,0.8996305149454946,0.09955429531668306,4.9460042864219955e-06,1137
3.630659117298788e-05,8.861959051134574e-05,0.004104546287231893,0.067030491861753,0.9287400356693307,1138
0.000165104901573117,0.008636092244738812,0.9902016277713113,0.000995614698271543,1.5603841052621044e-06,1139
0.9993378597130288,0.0006487193473283398,1.1855425143350892e-05,1.348950490590056e-06,2.165640090921899e-07,1140
0.0728051225275855,0.8999968929242895,0.02665597593783135,0.000521756268386875,2.0252341906822145e-05,1141
0.9995915261179338,0.00037938812522344206,2.5241182129181875e-05,2.897990063590494e-06,9.465846499138442e-07,1142
0.00015104167477464353,0.0001283146270302952,0.9940016864081548,0.005714701571366601,4.255718673728185e-06,1143
0.001609067572548753,0.8595459217655546,0.13875607471710016,8.79172128612957e-05,1.0187319353425467e-06,1144
0.9995540562322326,0.0003538123045382858,8.387274089014009e-05,4.792630355115885e-06,3.466091984063128e-06,1145
0.9996015411305283,0.0003829367827225546,1.3838122026650376e-05,1.5998761655428267e-06,8.408855698434621e-08,1146
0.25340176012416527,0.6266539947726448,0.11966610967991029,0.0002484791590211571,2.9656264258428828e-05,1147
0.9993064922090719,0.0006528209820076506,3.3169539584801354e-05,5.215005046958807e-06,2.302264288703244e-06,1148
4.263360854679054e-05,0.0001814477682268724,0.055852505675146144,0.9424872730823003,0.0014361398657800014,1149
0.9995262049744366,0.00044035487706196473,2.8474575757691878e-05,3.4847865673617912e-06,1.4807861762468825e-06,1150
1.8954835259651014e-05,2.2096937711054608e-05,0.017954478122367924,0.9819969426044572,7.527500204141802e-06,1151
0.8257261263277957,0.17355547414842587,0.0006092046640193778,9.994756479821269e-05,9.247294961042241e-06,1152
0.00931614811734499,0.2746008373806147,0.7124877861665811,0.003580385077062342,1.48432583967942e-05,1153
0.0003699986834358654,0.4691275391258703,0.5300074343152377,0.0004908182024366519,4.2096730195102e-06,1154
0.0001348773751857195,0.000543826252529398,0.07687280437343158,0.8556497792543445,0.06679871274450885,1155
0.9994678211867928,0.0005079112569289574,2.088800444196143e-05,2.570770618420483e-06,8.087812178965453e-07,1156
0.0006140951135173816,0.012321535978438481,0.9841986715389488,0.0027870582974526097,7.863907164270608e-05,1157
0.9997486548361042,0.00023117632483744236,1.7311546454618945e-05,1.847344237867e-06,1.0099483658873276e-06,1158
0.00015471392740974279,0.6185126333391671,0.38107862702763545,0.00025252521872791113,1.5004870598278098e-06,1159
0.9994955021689196,0.00045961765033924134,3.9916771253002776e-05,3.5079938412095917e-06,1.4554156468800106e-06,1160
0.00012014015518562451,0.0008130036363212508,0.9754374431891135,0.023623401892479808,6.011126899934515e-06,1161
0.7336009855419858,0.26380384969070425,0.0025528250988681076,4.0789817144157425e-05,1.5498512976686123e-06,1162
0.8544266895092025,0.1383681345813193,0.007050931755935958,8.598619506831312e-05,6.825795847390024e-05,1163
0.27316163965362533,0.7096945443531582,0.016951901824293826,0.00017940076104235565,1.2513407880235814e-05,1164
0.0001936222329646348,0.0005105269625552364,0.775806262580729,0.2234151513186282,7.44369051229117e-05,1165
0.015277725255448146,0.9698473760745759,0.01424669671348549,0.00043000219542328326,0.00019819976106689479,1166
0.999382320247005,0.0005761025479039765,3.6054542097171355e-05,4.723614657465041e-06,7.990483364757395e-07,1167
0.33964160564127305,0.6497595045605454,0.010272228557292653,0.00026070492843110576,6.595631245782726e-05,1168
0.99934312416387,0.0005421743808675544,0.0001092815677314248,4.681068056880081e-06,7.388194742162769e-07,1169
0.4550922079175588,0.5359776284232204,0.00884522876571767,7.241178029115856e-05,1.2523113212028374e-05,1170
0.0017013784322715668,0.776712713504847,0.22147636351119604,0.00010758347102914902,1.961080656188059e-06,1171
0.32600126392325335,0.6619902682115765,0.011712788885390775,0.0002822969048369132,1.3382074942413256e-05,1172
0.0003350793362580392,0.0012352118762550873,0.5408888033490663,0.45746809648200043,7.280895642015078e-05,1173
0.00030659269363164914,0.003696426423983732,0.02527298016470856,0.967724470182791,0.0029995305348851976,1174
0.9970819393115292,0.002510442999626987,0.0003823507656883291,1.0159025067088456e-05,1.5107898088608402e-05,1175
6.15663878807316e-05,0.00021123743722446204,0.05821906668282627,0.8125781252575773,0.12893000423449114,1176
0.9998626251096023,0.000129747793263787,6.3305552426365496e-06,9.495360733732791e-07,3.4700581773989313e-07,1177
0.43180761719253724,0.5663832790163814,0.0016491416656553674,0.00012172243829811561,3.823968712782637e-05,1178
0.00018515516392880152,0.0016741580387179666,0.16179511288567563,0.8360603506490069,0.0002852232626707432,1179
4.0333305336625173e-05,9.107544539648028e-05,0.1498228129116234,0.8500374962152474,8.282122396029282e-06,1180
0.9997470250539658,0.00023858338883855326,1.1903583416178216e-05,1.8810865582231312e-06,6.068872211510801e-07,1181
0.9995399596085667,0.00027777777549609507,0.00012755177874524494,5.069581860143813e-05,4.015018590520683e-06,1182
0.9179857209326379,0.08149424840895866,0.0005017117317916506,1.5400102480972586e-05,2.9188241307491002e-06,1183
0.9960489138368166,0.0014325217277228837,0.0020677506140103826,0.00042965959552967385,2.1154225920460824e-05,1184
0.00031221423809006476,0.0006928857843585273,0.0533530201301564,0.9224037531640787,0.02323812668331624,1185
0.0031628280822833922,0.742908772788032,0.25299890455525104,0.0009183053310868876,1.1189243346650902e-05,1186
0.6413238230356831,0.34909435326848665,0.009515551758331197,6.463211061997603e-05,1.6398268789388622e-06,1187
0.9997390240638786,0.00024341074226745773,1.428411208753425e-05,2.498090784496209e-06,7.829909819068322e-07,1188
0.07598888511530937,0.5531307677180758,0.3706512116409008,0.00015361833425759015,7.551719145651185e-05,1189
0.0005642341260175986,0.0012814018286914537,0.22967798222319286,0.7025910471938358,0.06588533462826221,1190
0.9997588472488814,0.00020740529398480403,2.9192028212108588e-05,2.4926121801721097e-06,2.0628167415462656e-06,1191
0.00019526235679686324,0.0007606270040126985,0.8887509061388682,0.11027596807147955,1.7236428842599495e-05,1192
0.9997054098751665,0.00028511169018201533,8.168019844876827e-06,1.067766950737749e-06,2.4264785589306704e-07,1193
0.042310850261014055,0.9421693171439548,0.015382794778322792,0.00013391759068618649,3.1202260222533793e-06,1194
0.3749290444816588,0.385437795682784,0.2385231115496626,0.001052758385718769,5.728990017565431e-05,1195
9.383741796417662e-05,0.00828116067240553,0.991314070235133,0.0003095702943262949,1.3613801709931051e-06,1196
0.03473251573481505,0.8820884979846934,0.08309325534088433,7.956139281218953e-05,6.169546795041114e-06,1197
0.07280299432375575,0.8852479683831413,0.04177153327639924,0.0001584608646470024,1.9043152056716902e-05,1198
8.784398579729554e-06,1.7723899764441697e-05,0.0005956400680802283,0.0359683990343897,0.9634094525991859,1199
6.681569609698216e-05,0.000193440724973585,0.017982695029500194,0.96395753232834,0.01779951622108924,1200
7.205971444550162e-05,0.00026853362564797554,0.0015852226668221863,0.4547741026154252,0.543300081377659,1201
0.9998202250560322,0.00016543312578539237,1.116720805791506e-05,1.6702559996033838e-06,1.5043541248556286e-06,1202
0.0008335102864234893,0.06529026219515136,0.933166648047725,0.0007055215018403491,4.057968859814063e-06,1203
0.00021991210056705816,0.0037887063292044902,0.9933505987416431,0.00263954388217075,1.2389464144144057e-06,1204
6.406610246015557e-05,0.01614073123952483,0.9815155272787086,0.0022766944835721278,2.980895734249288e-06,1205
0.9986018762136076,0.0010454097359965484,0.00033652399300668803,7.5508737799028345e-06,8.639183609264003e-06,1206
0.0004885836117759422,0.0008416212379215891,0.0769412188235086,0.9216232587956394,0.00010531753115431417,1207
0.00024913007375112,0.0021267134376925464,0.312023069226789,0.6855761282820753,2.4958979692058822e-05,1208
0.0001011034980817951,0.0002749193795870314,0.47880589259455447,0.5208084935985852,9.590929191516e-06,1209
5.356918761766099e-05,0.0002018607007096176,0.007760362399017545,0.918893804183863,0.07309040352879217,1210
9.267837696718358e-05,0.0009379446895736353,0.944075775215089,0.05488490799202912,8.693726340912156e-06,1211
0.08545564756045146,0.8354286903246985,0.07889590184061482,0.00020766757632324266,1.2092697912070904e-05,1212
0.019878858761246142,0.8561814552759237,0.11860985499609496,0.0052834708021145095,4.636016462052701e-05,1213
0.00010543896231332483,0.005240536192777789,0.8655124495080923,0.12912856217545948,1.3013161356992018e-05,1214
0.9997150324984483,0.0002529033118194151,2.4494922735458334e-05,7.195773618315869e-06,3.7349337836306174e-07,1215
4.23186664528393e-05,7.17658565523021e-05,0.00186617398416822,0.9979724219144265,4.731957840009099e-05,1216
0.00026976513691708367,0.0267571762368413,0.9725836566047918,0.00038809617660822196,1.3058448415760563e-06,1217
0.9747134363560643,0.02499494272836161,0.00027387969758623057,1.6453410605354103e-05,1.2878073824760089e-06,1218
0.9312420027961912,0.06588428710424989,0.0028341109807684716,3.387867475400768e-05,5.720444036462243e-06,1219
0.9621807269076793,0.037389775787179724,0.0004010354253634322,2.4022657080798512e-05,4.439222696718247e-06,1220
0.9413522778613415,0.05845808591588704,0.00018434369222114136,4.769760567116739e-06,5.227699832337184e-07,1221
0.5248865270331965,0.30485845084718644,0.16990065784684963,0.00022450867727900878,0.00012985559548838905,1222
0.9180953243454943,0.08154450050217228,0.0003056668482394157,3.074517511360044e-05,2.3763128980256667e-05,1223
0.9997006280104046,0.0002722755435556796,2.5276352074261143e-05,1.707481486071156e-06,1.1261247939577076e-07,1224
0.009614009657798885,0.07282208966365818,0.054050459576522346,0.8271602610957031,0.03635318000631751,1225
0.738693052330753,0.258803826874919,0.0024170128601061045,6.831915486984664e-05,1.7788779351877575e-05,1226
0.00012083402622225237,0.044608699031148294,0.955113577235419,0.00015494771790090268,1.9419893097632888e-06,1227
0.01346216436248939,0.46858270435167143,0.5174509233154831,0.0004934013873501309,1.0806583005788192e-05,1228
0.00016944306146275304,0.029578408056263057,0.9684415478845253,0.0018080276953378125,2.5733024110858247e-06,1229
0.00048771014034159406,0.001643209142156006,0.4236229428454422,0.5732067492812046,0.0010393885908556507,1230
0.0004999764041923798,0.06956357468893047,0.9125098494959797,0.0174128735789862,1.372583191119187e-05,1231
0.0017818899678403231,0.8451508281307685,0.1530000998959847,6.555058756037727e-05,1.6314178459346483e-06,1232
0.9473797985761891,0.05203911897762022,0.000540816568182454,2.606388823761859e-05,1.4201989770644979e-05,1233
5.015432008729829e-05,0.0003991161209920409,0.9795677038228898,0.019980349456679918,2.6762793508500564e-06,1234
0.0240737520412401,0.9001532771035434,0.07553495314012335,0.0002331454107198627,4.87230437337895e-06,1235
0.2698268505822292,0.47220242517385475,0.25596262260788344,0.001738246661333754,0.00026985497469884267,1236
0.002102360575461413,0.8877815327861269,0.10995479014492586,0.00015776992364414295,3.5465698416327686e-06,1237
0.20832142763078712,0.47303953710744384,0.31481977254342325,0.0033967393404235194,0.00042252337792225513,1238
0.018373880704326502,0.607373040293685,0.37372236029217304,0.00019594994166166054,0.0003347687681538367,1239
0.3500000110897854,0.6292592229330177,0.020553180277282288,0.00012926303610207284,5.832266381246121e-05,1240
0.00019234810857298769,0.0025842707234355663,0.13964245577261408,0.8575705940059384,1.0331389439048241e-05,1241
0.9996427571236313,0.0003258473671973348,2.9613195888454423e-05,1.5721842301293194e-06,2.1012905291759904e-07,1242
0.6777248513977517,0.31851231942583247,0.0036191851899250727,0.00013841563609958487,5.228350391029551e-06,1243
0.2736723385350147,0.7245164101979602,0.0016155276914748972,0.0001337447842408728,6.197879130942908e-05,1244
0.9998868711674065,0.00010674790447019481,5.127393976964821e-06,1.0193839836151807e-06,2.3415016260664248e-07,1245
0.9857199523573719,0.012945377913820156,0.0013187445856133722,1.5404527216003805e-05,5.206159785201259e-07,1246
0.00011045104973926459,0.00041934622602979787,0.9104881126838104,0.08896796335819206,1.4126682228497006e-05,1247
0.38521685156188973,0.6043932713051443,0.010131065588458103,0.00023800619117026232,2.0805353337544016e-05,1248
0.0007195141090416924,0.0018994413865629004,0.8206764289739518,0.1766206810819885,8.393444845512403e-05,1249
3.06216247962509e-05,7.412161295776554e-05,0.003954673641206033,0.3937513757125643,0.6021892074084756,1250
0.00024855508889657534,0.0009937157592135198,0.014078249000154941,0.9840606884138285,0.0006187917379064297,1251
0.9998556208064336,0.00012162972845193244,2.0120189603996207e-05,1.9684411251572822e-06,6.608343854709965e-07,1252
0.9998040780071111,0.00018902767579581748,6.070137783859311e-06,7.146495351326982e-07,1.0952977412541887e-07,1253
0.00023569169015457631,0.0008243835017499263,0.04219464447320296,0.9566383509334602,0.0001069294014325023,1254
0.9477929416964983,0.05201897239035812,0.00016231912495146613,2.238739322897869e-05,3.3793949631289437e-06,1255
0.0011407939110523566,0.7492271376397313,0.24898471010328588,0.0006443606463285371,2.9976996019241505e-06,1256
0.9997418537783327,0.0002477573008792141,8.70639200111873e-06,1.3386157006308036e-06,3.439130863371892e-07,1257
0.9996509687985242,0.00031868574391615315,2.73664927607088e-05,2.702281548504949e-06,2.7668325052963165e-07,1258
0.22841298778575903,0.7442189614498225,0.02668792091106647,0.0006631003244752455,1.7029528876702492e-05,1259
0.00024364169419672965,0.0006573448993805809,0.20111691382604818,0.7898485164342913,0.00813358314608308,1260
0.9951095986216837,0.004502474980018614,0.00035415860342858296,1.575058921373405e-05,1.8017205655378354e-05,1261
0.00019889557414406694,0.00026851033729699157,0.30326532704321824,0.6961850633628381,8.220368250266404e-05,1262
0.9998286485144732,0.00016065496128712608,8.953805239612383e-06,1.3604403881132582e-06,3.822786118475249e-07,1263
0.0002826675823100214,0.0024087079739024387,0.7118540149929474,0.285393838272194,6.07711786461081e-05,1264
0.00018524196519649502,0.00163099467252411,0.9951807305623973,0.0030014342074943965,1.5985923877404087e-06,1265
0.9995364422207877,0.0004271631078509006,3.30478418320684e-05,2.1966829336955207e-06,1.150146595502501e-06,1266
0.00015467979027933786,0.0007611573546279806,0.10829188227552604,0.8901888267630753,0.0006034538164913679,1267
0.01062683378220704,0.20844763033026106,0.7806345784231461,0.0002001468876150063,9.081057677090838e-05,1268
0.7719455024131697,0.22686917651689864,0.001078950957547117,8.625700046769133e-05,2.0113111916810338e-05,1269
0.00014509129423629714,0.04046829049749661,0.9583274346670759,0.0010567978538197976,2.385687371502647e-06,1270
0.00012401049264100338,0.00025506201304169605,0.981570651764039,0.01804749146832915,2.7842619493200926e-06,1271
0.000274700847712629,0.6206827176120935,0.37877310885285853,0.00026483995127231066,4.632736062993793e-06,1272
0.0003847042043979111,0.0017669960027532974,0.6506959100880587,0.34709233473633294,6.0054968457228764e-05,1273
0.0018719261042188576,0.08088776415019491,0.9118297146681116,0.005396819157754904,1.3775919719778305e-05,1274
0.00016210705109092472,0.030548275684171254,0.9688530174722763,0.0004355832467263518,1.0165457351500099e-06,1275
0.0002540693053257342,0.036671072504447,0.9627009533058452,0.0003729255480636913,9.793363184699128e-07,1276
0.996240474921121,0.003645764534762559,0.00010917216918141868,4.119418077137287e-06,4.689568579815086e-07,1277
0.07489433120224309,0.7053415908966078,0.21902107473102328,0.0006675423593009078,7.546081082495663e-05,1278
0.798177849728342,0.19907666325787043,0.002697091643626298,4.686253761859456e-05,1.5328325424739777e-06,1279
0.23064749413467753,0.4398094032873435,0.3292126137849388,0.00020580538777865168,0.00012468340526153868,1280
0.002076713891943802,0.4518205368490948,0.542373721011655,0.0037129622565143156,1.606599079183536e-05,1281
7.293512544500186e-05,0.00023592999171834512,0.0025720499490101156,0.9949083692497591,0.0022107156840675195,1282
0.0007961553390384224,0.000932753622910697,0.06149686516839785,0.934726289444141,0.0020479364255120555,1283
4.874315246872594e-05,9.501167570139654e-05,0.0027863136987624484,0.9960550691310383,0.0010148623420292045,1284
0.0003802651981202886,0.005776582928836023,0.5431872794595698,0.45062571362928516,3.015878418864053e-05,1285
8.959638093789054e-05,0.000578663377173034,0.7770359071426073,0.22227647655512853,1.9356544153339154e-05,1286
9.561423393431607e-05,0.00027526701826782507,0.032521898849638964,0.9664087986637411,0.0006984212344178998,1287
0.036444301998979536,0.5865021190150339,0.37651744658891334,0.0003093748496750206,0.00022675754739822095,1288
6.972999939285147e-05,0.0001401042581239456,0.008820699154651078,0.6711010188749934,0.3198684477128388,1289
0.9130571830734413,0.0867193359258692,0.00016853056157230205,2.9369784208926166e-05,2.5580654908343162e-05,1290
0.1227067895850847,0.670419781490084,0.20292569377006342,0.003931669294192825,1.6065860574914603e-05,1291
0.9996922037891398,0.0002873526030413789,1.618134245666642e-05,3.3349927767723055e-06,9.272725853645645e-07,1292
0.9997360203212853,0.00023669209008489515,2.4248052785211927e-05,2.693739797615639e-06,3.4579604678645076e-07,1293
0.0013495251623773816,0.9758460526271208,0.022754296098218257,4.9646023799941454e-05,4.800884834371426e-07,1294
0.12178695277410194,0.5721418793978065,0.305002342592724,0.0008761519877725039,0.0001926732475950697,1295
0.023523516266986472,0.7756134587624258,0.2003727283668304,0.0004794321481746161,1.0864455582687008e-05,1296
3.528621532012044e-05,8.166575848748084e-05,0.0012779515040397724,0.9981731572923509,0.0004319392298016944,1297
0.7968444081889142,0.2015916543183211,0.0014965963696903302,4.7267471753288784e-05,2.007365132103261e-05,1298
0.9995334003132038,0.00043087461215418794,3.1957946717724545e-05,3.6086124614517284e-06,1.5851546279185388e-07,1299
0.9676710220326854,0.032225231644536986,8.378254480918621e-05,1.3403674155152134e-05,6.560103813293655e-06,1300
0.00818000401024024,0.5457613150426331,0.4433186791311073,0.002676179794189027,6.382202183031498e-05,1301
0.9994358095909849,0.0005440553148555189,1.833795749803174e-05,1.5650538566512406e-06,2.320828049544864e-07,1302
6.689606136267997e-05,0.00015216102833918692,0.03168082405156526,0.9675998106529471,0.0005003082057856748,1303
0.9901561418836099,0.009516605170085249,0.0003137496997091513,1.0155942526546665e-05,3.347304069216635e-06,1304
0.0026277502259438633,0.856548959880586,0.1400885634055626,0.0007320733757171392,2.6531121902953507e-06,1305
0.0001940806145869889,0.0004227309432639709,0.7859301648744255,0.21343387956470156,1.914400302200358e-05,1306
0.9998417103057833,0.0001471663823668683,9.371062054302739e-06,1.3815203422771652e-06,3.7072945320884636e-07,1307
0.9685867064542861,0.03110481540819421,0.00026262029326323876,3.274298857739206e-05,1.3114855678865891e-05,1308
0.00019642707990210018,0.003501153161663775,0.49843053315479924,0.49782512820174896,4.675840188582571e-05,1309
0.00023551458326307367,0.01587088334089523,0.9835551044534647,0.0003362804762583352,2.217146118596937e-06,1310
0.09429721168864864,0.8922060204170013,0.013351255458209088,0.00013017999212522005,1.5332444015800813e-05,1311
6.63922382067785e-05,0.00018258585820692415,0.004848358138717203,0.9948197665485375,8.289721633144756e-05,1312
0.9810961416762277,0.01868571588254231,0.00018295654205164146,2.518036699623628e-05,1.000553218213805e-05,1313
0.042579483684239285,0.7921898322785748,0.16221515090973354,0.0029939261380441907,2.160698940827352e-05,1314
0.00015176856793660366,0.0004402721377371646,0.4527158903410956,0.5466754822236218,1.6586729608712656e-05,1315
0.0010355378048424884,0.28374198960865654,0.7150973853512241,0.00012319653123806876,1.8907040389212252e-06,1316
0.990579825148199,0.008536346801498104,0.0008712776938343653,1.1755677712731207e-05,7.946787557337048e-07,1317
0.00019770433695679183,0.00045237252453524893,0.14381260953380898,0.8545211734692858,0.0010161401354130543,1318
6.424540395000449e-05,0.000496708546041308,0.9971906107879922,0.002247527254490729,9.080075257700901e-07,1319
0.0007707280836564016,0.7472332255016824,0.2518314140288616,0.00016335024700150493,1.2821387981397849e-06,1320
0.019018100967655795,0.5466198140683782,0.4311730687859516,0.0031123670316617605,7.664914635268293e-05,1321
3.638550141470179e-06,1.8401661717686927e-05,0.0002289793668442348,0.017851909349326314,0.9818970710719702,1322
0.009910136462755483,0.9769965059990773,0.012302300579365178,0.000623669560277404,0.00016738739852473832,1323
0.00011460036081990517,0.003555547144021255,0.995150325989387,0.0011785113049738484,1.0152007979715786e-06,1324
0.00029539924811081305,0.0013220207928763411,0.6529212578515781,0.34543626066124766,2.5061446187080965e-05,1325
0.00015632434080579055,0.0010581349110354037,0.7715741785922837,0.22720323431793252,8.127837942514177e-06,1326
0.051680898957843724,0.8441436565893614,0.10324748403424241,0.0009150021793733635,1.295823917905777e-05,1327
0.0004947137903751959,0.19191762991555633,0.8031724642081679,0.004393171777888819,2.2020308011745926e-05,1328
0.00044652133584194086,0.6373139678291629,0.3605555783007709,0.0016619884256326614,2.1944108591547018e-05,1329
9.368031989150734e-05,0.0001461671913912252,0.9795684317217119,0.020185233230025718,6.487536979549614e-06,1330
0.9999054204112514,8.875052102543535e-05,5.467666010907532e-06,3.11343259288393e-07,5.005845288463425e-08,1331
4.858907249545797e-05,5.695797759342984e-05,0.006286827816893864,0.8526843407898849,0.14092328434313234,1332
2.2928819440259372e-07,1.1032583510026672e-06,6.126396679447208e-06,0.0001659478230153171,0.9998265932337599,1333
0.00018493509180935157,0.01375099385617944,0.9846759415786523,0.0013853792919775172,2.7501813812743803e-06,1334
0.9982924045210689,0.0015275952368058441,0.00016983914082461068,5.509828117598932e-06,4.651273182951173e-06,1335
0.4622985515548822,0.5359939048514534,0.0016515928643975012,5.4832962470092116e-05,1.1177667967925013e-06,1336
0.4163936416101219,0.581148884685104,0.00244090046733776,1.4746420256678906e-05,1.8268171797497292e-06,1337
0.021092662533335683,0.7601385856286662,0.21696082420782278,0.0017939176143294453,1.4010015846057788e-05,1338
0.9732501790644121,0.02618325508375381,0.0005540696001841549,1.168451825658706e-05,8.117333933999926e-07,1339
8.5204647584592e-05,0.0001937885417208648,0.03437664747934007,0.9095817883843201,0.055762570947034226,1340
0.7281814924661467,0.26636775903911314,0.00518145380183368,0.00023363981058442603,3.56548823220944e-05,1341
0.010419760655295342,0.7995394306989282,0.18945169331410036,0.0005825458226635207,6.569509012600911e-06,1342
0.9979960529603458,0.0017714364924061748,0.00017404538938872358,5.503233554641189e-05,3.4328223129487637e-06,1343
0.0002922820749479551,0.7576443350150461,0.24142203209290317,0.0006393332860575743,2.01753104522008e-06,1344
4.731223118952557e-05,4.810100024865822e-05,0.00185812534174255,0.03308277846985609,0.9649636829569632,1345
0.0001221021231308465,0.0003264246581178711,0.6861769350923098,0.313332067223776,4.2470902665448896e-05,1346
0.5909237040413163,0.4013929252239693,0.00751530857739253,0.00016407155042007978,3.990606901604103e-06,1347
0.07406200266867666,0.7013167135882433,0.22379372805502276,0.0006297867987917096,0.0001977688892654684,1348
0.999727490168873,0.0002407419838203392,2.4019225982882792e-05,7.506496402242439e-06,2.421249215352373e-07,1349
5.191345638888387e-05,7.189825012732582e-05,0.012180487573264568,0.8136980471911361,0.17399765352908303,1350
0.0001394424706377586,0.003501466167509787,0.980410380698601,0.015934303074535788,1.440758871552121e-05,1351
0.9999047662448757,8.291948501205143e-05,1.1513475574563372e-05,6.646431487433773e-07,1.361513890880015e-07,1352
0.48436304151749876,0.5128119941794331,0.0026870784409550826,0.00013383392785793388,4.051934255127015e-06,1353
0.9117222173075188,0.08698447042322652,0.001200366593122215,4.868536096499662e-05,4.4260315167681205e-05,1354
0.9993948357845713,0.0005653536193764879,3.6107989773714945e-05,3.3545951936221557e-06,3.480110847884096e-07,1355
0.13870046291934024,0.831976829988414,0.029074090070110414,0.0002082175285733179,4.039949356201602e-05,1356
0.00010205965074132723,0.0005593733061021612,0.732211815697075,0.26712025760747576,6.493738605621895e-06,1357
0.6663292075943504,0.3331979363874934,0.00034347984721584825,8.825572854947375e-05,4.112044239090501e-05,1358
0.00033125390544460584,0.0008016402949975073,0.11883973624894525,0.8797886272825005,0.00023874226811214258,1359
0.12484299820494882,0.8646490444314783,0.01030681661904933,0.00019608785841051585,5.052886113127783e-06,1360
0.8595678016943996,0.13753150185080515,0.002789619359243932,0.00010751505290758988,3.5620426437777932e-06,1361
0.022476358088598956,0.958040088927284,0.01922075427054567,0.00025827719778315065,4.521515788333022e-06,1362
0.4347429147519627,0.553090744520653,0.011511831019250535,0.0006283417672758731,2.6167940857966676e-05,1363
7.601869959385742e-05,0.00015633827656877556,0.9784240056400015,0.021341738087049276,1.8992967865167824e-06,1364
0.9998429359200077,0.00014717653218837028,7.849269484958226e-06,1.975348851279937e-06,6.292946761687285e-08,1365
0.9998008728479091,0.0001788407640642865,1.91859381382155e-05,1.033178396499779e-06,6.72714918460925e-08,1366
0.9994449471347249,0.0005357368197983487,1.694911540163356e-05,1.6189717842551092e-06,7.479582908198791e-07,1367
0.591471571652707,0.4053006679723919,0.0029733381238763214,0.0002092766240756662,4.5145626949233044e-05,1368
0.00027172746230502405,0.0060447467695363185,0.5460674200867892,0.4474911951884457,0.00012491049292375788,1369
0.001033080077403538,0.05395984035032471,0.9445045731642459,0.0004651722920410265,3.733411598480843e-05,1370
0.0009686676817890833,0.5458849895451909,0.4445786252170774,0.008550127659860223,1.7589896082351614e-05,1371
0.9997500164862009,0.00017812131790411514,6.693975239362213e-05,4.168796844762291e-06,7.53646656523708e-07,1372
9.484815261125166e-05,0.0001299996671377721,0.03995029836065412,0.9571476364910187,0.002677217328578165,1373
0.09258919789747592,0.8674380421033131,0.03852410928324785,0.0012663782165686565,0.00018227249939443786,1374
0.0005076599225265377,0.0007542563593988065,0.8253579476031219,0.1731587174221986,0.00022141869275421966,1375
0.8438238644532887,0.14798414793482292,0.0080725523035871,8.462254890998698e-05,3.4812759391296134e-05,1376
0.8523277987992453,0.14545791112143663,0.002146876109728596,5.085892230103325e-05,1.6555047288493427e-05,1377
0.999798634924933,0.00018244073933399943,1.4232233123740918e-05,2.9577926334043055e-06,1.7343099757159198e-06,1378
0.9998414577640474,0.00011600551270578119,4.050925180070342e-05,1.7876888683557501e-06,2.3978257776956604e-07,1379
0.14397447593829713,0.8310465820355392,0.024778812503528567,0.00019652443867542384,3.605083959725326e-06,1380
0.0007208190729708107,0.277141971796942,0.716735096970994,0.005395010457735402,7.1017013576816335e-06,1381
0.00042195780417696795,0.433550984020305,0.5652962919732459,0.0007286786746472432,2.087527624837153e-06,1382
0.0014957946445875053,0.22611302801562544,0.7721341121370374,0.0002542662509982793,2.7989517513933234e-06,1383
0.9992893258103234,0.0005990545921662833,9.969624492840959e-05,9.282867688360024e-06,2.6404848936463057e-06,1384
8.802879633684794e-05,0.00017788601651503889,0.7668796499022583,0.23285180365785982,2.6316270300470573e-06,1385
0.00010367477251940746,0.005302980499397187,0.9890668729486668,0.005524392609840755,2.079169575898789e-06,1386
0.007233139435477935,0.9469382920105469,0.04549616243314665,0.00033027190439137877,2.1342164372227435e-06,1387
0.03627867692763992,0.8098286089033329,0.15341204649195814,0.000470309229593878,1.0358447475240565e-05,1388
0.6888525544499245,0.304965872178332,0.0061128516530326495,5.495334438737127e-05,1.3768374323464006e-05,1389
0.9099791277336685,0.08746120140136578,0.002430101708254158,0.00012037406515447917,9.195091557006889e-06,1390
0.04492889393049845,0.8701746332061144,0.0844339486102963,0.00044809310292870223,1.443115016210811e-05,1391
0.9997694137434685,0.0002082408227515145,1.974389870946974e-05,2.1975329209872077e-06,4.040021494047128e-07,1392
3.998284269648361e-05,6.998449512100055e-05,0.0035475260390528686,0.14028016691415518,0.8560623397089746,1393
0.691526286874554,0.2263663453949541,0.08103243799756435,0.0009819200948388467,9.300963808877037e-05,1394
0.0032602824991598708,0.9293175350260607,0.06704609022182269,0.00037369725282383433,2.395000132801177e-06,1395
0.9963175055979955,0.0036579674186907885,2.0484585301780237e-05,3.304741420032177e-06,7.376565918148618e-07,1396
7.375919599928285e-05,0.00017784966620661063,0.011452298704457214,0.9828505006988706,0.005445591734466273,1397
0.9994299967464771,0.0005297596093576301,3.392788143639288e-05,5.472624911043024e-06,8.431378177571027e-07,1398
0.000775427739280197,0.005817166833020273,0.9503132543497959,0.04307997890798136,1.4172169922292604e-05,1399
5.371197554081533e-05,7.826631048772671e-05,0.0068616983886362615,0.3388982304514174,0.6541080928739178,1400
0.9598115046938431,0.03560134708673721,0.004540115055145202,4.4218367260849596e-05,2.8147970135192945e-06,1401
0.028131327083940883,0.5651980446570285,0.4053741620384813,0.0012847581058195929,1.1708114729687917e-05,1402
0.0004050515717444592,0.006554665344599975,0.9793836594351782,0.013654197649700096,2.425998777178388e-06,1403
0.0074497180397855535,0.9240184694075767,0.06352744069215652,0.004990503986819593,1.3867873661593609e-05,1404
0.0007229690741525463,0.0020492795952226335,0.42668539167252917,0.5704770979902526,6.526166784307256e-05,1405
5.465343966418897e-05,0.00010025508278860325,0.002653585409556532,0.9971659354898457,2.5570578144990934e-05,1406
0.00020300550865280992,0.0003729838266370114,0.013008045211074534,0.9143108051339872,0.07210516031964834,1407
0.6054829897410728,0.3900075301323709,0.004458861234552551,4.2987478686558775e-05,7.631413317095859e-06,1408
7.81056330788012e-06,3.802037741691279e-06,0.00029165181835436873,0.0012796050466586792,0.9984171305339375,1409
4.265103462386161e-05,0.00015649400867962247,0.019020671683490926,0.9799467430612948,0.0008334402119106611,1410
0.812236494183808,0.18173271162373592,0.005962414453279325,6.417508240180057e-05,4.204656774892927e-06,1411
0.00022060429965634334,0.0005282416591418706,0.8389793584858938,0.1602109673802095,6.082817509870538e-05,1412
0.00024258067015580487,0.00037210457092010584,0.16288167946551693,0.8346983781729287,0.0018052571204784647,1413
0.0001257762042062935,0.0020922310342853926,0.9772541230298369,0.020524171959212203,3.697772459352801e-06,1414
0.9990232240161863,0.0008888901627129469,7.966580449226267e-05,4.4288112369869665e-06,3.79120537148587e-06,1415
0.015747722528969856,0.9108021059992133,0.07252073474270061,0.0009215515448451755,7.88518427098151e-06,1416
0.00011781845309260482,0.00025697194534091665,0.9748066505695532,0.024815958864307826,2.6001677055789044e-06,1417
0.9981412089622201,0.0017100329498176037,0.00013488782479773468,9.068389418228243e-06,4.8018737462437795e-06,1418
0.00036587675149407916,0.0006933761018143844,0.12815227499435614,0.8638125693713643,0.006975902780971026,1419
8.233344103537573e-05,0.0002307615126393772,0.013512317689950546,0.6154423625504993,0.37073222480587537,1420
0.9996874490333262,0.00029098397591944815,1.660504387813207e-05,4.3176942076543686e-06,6.44252668613129e-07,1421
0.0011686823741664497,0.05386873093776129,0.882494408063771,0.06244732711474663,2.085150955462171e-05,1422
0.004382111888946988,0.22583552005061827,0.7585432899325121,0.011208437586986631,3.064054093616631e-05,1423
3.7724881404379163e-05,6.787403461930088e-05,0.0002461833571230527,0.12680540316413252,0.8728428145627207,1424
0.07553620340916681,0.6779681193420809,0.24561246661002953,0.0008656772636043903,1.753337511837181e-05,1425
0.012766668149809663,0.7605410902626876,0.22496662556686164,0.0017087053896680652,1.691063097297933e-05,1426
1.3525337730411552e-05,3.889314049826803e-05,0.01692870607182481,0.9830092641545999,9.611295346626853e-06,1427
0.08136224294938735,0.899345868854627,0.018241528107918938,0.0007585694950612398,0.0002917905930057439,1428
0.0003225286249325648,0.001621249127775148,0.00798814634467373,0.9703645370823629,0.019703538820255665,1429
0.9997084256301273,0.0002717048771043955,1.5698815203977345e-05,3.4476903835416572e-06,7.229871807566406e-07,1430
6.454384324689797e-06,2.1119431649772992e-05,8.859449198019523e-05,0.006221661020068206,0.9936621706719772,1431
0.9438221084773722,0.05529511610357061,0.0008302714456527111,3.350505741805017e-05,1.8998915986233342e-05,1432
9.030075301558417e-05,0.017917199176333064,0.9741922295329989,0.007796364273037694,3.906264614921207e-06,1433
0.0005495765939099087,0.10853872079768276,0.8675886521494627,0.023281688382423962,4.1362076520660944e-05,1434
2.0002635766688195e-06,4.119090643641451e-06,0.00010336253221045803,0.0037590646106897664,0.9961314535028795,1435
4.5978899028369985e-05,6.498426650365359e-05,0.03734175304017438,0.9614585262481379,0.00108875754615575,1436
0.023969876717904442,0.16788771354283985,0.8049086371294589,0.003215715348589239,1.805726120756991e-05,1437
0.0001626250582482387,0.022554354902529845,0.941017293435485,0.036099359322584366,0.0001663672811524637,1438
0.02309408110638676,0.8010842851452585,0.1752200406715136,0.00034103855889740036,0.000260554517943658,1439
0.00048715986242424,0.002580226177300002,0.8746548393027382,0.12226224785803874,1.5526799498874948e-05,1440
4.8411000045609405e-05,0.00010705932015124134,0.019024434223383742,0.9795671426616558,0.0012529527947635786,1441
0.0025940019512126094,0.2562852947817419,0.7388329059836897,0.002180119061135041,0.00010767822222069823,1442
3.2977862975352656e-05,7.545758612942355e-05,0.02658880693741677,0.9732767665411692,2.599107230911555e-05,1443
0.008023249217334652,0.5403241143864481,0.44962859451339254,0.002008010469927685,1.603141289697923e-05,1444
0.000200823010528351,0.00034518429591088196,0.005837642759467116,0.9934465917030675,0.00016975823102604717,1445
0.0573730511067793,0.9243848235289038,0.0181035293441828,0.00013327111957956025,5.3249005545850945e-06,1446
0.00014860597724101804,0.0019111587374607698,0.9905339439939009,0.007403975452284453,2.315839112938776e-06,1447
0.06335581632652053,0.7707420912376948,0.14942061308529167,0.016251907455396918,0.00022957189509618063,1448
0.00022598104677245523,0.009921336655610657,0.9744865849679225,0.015360461138887196,5.6361908070501475e-06,1449
0.44417972568217595,0.5486778960593538,0.006940000827263723,0.00019935466407857826,3.0227671278495723e-06,1450
0.00014539987916417258,0.0005029354075032227,0.23004870603457067,0.7690955421211743,0.0002074165575877139,1451
0.999800764620231,0.00017074607935690182,2.6512006172460112e-05,1.8768804603679446e-06,1.004137792821332e-07,1452
0.999538176330347,0.00038110512847940676,7.676465608412102e-05,3.4528553907963293e-06,5.010296985369251e-07,1453
0.3059169567610443,0.6907445585777822,0.0032237274981478685,9.586335985133941e-05,1.8893803174309155e-05,1454
0.934226764170169,0.06269568361192918,0.0029809173487526097,9.090929840112497e-05,5.725570748055987e-06,1455
0.29526520332419603,0.697008760825876,0.007671154174110152,5.3482014270686325e-05,1.3996615471321127e-06,1456
0.11281381009560487,0.8520165472094821,0.03365363422021316,0.001447080946528707,6.892752817143099e-05,1457
0.00018423782798785142,0.003265895672370666,0.9638372538797901,0.03269773875395412,1.4873865897250042e-05,1458
0.9997897912883392,0.00017530634733226526,3.191494291051305e-05,2.5094531159330514e-06,4.779683021481021e-07,1459
0.0001241598079193108,0.00027890853712011376,0.46860280532466925,0.5309646672484861,2.945908180510453e-05,1460
2.852839905032487e-05,0.00015895116368830846,0.01845134671489782,0.981309425101894,5.1748620469548306e-05,1461
0.9997717490146893,0.0002201939461765634,6.297594306649983e-06,1.2865211783767963e-06,4.7292364901534896e-07,1462
0.0014235320838899973,0.3969822252869673,0.6014305000817383,0.0001626726920505945,1.069855353868359e-06,1463
0.0015299424673926147,0.9381088430455042,0.060273556278283236,8.648382497456368e-05,1.1743838453164486e-06,1464
0.00012219789460973554,0.058004080915767656,0.9400172181828221,0.0018545390310648203,1.963975735722259e-06,1465
0.9988239774776284,0.0009568269916185246,0.00018860233976078625,2.9615106806764025e-05,9.780841853833486e-07,1466
0.0003002500136986252,0.16680589191238154,0.8246580380585838,0.008200959994231382,3.486002110455995e-05,1467
0.0004393167631041485,0.00016966919445667318,0.01453688716080096,0.3236433384978289,0.6612107883838094,1468
0.9998558502795485,0.00011745277546407419,2.536853927817647e-05,9.760100122029842e-07,3.523956973034727e-07,1469
0.6719507693412551,0.29398955522997733,0.03321633874645401,0.0008345976110718274,8.739071241807174e-06,1470
0.0005724104542344682,0.7778593797743089,0.22099939214166367,0.0005645255699161151,4.292059876849227e-06,1471
0.9785811303262599,0.02126479689212475,0.00013302387158358565,1.705830030002263e-05,3.9906097316210465e-06,1472
6.112300771278088e-05,0.000939555333003857,0.9916701164639526,0.007326230536950926,2.974658379835686e-06,1473
0.0001101175135004875,0.0013131821816493598,0.7548197800907253,0.24364953084893842,0.00010738936518636041,1474
0.00016370245459865776,0.07703511788819688,0.9197674307239889,0.0030312590352531274,2.4898979623129703e-06,1475
0.0001077421387164868,0.002910563632185372,0.9705768665966057,0.02639976743555003,5.060196942480814e-06,1476
0.002456087525229813,0.11326422726415308,0.6562863104256726,0.22777696198168504,0.00021641280325929843,1477
0.07593571539833618,0.8866207747952561,0.03659634914787433,0.0008324784253177453,1.4682233215542841e-05,1478
0.9070826656796939,0.09223272677223666,0.0006651818071561861,1.704916710856384e-05,2.376573804790904e-06,1479
0.0005880101071812614,0.0029018929212114505,0.01849953506578942,0.9353499963598271,0.04266056554599076,1480
0.8662907741719328,0.11375365991212823,0.01965510418803877,0.00028592047244804304,1.4541255452073001e-05,1481
0.019591378231513974,0.24970995684628933,0.245989316224623,0.39047356562772356,0.09423578306985021,1482
0.510335688513714,0.4832336426913802,0.006117063135787467,0.0003050004148873273,8.605244230935917e-06,1483
0.9997494919060561,0.0002162781359176953,2.9653848426876225e-05,3.687078059841679e-06,8.890315394527757e-07,1484
0.8043239837900085,0.19495774716972894,0.0006842375709947111,3.215626633871453e-05,1.875202928945297e-06,1485
0.0530553289313009,0.4535993070538125,0.4718880904588785,0.02139073768704901,6.653586895917404e-05,1486
0.0001234345726385023,0.004205698323555396,0.9902170081524935,0.005452282350414067,1.576600898671158e-06,1487
0.9983054273659192,0.0016321598253006206,5.1531641242912216e-05,9.334883444766351e-06,1.5462840924062629e-06,1488
1.5548115798107645e-05,5.1033531732394414e-05,0.012305244580104022,0.9848203894695086,0.0028077843028569078,1489
0.35021182914670335,0.5903113729882308,0.05804593879093704,0.0014056302263337356,2.5228847795273688e-05,1490
0.006486643021314917,0.02331821577740794,0.9697561856993367,0.0003038496587002836,0.0001351058432401313,1491
0.5794028915678583,0.41553232356410985,0.004559757187094309,0.0004096685855894208,9.535909534815795e-05,1492
0.8156270603497923,0.18365639087254051,0.0005707788476298243,9.769910162677018e-05,4.8070828410610345e-05,1493
0.9994080727882153,0.0005741853404055945,1.4570022771600844e-05,2.7636982449496924e-06,4.0815036267300897e-07,1494
1.797348999799413e-05,4.3258488709399126e-05,0.010381836398461816,0.9883730026473312,0.001183928975499449,1495
0.09829737182175174,0.8971862249845506,0.0039421867214548285,0.000516402463102848,5.7814009140273844e-05,1496
0.852181086823822,0.1452618081367174,0.0024661765075961904,8.304423691826479e-05,7.884294946060833e-06,1497
0.9997749378590237,0.00020846318411497756,1.3604611754086513e-05,2.032530829365013e-06,9.618142779114937e-07,1498
1.7753765956438138e-07,5.812559706497787e-07,1.8711009357326208e-05,0.00011203053685144294,0.9998684996601609,1499
0.0007497212007086478,0.8627852783899993,0.13621801859297306,0.0002461095210486552,8.722952704562612e-07,1500
