P_None,P_Low,P_Med,P_High,P_VeryHigh,RowId
0.9246478031239486,0.04476023120498352,0.02187138722990116,0.008281689552277788,0.00043888888888888884,1
0.11299711507618634,0.43364417173469816,0.32489104471723673,0.10405254669822783,0.024415121773651186,2
0.965125656663598,0.03118982958218252,0.0031613102910161735,0.00032969696969696973,0.0001935064935064935,3
0.00024456876456876455,0.008624708330884802,0.3127762522479241,0.6757896317047245,0.0025648389518977757,4
0.3695198500312897,0.48874096019287094,0.12414456643392509,0.013722193451543296,0.0038724298903710674,5
0.0031191308107097583,0.1269644539344385,0.7466655987906143,0.11241548633856688,0.010835330125670681,6
0.11624303003498056,0.21508987299071172,0.487052783169852,0.14120878792338826,0.040405525881067675,7
0.012738672985081651,0.2054153423414354,0.6252693747938545,0.14176053683502607,0.014816073044602454,8
0.5571335539578203,0.24105558750906447,0.1506928719754693,0.02878242482148055,0.02233556173616545,9
0.00532828307227688,0.15670862692828333,0.7014488641087155,0.12442598628237952,0.012088239608344872,10
0.8663641345513791,0.10938757666310302,0.014729515891744992,0.007844755799755802,0.0016740170940170939,11
0.8655598086141586,0.08863845602282136,0.019797103328388157,0.010586991896991896,0.015417640137640137,12
0.00840183213759065,0.08762515833152058,0.7086156254306408,0.17366874026386422,0.021688643836383772,13
0.0038338704432822083,0.03271365645362549,0.31633633275736994,0.6397214074745345,0.00739473287118798,14
0.003083823921176862,0.023351731014083953,0.4727036423243079,0.475823109381159,0.0250376933592723,15
0.004376462981462981,0.03466568775326616,0.15274134293429759,0.6935041741596972,0.11471233217127619,16
0.7849241450826439,0.19477345696443224,0.01563418283470915,0.003164232434232434,0.0015039826839826841,17
0.00015220074043603455,0.011118114553593754,0.14619107596872108,0.8219658767525082,0.020572731984741,18
0.07829951641581671,0.4454874948019033,0.42616703786880317,0.04345253630606839,0.006593414607408416,19
0.8600907102873048,0.1293145273594655,0.00972447120646811,0.0004361497326203209,0.00043414141414141417,20
0.9529395281406797,0.037513487891537425,0.008789508592916185,0.000583160800552105,0.00017431457431457432,21
0.48582650075586614,0.4717921731528967,0.0383183897138891,0.0033954265016029723,0.0006675098757451699,22
0.15509088947680555,0.5348724638042741,0.2570430285740793,0.04309150088301791,0.009902117261823145,23
0.8863694493861832,0.0874660382307751,0.020283027756557166,0.0056005322455322465,0.00028095238095238097,24
0.004200688298629475,0.097146757977145,0.7581965161481852,0.13495420718420995,0.005501830391830391,25
0.056042480637697345,0.16997917993883008,0.6166672385360561,0.13839320316422493,0.018917897723191836,26
0.00048487179487179485,0.014396992890150784,0.3863685812553461,0.5730686158801639,0.025680938179467587,27
0.956612175128083,0.0406356578119238,0.0026950242028502902,0.0,5.7142857142857135e-05,28
0.9376787877018063,0.050134454376033324,0.010695522490924966,0.0013612354312354312,0.00013,29
0.0003171717171717172,0.006380506095211978,0.1949261548135388,0.7505661125441468,0.04781005482993098,30
0.76268319811939,0.20715839280086962,0.028956287175157136,0.001114265007438382,8.785689714482283e-05,31
0.12554519421754726,0.6257994669571916,0.2112123634432304,0.0318976607620106,0.005545314620020501,32
0.005602360515301693,0.012639595861654685,0.03187184083314719,0.3300227912980067,0.6198634114918897,33
0.04767807078198718,0.29007357573507403,0.5605732481291312,0.09160241215777092,0.010072693196036849,34
0.6051716066664673,0.2722253194311709,0.09521105204736786,0.017223156831128968,0.010168865023865024,35
0.25647913953876406,0.6091039845657102,0.11450355242161411,0.016984266974855212,0.0029290564990564994,36
0.05963916071716381,0.3341131726649684,0.4754740981584634,0.11792069472495174,0.01285287373445268,37
0.0003974358974358974,0.012845397413044472,0.34217103406569366,0.5864386925699,0.05814744005392612,38
0.0002696969696969697,0.014088446819778088,0.41753456386922344,0.5494562278914756,0.018651064449826057,39
0.9565249001222377,0.04046601513897178,0.0021324325021383843,0.00027070707070707075,0.0006059451659451659,40
0.7700678672565827,0.20769281872410367,0.017992222222222222,0.002696209901209902,0.0015508818958818963,41
0.9827125195392845,0.016813945107180397,0.0004735353535353535,0.0,0.0,42
0.000563669948902147,0.01839982936568076,0.3336770886720854,0.6179642571784864,0.029395154834845227,43
0.0015384604284604283,0.014129171961509424,0.05893893677873555,0.4441848855788174,0.4812085452524773,44
0.029688669015882636,0.04612297716902979,0.18659602879867934,0.49286789139877046,0.24472443361763802,45
0.15436709488646289,0.43696241168689076,0.3003807198969799,0.09634621157218817,0.011943561957478366,46
0.005180355755355755,0.33417913112627345,0.6356398552075343,0.02354744151938458,0.0014532163914516857,47
0.3858414790403207,0.4534218824626713,0.13791595769861825,0.0163734631931536,0.0064472176052361805,48
0.029925332259759498,0.5645487919098444,0.35754455757348963,0.042791511397099635,0.005189806859806859,49
0.2334548607154799,0.7047171829632356,0.05461907614916901,0.006075344818580112,0.0011335353535353535,50
0.05255239389781184,0.2449916781320713,0.48193055665068985,0.20296885919721838,0.017556512122208708,51
0.006071008370714253,0.08350478602408945,0.8086867992574124,0.0992460807452819,0.002491325602502073,52
0.005014712272591529,0.03093340106402025,0.3752975055824808,0.5688164242142447,0.019937956866662748,53
0.008095004995004994,0.08789992165041705,0.7020096447549696,0.18022329922571415,0.021772129373894077,54
0.8704314894135795,0.11729884388057765,0.01197556414174061,0.0002141025641025641,8e-05,55
0.009569177685060038,0.029845579175414944,0.14300990510396966,0.4884143331638823,0.32916100487167327,56
0.007488709493121258,0.016366209208747907,0.042824799651672706,0.17682897516656038,0.7564913064798977,57
7.857142857142857e-05,0.006566596344831639,0.08060699976837747,0.890351569416136,0.02239626304208347,58
0.0024991491841491837,0.01824242257570431,0.09328244958344034,0.5629435457902949,0.32303243286641126,59
0.9463988005870979,0.03834977271094918,0.010171052631578947,0.0040771139971139975,0.0010032600732600733,60
0.9351014142651296,0.0617997388627884,0.0024680776413129354,0.00023076923076923074,0.0004,61
0.24805957002174345,0.5818445784287057,0.16416611429334343,0.0045984300666653604,0.0013313071895424838,62
0.7841771378569831,0.19468010322838497,0.017278827519229992,0.002957924069394658,0.0009060073260073259,63
0.4530622788683624,0.29119486255059024,0.19752367172215485,0.05014633000814115,0.008072856850751589,64
0.007769660997756974,0.023317649033113428,0.0716793360555031,0.3974173993318718,0.49981595458175476,65
0.8810900510961348,0.10708306307040057,0.01086661721319616,0.0007742857142857141,0.000185982905982906,66
0.007980087526852234,0.021251039261735855,0.08767878384085814,0.642228284175405,0.24086180519514885,67
0.06980549633470282,0.7759354622143089,0.14226116834370375,0.010859261392202571,0.0011386117150823034,68
0.005401020972491561,0.03259344351016487,0.21116908562312595,0.6741268996053827,0.07670955028883512,69
0.0078028416028416035,0.04426900181517828,0.26858269116848066,0.6315062105180681,0.047839254895431366,70
0.9636496184568786,0.028023161771149385,0.007295351640103961,0.0008205128205128205,0.00021135531135531136,71
0.038611678746090505,0.12836765624296587,0.6464511464816575,0.1774596063499625,0.009109912179323946,72
0.02008831599772776,0.21409354384865237,0.6025587811620783,0.13255283820067107,0.030706520790870634,73
0.02088852509375729,0.24676868824673787,0.677963804243572,0.05224099452147438,0.0021379878944584826,74
0.0012036940836940835,0.016569355288076515,0.17667672597694403,0.6831839877904512,0.12236623686083445,75
0.0031444479205005524,0.03170829613970481,0.10653802283200123,0.5405713776849225,0.31803785542287094,76
0.5956321977197211,0.29563415384924674,0.07344821165418688,0.020484113100521766,0.014801323676323678,77
0.8461817482947799,0.14351017036626945,0.009676302007171572,0.0004923853923853923,0.00013939393939393937,78
0.0026984537684537685,0.016678981214863563,0.6550045275024553,0.32278108041903497,0.0028369570951923893,79
0.02919318219620077,0.10910372690261241,0.3161953884971761,0.42043841193184106,0.12506929047216978,80
0.13050538413598795,0.7507323318339727,0.10098521472679374,0.015687648723825193,0.0020894205794205795,81
0.06334421735814924,0.4970581494225551,0.399054679609438,0.039924007000911026,0.0006189466089466091,82
0.002933427683427683,0.005576613713084302,0.015236756090486738,0.03199192663717431,0.9442612758758271,83
0.93093483560643,0.050629601525065925,0.016161273497744082,0.0019612979177685056,0.00031299145299145304,84
0.9798458935612032,0.018085205894896296,0.0017390304140304143,0.0001393939393939394,0.00019047619047619048,85
0.14659222272739303,0.5605546559202751,0.2545179953105031,0.034374054694875124,0.0039610713469537,86
0.9002249059488843,0.09181589478632823,0.0059388154002859884,0.0019403838645015113,8e-05,87
0.00070353372118078,0.01679401706137,0.6726282919110476,0.3094618496140943,0.0004123076923076923,88
0.8138909073898241,0.17827027577341822,0.006613126971068148,0.0006967143967143968,0.000528975468975469,89
0.004919901797548856,0.03573794401848581,0.2821465334132673,0.4732654167384044,0.2039302040322938,90
0.001327143412143412,0.029852308644676383,0.6540446876116363,0.305426056469592,0.0093498038619522,91
0.9848051703851703,0.01337951603951604,0.001638170718170718,0.00012000000000000002,5.7142857142857135e-05,92
0.9179410021127822,0.05861154939659582,0.018618117886585378,0.004127532794003382,0.0007017978100331042,93
0.00032787212787212787,0.003558635743341626,0.14652471828824778,0.8341902953255893,0.015398478514949101,94
0.0017450149850149852,0.047301077737192276,0.8556395420351925,0.09453449511273042,0.0007798701298701298,95
0.9848811543685073,0.014335998478645539,0.0006257042957042957,0.0001,5.7142857142857135e-05,96
0.00040224500645553275,0.0034345171495171493,0.033783225245686534,0.6163441605292751,0.3460358520690659,97
0.9294417436347624,0.05695633361478562,0.009514801538330949,0.003927121212121212,0.00016,98
0.8513089802062405,0.13754747356874292,0.009768611160081748,0.001219379509379509,0.00015555555555555554,99
0.0027224537553949316,0.013088931885108354,0.08024576326322456,0.23713928548919266,0.6668035656070795,100
0.0014425351256930202,0.030259806825441493,0.6211746832154101,0.3283436457964794,0.018779329036976093,101
0.001322019442545758,0.18753593126687557,0.7429238836327074,0.06742276439247027,0.0007954012654012653,102
0.786127934077484,0.19870173585190487,0.014975275125556454,0.00019505494505494503,0.0,103
0.9168427930737995,0.06970653162111366,0.011066793304734483,0.002072265838736427,0.0003116161616161616,104
0.0009402686202686202,0.009212009852892205,0.2804629511269605,0.6914214341712641,0.017963336228614867,105
0.004346343982814571,0.2770517433529663,0.6528826079269888,0.06506130884423454,0.000657995892995893,106
0.008006618251030018,0.017982461627811468,0.0731771725697763,0.2620928075557055,0.6387409399956766,107
0.008989050394050395,0.03455373687543965,0.3763405936226619,0.5085828568020424,0.07153376230580565,108
0.09105672076117902,0.593757536837088,0.2622432452033692,0.04772701656788343,0.00521548063048063,109
0.9227102167440405,0.07125696297166886,0.004489155060625649,0.0013965223665223666,0.00014714285714285713,110
0.15403671322037327,0.5488070222043252,0.23365406926631058,0.054322332974902646,0.00917986233408834,111
0.7012765271897008,0.1233213817795552,0.0983764583524491,0.05008224862684616,0.026943384051449065,112
0.0011959595959595958,0.00795852813852814,0.1481599758600533,0.697469411104891,0.14521612530056807,113
0.008994496026848967,0.03113748506395565,0.2664054662932528,0.6772800619452786,0.01618249067066404,114
0.9852260603448839,0.013199229365405837,0.0011017232767232767,0.00040025974025974026,7.272727272727273e-05,115
0.16399001189131093,0.6543065667216676,0.16409454041591148,0.016329479139711337,0.0012794018313987353,116
0.005674486232721527,0.12827382218916283,0.7284818027225612,0.1341461054167711,0.0034237834387834385,117
0.979482823612576,0.018431202198214584,0.0015354691387044332,0.0002733333333333334,0.0002771717171717172,118
0.45768158700776346,0.47560001732185925,0.06376411295962378,0.0025674140238846122,0.0003868686868686869,119
0.001636071151071151,0.015615862111744464,0.10704447199858969,0.47632421785988355,0.39937937687871117,120
0.7790940927132725,0.12091565189540429,0.06483713233790633,0.020197997721233017,0.014955125332184155,121
0.9469176815771089,0.04124136509517314,0.010319510326275032,0.0012814430014430015,0.00024000000000000003,122
0.0555091568544974,0.137419984264102,0.6014452061509182,0.18961489224226072,0.01601076048822179,123
0.17914387190724662,0.5102904580524394,0.24519664222602305,0.050400785770816726,0.014968242043474241,124
0.0008639194139194138,0.017874983014921096,0.691128063172824,0.28840123730653816,0.0017317970917970916,125
0.0034460058242411183,0.013256209000837483,0.21268422141266408,0.64362742411587,0.12698613964638739,126
0.20647143897038647,0.6464776398902096,0.14129965430166677,0.003002941502941503,0.002748325334795923,127
0.0072872482746012155,0.02342069610128434,0.18948126161935772,0.5141194908771999,0.26569130312755707,128
0.0006816808028572735,0.057287392723637164,0.878031044003259,0.06263414193627075,0.0013657405339758278,129
0.8008562529421042,0.18230845333201373,0.016174700822053762,0.00038178338001867415,0.0002788095238095238,130
0.037853326097706905,0.11649711420674276,0.2691661861238178,0.4010868516313407,0.17539652194039196,131
0.3935610301222686,0.3770317336602166,0.15120508074656688,0.06768644084329843,0.010515714627649612,132
0.008977916854387442,0.06893776351443534,0.720159008155587,0.18975825691336534,0.012167054562224841,133
0.0609813369636899,0.19358551232908822,0.5703643279974241,0.15352019139099643,0.02154863131880159,134
0.005280466004583652,0.0028152071131482895,0.02519037475596299,0.08596953560715175,0.8807444165191536,135
0.027367596797767076,0.16056336549124145,0.7225123008290971,0.08546783601152295,0.004088900870371458,136
0.17500286256055614,0.5980651959976727,0.1964874323663954,0.028664545215706206,0.001779963859669742,137
0.0010232169464522406,0.045147680415559666,0.6877986214714079,0.25795216223061435,0.008078318935965997,138
0.010446130656409295,0.014241208030016078,0.06608378373029133,0.370912134160167,0.5383167434231163,139
0.14072541420052265,0.5467484975002415,0.26997044854167684,0.03767536928671603,0.004880270470843227,140
0.6566134039025988,0.2864873033897647,0.0465652800536237,0.007450230325230326,0.0028837823287823287,141
0.03517854487371111,0.17336105297194543,0.2360722817965899,0.41580797140760256,0.13958014895015097,142
0.00016666666666666666,0.007606158449393744,0.11909754417924696,0.8205186028780302,0.05261102782666249,143
0.0022576640026640026,0.032513291584576415,0.35507087877550714,0.5802299395667972,0.029928226070455165,144
0.12572978963984827,0.6863882994527498,0.16765613649329095,0.018888888587519626,0.0013368858265917088,145
0.003345450717153503,0.0647019068633465,0.8777693697650821,0.053203507828600706,0.0009797648258174575,146
0.01991274104120853,0.062036484136778244,0.4637031719450141,0.40034843333824766,0.05399916953875157,147
0.0025888400488400486,0.021224556630160343,0.3925884697635116,0.5630929206005104,0.02050521295697766,148
0.007591344766344767,0.033473562744445094,0.3113909573725208,0.5340001294869563,0.11354400562973324,149
0.8657324519512137,0.10412631460215054,0.029213616497022067,0.0007262724117987276,0.00020134453781512604,150
0.0249835832863387,0.08848960416029136,0.31673093370098887,0.40612028392450794,0.16367559492787326,151
0.9183362199204304,0.07562554993681928,0.005860452364972489,0.00013333333333333334,4.444444444444444e-05,152
0.4272826703774381,0.5074585062838779,0.06158096009082077,0.00330020091020091,0.0003776623376623376,153
0.05281509395661097,0.14066463547804112,0.3790917366345385,0.4014210675238076,0.026007466407002005,154
0.020681122912175543,0.025858221116688607,0.03255370607204972,0.04596077561757127,0.874946174281515,155
0.0823936893790764,0.6316932225840894,0.24498957695727044,0.0348859519720046,0.006037559107559108,156
0.0001522222222222222,0.016485413018354194,0.5067308516904493,0.46701593237515826,0.00961558069381599,157
0.0035980261242025947,0.009950679662614646,0.08052181421411334,0.43098098750772856,0.4749484924913408,158
0.0052239160839160845,0.09037462628874394,0.8178704550145419,0.0863208958894563,0.00021010672334201747,159
0.11827705061476572,0.5593396242387756,0.21123971172857306,0.09535966227099359,0.015783951146892322,160
0.001486204677675266,0.01675458978929567,0.3387799718925726,0.6092245060013946,0.033754727639061996,161
0.0003877777777777778,0.0036739341532220785,0.07019562195630308,0.7328052787185295,0.1929373873941677,162
0.9855389553257201,0.013200914249149542,0.0009878227328227328,0.0002723076923076923,0.0,163
0.08148168501261381,0.7365459915643352,0.17311129804663863,0.00852167218058859,0.0003393531958237841,164
0.005208446096387273,0.07324440355997634,0.6600132120858457,0.25826010320395576,0.0032738350538350537,165
0.2533260478101191,0.4469634422440306,0.27633889780154497,0.016378685569676282,0.00699292657462936,166
0.0006874691974691975,0.026674637273631074,0.28466088433238584,0.6302183055077019,0.057758703688812044,167
0.29406146296771685,0.48608627345478733,0.1801636069245513,0.03532791410344041,0.00436074254950416,168
0.026186513445275054,0.3052614660949646,0.5622158810762682,0.09893176398764639,0.007404375395845986,169
0.9131709506936133,0.07701974916208663,0.008781864246864248,0.0009507692307692307,7.666666666666667e-05,170
0.9656593567543569,0.029727726717726714,0.004176011766011766,0.0003797619047619047,5.7142857142857135e-05,171
0.005425424312529576,0.09635416812805363,0.8064520031791392,0.08225605405945965,0.009512350320817813,172
0.9765365936712069,0.016726072714695006,0.005956343884873297,0.0007809897292250232,0.0,173
0.4103787580104794,0.415365613245282,0.13933079792721903,0.02760556547280063,0.007319265344218904,174
0.010084104424986778,0.15294275880809943,0.7321448958351592,0.09775903765137517,0.00706920328037975,175
0.9257789771528782,0.06700198110455076,0.00431111287405405,0.002161779135896783,0.0007461497326203208,176
0.02510978852760586,0.682322232518084,0.2763391400807656,0.01573900948724478,0.0004898293862999745,177
0.06856760647677054,0.2266432531091201,0.615838215360491,0.05304662420311027,0.035904300850508275,178
0.035368990323402086,0.15616668083722268,0.5870398763053253,0.2092678260731357,0.012156626460914385,179
0.37269564745196326,0.533361802303304,0.08054239487894288,0.012136637445801532,0.0012635179199885081,180
0.033666659101132784,0.0510870327711504,0.21635171653836377,0.6154020418508221,0.08349254973853118,181
0.06100871678373225,0.08550433086461558,0.18762312551113816,0.5116667258506886,0.15419710098982548,182
0.2503033397080328,0.6751523267376647,0.07043953429439498,0.002217009598588546,0.0018877896613190728,183
0.006593110264348653,0.03498300245506127,0.12279298120636191,0.4381092748471375,0.3975216312270907,184
0.7609400457918414,0.17324603041952893,0.056399411764705885,0.00853127026568203,0.0008832417582417581,185
0.19605322871755917,0.5230095254678766,0.17577610863217347,0.08748084897386757,0.0176802882085235,186
0.0016038578088578086,0.06088230271276711,0.8516321430083504,0.0841232373560392,0.0017584591139854296,187
0.005240103539391466,0.03445051608006716,0.13620399258979765,0.6492509663298516,0.17485442146089203,188
0.013590780004309416,0.028951769831475717,0.13481744964357975,0.5435916630428396,0.2790483374777956,189
0.5750126494781448,0.33170750547010625,0.08349654711645428,0.006633985580982485,0.0031493123543123542,190
0.9438637937002798,0.04708434557874186,0.004883160597572362,0.0040353667900726725,0.00013333333333333334,191
0.18838338622849468,0.6842841548183498,0.11772321412333804,0.008630116630875144,0.0009791281989424403,192
0.007969532605785801,0.022901476903318334,0.13377998150314416,0.4328294282486482,0.4025195807391035,193
0.011485890995829076,0.08898891767159571,0.800106545865555,0.09229900771914706,0.007119637747873042,194
0.9486380189744896,0.046458750367279776,0.004697170052170052,0.0001696969696969697,3.6363636363636364e-05,195
0.2098334258981473,0.5835727124973409,0.195742798656452,0.008024227765698352,0.002826835182361498,196
6.153846153846154e-05,0.0019303947686300626,0.07407274758093645,0.8363029424479891,0.08763237674090617,197
0.004682105117105117,0.02488641160181407,0.43986339210497105,0.5019982656765319,0.028569825499577817,198
0.12379256420737852,0.6645290554509129,0.1820245663452475,0.022974808622749796,0.006679005373711256,199
0.011524001406230507,0.018334337649278824,0.07299031412172279,0.4078552860160135,0.4892960608067544,200
0.27260710255957543,0.5984396417166087,0.11190917259779161,0.014251024354730236,0.0027930587712940652,201
0.7929465654606831,0.16098473057042725,0.03998653296479922,0.00395013176881598,0.0021320392352745295,202
0.0007784548784548784,0.1276500786794905,0.8118875364762518,0.05926828061515367,0.0004156493506493507,203
0.31790001338530754,0.4183571310852889,0.24219869437408134,0.016214280349853106,0.005329880805469041,204
0.015554759064464945,0.4622270493541546,0.48184108785263574,0.03803239177403263,0.0023447119547119546,205
0.7980029656411702,0.17341967737800562,0.027657010660478144,0.0007203463203463203,0.0002,206
0.003685411825876222,0.03019177914964293,0.23261182942960038,0.7149781015905319,0.018532878004348594,207
0.34597914753289366,0.47766065145209086,0.1509492952627009,0.021317058488467155,0.004093847263847264,208
0.007388990780461369,0.11592601027971002,0.769645322092768,0.10311532270447135,0.0039243541425894365,209
0.8879907255025676,0.10411058436403639,0.006715244134950017,0.0009501126651126652,0.0002333333333333333,210
0.9449772762617499,0.047424735060261375,0.004003830613830614,0.0022187246087246085,0.0013754334554334554,211
0.7937626948198002,0.19058564301883188,0.015010536620242501,0.0005522366522366522,8.888888888888888e-05,212
0.003494011111008015,0.013358543070276813,0.10041653217095944,0.6075512404193674,0.2751796732283884,213
0.3656107259836825,0.436463213161108,0.1638562241215957,0.026132318206389414,0.007937518527224411,214
0.03243555300049108,0.20860926438198887,0.604288770598167,0.14583420863450286,0.008832203384850443,215
0.893145831358184,0.08388132103190928,0.0179638765809354,0.003037289377289377,0.0019716816516816517,216
0.04330126311425073,0.5328920513988936,0.3847369800237601,0.030610010362874134,0.008459695100221418,217
0.016113120311061487,0.03697018112606348,0.139568940686077,0.695278413547237,0.11206934432956113,218
0.0009312987012987013,0.0072035902985902985,0.11138833897784366,0.6459611341616758,0.23451563786059149,219
0.9155269561552999,0.06392240128464585,0.012399141838553604,0.004715295815295816,0.0034362049062049067,220
0.030285522473742284,0.628220298605763,0.3157138666854302,0.02561658674486848,0.00016372549019607843,221
0.971912519800461,0.025745594144417672,0.002287587412587413,5.4298642533936655e-05,0.0,222
0.0016690261372614313,0.024237376142948897,0.7642906411263467,0.20920845442894107,0.0005945021645021645,223
0.0038916400266400266,0.008612022977022977,0.019200763106862178,0.06615511419608941,0.9021404596933854,224
0.004139874341344929,0.01910108694367208,0.1912701522557251,0.6604598746712524,0.12502901178800568,225
0.9629090841700438,0.028022651113935936,0.0072127225457720824,0.001718287268287268,0.0001372549019607843,226
0.3189202316276775,0.5598894616357153,0.10549420177174049,0.015534527653289266,0.00016157731157731157,227
0.0005124358974358974,0.010633724119018239,0.3548656467939414,0.6138241566722862,0.02016403651731825,228
0.18216627872815186,0.49655491184426176,0.2470147294243424,0.06292322413568543,0.011340855867558654,229
0.010659302101407364,0.012164480828768753,0.037846841981547856,0.08217270433556811,0.8571566707527081,230
0.731014493275902,0.2413369524197852,0.02609487021062872,0.0006804906204906204,0.0008731934731934732,231
0.024696999747758262,0.05765800769577859,0.17963468803814014,0.4402150863292193,0.2977952181891037,232
0.7785899577420382,0.1404772267756324,0.06383483441111318,0.011451339216339215,0.005646641854877149,233
0.263768798119665,0.4838460378097992,0.19874932367769843,0.039366272052680715,0.014269568340156571,234
0.5505622377914483,0.32869860350691626,0.08851532040027399,0.025708300473176637,0.006515537828184888,235
0.19005040593737194,0.5956819207727257,0.15413152488893977,0.05171612989006178,0.008420018510900863,236
0.9022978987558709,0.07172183822369582,0.02232914101378497,0.0028093038248301404,0.0008418181818181817,237
0.015656748839395898,0.054093172056701444,0.3730452306362369,0.46702629929753775,0.09017854917012813,238
0.0036269589474852626,0.02606581539891137,0.6460092562339622,0.3094871166999496,0.014810852719691727,239
0.4985381660462001,0.3741685377934759,0.10777346162265673,0.015784736898808105,0.0037350976388592486,240
0.5862923234024316,0.36131635587382654,0.045392737898496405,0.005533717690380095,0.001464865134865135,241
0.5914570880014379,0.20568582821031742,0.12489762942080285,0.060679342387918236,0.01728011197952374,242
0.005836370459605754,0.10530461223503022,0.6522185422540996,0.23141620154870943,0.005224273502555237,243
0.14220220532738984,0.26268658353663815,0.421316118909657,0.15163647509181571,0.022158617134499486,244
0.1433596239106611,0.627702516393061,0.19179448879936573,0.03525052253612289,0.0018928483607895368,245
0.008206707360407052,0.03158872208458896,0.1449750353722645,0.5934303910760723,0.22179914410666743,246
0.905101131615203,0.09132386005978885,0.0027487079587079585,0.0005348717948717948,0.00029142857142857144,247
0.8464506817109394,0.14770993445890943,0.005839383830151095,0.0,0.0,248
0.0020563436563436565,0.030809295597763083,0.7749827920411202,0.18957316289489673,0.0025784058098763983,249
0.002022081252081252,0.036928252135982644,0.6198412121658873,0.3285792894607076,0.012629164985341454,250
0.9204540833607397,0.07106569430053951,0.007077421513814702,0.0008815309836362467,0.0005212698412698413,251
0.08784370973823595,0.1711274898132484,0.6052325250950423,0.08303049814134957,0.052765777212123964,252
0.03099325210736975,0.34164578708701,0.547861093150056,0.0776262756919723,0.0018735919635919634,253
0.034461359424888836,0.3093613146554168,0.5913132002844075,0.06291266209882308,0.0019514635364635366,254
0.0,0.0017601431901431903,0.05672285560844383,0.9118137617456504,0.02970323945576267,255
0.01900646139550164,0.042774720217289876,0.2663731340875614,0.546945930890575,0.12489975340907233,256
0.9195310178503988,0.07810535460927102,0.0022017227784255646,2.8571428571428567e-05,0.00013333333333333334,257
0.4460142844839311,0.4411206934848105,0.10461614489532248,0.006327345073227425,0.0019215320627085333,258
0.4250086740885533,0.35591569904295933,0.1987273213315753,0.013060894320677603,0.007287411216234746,259
0.4305976013263744,0.4948889460129317,0.06634066487744171,0.005204546971776074,0.0029682408114761055,260
0.3345704989592452,0.413861222185795,0.21804238806601042,0.027592750661103598,0.00593314012784601,261
0.8432220951391234,0.14266105455432088,0.011899778489484373,0.0021247641247641247,9.230769230769232e-05,262
0.39766532817028183,0.36186053056850265,0.2126402481660068,0.02759606504091024,0.00023782805429864253,263
0.03522522550720693,0.08443497466413878,0.6018615303290507,0.2215873152538074,0.056890954245796085,264
0.401589691641348,0.528100381527657,0.0649812382973064,0.002766880341880342,0.0025618081918081918,265
0.021687182751888634,0.31137472663215704,0.6095659178162738,0.05709622508726223,0.0002759477124183006,266
0.0040939502654208535,0.026265575061333573,0.4836852920214348,0.4607428254127231,0.02521235723908762,267
0.04514586758442795,0.10200454190460388,0.6529901644915114,0.17941279324047132,0.020446632778985716,268
0.2926621702978824,0.666728371545895,0.03809361380449615,0.0019636831795655325,0.0005521611721611722,269
0.18136015926110363,0.4839895255398196,0.2625191370548956,0.05320668044545751,0.018924497698723702,270
0.19046133835754897,0.41441814082202644,0.3115108472672839,0.06183282122246518,0.02177685233067586,271
0.7474765501646617,0.17803122203218183,0.040972370438299224,0.016627498579851525,0.016892358785005845,272
0.006189721697291357,0.15223681202526412,0.7340824887547954,0.09696490213089286,0.010526075391756507,273
0.12882060106896293,0.624299280931076,0.16506204010008638,0.069239462756848,0.012578615143026908,274
0.15409956388984256,0.6683704707332571,0.1527666392998127,0.024658881632643237,0.00010444444444444444,275
0.24319359458395073,0.6504319883745424,0.098668364205454,0.006941767121767123,0.0007642857142857142,276
0.005398572897690544,0.10005036237412401,0.6919554265187857,0.19754560471348404,0.005050033495915849,277
0.02361041941718412,0.06653011353799279,0.21670937191978998,0.6487762970036501,0.04437379812138325,278
0.9771052876844518,0.014253143555790613,0.007178045657472902,0.0009109553191906131,0.0005525677830940988,279
0.9415002159605101,0.05365317235052529,0.004018507570860512,0.0006221212121212121,0.00020598290598290597,280
0.001968899988899989,0.02653524880348409,0.2221568902718257,0.6071834373291864,0.14215552360660388,281
0.9731557011942307,0.022253607275077865,0.003297358197358197,0.0008380952380952382,0.0004552380952380952,282
0.8264210138313699,0.13521326917320728,0.02637725323695911,0.00510921744921745,0.0068792463092463094,283
0.35703818673018706,0.544819786547997,0.09138225105304056,0.004892364746364747,0.0018674109224109225,284
0.6750467625958494,0.28073113151382506,0.041612058160277965,0.0017845931845931848,0.0008254545454545456,285
0.004202183927183927,0.152909656258774,0.741454401654417,0.09445565381470955,0.006978104344915491,286
0.009693843921816058,0.053215737014963016,0.5189259171114403,0.37073915615894254,0.04742534579283805,287
0.876966573326914,0.11583635422884656,0.006746443073610256,0.00045062937062937064,0.0,288
0.0010083356186297364,0.03299687014739646,0.7844317010354626,0.17624008862998033,0.005323004568530884,289
0.003355897925603808,0.00741145919440037,0.02915491244050067,0.200960244961437,0.7591174854780582,290
0.7654586617716649,0.14319918835894072,0.08408904114805045,0.004183844652079946,0.0030692640692640692,291
0.5349774189553138,0.39164048875273333,0.06577812479745918,0.005486431696958012,0.002117535797535797,292
0.023839973588502997,0.6381411809002833,0.31626418369556153,0.02162123935575948,0.00013342245989304813,293
0.016468389211407787,0.05438761790325258,0.14732871003437573,0.5268352588536331,0.25498002399733055,294
0.9248065265676877,0.06560451635224081,0.008011658822773373,0.0009096037296037295,0.0006676945276945276,295
0.0009763025210084034,0.01206400592871181,0.5851969810515086,0.39515510421616484,0.006607606282606282,296
0.152395514860097,0.6664593552749278,0.14346792707808192,0.0360356081070632,0.0016415946798299737,297
0.004590264343499637,0.07631917935499241,0.742258316657767,0.15893325924505497,0.01789898039868628,298
0.8842448490982701,0.10776542250147514,0.007374414474414474,0.00035597326649958226,0.0002593406593406593,299
0.9947350559124398,0.00456104885998075,0.0006828425960004906,2.1052631578947366e-05,0.0,300
0.973919269198294,0.024602223034962973,0.0011232034632034634,0.00027149477973007386,8.38095238095238e-05,301
0.8963622715708786,0.07810429484516172,0.01953692519039268,0.004523532023532023,0.0014729763700351934,302
0.5493385854771301,0.40499823854336253,0.04076297085783152,0.004715170156640745,0.00018503496503496507,303
0.1084260100923441,0.7368106041997966,0.14098630877722215,0.012590613394173764,0.0011864635364635366,304
0.2623027271850956,0.5239109456487785,0.1918937564293292,0.021040478384704388,0.000852092352092352,305
0.004435969912440501,0.0892375417822632,0.7007377498061682,0.19690610056034813,0.008682637938780085,306
0.013745175967823028,0.16156270203480738,0.7583023165431059,0.0597627257039486,0.006627079750315043,307
0.8272746234896852,0.1591762944812326,0.012332671772671774,0.0006215384615384616,0.0005948717948717948,308
0.8164108189385436,0.10565592188685073,0.03814144481249744,0.014516697256991373,0.025275117105117106,309
0.12395269753294522,0.4111260409215827,0.40508848098410033,0.054637678833034865,0.005195101728337023,310
0.9737968837457693,0.023153773374887922,0.0009422655122655122,0.0017232833832833833,0.0003837939837939838,311
0.09487982373148011,0.4969445083159016,0.3508538033775651,0.05472275626506277,0.002599108309990663,312
0.7593604043806211,0.2134713151743337,0.02078472677649148,0.005240752580752581,0.0011428010878010877,313
0.005423219288451487,0.07946408715983022,0.7925776656917215,0.12118615895112803,0.001348868908868909,314
0.8435913059472349,0.13686012735802217,0.01855612802230449,0.0007035497835497835,0.0002888888888888889,315
0.01618855987837412,0.017477098529265708,0.03800327846044564,0.1658978204681456,0.762433242663769,316
0.41648183686970075,0.5123795880882103,0.06772287309697529,0.0027120964003316947,0.0007036055447820153,317
0.001690646738882033,0.05511262037755845,0.6496706196143036,0.28218959251103215,0.011336520758223544,318
0.00944616883116883,0.025344687044981155,0.0811251633265256,0.4189349005174393,0.4651490802798852,319
0.0008695800278153219,0.027796694823923922,0.8560340445759949,0.1149375621351473,0.0003621184371184371,320
0.14627740718861465,0.7508457112976463,0.08879774715308775,0.0122810113725284,0.0017981229881229878,321
0.0003487812187812188,0.03695030964047992,0.833834314409361,0.12524325251803586,0.0036233422133422136,322
0.3173601393257585,0.4173062986291315,0.2215079996542845,0.03867719686746002,0.005148365523365524,323
0.006674300470771058,0.08037668026160286,0.7803879242704321,0.1272316460560424,0.005329448941151727,324
0.9504279916248185,0.03484189979954686,0.009930322805849122,0.002614179154179154,0.0021856066156066153,325
0.0026566725431431313,0.02456090514061102,0.6487264565084039,0.31242056770920873,0.011635398098633391,326
0.7260245152559859,0.26629359885212833,0.007036162726162726,0.000492995892995893,0.00015272727272727275,327
0.002175899264134558,0.03142135067546832,0.36641168570679405,0.5679778170780028,0.032013247275600204,328
0.0010467432567432566,0.01678524850966027,0.26583235179337344,0.6608423438412293,0.055493312598993705,329
0.05869371545894765,0.8001133276200925,0.1288469606623168,0.011349764712411772,0.0009962315462315463,330
0.034591455403901225,0.07263185927076023,0.47669665823856233,0.38689912028288187,0.02918090680389442,331
0.43252967630752465,0.533252956754288,0.03253328324410367,0.0009577200577200577,0.0007263636363636363,332
0.7088947474090797,0.27255974332894045,0.014605024191494778,0.0032571517371517366,0.0006833333333333333,333
0.05851714732120304,0.5257046894917947,0.34274703043430604,0.0698743055276337,0.0031568272250625195,334
0.4159772474778479,0.4794689948065872,0.08956794492909317,0.014139334819993726,0.0008464779664779664,335
0.005404974796445385,0.013554670376063565,0.06758450608215313,0.2300309411245789,0.683424907620759,336
0.3737487551474266,0.489020376341999,0.12938791953144899,0.006682746958923428,0.0011602020202020201,337
0.9700938260930677,0.028930249831008337,0.00023874458874458874,0.0005467032967032966,0.00019047619047619048,338
0.017510599825011592,0.051433525776457524,0.2278323256699728,0.5598140940765312,0.14340945465202706,339
0.021651820049575464,0.09527439308025999,0.4554356730318186,0.36919510524047683,0.05844300859786927,340
0.8141304541914914,0.17301810293765413,0.011263789086730262,0.0015876537841243723,0.0,341
0.40045692692103224,0.4388516124687147,0.13765594161944014,0.020794754200048313,0.002240764790764791,342
0.240785200243513,0.5578969395929146,0.16217196232044545,0.031136970920376473,0.008008926922750454,343
0.16412335811247583,0.6623700100398398,0.14642919577154875,0.025639563295321806,0.001437872780813957,344
0.7520938220602928,0.21479333581451235,0.02421452524599583,0.006585465253700547,0.0023128516254986844,345
0.002368730876966171,0.027923668182522666,0.34593366500312933,0.5513967822998256,0.07237715363755612,346
0.9855652437758321,0.013174590115766585,0.001018627646862941,9.487179487179487e-05,0.00014666666666666666,347
0.6989389082039394,0.26096773721118927,0.03254006144010788,0.007462816954287544,9.047619047619048e-05,348
0.09195984086604829,0.22475978857915385,0.49609896066437853,0.16766633225563576,0.019515077634783516,349
0.0026723165070223895,0.06264913203755308,0.8494199555466894,0.08185076152090084,0.003407834387834387,350
0.18462986632823966,0.5410323968191662,0.2421931307981739,0.02120779498966805,0.010936811064752241,351
0.0038073847720906545,0.018697298518818642,0.13384204069923888,0.541833071371353,0.3018202046384988,352
0.7769657803496812,0.2064481778489829,0.015510748761042878,0.0010752930402930401,0.0,353
0.015009755145095702,0.01879714248256044,0.028513892447421856,0.07947008413827839,0.8582091257866438,354
0.044799483392424566,0.14764587840772328,0.543522065626227,0.231995910821205,0.032036661752420266,355
0.0042668316238285275,0.009270056462285564,0.02062548642448023,0.041779559522005336,0.9240580659674004,356
0.3280888461844015,0.447107448738426,0.13881626919012102,0.0559792089368432,0.030008226950208373,357
0.6937815310231565,0.23237766718145983,0.06788905210716356,0.0036205875170581053,0.002331162171162171,358
0.003696287829817242,0.02010434405463817,0.12976552923169032,0.5539906930427674,0.29244314584108716,359
0.016838820591173535,0.042462638616285665,0.1103287415357261,0.5109719996948356,0.3193977995619791,360
0.8830919909244523,0.11131340341976567,0.0036901534413299117,0.0014544522144522144,0.00045000000000000004,361
0.5447911419093463,0.3541223928256126,0.09038277839635427,0.0085688122988123,0.0021348745698745704,362
0.09644550633920604,0.23344134424399138,0.3395112127913366,0.2890717381842666,0.04153019844119925,363
0.020826886132443406,0.019832627794748536,0.11574479218350742,0.40852882975126015,0.43506686413804063,364
0.00460526751026751,0.06578420438866259,0.8181761417409559,0.10630531131407298,0.00512907504604099,365
0.013187332976620902,0.13330462804653212,0.5981010476778122,0.22642069108909674,0.028986300209937976,366
0.23324428011960524,0.49769436801588507,0.19992323162046075,0.05943422335662274,0.0097038968874263,367
0.03321547835033903,0.1090352365768122,0.43355331963873756,0.4057347202602964,0.01846124517381483,368
0.9009601150809976,0.07051302828062891,0.017230800994670965,0.00634218131541661,0.004953874328286092,369
0.4342974328797092,0.47114537483716984,0.08222807114282352,0.009604476895653366,0.002724644244644245,370
0.3664828758867702,0.37364376786440257,0.18208837146558446,0.061841361978459165,0.015943622804783793,371
0.0036830078744784626,0.02957348282436518,0.45535260321721627,0.47723428319015015,0.034156622893790074,372
0.8098936528418264,0.17851611301323378,0.010546885108355695,0.0009383490365843308,0.00010500000000000002,373
0.7472898568531571,0.22066432729602709,0.028312014717308827,0.003474710224416107,0.00025909090909090907,374
0.20678885732980473,0.2813883145174175,0.33101516118610164,0.12854960595991563,0.05225806100676069,375
0.16153368004544483,0.4389420250922108,0.278095623167682,0.09310957415821196,0.028319097536450476,376
0.7332962988662526,0.24408769946427844,0.019948998672466165,0.0020043045843045845,0.0006626984126984127,377
0.9845267931088519,0.013062759952465832,0.0017110529992882934,0.0005266666666666667,0.00017272727272727275,378
0.002873909423909424,0.007294397040867628,0.01860077026516655,0.03371183299156982,0.9375190902784866,379
0.7454447215340563,0.20174505601038115,0.0414738513120866,0.009739306950359582,0.0015970641931168247,380
0.528513444747547,0.28791425818763283,0.11975762820426913,0.05041564327829033,0.013399025582260877,381
0.62833399024608,0.3197482330534962,0.0463916680378445,0.00411558918205977,0.0014105194805194804,382
0.025401484870478674,0.6497650674574824,0.30160685345957783,0.022216983822850693,0.0010096103896103895,383
0.01720097898833193,0.07045951207031703,0.3690160762381904,0.45343756283859127,0.08988586986456958,384
0.8397320932335639,0.14039767236031941,0.018529633895516248,0.0011557287157287156,0.00018487179487179488,385
0.1465883054871573,0.6107645067487665,0.22471956370598792,0.017160053850518248,0.0007675702075702076,386
0.8925555937504115,0.09875302354045053,0.007606551675019167,0.0007984673977553234,0.00028636363636363636,387
0.010262997271046806,0.04626835699903812,0.11288801221594405,0.4953257180616456,0.3352549154523256,388
0.014014213421597324,0.12366531358495095,0.5343860947183863,0.2904418966064074,0.03749248166865813,389
0.006013718111953408,0.12668338489340042,0.6916569354982823,0.1656666715053093,0.009979289991054695,390
0.547039805803595,0.38097734132590905,0.060258990283807226,0.01125984327266936,0.000464019314019314,391
0.00509958485958486,0.08048254523598176,0.8330683175613516,0.0773984297539406,0.003951122589141165,392
0.0001,0.002231933621933622,0.080661942787175,0.8791436886402215,0.037862434950670244,393
0.7440941361682692,0.23495069593804882,0.017347716170997902,0.0027719205871527854,0.0008355311355311354,394
0.018255155881270434,0.12195577792520522,0.6586319683618755,0.19244769791783728,0.008709399913811679,395
0.987959862665714,0.010857063455979862,0.0010497405449727431,0.0001,3.3333333333333335e-05,396
0.004349454089082572,0.07215500762223673,0.8404685718375193,0.08078132431551938,0.002245642135642136,397
0.9408076017858992,0.05251502597849347,0.004826915306915308,0.0016438635220988162,0.00020659340659340657,398
0.08544185585656175,0.6994676077053323,0.203978494967365,0.009927350051049742,0.0011846914196914195,399
0.7524093582321423,0.2136094584586381,0.03206063496867172,0.0019205483405483402,0.0,400
0.53446381350668,0.4171143811761741,0.04406083762470758,0.004097764229234817,0.0002632034632034632,401
0.00039248085248085247,0.009651547259070479,0.14978556546764593,0.7255419717869813,0.11462843463382166,402
0.0387307991148858,0.5929585541599783,0.33351025081042124,0.03212423537934374,0.0026761605353710616,403
0.0028164921920185077,0.025482076513098185,0.09569352805268946,0.3385648358515446,0.5374430673906492,404
0.9457534683290566,0.04636214050655227,0.004883146853146854,0.0027879109779109777,0.00021333333333333333,405
0.0009395897892956718,0.016760592625468786,0.15723485926526182,0.7656472355611363,0.05941772275883731,406
0.010026933491345254,0.18063008524728347,0.6661930301976432,0.1343260261410417,0.008823924922686532,407
0.5197118834708464,0.38950941052583465,0.08898472782463498,0.0015606115453174279,0.00023336663336663335,408
0.000632973137973138,0.020814178679937193,0.5845309561817611,0.3837959878064831,0.01022590419384537,409
0.9929844994547936,0.006323422623128505,0.0006120779220779221,8e-05,0.0,410
0.8778918670201488,0.10815577466565082,0.012970475752317856,0.0006464346764346764,0.0003354478854478855,411
0.1394940723243046,0.6742620825751475,0.15712617378665378,0.02461623447587843,0.004501436838015785,412
0.000757262620420515,0.018537498244789265,0.6589431429050153,0.31192156111129865,0.009840535118476296,413
0.8436058491078924,0.13877044316192935,0.009684676989676991,0.006890135975135975,0.0010488947653653536,414
0.34554721299990454,0.4900773976320565,0.1371383060042066,0.02186779086754318,0.0053692924962894005,415
0.0017444055944055945,0.007896810533807438,0.09639395614705218,0.7018580265262775,0.19210680119845763,416
0.491919319450311,0.4567027550826552,0.044947111653396474,0.005516555261731731,0.0009142585519056107,417
0.6960765368274655,0.27202569095335344,0.02845352986023264,0.002793171991407286,0.0006510703675409558,418
0.0053005129012714145,0.07681310052176928,0.7459671596618034,0.16428379107648464,0.007635435838671133,419
0.03825030413514933,0.08780973120790464,0.5776059579258032,0.2767662420311029,0.019567764700040242,420
0.6508040955174857,0.3242242004125905,0.024088538020287244,0.0004931660496366379,0.00039000000000000005,421
0.9121483378954094,0.07032042264924619,0.015345135559240419,0.0015224242424242424,0.0006636796536796536,422
0.00044757020757020755,0.012622282423458895,0.25762640047886787,0.6653854265296932,0.06391832036041012,423
0.35958539505042586,0.5439690506328896,0.09106161237627183,0.003365369956840545,0.0020185719835719837,424
0.19089454515041213,0.30731026910825665,0.3204548910205723,0.14571360635236802,0.035626688368391154,425
0.9142245078880528,0.06893696417101988,0.015343625621025,0.00119490231990232,0.00030000000000000003,426
0.11216278420581838,0.6453363938967809,0.2186164214423348,0.023772861993527624,0.00011153846153846153,427
0.07632698309258679,0.6086814395460062,0.2822931355589716,0.03180150818050199,0.000896933621933622,428
0.0,0.0007549350649350649,0.03445614294718009,0.9407173150327488,0.024071606955136365,429
0.004816716943187532,0.08671417475025837,0.635381699806901,0.24948025827285897,0.023607150226794188,430
0.03402932930502589,0.4798250326848933,0.3964734339533874,0.0787731449785165,0.010899059078176726,431
0.01958706885305956,0.09157567236684888,0.5114268777750122,0.27158514542366746,0.10582523558141207,432
0.23663368289254016,0.34000523969688795,0.313383184625757,0.09276161527147866,0.017216277513336337,433
0.007312560544031133,0.0262737183267369,0.14120525849279728,0.5784158960080169,0.2467925666284181,434
0.024280692809082897,0.33783247007894074,0.6106226682674053,0.02651449185489433,0.0007496769896769897,435
0.4371786032835413,0.48976578199681303,0.06812902808405905,0.004341413475413475,0.0005851731601731601,436
0.9167193501390252,0.06331666383152451,0.01653254802301242,0.003431438006438006,0.0,437
0.10646644701703527,0.6081353547003394,0.23639083228261262,0.03963062868504045,0.009376737314972608,438
0.1762430628549448,0.483079901411611,0.2623121714181932,0.0662224547812009,0.012142409534050397,439
0.3407077548347169,0.4578080543212041,0.18644877580160535,0.012682544644897587,0.00235287039757628,440
0.008517269266681032,0.05512489738160016,0.36835147900431187,0.4854982920347627,0.08250806231264435,441
0.0013954867354867354,0.02609094189951775,0.16531077941434588,0.6638648348819187,0.14333795706873115,442
0.004708771228771228,0.01363267575561693,0.11450222496054378,0.6051623187980711,0.26199400925699684,443
0.036423054865670955,0.10322759379595296,0.3511802734107996,0.416702044900404,0.09246703302717238,444
0.20987654671430495,0.6647578191142252,0.1093677342609232,0.015266953079600137,0.0007309468309468309,445
0.005119119377354672,0.020253306145179208,0.21673692609248346,0.6384230246636748,0.11946762372130797,446
0.592717883303487,0.3398400613919964,0.0635516779041392,0.003348179598179597,0.0005421978021978022,447
0.008422194080429374,0.19743520197896366,0.7552240694805713,0.03886139160289315,5.7142857142857135e-05,448
0.19421228259804993,0.5702467335234275,0.21666399025982627,0.01483611106987268,0.004040882548823725,449
0.002190659895659896,0.02086644296020457,0.20862710251848635,0.7125165448403468,0.05579924978530241,450
0.029173898605694266,0.09557060276036121,0.3959162319855353,0.3340314463699207,0.14530782027848868,451
0.2032012996343182,0.45793478434586443,0.26921652695728626,0.06184954863498475,0.007797840427546311,452
0.970201335886336,0.0257802059052059,0.0031057597957597953,0.00047936507936507944,0.0004333333333333333,453
0.9804904990107932,0.017976356765010016,0.0013431442241968559,0.00019,0.0,454
0.9033689521331782,0.08359300884014506,0.010052108290746061,0.0023686047286047285,0.0006173260073260073,455
0.051647665377278364,0.22517713787932064,0.4490053417772458,0.22540001282343397,0.048769842142721384,456
9.487179487179488e-05,0.0052565523365523375,0.07450800965983359,0.8530046512012393,0.06713591500750336,457
0.9343113665110261,0.05149018905243363,0.012666829034398697,0.0011421881627144785,0.0003894272394272394,458
0.48510135511719116,0.415820833652072,0.09674236945029521,0.002126350871350871,0.00020909090909090907,459
0.007195570140214104,0.06385077649045141,0.40163920541275033,0.47961710613775627,0.04769734181882788,460
0.7840486300490016,0.18608061877407084,0.02216464284081931,0.00545070485070485,0.002255403485403485,461
0.3645533612706523,0.508357437455905,0.11807679565017029,0.008251502082368956,0.0007609035409035409,462
0.01247065444359562,0.085018374887926,0.5677622460528807,0.293880256613012,0.040868468002585645,463
0.9216582359556508,0.06020927506274254,0.011987581666699313,0.005071931401931402,0.0010729759129759129,464
0.8761510825809898,0.11633373209006341,0.0062445783628136565,0.0012162210012210011,5.43859649122807e-05,465
0.00466457153957154,0.024864722147477564,0.3173521625570852,0.6319774294264388,0.02114111432942702,466
0.0192986760298525,0.24094560628398104,0.6078003440470778,0.11354110315553045,0.01841427048355841,467
0.1368914465943414,0.6170528267088949,0.2039079523623951,0.03535260656096569,0.0067951677734030685,468
0.020641577760045254,0.07278004888930587,0.5683630844193074,0.3036170466307,0.03459824230064168,469
0.008655908078849256,0.10185767484657851,0.6375763695254658,0.23739273359199395,0.014517313957112716,470
0.004138005328005327,0.06411674531522829,0.5067080312326133,0.38959186903739534,0.03544534908675775,471
0.6254050964480997,0.32444534595779173,0.03853901572112098,0.010366508128953948,0.0012440337440337442,472
0.3661630614408101,0.3243818297010867,0.26630671255002464,0.02932178459505825,0.013826611713020381,473
0.23859450950494301,0.5221756501599536,0.15833137788767832,0.04813471287398531,0.032763749573439964,474
0.0032881033586296743,0.009177580080737976,0.024084865741413726,0.10735067353011629,0.8560987772891023,475
0.3181754546588603,0.6592770656725453,0.02055441828553283,0.0019566977466977465,3.6363636363636364e-05,476
0.09703144217495614,0.6343555843691913,0.24155197292044042,0.026967494041905803,9.350649350649349e-05,477
0.02073541445482622,0.12614344156015994,0.482202135183358,0.31523460661457575,0.05568440218708019,478
0.02097527616174675,0.05072395756118665,0.12067027631810918,0.42652242362212955,0.3811080663368279,479
0.0007561660561660561,0.0070754773004772994,0.1356501496937875,0.8076565571958143,0.048861649753754996,480
0.018296157600569362,0.3682171926748863,0.529430799365753,0.08183832262508735,0.0022175277337042045,481
0.023822721958124432,0.10981351112939353,0.7283425011692815,0.13554090721284226,0.0024803585303585307,482
0.47862197500298115,0.4227716797083206,0.06450178560861224,0.02952926996979628,0.0045752897102897105,483
0.01077547906342024,0.02937488456272344,0.040129602001250264,0.04657672914460839,0.8731433052279979,484
0.004860324982894642,0.056092144303924486,0.6093824217268796,0.31226726697622986,0.017397842010071114,485
0.21403707353698348,0.45071389427416503,0.24682333504465365,0.0724249296437249,0.016000767500473384,486
0.012195464927229633,0.13224210300535386,0.7749322438930927,0.07689680607774094,0.0037333820965830657,487
0.005501171377641966,0.0613889043120622,0.8287805283038256,0.10051143881746057,0.0038179571890098207,488
0.9674409299524006,0.027930690943043884,0.004375348801525273,0.0002196969696969697,3.3333333333333335e-05,489
0.42879760744579903,0.5048814686642231,0.06348525446136698,0.002194665269371152,0.0006410041592394533,490
0.006819769119769119,0.03923089237559826,0.25873236186361925,0.6025625818797646,0.092654394761249,491
0.7239296407909258,0.23531914059109105,0.03460751898428368,0.005688878343878343,0.00045482128982128974,492
0.026285257748787157,0.045012186643765585,0.12342271436853489,0.6379457871437129,0.1673340540951997,493
0.9603578181313012,0.035242242755524476,0.004327211840447135,0.0,7.272727272727273e-05,494
0.019439338451366313,0.049800543006446894,0.16192054710339543,0.523805857643202,0.24503371379558966,495
0.08093292360030754,0.5497099242501565,0.27424722829286313,0.0816728764269786,0.013437047429694487,496
0.8699657253238678,0.1117935249683238,0.009921860720978368,0.00807444454238572,0.00024444444444444443,497
0.14001284768207375,0.5817182114084747,0.24430359609087163,0.026524331942567238,0.007441012876012875,498
0.13141327844147002,0.5084808416283467,0.2896874123193628,0.043377848621966274,0.027040618988854282,499
0.1262162023442675,0.7151739675889988,0.13423653420538875,0.023250692733479107,0.001122603127866286,500
0.34096725816495166,0.5711005298141832,0.08534964942006742,0.0022931686614039554,0.0002893939393939394,501
0.010761355801061682,0.030592992227930306,0.13857741327987466,0.665019057706999,0.15504918098413462,502
0.8819696945555308,0.08624407696706461,0.02052494995200877,0.00592825778796367,0.005333020737432503,503
0.7508011920071673,0.22252577902833326,0.025035367475661596,0.0016376614888379594,0.0,504
0.07794471334650901,0.19207026907217312,0.368961183726834,0.30033635487319693,0.06068747898128701,505
0.005383835263463746,0.16115387689881502,0.7791958547970779,0.046565536812688504,0.007700896227955051,506
0.7707201406701315,0.2087185636905235,0.019560126808176342,0.001001168831168831,0.0,507
0.9835642061241133,0.01354125175134463,0.001966336996336997,0.0005282051282051282,0.0004,508
0.7816211801683011,0.18413002092678565,0.030887845805725057,0.0020681203763556707,0.0012928327228327228,509
0.6511184059112544,0.3008056976047689,0.03814941913092067,0.009079211840790788,0.0008472655122655123,510
0.929043977563544,0.04866154834845238,0.020165678830972946,0.0018455917938270876,0.0002832034632034632,511
0.7349347543014262,0.1713352093348688,0.09157117600837417,0.001382705790941085,0.0007761545643898585,512
0.0005496969696969698,0.012158720723720724,0.18647636439807935,0.7599096025761229,0.04090561533238003,513
0.0474220951013211,0.6933712520056483,0.2289584521567185,0.026921331698916834,0.003326869037395353,514
0.2076485496993547,0.4913503332082434,0.244636355180767,0.039912235842932436,0.01645252606870254,515
0.9875393527061173,0.010456797255032551,0.001822897657897658,0.00018095238095238095,0.0,516
0.008632351095756668,0.01893953024959217,0.041652534522580956,0.17641709087953678,0.7543584932525337,517
0.003532601287601287,0.03358035149233292,0.7744027263635394,0.1860908043730099,0.002393516483516483,518
0.007955425456896046,0.02048296287372758,0.037166007173081474,0.05091753044444375,0.8834780740518513,519
0.9679931062247755,0.02687080319061743,0.0050083128068294305,8.333333333333333e-05,4.444444444444444e-05,520
0.04613289340518442,0.09578916349560314,0.21921881479717392,0.3797355636314151,0.2591235646706235,521
0.8001397507635873,0.18267792593027893,0.014608184503759952,0.0020977285459638398,0.00047641025641025644,522
0.6687280206016895,0.29733005039679966,0.03169455748413952,0.0017462543012543013,0.0005011172161172161,523
0.08754189469457273,0.26687044143507,0.45256076281303825,0.14348782652160366,0.04953907453571539,524
0.02136415741121623,0.1421227382421501,0.6593795233833932,0.1607659307788875,0.016367650184352968,525
0.14966678047495052,0.7871442973223817,0.058372119267041854,0.0036050357159180695,0.0012117672197083963,526
0.9517985874582934,0.04111365624571507,0.004306620046620047,0.0024097076779429722,0.00037142857142857143,527
0.9023217925280773,0.06473211473425096,0.01881127226402768,0.00532183969625146,0.00881298077739254,528
0.073199036445151,0.15002494278339484,0.21768243490943187,0.47588743917760945,0.08320614668441297,529
0.8607532977033291,0.07600624162387322,0.043736920594025855,0.01705593601616821,0.0024476040626040625,530
0.0030595548483164587,0.007341950271950272,0.03736959631871396,0.43708460742903466,0.5151442911319846,531
0.1722657849374568,0.47385496891817597,0.2661241817969501,0.08104097849862554,0.006714085848791731,532
0.0019303912753912752,0.019238259272547197,0.5939178351851108,0.3809371339805706,0.003976380286380287,533
0.06685400319151094,0.7012190334467735,0.19260081689380457,0.03027424503600974,0.00905190143190143,534
0.09179729765762276,0.33351540092277865,0.31141442017940785,0.20183563896062667,0.061437242279564264,535
0.05217862523097817,0.62282842818688,0.2861885534108135,0.03634104893386626,0.0024633442374618845,536
0.02341908008572095,0.028587484014093924,0.22960963128770845,0.5509976595449538,0.16738614506752286,537
0.5669200812122174,0.35967323188507405,0.05999893591444674,0.009645792654198227,0.003761958334063597,538
0.003320630970336853,0.10080142208668527,0.8219443235677293,0.07352378210540751,0.00040984126984126986,539
0.8917877782674841,0.09293933880704781,0.014328528064642614,0.0008522540204893147,9.210084033613443e-05,540
0.020859523483052894,0.04558656241591225,0.1289506460739124,0.41311066651958317,0.3914926015075396,541
0.003113501995080942,0.026076518113809132,0.11000644492074836,0.650169677252572,0.2106338577177896,542
0.962054356427886,0.0337550042114748,0.003362067932067932,0.0003999999999999999,0.0004285714285714285,543
0.0037023264970323785,0.073304726754154,0.817373158002988,0.10263761059717721,0.002982178148648737,544
0.002972359307359307,0.00850859895006954,0.04007831680531372,0.3298660852683608,0.6185746396688965,545
0.8101238817975972,0.17692867453495942,0.011123048063048063,0.001607252747252747,0.00021714285714285715,546
0.7406930134141745,0.23805012368608347,0.019366465029638402,0.0013471859186565069,0.0005432119514472455,547
0.967599922317105,0.03040981072762806,0.001664076479076479,0.00024047619047619048,8.571428571428571e-05,548
0.04778767963202948,0.07024860015457537,0.194996307064109,0.6279377938281189,0.05902961932116729,549
0.9144832998408539,0.07656605913350498,0.007612839937839938,0.0011633566433566435,0.00017444444444444444,550
0.015195059326638274,0.01685438992380169,0.06517965802171685,0.1716902944097527,0.7310805983180908,551
0.003216539587003983,0.0679349038869627,0.695206683552086,0.21656804491518122,0.017073828058766137,552
0.920675852662989,0.062040231089859565,0.014695396433631727,0.002487221112221112,0.00010129870129870131,553
0.5558797565420475,0.3842676599080315,0.05626106830046458,0.0029977322677322677,0.0005937829817241582,554
0.004179920961391549,0.00611856213961477,0.038020543864460264,0.4607129296022176,0.49096804343231587,555
0.15711867730772103,0.2988309320446782,0.47153317360070235,0.04596684038594928,0.02655037666094942,556
0.004558498775046762,0.010878794169366924,0.07068062735510104,0.5076525814605071,0.40622949823997817,557
0.8681139676405467,0.09494068183794192,0.025463994074381067,0.010214447597466172,0.0012669088496642677,558
0.00044020979020979023,0.017908234184116537,0.5738589251443431,0.40345959747682664,0.004333033404503993,559
0.004697990669461258,0.1897143647494577,0.7427568732316876,0.06200940643979343,0.0008213649096002037,560
0.062332406609558313,0.5947364552492571,0.2893650701001785,0.05094376446223196,0.0026223035787741674,561
0.660599641942165,0.29877989269932,0.037865203668021,0.0020173574378837536,0.000737904252610135,562
0.7049630541050759,0.1874188410465561,0.08873089320723998,0.014236788088072916,0.004650423553055132,563
0.5120385304371224,0.42632352625747283,0.050019642455927285,0.009402760833937304,0.0022155400155400152,564
0.6567662934726093,0.3018907905166729,0.03864474121166071,0.002542936703819057,0.00015523809523809522,565
0.7101245766136168,0.26260874988101,0.024375684143857518,0.0021433325738588896,0.0007476567876567876,566
0.02638507594400783,0.3760945488738987,0.5749313079604472,0.022231404883983962,0.0003576623376623377,567
0.04702964071016703,0.4207350725779208,0.4972919254670338,0.027974356915873945,0.006969004329004329,568
0.004517194341606107,0.05843245167113588,0.6033397769825634,0.29097142257810993,0.04273915442658476,569
0.22829220794685198,0.5843849465859217,0.14315944486026538,0.03259225331599944,0.011571147290961533,570
0.39177189387152234,0.5139112090644133,0.07043717348698772,0.013100229117287943,0.01077949445978858,571
0.012886870848449796,0.013370588953530129,0.02128921587356572,0.0840493730154472,0.8684039513090072,572
0.04581527338674396,0.10749614830302139,0.1729582399196951,0.2657029682632469,0.4080273701272928,573
0.9248249738359338,0.06845150557560772,0.006299705971702875,0.0003296969696969697,9.411764705882353e-05,574
0.21316436346591155,0.3821002359405301,0.34271713109559854,0.05439084242383004,0.007627427074129861,575
0.017866847335670864,0.04469777000776999,0.12742714409773243,0.4926110280586287,0.3173972105001982,576
0.004571719326425209,0.03145402571113096,0.6079776477134837,0.3256518770256231,0.030344730223337037,577
0.3389974679895269,0.5005669109923442,0.14317266851311752,0.015146382245205776,0.002116570259805554,578
0.2831088145714086,0.5765362881621152,0.12945207983966506,0.008387128427128429,0.0025156889996828078,579
0.9148647284208739,0.07262988579016443,0.008630291667396931,0.0035193365458071335,0.0003557575757575758,580
0.00019668737060041407,0.009934850802791979,0.4299750810078183,0.5499953695421403,0.009898011276649046,581
0.012158182747764788,0.2974271693820456,0.6596819432322064,0.03047811462015796,0.00025459001782531193,582
0.4021248580981843,0.284493086679776,0.2622992943554554,0.03270799380358203,0.018374767063002354,583
0.05526721075450177,0.11205885311626802,0.20698817568224698,0.5127793373173095,0.11290642312967394,584
0.004335789765789765,0.0038535895150601032,0.01348607359960301,0.02953053404112227,0.9487940130784249,585
0.8954210033928922,0.08578265817429905,0.014357554994025582,0.004142666222666223,0.0002961172161172161,586
0.9383491705026998,0.05671250455426926,0.003918010878010878,0.0008856735421441305,0.000134640522875817,587
0.017118695258989375,0.16212515773012687,0.6607885696467274,0.15527903531796725,0.004688542046189106,588
0.698965546439322,0.23273854347384565,0.04827503318595524,0.017242329729094435,0.002778547171782466,589
0.03653190943043883,0.06591392365632302,0.16129014746347575,0.32613194235417164,0.410132077095591,590
0.001315597343832638,0.03720408219231748,0.4862354694978225,0.46839489268901036,0.0068499582770171,591
0.8430279342707518,0.14460065261192198,0.012133433319346631,0.00019353535353535352,4.444444444444444e-05,592
0.024933861030460837,0.04572876105423418,0.18016688607611422,0.6127575689078875,0.1364129229313037,593
0.86672241273862,0.10412884739443566,0.021090434675403714,0.0059375315207668145,0.002120773670773671,594
0.6728633114202617,0.29549521299649795,0.02832516640222522,0.0028403180153180147,0.0004759911656970481,595
0.9444027698118875,0.04770701807995925,0.006150627248568425,0.0012788056388056389,0.00046077922077922083,596
0.832670615260213,0.1631021699611019,0.003229234980705569,0.00047272727272727267,0.0005252525252525252,597
0.06670107990049166,0.22912177069681056,0.5238488228554024,0.1746926363551347,0.005635690192160781,598
0.5123250711586314,0.26484928148562836,0.15339648789806687,0.04125924168538719,0.02816991777228619,599
0.2243895742372523,0.5346180668334076,0.23344761085319904,0.006129407697565593,0.0014153403785756725,600
0.02218145654139462,0.028764752665635013,0.341934071185093,0.5110997037018707,0.09602001590600664,601
0.047934635854341726,0.10789115776208658,0.41535212810409394,0.3326755329225299,0.09614654535694786,602
0.01898154534148342,0.15980794902320283,0.4694041323021664,0.30819484211418324,0.04361153121896424,603
0.0006618847818847818,0.0050353346653346665,0.23018760583070189,0.7480111008960082,0.01610407382607073,604
0.3449546160324026,0.582977754995263,0.06256890651831827,0.008206728565552095,0.0012919938884644766,605
0.004816474930298459,0.29815285794013346,0.6660937862911083,0.03069748689906584,0.0002393939393939394,606
0.5820700342708547,0.34566256565759657,0.062049427098529245,0.006871344046390486,0.0033466289266289263,607
0.0030540783073136012,0.020105081861722725,0.09561237662578223,0.5403773286912605,0.34085113451392085,608
0.0009267676767676768,0.015720590568702023,0.2763515481731891,0.6807333602053263,0.026267733376015106,609
0.9462319867902996,0.04283615196636868,0.007855324446795034,0.002762251082251082,0.0003142857142857143,610
0.002493945995524943,0.05800428720917883,0.865595555608299,0.07248449901028513,0.0014217121767121767,611
0.8294230933875205,0.14770933024320027,0.018020693252396035,0.0037857142857142855,0.0010611688311688312,612
0.9616334060229417,0.03008688646235086,0.00824637418137418,0.0,3.3333333333333335e-05,613
0.006577337270572565,0.22937906977215367,0.6771649664461862,0.08085660670083275,0.006022019810255104,614
0.9753516938359199,0.022048409394183385,0.002390805860805861,0.00010909090909090908,0.0001,615
0.5760230844387811,0.35332640586795383,0.06380846497327922,0.0042186104418457365,0.0026234342781401602,616
0.007182526817867375,0.015881114310526075,0.03033156462560487,0.12485837038262741,0.8217464238633744,617
0.004119724327959621,0.012780865670277433,0.02753212550263634,0.09159275923079332,0.8639745252683333,618
0.010659437782719517,0.021817000105157996,0.14838806390600176,0.5409987682404791,0.27813672996564165,619
0.0038078251160604095,0.005280147858677271,0.011239460922634297,0.019357797324794222,0.9603147687778337,620
0.01229879404908817,0.02253166428342899,0.028485924141218255,0.09074245068656836,0.8459411668396963,621
0.39890878537183494,0.47092261989472506,0.09653506692138276,0.029319157443863327,0.004314370368193897,622
0.00088987012987013,0.008760195506248137,0.41573200325989806,0.5655338675943941,0.009084063509589825,623
0.0028655344655344655,0.011980548046724519,0.056184050588214685,0.42278462213053547,0.5061852447689907,624
0.010325166598107774,0.14629144387947807,0.678306440905156,0.1483407784097568,0.016736170207501476,625
0.003648208808735125,0.02901980489410829,0.21496232391103912,0.7331976933627088,0.01917196902340865,626
0.5102832850162358,0.4135941246356879,0.0660804646763625,0.009061077634783516,0.0009810480369303897,627
0.6021154201216741,0.3806050290782487,0.016414002459528773,0.0007766594516594518,8.888888888888888e-05,628
0.0025656037753096577,0.0592410801616684,0.6842594127418028,0.25212797591529185,0.0018059274059274058,629
0.010994044452279746,0.07939377969811409,0.6868846820138925,0.19693566805571452,0.025791825779999156,630
0.33086089604925517,0.41693029189764486,0.15229496900244588,0.09034183287129108,0.00957201017936312,631
0.023240414740058703,0.5081865543864461,0.4477306135299169,0.01965856008972108,0.0011838572538572538,632
0.0016912135817398976,0.014744926681505626,0.18879254989540165,0.6977608993540072,0.09701041048734549,633
0.012044496418614065,0.02028696672608437,0.025223054233348346,0.07211311201870026,0.870332370603253,634
0.12816444835865895,0.7877109593794582,0.07974302117215429,0.0035692855974434924,0.0008122854922854924,635
0.1297248651159643,0.22249341670541364,0.5895109203094806,0.035321435540723464,0.022949362328418054,636
0.7826606338204954,0.2045097839643344,0.008626532323885267,0.003683729211964506,0.0005193206793206793,637
0.8911781772888274,0.09294449732414133,0.01405407164730694,0.0013933044733044732,0.0004299492664198547,638
0.006819386657374272,0.0071902297049355884,0.020386457147943217,0.04127400374135667,0.9243299227483904,639
0.9313620444588093,0.0595103842889137,0.008734575359281242,0.00028949938949938953,0.00010349650349650351,640
0.5716017444011098,0.38547778025208373,0.04061814251623848,0.0018092925375278314,0.000493040293040293,641
0.86049893937332,0.08064158993569213,0.03477635086963259,0.019356139775257422,0.004726980046097693,642
0.004926762126762127,0.06317885425719791,0.8752631753930553,0.05616398877576558,0.0004672194472194473,643
0.001993567151802446,0.04386135697635697,0.538534008808529,0.40965472033985967,0.005956346723451987,644
0.01894731720807572,0.19080325063481413,0.7138276573203196,0.07251891137929838,0.0039028634574919405,645
7.352941176470588e-05,0.00880010589857339,0.09846957089178456,0.8539257945442928,0.038730999253584385,646
0.801134377827195,0.16279543436096067,0.03373606533301579,0.0016104110268816152,0.000723711451946746,647
0.6283366750037027,0.345987862027893,0.023979587732528902,0.0014384393384393383,0.00025743589743589744,648
0.0005179509379509379,0.022683494927844775,0.35640999078194063,0.6036433087702445,0.016745254582019288,649
0.021674500858618505,0.12975597883884266,0.6300568242266849,0.20451453348680912,0.013998162589044941,650
0.0734757509157509,0.14417673232684075,0.5229424683847285,0.2360320246970093,0.023373023675670734,651
0.00942727355547789,0.025351282704223876,0.06701056333930946,0.19275720271114002,0.7054536776898487,652
0.08958607999671471,0.5724926207246485,0.28913829991130297,0.044830218096317154,0.003952781271016564,653
0.00032242424242424244,0.004541061585473351,0.16594022725124896,0.76074427241661,0.06845201450424362,654
0.7930525223538073,0.1458877699132653,0.04522380534498181,0.01241167182318885,0.0034242305647568813,655
0.4726836129236971,0.4585295908035968,0.05906635841850675,0.008164535423297033,0.0015559024309024308,656
0.8996812075574925,0.09145803310380711,0.006857603050544227,0.0008394261294261294,0.0011637301587301588,657
0.005977396492396492,0.06501381166305317,0.8607562115919857,0.06374907271435135,0.00450350753821342,658
0.0004011111111111111,0.011073515177632826,0.16417312323899017,0.7923238290244329,0.0320284214478332,659
0.6179484937319302,0.30829695452466355,0.06837956308912965,0.004688708267996194,0.0006862803862803862,660
0.984743749592341,0.011273459277220888,0.003503005034181505,0.00045311942959001784,2.6666666666666667e-05,661
0.8373784824978945,0.15485477826095478,0.006910588725000488,0.0008561505161505161,0.0,662
0.15183151003496148,0.25252858426552743,0.5282288195623793,0.04816224635806006,0.019248839779071977,663
0.026330658753011688,0.08398131654894814,0.1624268538564979,0.4998480600307845,0.227413110810758,664
0.004498500943500944,0.061407205838537114,0.4056405070935257,0.47082762363195807,0.05762616249247828,665
0.036965187119382154,0.7141217457035568,0.21232079140158094,0.029882812314964008,0.006709463460516092,666
0.004256008991008991,0.009432738078914548,0.0767883626865051,0.5788607208872998,0.33066216935627174,667
0.14950410871199074,0.6572946911001685,0.17156402621802005,0.018243050315697375,0.0033941236541236543,668
0.0002975350140056022,0.024136142615554378,0.2555927288002675,0.7064779033453646,0.013495690224807871,669
0.9862256804667642,0.011069313819994934,0.002199767618002912,0.00018333333333333334,0.00032190476190476186,670
0.7929707741037773,0.19833183444006974,0.007322636252636253,0.0010870359052711995,0.00028771929824561405,671
0.8244293112546209,0.14707896710101048,0.022930906903553955,0.003694485514485515,0.0018663292263292265,672
0.003693421578421578,0.06446598897535363,0.8827047156502582,0.04802219414228702,0.0011136796536796536,673
0.0014500706483059423,0.022525769851063963,0.3869683286407436,0.5815628592649181,0.007492971594968499,674
0.5435858097045714,0.39357584688445374,0.05729951931109826,0.00429748210853474,0.0012413419913419915,675
0.11019165267996545,0.6254348028934468,0.24639413494717846,0.01667512154512154,0.0013042879342879342,676
0.0031575057862673955,0.01835479048814962,0.0655139255464178,0.21246882438339093,0.7005049537957742,677
0.2837914455376066,0.5554857402332789,0.12812174573104923,0.02745116536198579,0.005149903136079607,678
0.0030313127069009427,0.024537237239884296,0.4136608693385554,0.5387659237221849,0.020004656992474328,679
0.9024420650884839,0.08387796617607428,0.012237241462714609,0.0010863636363636364,0.0003563636363636363,680
0.8852298884998729,0.07467558108901765,0.025440111398749167,0.012448465521406698,0.0022059534909534906,681
0.0016814346764346764,0.036068194662234904,0.771518450905819,0.18874165946025082,0.0019902602952602956,682
0.007922195484254308,0.005568447761388937,0.025523109243697478,0.08143960161613413,0.8795466458945255,683
0.0019769397269397268,0.010685825318472376,0.3112620836356924,0.6719605744578478,0.004114576861047449,684
0.020247838702405267,0.1365108970664699,0.5916378832364744,0.21068668850241606,0.04091669249223427,685
0.03867544341279635,0.6164963101123162,0.32641326989144337,0.016438553790550696,0.001976422792893381,686
0.2399062699478025,0.5435136056839616,0.18675474954697874,0.022466113526995877,0.007359261294261293,687
0.005618614326849621,0.41159840762436717,0.5489626304225532,0.031309744340626694,0.0025106032856032855,688
0.04497993114728408,0.12231567218471251,0.4580947180887044,0.33498563685562893,0.0396240417236702,689
0.0039869704152057095,0.12974705287660399,0.7567882037329716,0.10766511639203595,0.0018126565831828988,690
0.23589526505142605,0.5241911821889841,0.19907939320375126,0.03318204451401786,0.0076521150418209245,691
0.5496951936075619,0.4015240629717722,0.04578004212849413,0.00188490764137823,0.0011157936507936509,692
0.037782687802393675,0.0762940227797658,0.24799668765359187,0.4882061896909421,0.14972041207330686,693
0.012622761388937859,0.09957802821929423,0.7428536496230622,0.13550555423928762,0.009440006529418295,694
0.9833015849183496,0.015142155230390525,0.0013695931845931846,4e-05,0.00014666666666666664,695
0.0032033696368990484,0.03145235702206291,0.16704742496066033,0.45654361734584625,0.3417532310345315,696
0.005762187174710395,0.015904292594230676,0.041754094629141064,0.26588780276826723,0.6706916228336507,697
0.04648847843247224,0.21225545634672235,0.6327883182327461,0.10149921095752638,0.006968536030532935,698
0.006863456861336117,0.019056365456009416,0.023089569091039673,0.0714981238558483,0.8794924847357667,699
0.04583529296468923,0.2711005167570649,0.42621314154198053,0.1913470755079115,0.06550397322835404,700
0.9876861474146768,0.01157912293588764,0.0007347296494355319,0.0,0.0,701
0.007932105606811488,0.09320518894074625,0.6879791160456331,0.20426088786858143,0.006622701538227855,702
0.02568124819624819,0.140641879037715,0.5132375934998878,0.256848389528092,0.06359088973805692,703
0.8216166694554158,0.1611840417786548,0.014924407209577486,0.0012662705595058534,0.001008610996846291,704
0.6647247996654189,0.2982352580391745,0.03282622806845716,0.00321790614614144,0.0009958080808080809,705
0.2932229602543999,0.5385132427479639,0.15141141133032784,0.010812137875884007,0.0060402477914242615,706
0.9878995140153964,0.010093056551291843,0.0015234978093801625,7.521367521367521e-05,0.0004087179487179488,707
0.0008950551409374937,0.008585791463438523,0.11026445730568027,0.7865268800755489,0.09372781601439498,708
0.6640464033180442,0.3044386210452774,0.025610747838332976,0.005366370655488302,0.0005378571428571429,709
0.23235311255995472,0.6313902067213834,0.1071062031346707,0.0230674178659318,0.006083059718059719,710
0.14540904414470984,0.3158550147736682,0.47232919050677563,0.04561660718882081,0.020790143386025736,711
0.43916586593660895,0.4948232908955511,0.06013059604654031,0.004334701555754187,0.0015455455655455654,712
0.31101346629290905,0.44285889506090725,0.2016195267511986,0.03653219598083375,0.00797591591415121,713
0.46019434851526186,0.4364435603302785,0.07661829452625118,0.018236643356643358,0.008507153271565034,714
0.03147716179932898,0.14356732239380848,0.4373322931798165,0.35587120606775413,0.03175201655929209,715
0.061628824589583096,0.26254075199138666,0.6142082280945748,0.05812113638339644,0.0035010589410589413,716
0.01037620588561765,0.030195341292694234,0.1815764095622301,0.5896671631670702,0.18818488009238793,717
0.017733710024066058,0.05598060328388501,0.2773695702594619,0.5673394620257621,0.08157665440682468,718
0.0377802779944663,0.059837172219578315,0.15785747131953026,0.5621107724387755,0.18241430602764971,719
0.004192145958616547,0.06932768447926344,0.6226644515013711,0.2746606120968816,0.029155105963867566,720
0.29324853976604753,0.5618888209984032,0.13156087417226744,0.010708915429255986,0.0025928496340261046,721
0.4245734002856447,0.47016240385345653,0.08604275710873237,0.018106354947082497,0.001115083805083805,722
0.005658686966628143,0.22312027657985878,0.7091589105780128,0.06013848807539209,0.0019236378001083886,723
0.8236468991311405,0.12501219628324894,0.038810185990480105,0.00872761088584618,0.003803107709284181,724
0.8774026623307893,0.11085868170357338,0.011309510374386534,0.0004291455912508544,0.0,725
0.014438927439949113,0.021300259680120358,0.06802488946382136,0.2028652995164451,0.6933706238996642,726
0.008339248137483431,0.07603634572842544,0.7378613630289184,0.17589150216245525,0.0018715409427174131,727
0.04160297818796271,0.2171921602631975,0.4194753205033699,0.2513889398750545,0.0703406011704154,728
0.5099915128834013,0.4119424861997308,0.06650840175132745,0.00773768411327235,0.0038199150522679934,729
0.01613199000346059,0.08692114819820705,0.4025777060160342,0.4277638978341919,0.06660525794810623,730
0.1249311893038835,0.3770300255413811,0.37036014604874357,0.10949943540463666,0.018179203701355402,731
0.08202988733832392,0.7355770786172295,0.17447468881210776,0.007072496636490446,0.0008458485958485957,732
0.12059927037187108,0.4086609858648404,0.36971969268433663,0.08711692949465397,0.013903121584298054,733
0.0002958122579175211,0.008971953534941152,0.18279238292495262,0.729825488031061,0.078114363251128,734
0.006040758457229045,0.14006701500254137,0.7420832518857131,0.10715493540171565,0.004654039252800862,735
0.0018088447500212205,0.005428097164273634,0.10916732920330448,0.6293269898986462,0.25426873898375446,736
0.0014556354756354757,0.03409353381912206,0.7037279164385666,0.24988886037938668,0.010834053887289181,737
0.005111989676989677,0.06638203517122712,0.3960774746089824,0.4558057181793095,0.07662278236349136,738
0.5542470529745451,0.39214132655785916,0.046567093164833095,0.006560941444176738,0.0004835858585858586,739
0.0524110172094847,0.18820326545315721,0.5987560145398938,0.1464780732505407,0.014151629546923663,740
0.004276714951714952,0.07400223709726808,0.6540986382021832,0.24662314404721522,0.020999265701618645,741
0.3192054734601485,0.5162263966167991,0.1594753844658954,0.0033704578754578753,0.0017222875816993465,742
0.9527741387680086,0.0376829269852954,0.007334730228491837,0.001628066933066933,0.0005801370851370852,743
0.0014764879564879564,0.008286861779431437,0.09738439464044733,0.6938108608917745,0.1990413947318592,744
0.3747752061251443,0.503380860422687,0.09447022604846136,0.02329019225872167,0.004083515144985733,745
0.1527665622131567,0.7572726984831472,0.08303167060665513,0.005587717329110518,0.0013413513679303153,746
0.051162890295119376,0.6104019514592733,0.29451660360795034,0.042810555473078694,0.0011079991645781121,747
0.21078393483709273,0.5586308977623683,0.2091698970516928,0.016923757417333273,0.004491512931512931,748
0.004013806748806748,0.0038922055722055726,0.012248831378459862,0.03459068077948882,0.9452544755210394,749
0.003785954600954601,0.013321223906812143,0.13860715762565612,0.5666455694219781,0.2776400944445992,750
0.015673845370315957,0.47030303608724333,0.46375018273899415,0.04829658770709853,0.0019763480963480963,751
0.9425141792263465,0.04880330453172557,0.006502196561608326,0.0015144466644466644,0.0006658730158730158,752
0.005207858691016585,0.09075800324546456,0.7093404375672485,0.18992970844257223,0.004763992053697935,753
0.008804561228245439,0.012099371656894875,0.039975532628706,0.13672900895054754,0.8023915255356064,754
0.038812754677383154,0.7220326833245874,0.2280207607992284,0.009806588966588967,0.0013272122322122324,755
0.07189372026666145,0.7144950982350983,0.20244214296367552,0.01067792742345374,0.0004911111111111111,756
0.03550482809416246,0.576513602624847,0.3462921135234698,0.040712409470474484,0.000977046287046287,757
0.8682840507480138,0.12352612391392578,0.005943294483294484,0.0019227213309566248,0.0003238095238095238,758
0.8255367947669802,0.10392672788683628,0.050801999993470584,0.013616153846153847,0.006118323506558801,759
0.7887491845684416,0.14840949911285825,0.03813672435064074,0.015312671143785695,0.009391920824273764,760
0.5229160261633791,0.27114233958507966,0.15451465969187334,0.04629766132388423,0.005129313235783825,761
0.8369236179901968,0.11578318449696164,0.04196030444443757,0.003367686200967935,0.0019652068674359696,762
0.0005142857142857143,0.0019429251793957676,0.05272205869294103,0.9169345193042254,0.027886211109152282,763
0.2043860815792395,0.5991712961061163,0.13255835023332066,0.05235836695274034,0.011525905128583145,764
0.523653221427695,0.4189536867449716,0.05186264874100786,0.005102848458730812,0.0004275946275946275,765
0.0001238095238095238,0.005181326941032824,0.22853597163929984,0.7520272489567534,0.014131642939104239,766
0.9881011157469981,0.009922565930801226,0.001492386698269051,7.521367521367521e-05,0.0004087179487179488,767
0.36181315793941193,0.49182168925733316,0.11121604955931588,0.0286941264319653,0.006454976811973716,768
0.06492378390443407,0.6216524557984157,0.2916680100240318,0.020723963989227146,0.001031786283891547,769
0.04817506197277095,0.2483849753634738,0.6365237298580332,0.06045184067910074,0.0064643921266212285,770
0.12571372987006124,0.7565177783568344,0.11470037861175639,0.0025841304773657715,0.00048398268398268396,771
0.0006417126148705096,0.014001318523238026,0.41875249347360743,0.5299930696698195,0.03661140571846454,772
0.00012564102564102564,0.007906133996722233,0.24849385342040145,0.7196207692565434,0.02385360230069208,773
0.9115449951424566,0.06953225815979687,0.010418769563769564,0.00811889776889777,0.00038507936507936504,774
0.016808157238358473,0.27040982184825835,0.6600670149166282,0.05152149728324651,0.0011935087135087135,775
0.10780082384591676,0.6353140436893685,0.21490907608215665,0.03273821911490642,0.009237837267651509,776
0.8845925423900074,0.10882398369828379,0.0058584955567308515,0.0005552813852813853,0.0001696969696969697,777
0.005871496958493863,0.08719758194505875,0.7667781382892993,0.13508122557353208,0.005071557233616057,778
0.002043263729734318,0.00843002728437713,0.37089926664838435,0.5403528618629393,0.07827458047456501,779
0.0014213691210750033,0.05784144938652678,0.8705263610074138,0.06948112351528761,0.0007296969696969698,780
0.8136097283315245,0.15132771704387804,0.024754612820959566,0.004343667156716692,0.005964274646921705,781
0.405857883592156,0.48823965395457664,0.08764501188697786,0.014987789439662502,0.0032696611266270713,782
0.005858592126827421,0.022646666993137582,0.16050201505349176,0.6064128613377469,0.2045798644887964,783
0.038698948693205656,0.20828767421604902,0.5088318720414506,0.19871060816152492,0.04547089688776995,784
0.020533352821928672,0.07139111834158274,0.308842432012432,0.44393663002288386,0.1552964668011727,785
0.007126762616468499,0.01517593791829086,0.05788061497326202,0.40490004586229056,0.5149166386296882,786
0.10432748352095107,0.7397024118949509,0.14130130343512706,0.01227952271498711,0.0023892784339843163,787
0.0223812036295318,0.06057584611295136,0.24491228040964885,0.45913312828210673,0.2129975415657614,788
0.0938058678902797,0.562295217181078,0.30606983969874674,0.0355670372678577,0.002262037962037962,789
0.28190140090559607,0.5083638422980529,0.15420069405654557,0.051147078490824616,0.004386984248981153,790
0.004600258793494088,0.23077067207235266,0.7261055251995876,0.03544946246907547,0.003074081465490134,791
0.0012945276292335116,0.058216960751666644,0.835485235283629,0.10368701925921406,0.0013162570762570763,792
0.0012127783327783327,0.03413907970254718,0.8563018892150163,0.10729162371855874,0.0010546290310996195,793
0.9703880931762484,0.025649964737704672,0.0029059806618502272,0.000522628090863385,0.0005333333333333334,794
0.027959751309921583,0.6193208146669291,0.28664843159248726,0.06103742565655877,0.00503357677410309,795
0.19947725293481305,0.5700453268249528,0.18741159342343253,0.03493758780091598,0.008128239015886074,796
0.15730806386939516,0.6181490926926532,0.19171742377677364,0.0318135581893167,0.0010118614718614717,797
0.004216923403393992,0.013355993547216454,0.048041992195970516,0.4642916921159337,0.4700933987374853,798
0.939944462895206,0.059099078008334985,0.0008282539682539683,9.743589743589744e-05,3.076923076923077e-05,799
0.003176899930135224,0.031691158734626225,0.2607566711400055,0.6920947065191433,0.01228056367608999,800
0.4931261016656127,0.356017802980137,0.12581428543214618,0.023559621065209303,0.0014821888568947394,801
0.027377025169532904,0.6793332063481754,0.26503469166368554,0.02747793396146337,0.0007771428571428571,802
5e-05,0.012213973183679065,0.43209482274347605,0.5459532651490236,0.009687938923821277,803
0.36681868212208385,0.47802077311599717,0.13297106182827215,0.01807496291118582,0.004114520022461199,804
0.0016257711466380197,0.09870584917146843,0.8204279716757273,0.07745036658044399,0.0017900414257225404,805
0.017995123210123205,0.02480578268137092,0.18541975417049417,0.561848867615357,0.20993047232265508,806
0.07602761417632935,0.3344303512294379,0.44387438427241827,0.13715301565135934,0.008514634670455103,807
0.2366124999286919,0.37669897488820087,0.3499030012574284,0.032872437772066256,0.003913086153612469,808
6.666666666666667e-05,0.008679477189477189,0.35414776941347337,0.6075364252429194,0.029569661487463338,809
0.005386551161257043,0.00657458419805169,0.025356718032569427,0.06416665608385423,0.8985154905242677,810
0.6120601345524099,0.3525519139649481,0.031640944339458264,0.0028324528086292786,0.0009145543345543347,811
0.9336838189588189,0.058440721957780786,0.006420881438822615,0.0010301332001332,0.00042444444444444447,812
0.9588962191179993,0.034492892893140566,0.004658995436967574,0.0014047130647130647,0.0005471794871794872,813
0.6720221238376348,0.2865668666507212,0.036135249226178015,0.00497727543698132,0.00029848484848484847,814
0.3048559600282909,0.5320466324493023,0.12019171098819378,0.03313417906475451,0.009771517469458648,815
0.08351035543403966,0.7309150199525281,0.1688918182127471,0.015790032507911767,0.0008927738927738928,816
0.016618058149281058,0.015472616403204636,0.030084296726665145,0.13000184577660417,0.8078231829442448,817
0.008189384602325779,0.07919586735589834,0.8349729124521849,0.06803929424204966,0.009602541347541347,818
0.0034436829836829845,0.12446400333756377,0.7788178639111147,0.09122986846658677,0.0020445813010518893,819
0.03263657732704171,0.7596979367553669,0.1699607275490248,0.034049292396629856,0.0036554659719365604,820
0.8926390772402693,0.09971807901936389,0.007527971945495165,5.333333333333333e-05,6.153846153846154e-05,821
0.006979711334417217,0.02673529078764373,0.14535739861729638,0.5379750514833426,0.28295254777730017,822
0.005117742264615329,0.009405157302278044,0.020795068369882614,0.07172770322556699,0.8929543288376575,823
0.001121948051948052,0.00841156526480056,0.06160212526723362,0.7619961056401459,0.16686825577587186,824
0.7402119704567877,0.22576737057541707,0.033045181732612075,0.0008092434689493513,0.00016623376623376622,825
0.001009634972870267,0.0209793766931383,0.29228209900126645,0.6461275445113955,0.039601344821329335,826
0.3207923416968309,0.443769882126817,0.2123311081024239,0.022749805328830093,0.00035686274509803926,827
0.468598852966181,0.3262848778888212,0.17789252949283713,0.01666270536481063,0.010561034287350076,828
0.26068160668021356,0.7134698778002186,0.024787068078120703,0.000960981240981241,0.00010046620046620047,829
0.004049370074370074,0.005347648906648907,0.013929667260843732,0.04397580515219214,0.9326975086059452,830
0.9201440719445673,0.060717367596284,0.012945577788224846,0.005389667162902458,0.0008033155080213903,831
0.8974394119279415,0.08396986624486627,0.013388672765143352,0.00468075036075036,0.0005212987012987014,832
0.004704802909508792,0.2413046756992578,0.7174402464872588,0.03651391126761095,3.6363636363636364e-05,833
0.6231321909806741,0.3053218842251659,0.060202005608770315,0.01007207547354606,0.001271843711843712,834
0.20104725954815744,0.6099104399796969,0.1322615287034947,0.04998333276974144,0.006797438998909588,835
0.8040383221749012,0.1771958455424865,0.011398782569339846,0.005903163109680138,0.0014638866035924859,836
0.016061771659712835,0.0934706412850995,0.6512382516394781,0.2109715085779449,0.028257826837764916,837
0.4946491412074264,0.3354652762493785,0.12560361268299017,0.03168080968051555,0.012601160179689591,838
0.7436030722088368,0.23513985989346056,0.019120661265119472,0.002079263775440246,5.7142857142857135e-05,839
0.04786122882516743,0.11367891987949541,0.638207555251168,0.1894957431612076,0.01075655288296155,840
0.4424943783214588,0.3702293745802664,0.1768700872055362,0.006785320731899679,0.003620839160839161,841
0.009460109759521523,0.024158428564899147,0.18626507189001612,0.5557716055622188,0.22434478422334464,842
6.136363636363638e-05,0.004324737256207844,0.1312380373462108,0.8397458466782618,0.024630015082956258,843
0.682729311977638,0.2964819363251427,0.01789717716064465,0.002376278721278721,0.0005152958152958153,844
0.0467274465249233,0.6058026138986421,0.3191776893826027,0.023714393403219618,0.0045778567906122085,845
0.00379980241980242,0.08661315582190801,0.8069325996019806,0.09969321671508376,0.002961225441225441,846
0.001069050165520754,0.01641496274966863,0.21773225169395452,0.6719123439649446,0.09287139142591158,847
0.6517849874686714,0.32226262899639063,0.02306856611912339,0.002477146309143213,0.0004066711066711067,848
0.005869710231289178,0.0064027463059816,0.019150535101293612,0.10483687552213872,0.8637401328392971,849
0.14600857138389653,0.6656148561998718,0.16578947011708628,0.021609811176096002,0.000977291123049637,850
0.02471624318406052,0.3069736225951551,0.5908104993119382,0.07101546375320436,0.006484171155641744,851
0.015181769668240256,0.055952513009865944,0.1986743108553104,0.6670565000743859,0.0631349063921974,852
0.16032354786768108,0.685049256208188,0.14073943822431442,0.012499730628848276,0.0013880270709682473,853
0.9358609011868767,0.058095858410595246,0.002537729247017172,0.002944832944832945,0.0005606782106782107,854
0.05664365790488955,0.19256320604643268,0.44088900207874565,0.26083541353144396,0.049068720438488235,855
0.004064109224109224,0.029012633151162558,0.3865834801946681,0.5650658447614214,0.015273932668638551,856
0.01526659017453135,0.17729263918848387,0.6619333507681502,0.13941879679256455,0.006088623076270136,857
0.10726729947039551,0.5949502189142128,0.25066377886647245,0.04118576402098073,0.005932938727938728,858
0.009364125580302052,0.2531666614671878,0.6582085403416675,0.07512902422654746,0.004131648384295443,859
0.9721796066678421,0.02392175576057929,0.0038986375715787482,0.0,0.0,860
0.4083470914064474,0.4689618994839832,0.09212663828775293,0.026937336452677006,0.0036270343691396324,861
0.001956230436230436,0.01185683524765568,0.07764863604060199,0.26900555942681337,0.6395327388486987,862
0.006624952513946322,0.040825720213738786,0.8896639501159317,0.057484595325555075,0.00540078183082827,863
0.7547676959874007,0.1970784159313713,0.03679872696783183,0.007394644962880258,0.003960516150516151,864
0.947220745496334,0.04363087321175556,0.00732414353620236,0.0012784946099651984,0.0005457431457431458,865
0.49615642649919744,0.38314896972996043,0.1020078974706065,0.012619715154126918,0.006066991146108794,866
0.0005095038295038296,0.003955517358458535,0.22508420468248652,0.7549671699232998,0.015483604206251264,867
0.1387480520528663,0.6681686598403316,0.1698808896882272,0.02168044204161851,0.0015219563769563768,868
0.4179790982014202,0.4609351147717091,0.10343411980520348,0.01454293190469661,0.003108735316970611,869
0.010518130856072033,0.1148715587096083,0.792137017320485,0.07754347708019535,0.0049298160336395625,870
0.16408815795143974,0.5417253574615959,0.2556375917976074,0.03167811973887824,0.006870773050478932,871
0.16206156625280466,0.509926720242262,0.2690241533372028,0.04458419838331602,0.014403361784414415,872
0.06941789737781998,0.1535912771782742,0.6953055109183903,0.05434018654891719,0.02734512797659856,873
0.053310409578381714,0.3602050306264083,0.44613443178252776,0.11996273894835822,0.020387389064324045,874
0.007703283037911521,0.1408467501018,0.6813858303775764,0.15968970062445298,0.010374435858259385,875
0.02705472161825102,0.47438215164092873,0.43095846621215034,0.0623780897241733,0.0052265708044965005,876
0.004638633652209505,0.09485404739223627,0.7747723760037694,0.12219580953618106,0.0035391334156040038,877
0.628731385575209,0.12001768404454165,0.1523758971128631,0.06593180450268686,0.03294322876469935,878
0.0029615525324348854,0.03259427639955503,0.4951212031845003,0.43849819719668026,0.030824770686829504,879
0.033383100788100785,0.7712077059404303,0.18214214750677607,0.012908063080710139,0.00035898268398268395,880
0.06267747696404043,0.18767226980801027,0.6934788745872964,0.028105959805588283,0.02806541883506481,881
0.013625670236196551,0.024189529521046547,0.0866516270348159,0.4145184061294742,0.4610147670784667,882
0.0049650175314881195,0.37748966639812365,0.5412950301981863,0.0738347910402366,0.00241549483196542,883
0.8648610202817479,0.11503400848893112,0.018874762222641478,0.0006544514309220191,0.0005757575757575758,884
0.009407496129601392,0.09413245139105823,0.8283570787709026,0.06705851871898312,0.0010444549894549895,885
0.0009138716838716837,0.03155430118900707,0.7640667178469966,0.20079459534961086,0.00267051393051393,886
0.0035016019755957834,0.01928906223635326,0.29336944512144203,0.6346205167158263,0.049219373950782616,887
0.5649509890665712,0.35984560831609425,0.06421868113998146,0.008113163035794615,0.002871558441558442,888
0.7771746292338555,0.1413555511756905,0.06339990541965776,0.01451035546153193,0.0035595587092645915,889
0.019981244735656496,0.10155635908123528,0.6838464294511819,0.1903301044895937,0.004285862242332831,890
0.10982683179565536,0.3809334162878744,0.3889279162512753,0.1017426135354154,0.018569222129779406,891
0.8921862627723154,0.09934903608775127,0.007974630508810077,0.0004193939393939394,7.06766917293233e-05,892
0.0017025608052078638,0.0214318177247589,0.10364538637832757,0.5513900656767591,0.3218301694149467,893
0.0022162459762459764,0.03755902267666973,0.15053495022005864,0.7983880417965247,0.01130173933050094,894
0.0020265745365745367,0.08054509177097413,0.7657960244399562,0.14715606755301805,0.004476241699476993,895
0.30218536167135246,0.6612241721608287,0.033334874798404204,0.0021691638753403458,0.0010864274940745528,896
0.31254782030662825,0.6069602630479255,0.07795041481394424,0.0013956510156510156,0.001145850815850816,897
0.018977554397786593,0.06381941464108645,0.3698244688008929,0.48785814081687134,0.059520421343362516,898
0.0003187675070028011,0.007920748915686995,0.103834631501969,0.8447459901725383,0.043179861902803075,899
0.0007202534307797465,0.03342210349677841,0.7633304031301702,0.19351154753010857,0.009015692412163,900
0.9844002621887917,0.014754582966053554,0.0007264735264735265,0.0,0.00011868131868131868,901
0.01037205301234713,0.024185787537196204,0.4828707621418829,0.45164081803164163,0.030930579276932213,902
0.0007837804352510234,0.03108125368095956,0.841057109864007,0.12516321810867378,0.0019146379111084997,903
0.036893371595724526,0.0706171379188407,0.12148665471439477,0.34398489606869415,0.4270179397023461,904
0.020127739025680203,0.040269948319654206,0.035038134349310815,0.0804226235907196,0.8241415547146353,905
0.06618330394751448,0.3681881716580634,0.44714590654443603,0.10369309456281597,0.014789523287170345,906
0.0279620389792526,0.20394368009355626,0.6252122718801665,0.13971792241470266,0.003164086632321926,907
0.012893586714283308,0.5779132207472609,0.3821797620164495,0.0265186397572156,0.0004947907647907648,908
0.0023203437085790026,0.11035447320481381,0.8345201864097376,0.05240704573891879,0.00039795093795093794,909
0.42516996743882185,0.33114280002350593,0.2222110013024472,0.01531188467535217,0.006164346559872876,910
0.0073176659597712235,0.2683921833670286,0.6799124718745306,0.042249827499641734,0.0021278512990277696,911
0.12412695802305715,0.2895177060967929,0.26404991875857214,0.16887278766641006,0.15343262945516814,912
0.6189518350500549,0.22530750182737816,0.10030439015748618,0.04091030909235243,0.014525963872728578,913
0.0167311266322257,0.4709837371272778,0.4866208547761598,0.024109398955541102,0.0015548825087955524,914
0.06382052331397531,0.21618950262611863,0.5125237547941357,0.18927966635187998,0.01818655291389037,915
0.6971005984761713,0.2647747999180043,0.028576120807297274,0.008599855388849196,0.0009486254096780413,916
0.013804513688925454,0.01836284081931141,0.3099418519664927,0.5414343273677609,0.11645646615750953,917
0.1776958794433159,0.3633305394380525,0.3271772662141406,0.10127978520955576,0.03051652969493527,918
0.9565835488677132,0.03600182654634666,0.0046821138802717755,0.002273155324207956,0.0004593553814606447,919
0.018911308363119505,0.2201583030900988,0.5021476520160266,0.1995686222051083,0.05921411432564683,920
0.9555107869632946,0.02711758757582286,0.014028192825406446,0.002959046670563699,0.0003843859649122807,921
0.0159642061533238,0.03458073226395207,0.09642859246188969,0.49245353568344274,0.36057293343739183,922
0.8376890073720571,0.12927730682286423,0.017386553029014328,0.012421745385677275,0.00322538739038739,923
0.4900497990657435,0.440844265339064,0.05429028554348987,0.012227418838471468,0.002588231213231213,924
0.0004117216117216117,0.006315583077053666,0.15508276789601877,0.713725286869993,0.12446464054521333,925
0.012222423629002574,0.10695456588938357,0.4048298368784714,0.38704036535875547,0.0889528082443872,926
0.7614423693712549,0.21611162043838522,0.021645131069480912,0.0007323076923076924,6.857142857142857e-05,927
0.01822018889607125,0.5659801064981743,0.38513562380351585,0.028841512259670153,0.0018225685425685427,928
0.021454602757064057,0.44832797783399947,0.4283892012889073,0.07900084638271945,0.022827371737309813,929
0.9636703660821464,0.03230016345367738,0.0033531298113651056,0.0006763406528112411,0.0,930
0.0030153939043412728,0.00920298801645551,0.0347011017173401,0.2938591378659181,0.6592213784959451,931
0.288356446867546,0.4434954565369272,0.25127739340982375,0.009981886446886449,0.0068888167388167386,932
0.006178221321162498,0.07003033274602935,0.7262852846981018,0.18147614776520352,0.016030013469502634,933
0.0009693550893550894,0.046079791056896316,0.8804558007541136,0.07161437472572148,0.0008806783739136681,934
0.9329826824104689,0.059705182878696805,0.005438364657358466,0.001168791698497581,0.000704978354978355,935
0.015559682082623257,0.19202779294492928,0.7265090124753127,0.058611529218975035,0.007291983278159749,936
0.30084833350998624,0.40639946479665623,0.23374604489521947,0.0407996836359375,0.01820647316220072,937
0.5312990611246338,0.32985024034960575,0.12802290589355608,0.009808687293099059,0.001019105339105339,938
0.09345104533065836,0.6906744344389703,0.19485781029943577,0.01802285091413574,0.0029938590168001925,939
0.20200420664818503,0.5597095378821384,0.18708198496893552,0.043636248881837106,0.007568021618903973,940
0.0063124792201262785,0.10483172278701694,0.8458924717697165,0.042510004381583325,0.00045332184155713574,941
0.1836286423844474,0.45370259755208664,0.30925873167767903,0.048236969288021916,0.005173059097764979,942
0.8989331752750174,0.09402490633377633,0.0069530295023174276,8.888888888888888e-05,0.0,943
0.27440777489415064,0.46592452370164644,0.19722001806766257,0.047795899973704516,0.014651783362835995,944
0.9369505995569618,0.06050744795108572,0.0018425874125874125,0.0006993650793650794,0.0,945
0.009405955066605222,0.030519200823256543,0.08799339512740442,0.31252944894355733,0.5595520000391765,946
0.9818621441956736,0.013387128427128428,0.0043780001044706925,0.00037272727272727273,0.0,947
0.000754062049062049,0.00831639569580746,0.14534343111205966,0.8354084185742018,0.01017769256886904,948
0.0017566844266844266,0.04032223931211547,0.7742211469507447,0.1796245647403852,0.004075364570070452,949
0.012033638700480806,0.036242912673841464,0.10772595383460712,0.5024370585537612,0.34156043623730936,950
0.4756001673936659,0.38761595594464016,0.12844084025365765,0.0055395571095571096,0.0028034792984792988,951
0.6776082757249628,0.28774974240242035,0.032895050470685146,0.0010881218781218782,0.0006588095238095238,952
0.004333861791802968,0.020028448851801793,0.1928940007421275,0.6251831001384165,0.15756058847585172,953
0.0009949221830800777,0.011191350663440448,0.17285419088994944,0.781320565669281,0.03363897059424922,954
0.9324859672027321,0.05912039702127937,0.007759789622142563,8e-05,0.0005538461538461538,955
0.005016258545376193,0.07209046188925715,0.7905259125624828,0.13156204066255758,0.0008053263403263403,956
0.0001720679320679321,0.0023934498250287725,0.08388359847410934,0.860294061310207,0.053256822458587164,957
0.003911542514932608,0.07662876457563765,0.821556514579332,0.09069453164998062,0.007208646680117269,958
0.9150700433879846,0.07288352105410931,0.010154485840956429,0.0013348068598068598,0.0005571428571428571,959
0.8276161311598619,0.15432015681772657,0.015883201095430198,0.0015083497548203431,0.0006721611721611721,960
0.6818885673511218,0.2169249470446995,0.07939026408575946,0.015321510352392704,0.0064747111660269545,961
0.9169915602251206,0.06680709275073052,0.01042141783053548,0.0020921614058456166,0.003687767787767788,962
0.9579713871628888,0.03418828764974276,0.00648317874935522,0.0009437924648450964,0.00041335397316821467,963
0.16270361560867763,0.47221617720772524,0.2965949913536755,0.05058254654702021,0.01790266928290148,964
0.5366973227006312,0.4054148215546589,0.05521245842960674,0.0024663064060122886,0.00020909090909090907,965
0.009923853080184349,0.04586919044148147,0.31313653167198935,0.6133772612378873,0.01769316356845769,966
0.40166352950283296,0.5067519727056569,0.0676592034831354,0.021297944729848754,0.002627349578526049,967
0.009232872892501376,0.04668900057287054,0.5402020232410385,0.35644710493900295,0.04742899835458658,968
0.9645164508453364,0.030566770377884928,0.002465605505605506,0.002077839937839938,0.0003733333333333333,969
0.7957848483765978,0.18261225405657303,0.017753158482384485,0.002635493330199213,0.001214245754245754,970
0.21866558243270323,0.6234714113732844,0.1387095407138442,0.01619853021935065,0.0029549352608176137,971
0.03800336737737666,0.10501111927116576,0.4685132056935152,0.36511887727339754,0.023353430384544935,972
0.3378459266808184,0.5083399638029669,0.10852744755932069,0.03699666962896064,0.008289992327933505,973
0.024636584787761255,0.08103033557945324,0.3067964891420929,0.41405220702571094,0.17348438346498188,974
0.07365076481310227,0.5693757168270326,0.26897626481361786,0.08399449075348456,0.004002762792762793,975
0.005650373678608972,0.008512978883861237,0.024886705712588063,0.04919858964564846,0.9117513520792935,976
0.9513335969689066,0.044286720491410886,0.002202678432678433,0.002097004107004107,8e-05,977
0.005143631858337741,0.009517053165272979,0.07118235941045539,0.6325606707911972,0.2815962847747368,978
0.06583905383745942,0.24638204667193833,0.29937947367390105,0.2980837857120521,0.0903156401046494,979
0.6530997753759828,0.20129751939666804,0.09964329751947401,0.032543642198874394,0.013415765509000805,980
0.15923889585474732,0.6404517369317991,0.14914956309084798,0.04957246264055861,0.0015873414820473642,981
0.5334933107054625,0.39977279261674,0.060764202319867934,0.004834968364968365,0.001134725992961287,982
0.8767118233589597,0.07850153179294048,0.027111463917919028,0.015975578865578866,0.0016996020646020647,983
0.8321885003008689,0.16062400748546268,0.006983962801903979,0.00020352941176470586,0.0,984
0.004914815315403551,0.019915298067945123,0.24424871053095515,0.5977043737669279,0.1332168023187683,985
0.6148425561040266,0.23184336184799034,0.10807165793614712,0.030476307352777936,0.014766116759057934,986
0.8573826574268528,0.12084221371507753,0.020676697289638463,0.0006226739926739927,0.0004757575757575757,987
0.0007858759541112482,0.007818820329996801,0.13404301087457435,0.8439607222550414,0.013391570586276469,988
0.8363786627716967,0.12267514244785145,0.039598244479978215,0.0009839684000210315,0.0003639819004524887,989
0.9373120393675813,0.0577910901826072,0.004896870449811626,0.0,0.0,990
0.8764745821997062,0.09287756041516106,0.028849679101428327,0.001624844950371266,0.00017333333333333334,991
0.009468209731445026,0.10822513149389316,0.836320971582597,0.04531923975061745,0.0006664474414474415,992
0.0001533333333333333,0.003424006549006549,0.0727310132024838,0.9064921438124998,0.017199503102676476,993
0.19540082728073452,0.6320307078456462,0.16415069176437605,0.004215871122341711,0.004201901986901986,994
0.1159561820223121,0.6500213886440358,0.21201349746572662,0.01791393575292956,0.004094996114996115,995
0.00698980907980908,0.033265660120752986,0.24135025044786668,0.5877802476505264,0.13061403270104516,996
0.009119175509732786,0.013355319350412228,0.04294823728559021,0.15362735629179908,0.7809499115624658,997
0.7036224821016617,0.2789389699756728,0.015145041429159078,0.002163506493506494,0.00013,998
0.8491139406499935,0.1453383883608652,0.004939770556241145,0.0003507575757575757,0.00025714285714285715,999
0.9442428946028173,0.03460316863219339,0.009168186534827403,0.007342306288482758,0.004643443941679236,1000
0.41811874304222874,0.5270488647387072,0.04807127584489813,0.00524195997500951,0.0015191563991563991,1001
0.8864398365857682,0.06379158999433733,0.02658166953094467,0.019343560010606047,0.003843343878343878,1002
0.8470675261855447,0.14467436825987914,0.007496658113128702,0.0007614474414474415,0.0,1003
0.03112814429808237,0.08893983569921651,0.2287822473918597,0.4222154374396487,0.22893433517119283,1004
0.01877701925525455,0.032443289673862424,0.09674936635947477,0.6430215287498877,0.20900879596152047,1005
0.005378909195379785,0.07336348469018009,0.6797112032843842,0.2092942689508634,0.0322521338791927,1006
0.8574999248807608,0.12845561604889782,0.011982341645282819,0.0016927509092214976,0.0003693665158371041,1007
0.044404272940681604,0.5798418632708879,0.3285818206355048,0.0469815669624493,0.00019047619047619048,1008
0.0021170260784966668,0.03375533428044264,0.215670199163843,0.632524157437588,0.11593328303962983,1009
0.9701053841858176,0.026075720722346107,0.0029370635900047666,0.0007018315018315018,0.00017999999999999998,1010
0.005531038691270888,0.0074023490716369975,0.014480053513737722,0.05141347616092197,0.9211730825624324,1011
0.4177292657445754,0.51423404124771,0.06480868323970493,0.0030389188589188586,0.00018909090909090907,1012
0.674291952231971,0.2914024584227338,0.02993853568000627,0.0018602338184691126,0.0025068198468198464,1013
0.44019592853826606,0.5050425648448558,0.05104296515833666,0.0031610811410811407,0.0005574603174603174,1014
0.024775543998485177,0.06690147700940272,0.7336001796552263,0.1529061942598166,0.02181660507706947,1015
0.14835333557739142,0.5244216083159297,0.2791153497615889,0.039860682917537124,0.008249023427552838,1016
0.7886371819288384,0.15714802500561018,0.03614865172323376,0.013565633320927436,0.004500508021390374,1017
0.08516483575248282,0.6365313901200278,0.25748615036322464,0.018479492516427498,0.00233813124783713,1018
0.019737569032274912,0.5517305615185429,0.38550923617602245,0.040185420135420126,0.0028372131377394534,1019
0.001989072594072594,0.034114855569267334,0.5810674107740572,0.3773223171450824,0.005506343917520388,1020
0.8326950030241516,0.11651720532305673,0.043723729914736095,0.00502104759533552,0.002043014142720025,1021
0.0012015384615384616,0.010116355246061127,0.3901741538567176,0.590890026416054,0.007617926019628807,1022
0.027699922756981583,0.08874399022546083,0.6292611731835416,0.23184575668397658,0.0224491571500395,1023
0.6335276354536418,0.2900163291627534,0.0720612824241462,0.003950932400932401,0.00044382055852644085,1024
0.942810475052983,0.05109551320712311,0.004611368500780265,0.0006901731601731602,0.0007924700789406671,1025
0.06618881996228747,0.25808263186089286,0.4826449908053988,0.1495268891048977,0.04355666826652356,1026
0.6722261328867212,0.24283011138672134,0.0685358060790259,0.012061154873678093,0.004346794773853598,1027
0.6539876952528036,0.22642153083242875,0.08194227770509503,0.020141420507596975,0.017507075702075704,1028
0.04487868290979745,0.14552719542755158,0.7228530283287405,0.03703839381121114,0.049702699522699526,1029
0.0061441169614699035,0.012247510093965202,0.03023443166912207,0.14324857677753972,0.8081253644979032,1030
0.00639822403087109,0.006583100191861801,0.028589582598344203,0.05762000752601369,0.9008090856529094,1031
0.015520211389917271,0.17143578794098924,0.7172803333250856,0.0942664145967552,0.0014972527472527472,1032
0.006504305202881056,0.01909167273043434,0.03745023368100768,0.11648745275536301,0.820466335630314,1033
0.31136755650094666,0.5362785923691031,0.14484934276250075,0.004056902541902541,0.0034476058255470017,1034
0.37542429494579255,0.4463918021918404,0.1384553888875218,0.03335471150280748,0.006373802472037766,1035
0.034536796151904504,0.06041270658993568,0.24613643927280154,0.5615025859709607,0.09741147201439773,1036
0.7219277731848475,0.18542812131968484,0.05949994557042543,0.02018377925995573,0.012960380665086545,1037
0.004034175824175824,0.017346953079600137,0.13646337489136254,0.8013679545067933,0.04078754169806802,1038
0.9877452102799161,0.011144197044785278,0.0008105926752985576,0.00013333333333333334,0.00016666666666666666,1039
0.047092964689249506,0.44461502645101725,0.4448240390844106,0.05660529245264538,0.0068626773226773225,1040
0.031169583173963976,0.12128744842464041,0.5653362451810316,0.2341696700722739,0.048037053148090286,1041
0.11370072138903412,0.734171566567248,0.1347832106266627,0.013943983170252517,0.003400518246803076,1042
0.0026658788923494803,0.09378505520107691,0.8189420917128964,0.08294705910876192,0.0016599150849150846,1043
0.009550508315214198,0.02368234738257958,0.09235611993441718,0.3017385650984723,0.572672459269317,1044
0.04814082700058202,0.2398765211260077,0.5997296315088418,0.10010307644539848,0.012149943919169926,1045
0.004418348089818678,0.005246224984166161,0.01858470125677556,0.07160448127551844,0.900146244393721,1046
0.01258922482746012,0.021795683171317845,0.0472828536358722,0.1656182176801527,0.7527140206851971,1047
0.0026474610356963294,0.006231068376068376,0.0253598105162811,0.0669898585384344,0.8987718015335201,1048
0.003282151508622097,0.041306578095107495,0.8191064413914259,0.13209734599765563,0.00420748300718889,1049
0.023714830920713276,0.11147848326252356,0.7219754777523816,0.11634540347681215,0.02648580458756929,1050
0.9237124505972185,0.059290719696540116,0.013501928561634444,0.0014867371517371518,0.002008163992869875,1051
0.9770607238839591,0.01845717716923599,0.004348765613471496,0.00013333333333333334,0.0,1052
0.038007741049799856,0.7589147740546348,0.1866394527969451,0.01586953393012216,0.0005684981684981685,1053
0.7188061561589427,0.24123984740577628,0.029930694214626095,0.006685719933661109,0.0033375822869940513,1054
0.9811178995187818,0.016940679679797326,0.001594778554778555,0.0002021978021978022,0.00014444444444444444,1055
0.0027675494972863395,0.021475628946217178,0.32653487140997983,0.5487589079376077,0.10046304220890911,1056
0.6391970783355829,0.34706031898158224,0.011910630765862965,0.0007425274725274724,0.0010894444444444445,1057
0.5613837267702311,0.3165872355444021,0.07777811994648987,0.029719645352927076,0.01453127238595,1058
0.0004557575757575758,0.010150543508778804,0.09202269828898314,0.6584781159586887,0.23889288466779185,1059
0.0043986696928802185,0.026714483852920377,0.39183147457805373,0.4912971026221801,0.08575826925396587,1060
0.9550667617298421,0.036944792125659,0.0059044028194028195,0.001760233801286433,0.0003238095238095238,1061
0.7459141147270494,0.23847047169959618,0.014296415904357082,0.001224125874125874,9.487179487179488e-05,1062
0.555153138717148,0.38081606793791006,0.0526347484764977,0.0075313945772150104,0.0038646502912292385,1063
0.5647498551787724,0.40004821451555117,0.0338683194720656,0.0009653280053280053,0.0003682828282828283,1064
0.006621140526140526,0.04606322133490863,0.8471895473630184,0.09415155896787139,0.00597453180806122,1065
0.0021143258530255437,0.09057075131244673,0.8424150230971825,0.0638286708853582,0.001071228851987366,1066
0.023413736237962234,0.7555482474164983,0.1817847319587877,0.037572184375651865,0.0016811000111000111,1067
0.009751449824685118,0.05851385491701281,0.4778149631276875,0.4432358840351256,0.010683848095488963,1068
0.004054840486311074,0.03585589919884037,0.7391669092672034,0.21790400328429746,0.0030183477633477637,1069
0.5077677319635988,0.4318365593515532,0.0586732568033961,0.001636737595737596,8.571428571428571e-05,1070
0.0028990176490176485,0.06719576224421694,0.6543630727185498,0.2703961049339379,0.005146042454277748,1071
0.005300194208955819,0.01011831855794704,0.23224793242645245,0.7006626215981265,0.051670933208518344,1072
0.006817174699412551,0.008895536510945719,0.05295967447585095,0.19768551170192045,0.7336421026118705,1073
0.8286379011098978,0.13028962813416378,0.029209110023103828,0.007664615034088719,0.004198745698745699,1074
0.0002143145743145743,0.0067435397935397936,0.11897350080372363,0.8119831991801594,0.062085445648262974,1075
0.008151614233719497,0.009174936647459867,0.03583743412590161,0.12021090486225165,0.8266251101306675,1076
0.5674635954649739,0.3960759981440315,0.03236361096419919,0.0028697946497946497,0.001227000777000777,1077
0.0006568149497561263,0.04251398115644246,0.6614208339802612,0.290732177772348,0.004676192141192141,1078
0.00016722222222222222,0.004612051282051282,0.19402254123413573,0.7650796975367257,0.03611848772486543,1079
0.7869917246237709,0.1344968331739304,0.04877582695934357,0.023415445967786122,0.006320169275169275,1080
0.00024564102564102565,0.006620624176305291,0.06443495218403887,0.9128589858095122,0.015839796804502686,1081
0.25051899636311403,0.6895372372828412,0.05723085593113455,0.0019996237096237095,0.0007132867132867134,1082
0.005336657721363603,0.02888896689825482,0.4509140104267937,0.48239360254159325,0.03246676241199461,1083
0.9311564608611202,0.058344947347114526,0.00882194295041044,0.001130761395467278,0.0005458874458874459,1084
0.0005415887380593262,0.017502888353476586,0.21135479643679336,0.7522587299714388,0.01834199650023179,1085
0.011117672327672325,0.03847386623180741,0.38014606766224013,0.5293534653984384,0.04090892837984169,1086
0.03178701008829492,0.04447662275632863,0.16149323750037387,0.6505272448260374,0.11171588482896537,1087
0.03846398847798228,0.07248547514405101,0.2671129836108165,0.5615538568947392,0.06038369587241103,1088
0.0386357454039955,0.050409648602047295,0.08497535328137362,0.3348065324390093,0.4911727202735744,1089
0.04931460654756319,0.33655790748123565,0.5719266494238475,0.038788111535866955,0.0034127250114866212,1090
0.9788451853134825,0.020253025364728148,0.0007884559884559885,3.3333333333333335e-05,8e-05,1091
0.012331860507913139,0.016479709471814732,0.09764026936196278,0.49279317152291774,0.3807549891353915,1092
0.8531974803301274,0.11790017848164909,0.02558682732300379,0.0022369846819846823,0.0010785291832350655,1093
0.011014865865129026,0.42342592470555707,0.5448362966678408,0.017221878364153904,0.003501034397319227,1094
0.4049613669148188,0.5514354968543669,0.042614358342036335,0.0009524142524142524,3.6363636363636364e-05,1095
0.0014919642449054214,0.028455833545539422,0.5374324543791262,0.4217931540080147,0.010826593822414257,1096
0.30784763340994864,0.4903173406854435,0.16687398993335534,0.02619460886894323,0.008766427102309456,1097
0.9362661867595768,0.061445868962478854,0.0014625530025530024,0.0005818847818847819,0.0002435064935064935,1098
0.014857244191996511,0.07519209615290111,0.318301248098307,0.4827444460166596,0.10890496554013585,1099
0.2972767595132019,0.5073960383689835,0.17506975257904936,0.017990931203299622,0.0022665183354657037,1100
0.9361451193904136,0.041788339438339435,0.012026047612518201,0.00476943213649096,0.005271061422237893,1101
0.0021287284937284937,0.009582920306387797,0.09581818300894154,0.7164209631527741,0.17604920503816796,1102
0.7433801555943196,0.18642830862807652,0.04916764780455183,0.015690362119820323,0.005333525853231736,1103
0.7432744642698201,0.19568358751327797,0.04138944369871614,0.019060461006142122,0.0005920435120435121,1104
0.9362019253055166,0.05686721333362199,0.0050308769008769,0.0015063780663780665,0.00039360639360639364,1105
0.7757795081251737,0.139447713471599,0.04987184184924121,0.021239981398030933,0.013660955155955157,1106
0.9762297743140932,0.02063112589680701,0.0024673537573537572,0.00038412698412698416,0.00028761904761904757,1107
0.7150164239888082,0.2503089112298092,0.034265617162335414,0.00040904761904761905,0.0,1108
0.02846740314209354,0.615611385884497,0.3258528777002151,0.02887948473611012,0.0011888485370838311,1109
0.9754237805331923,0.021734519598049014,0.0023963080057197703,0.00012427572427572427,0.0003211161387631976,1110
0.9450883995416348,0.04781143173819644,0.005931194361194361,0.0011023076923076921,6.666666666666667e-05,1111
0.8950663637257137,0.09562694407759426,0.006285810855810857,0.0020441292041292044,0.0009767521367521367,1112
0.0033446742146742148,0.15455954235479008,0.715367238796635,0.11854669223964895,0.008181852394251777,1113
0.0229481172576993,0.7713433917575371,0.18442919691488427,0.020472104814689952,0.0008071892551892553,1114
0.044905569772504754,0.6114683839878733,0.3160585577133566,0.025145229347535845,0.002422259178729767,1115
0.7906250523590617,0.1970654238571886,0.01215952378374979,0.0001,5e-05,1116
0.0222825594993242,0.0468624780328031,0.09635240537412369,0.6710275498512497,0.16347500724249958,1117
0.003998433657845423,0.06119526210459647,0.6558157955357334,0.2672611176113189,0.011729391090505642,1118
0.4200580726944195,0.37786374799607003,0.17261204029372768,0.0219053324367411,0.007560806579041873,1119
0.0009664085914085914,0.01231655488302547,0.15520007080750728,0.7042159550500203,0.12730101066803862,1120
0.0035763396733984967,0.006531752193454979,0.019092886490874105,0.03485718360586782,0.9359418380364046,1121
0.889687550502473,0.09341352828801745,0.01530838674397498,0.0013975185925185925,0.00019301587301587302,1122
0.747057806460825,0.1888025984971341,0.056646245117111985,0.00623041286199181,0.0012629370629370627,1123
0.0020280852480852483,0.09067696460858059,0.8236879890044596,0.08140860860905148,0.002198352529823118,1124
0.15718186755624847,0.3055417467843474,0.4054383362423609,0.10341490369279849,0.028423145724244793,1125
0.8538762459440473,0.09528608662108597,0.02836924055909989,0.018607468087468087,0.003860958788298942,1126
0.9827277691434813,0.013267537771825696,0.0028338994338994337,0.000901904761904762,0.0002688888888888889,1127
0.007023065202771085,0.015470112909106711,0.03760079712684975,0.23222099644937116,0.7076850283119015,1128
0.8737535505086591,0.1151687483362871,0.010186675514028454,0.0006410256410256411,0.00025,1129
0.06510360713589816,0.1662392830045772,0.6691550097271153,0.04143562077585297,0.058066479356556754,1130
0.004458890144942777,0.036490745095977294,0.37558270480809197,0.5278744699177671,0.05559319003322098,1131
0.0634742733272919,0.45095187392586766,0.4088475772026391,0.06923592240061283,0.007490353143588438,1132
0.003218098568098568,0.007793980072215366,0.03596115312791783,0.2670076506190747,0.6860191176126934,1133
0.0013270155334861218,0.01983887083848384,0.22251797479610178,0.7280976357990137,0.028218503032914788,1134
0.0034525980555392315,0.010484212976565916,0.029946576751421948,0.21059299020209238,0.7455236220143805,1135
0.02227271661259277,0.49932952116167295,0.4299580940679547,0.04583814031857375,0.0026015278392058578,1136
0.004616645837822308,0.024824384949415905,0.7419161449369347,0.221196733046795,0.007446091229032406,1137
0.026314844567197505,0.07596098264480619,0.13304584885530715,0.3388304334726163,0.42584789046007315,1138
0.0007081501831501832,0.14218255949932426,0.8110511818607951,0.04560966689828918,0.00044844155844155846,1139
0.9442686082544907,0.04969960754931342,0.0039625116386881095,0.0016162422544775483,0.00045303030303030304,1140
0.34960864467318026,0.5379069551054381,0.09381820814548376,0.015370717550423432,0.0032954745254745255,1141
0.9378426859741567,0.05606372774284538,0.004530638120049885,0.001562948162948163,0.0,1142
0.022061914155675766,0.03896915216190757,0.7261863778997062,0.18775488025562334,0.02502767552708729,1143
0.031398422050945264,0.6485931335125141,0.29269522395561093,0.026989887147596127,0.00032333333333333335,1144
0.9558796027312899,0.036702611722642685,0.006094805976617122,0.0009629795694501578,0.00035999999999999997,1145
0.9000437403085394,0.0762852569377647,0.016820647374641184,0.006117022045721737,0.0007333333333333333,1146
0.2832318749362094,0.5297331161854999,0.16027302599189602,0.01989324097471156,0.006868741911683088,1147
0.9376316780948672,0.05441853399782193,0.006359897470950102,0.0014565571030276914,0.00013333333333333334,1148
0.0008728171828171827,0.0065313308329097795,0.11166022494533337,0.757813414796418,0.12312221224252191,1149
0.9665809132697367,0.027841893825129117,0.003717034174975351,0.0012296825396825397,0.0006304761904761905,1150
8e-05,0.002381136575842458,0.12158554971000797,0.8531884275872048,0.02276488612694495,1151
0.9025376220339687,0.09183339560851948,0.005333466109054344,0.00029551624845742494,0.0,1152
0.11544002036147552,0.3668456132687402,0.3901029783975914,0.11268895178265148,0.01492243618954145,1153
0.014299669154375033,0.3172981051782008,0.6124100718380945,0.050545467470789175,0.005446686358540578,1154
0.0008845670995670995,0.005046999266643229,0.1526460304435847,0.7482186945648092,0.09320370862539598,1155
0.9208815601065601,0.07425671390700803,0.004167887602593485,0.00037939393939393943,0.00031444444444444445,1156
0.14398924247579054,0.21585831354919596,0.4928068358129657,0.12039083564698119,0.026954772515066627,1157
0.974485250289786,0.023662890458354853,0.0017710900210900211,3.076923076923077e-05,5e-05,1158
0.008431707442883914,0.4217039347654484,0.5309587366807526,0.03791367844573726,0.0009919426651779594,1159
0.9588005428231898,0.03629770912094441,0.004301569802746274,0.00040039215686274514,0.0001997860962566845,1160
0.0015058710054994884,0.04159157194886296,0.8099999152429959,0.14463290709290716,0.0022697347097347096,1161
0.3323390752453601,0.4856731011386274,0.14581280868941862,0.0332339415555205,0.0029410733710733715,1162
0.7807527227897662,0.19729482719035357,0.021485054883197297,0.00023858585858585859,0.0002288092780972038,1163
0.406539166476798,0.49503869970414865,0.0765652501402966,0.0193427278346009,0.0025141558441558443,1164
0.0022491575091575086,0.022753715575789875,0.5492420732969489,0.4122775265699886,0.013477527048115284,1165
0.26180854844270335,0.5781541684224752,0.1535460556041826,0.005295398653633948,0.0011958288770053476,1166
0.9628680682715978,0.03172260938407997,0.004515873570873571,0.0007326406926406926,0.0001608080808080808,1167
0.6656753654120218,0.28645481873647505,0.04470036765264318,0.002677478730419907,0.0004919694684400567,1168
0.9299927551533435,0.05504235731588671,0.012767029832912186,0.0019335719835719839,0.0002642857142857143,1169
0.5522083434986813,0.3678100160657309,0.06398331709226444,0.015031177156177158,0.0009671461871461872,1170
0.056678429343274536,0.6594046387237744,0.25594668558091227,0.025218775600567893,0.0027514707514707513,1171
0.3261928562991875,0.5205796045664005,0.13543364724370915,0.017391685208496353,0.0004022066822066822,1172
0.0033031412378471204,0.060227771640124585,0.390821449285149,0.5319355373556611,0.01371210048121813,1173
0.0008022251604604544,0.02871554902613726,0.23679866581474948,0.6841874713160937,0.04949608868255927,1174
0.8330912891271094,0.1434678143270558,0.022014550343017834,0.0011998934398934399,0.00022645276292335118,1175
0.002195859140859141,0.01804023550099711,0.1500825007053491,0.5881679993226586,0.24151340533013604,1176
0.9761364232499528,0.021654818841289426,0.0020043623043623044,0.00020439560439560438,0.0,1177
0.6929097172401043,0.2755689912358024,0.02773528148837746,0.0028180708180708183,0.0009679392176451,1178
0.02289752144656169,0.09642978736605676,0.332264792355907,0.43644987908720106,0.11195801974427362,1179
0.00029135531135531136,0.00600053923200982,0.2208433400019314,0.7593743575945899,0.013490407860113745,1180
0.9583513815544624,0.038440554679238875,0.0031045672628025574,6.713286713286713e-05,3.6363636363636364e-05,1181
0.6887220354653947,0.12387810480197481,0.1152995696065201,0.04040512463800389,0.031695165488106664,1182
0.6840021348981254,0.2659684987269354,0.04379754930312204,0.005997675657675658,0.00023414141414141414,1183
0.6937009857325337,0.17720184022891455,0.10772433269001384,0.013629930028691636,0.007742911319846305,1184
0.0012119524919524918,0.011515007770007768,0.17613149297898528,0.679379896860965,0.1317616498980896,1185
0.10534692287760405,0.5973193726019422,0.257906875434507,0.032414166585048934,0.007012662500897797,1186
0.16235364327279195,0.5685711451018881,0.21904913430394862,0.04962607732137144,0.0004,1187
0.9596308121479484,0.03611460188246566,0.002158742923742924,0.0015156410256410258,0.0005802020202020201,1188
0.340544012578409,0.45007995813680646,0.19240523643023652,0.010147857685142515,0.006822935169405757,1189
0.002390935894171188,0.019276107399652288,0.19552865122949328,0.5593733226170936,0.22343098285958968,1190
0.9479770446306361,0.04078445494821655,0.010155302050890288,0.0008919378660555132,0.00019126050420168066,1191
0.003237850091085385,0.031153825766596664,0.6780583838486933,0.26890904468768245,0.018640895605942044,1192
0.9755431129981129,0.023075834720834718,0.00024303030303030304,0.0008380219780219781,0.00030000000000000003,1193
0.1553210300208908,0.6993456459536332,0.12111633463200033,0.022999140575626638,0.0012178488178488176,1194
0.6466436312369226,0.2280052342268193,0.10117172184368783,0.019696432894590787,0.004482979797979798,1195
0.005340818789054082,0.10462068626420022,0.8117137814060724,0.07634117894661238,0.0019835345940609097,1196
0.13255508826055276,0.75536678731037,0.1079425966888439,0.00325501975149034,0.0008805079887432829,1197
0.3285882247731629,0.515496302832015,0.12667612912371434,0.023529804476569178,0.005709538794538794,1198
0.0043972468054821,0.013946367151939906,0.06304360839195204,0.32552567634463925,0.5930871013059866,1199
0.00019047619047619048,0.004570977910977911,0.09295826399091106,0.8081856411905948,0.09409464071704012,1200
0.011954379923482092,0.02927345835279272,0.07979393900904738,0.4373927865856194,0.4415854361290584,1201
0.9250059551593918,0.06903936881487965,0.005548265769318401,0.00022564102564102563,0.00018076923076923077,1202
0.048536832749294045,0.23265197750821595,0.6609088915607956,0.0526725472137082,0.005229750967986262,1203
0.004712777092188857,0.18192522529586003,0.7116253536332946,0.10159164397865639,0.000145,1204
0.0012914124764124766,0.07072937629771256,0.7935495459960242,0.12926649516634045,0.00516317006351062,1205
0.849303440989695,0.12215236261158866,0.024140979615499734,0.0022758369408369403,0.0021273798423798425,1206
0.0007915773115773116,0.014661470105401994,0.2263505338418032,0.7209220905754031,0.037274328165814226,1207
0.0007314285714285713,0.015913393697805464,0.3656730964133905,0.601584447212574,0.016097634104801285,1208
0.0018613819513819516,0.03998459387705518,0.6619603075012364,0.28484019003356464,0.01135352663676193,1209
0.00015157731157731157,0.0036529492729492734,0.07399097150871146,0.6718365878789253,0.2503679140278368,1210
0.0026104928404928405,0.050410097867388884,0.8437281648537223,0.10080857570362219,0.002442668734773998,1211
0.2610655595350642,0.5106449932283059,0.19605626773639168,0.02938516362722245,0.002848015873015873,1212
0.15214388489391592,0.5326555580298614,0.21055611686043588,0.08880371058593971,0.015840729629847276,1213
0.003901261287731877,0.09131058526029992,0.7214886870377495,0.17384354645182826,0.009455919962390551,1214
0.8684405690405226,0.08702852144415614,0.024759943977591035,0.013493054494525081,0.0062779110432051605,1215
0.0007225974025974026,0.00122015873015873,0.07652966622129159,0.9001576891684169,0.021369888477535535,1216
0.017885220881629547,0.1443694019877612,0.7641521690246461,0.07205674623450165,0.0015364618714618714,1217
0.7944183835187859,0.15222317562726234,0.043782747266493394,0.00835937774643657,0.0012163158410217233,1218
0.5752901870386238,0.36147186128113373,0.055025802620152456,0.007200551997022586,0.0010115970630676513,1219
0.6690289754002449,0.28492054353970764,0.039182652058983324,0.004784655507890802,0.002083173493173493,1220
0.7937912599663839,0.1937756092428385,0.010731352568999628,0.0014426873126873127,0.00025909090909090907,1221
0.5107750030671087,0.36209096806082003,0.1083171130187472,0.014340917472620257,0.004475998380704263,1222
0.9275001508656462,0.06641589315569194,0.006055384550090433,0.0,2.8571428571428567e-05,1223
0.7729960860793832,0.14214307889736685,0.06270727077703857,0.019260020567667624,0.002893543678543679,1224
0.18701151376487296,0.3340408153147162,0.20444695323939915,0.20401340489060305,0.07048731279040876,1225
0.6689037378204873,0.3069554140596247,0.020695958564998812,0.0021382428682428676,0.0013066466866466868,1226
0.008704882339882338,0.17370269531637964,0.7569069501344889,0.04932362595093244,0.011361846258316849,1227
0.11002544357775015,0.4278665675197659,0.40796819590222666,0.04752472274371654,0.006615070256540845,1228
0.0018209246309246307,0.04520543467884025,0.890924717212612,0.06192767805637774,0.00012124542124542124,1229
0.008337293928981235,0.04017431124717502,0.32836446850933526,0.5297307640903093,0.09339316222419938,1230
0.00974267372290592,0.10286243848400196,0.7142061356508418,0.1666249271488746,0.006563824993376077,1231
0.05821636109504531,0.5887112824293009,0.3343848868640819,0.017399126142175675,0.001288343469396101,1232
0.8402407635811041,0.15387810943614352,0.00548066078228617,0.00037189477189477184,2.8571428571428567e-05,1233
0.0011412872095225037,0.04817508239266753,0.8239403489837367,0.12274619072698294,0.003997090687090687,1234
0.15851122722478767,0.6545083754961927,0.15543651968946098,0.028976476493922314,0.0025674010956363894,1235
0.5279988093846298,0.30987425883541986,0.13850291636811768,0.01930533017550045,0.004318685236332295,1236
0.027629096361155188,0.7154092240026915,0.2437362261439971,0.01300831063501342,0.00021714285714285715,1237
0.38744691143189225,0.341357808075997,0.23770981748396242,0.021799335638785763,0.011686127369362661,1238
0.2724636676773519,0.5307956093974824,0.18416019150440213,0.009157155556861437,0.0034233758639021796,1239
0.5512709991745439,0.37436423834851085,0.06577857777928986,0.007665174596645184,0.000921010101010101,1240
0.02775921872245401,0.08262535851601474,0.2851105731385918,0.539747426067897,0.06475742355504235,1241
0.9629687813476515,0.024651163415188183,0.010731567058672323,0.0012804967254967255,0.000367991452991453,1242
0.6073130958738544,0.3016614018592347,0.06133677267177268,0.028867007983416647,0.0008217216117216116,1243
0.6787159380162322,0.2907811413285717,0.027493688841258496,0.002254282318988201,0.0007549494949494949,1244
0.9368661775823078,0.061330987866622534,0.0016464709147062085,0.00011999999999999999,3.6363636363636364e-05,1245
0.6752270254014991,0.22985710089016584,0.08207237794884854,0.00809250230849302,0.00475099345099345,1246
0.003536919355154649,0.03269602281619309,0.8012861746784349,0.16177995074928522,0.0007009324009324009,1247
0.5936055195698696,0.33180929954806115,0.06090600099075331,0.009980166355831991,0.003699013535484124,1248
0.015717818773933325,0.08254829700914838,0.4793601728341505,0.3846481352526717,0.03772557613009626,1249
0.0023791704374057318,0.00434890621590312,0.02862230348083289,0.3322666312050522,0.632382988660806,1250
0.0004333333333333333,0.008219744405920876,0.2099020771682813,0.7269547777105858,0.054490067381878525,1251
0.9826612717348013,0.014805251741722328,0.0023633177933177936,0.00013015873015873015,4e-05,1252
0.9675888058542765,0.030257353933648045,0.0014595744778097717,0.0006142657342657343,8e-05,1253
0.0014001776001776004,0.012069608992658527,0.19974432845448328,0.7561881289917513,0.03059775596092933,1254
0.8909126839792474,0.10453700068249612,0.003681370949312126,0.0007344999444999445,0.00013444444444444447,1255
0.04743931434406665,0.5330801612766319,0.3854567545234264,0.02933563753068396,0.0046881323251911486,1256
0.9405097766371917,0.04801609683574078,0.008710919244154538,0.002501668821374704,0.00026153846153846154,1257
0.9596739855345893,0.02677506015827997,0.00524308661926309,0.0078070596070596065,0.0005008080808080808,1258
0.2621249358072269,0.5795891019867648,0.12268302244367268,0.028403361366875296,0.007199578395460748,1259
0.001009011544011544,0.01096987305951702,0.24215947789852427,0.6717356414283133,0.07412599606963385,1260
0.890055575365467,0.10250241912370398,0.0065265891624715165,0.0004068449197860963,0.0005085714285714285,1261
0.0016678848928848929,0.014810939224174516,0.37192922951489527,0.5931409805450825,0.018450965822962725,1262
0.9799068168278231,0.01605278135177516,0.002991166611166611,0.0005842424242424243,0.00046499278499278503,1263
0.00209513431013431,0.05723274496538892,0.5697225885146845,0.35582882878903,0.015120703420762244,1264
0.008119784731951915,0.0983896366361537,0.836132469994746,0.05679593081497105,0.0005621778221778222,1265
0.9805814754921721,0.01697493515600327,0.0014369226851579792,0.0006638095238095238,0.00034285714285714285,1266
0.015090023244729129,0.06430755230837275,0.2780632940984026,0.5498272049879945,0.09271192536050124,1267
0.28240321744474994,0.4719420009866296,0.23719453145925282,0.005050551148198207,0.0034096989611695494,1268
0.7520810795379371,0.21278902460284818,0.03170917292202121,0.0023146164946164947,0.0011061064425770307,1269
0.0027321531392584023,0.09347042308740455,0.848917035992903,0.04877891119372543,0.006101476586708785,1270
0.007259105508018553,0.048074391164391155,0.8415515839441665,0.10118945301972224,0.001925466363701658,1271
0.01669934877128375,0.549600812376478,0.3948330355489772,0.03043818580964361,0.008428617493617493,1272
0.006076726098119286,0.04850841902679362,0.5219994225360048,0.3963824457104643,0.027032986628617934,1273
0.11080994626632405,0.3544243914530602,0.42538810445809716,0.08816616873001518,0.02121138909250364,1274
0.002798117601352895,0.08702246553389777,0.8605517238422576,0.04935334958814834,0.00027434343434343435,1275
0.015192613758790233,0.11024521993426628,0.8181063120717393,0.055575610263489526,0.0008802439717145599,1276
0.8780877654114032,0.09372204689874972,0.025171131015527294,0.0026259830812462395,0.000393073593073593,1277
0.20732459064327494,0.6108502033587327,0.17094960823490238,0.008766726039698178,0.0021088717233918473,1278
0.7207366451659796,0.24671576300892095,0.026876471639815297,0.004989760842872298,0.000681359342411974,1279
0.5178361467290881,0.3195667673382689,0.14778876477667505,0.009460656598303658,0.005347664557664557,1280
0.11096429632115394,0.4459582561709988,0.3562170766655758,0.07328682818094247,0.013573542661329036,1281
8.214285714285714e-05,0.0021427172827172825,0.06461081334901769,0.8829802674982398,0.050184059012882545,1282
0.007319892125418441,0.03488703081232493,0.23409651821862357,0.6791091629079554,0.04458739593567766,1283
6.666666666666667e-05,0.0013674370074370074,0.07995513038561027,0.8692376872216192,0.04937307871866694,1284
0.02715879555085437,0.08600504702212133,0.4422817792017887,0.42417403464896336,0.020380343576272365,1285
0.004433628920099508,0.04191032620973796,0.767861777917645,0.1791409910780655,0.006653275874452344,1286
0.019651216531333636,0.037761374643588266,0.15572808960777945,0.6823261747473898,0.10453314446990922,1287
0.20526872949186298,0.37652741565417724,0.3968114434263782,0.013167341562805959,0.008225069864775749,1288
0.018561141758138663,0.023877257146018755,0.06683162883899726,0.6299034335959878,0.2608265386608576,1289
0.9260661955742917,0.07193168543358945,0.0018576745476745476,9.444444444444444e-05,5e-05,1290
0.2666068555558649,0.4268965929478159,0.2477575769603634,0.05287755393041771,0.005861420605538252,1291
0.958028710582503,0.03519856789237594,0.004616270492493403,0.001770806350512233,0.00038564468211527034,1292
0.893710556763498,0.07033035481202662,0.020265179500581976,0.012348340440089669,0.0033455684838037776,1293
0.025650787251963715,0.7181053112619271,0.24008876701273926,0.01597513447336977,0.00017999999999999998,1294
0.4820934185594248,0.3113272565033866,0.18295899118597267,0.01447874311962547,0.009141590631590632,1295
0.16215932026349994,0.5884352776411756,0.22443674198522504,0.022668714500154126,0.00229994560994561,1296
8.076923076923076e-05,0.001209841824841825,0.06211540260049547,0.882479924195172,0.05411406214872159,1297
0.7580204295549652,0.22850044175638606,0.012916291525811651,0.00035821955821955826,0.00020461760461760464,1298
0.8933257261641007,0.06561263717190963,0.020958155374037727,0.01822815406815407,0.0018753272217978095,1299
0.899549334581827,0.09894454777764376,0.001444579178990944,3.076923076923077e-05,3.076923076923077e-05,1300
0.04265618519079818,0.40121977501171,0.4454811058892947,0.09199343180898911,0.01864950209920798,1301
0.9502412400602495,0.04469076133704615,0.004952161498632087,0.0001158371040723982,0.0,1302
0.0291594817755344,0.06148721375803419,0.21728574514752536,0.5549199076001399,0.13714765171876636,1303
0.9076807756295994,0.07934379527421326,0.012169493593781519,0.0006129196293902175,0.000193015873015873,1304
0.09218521954541477,0.5630858670992787,0.3204279426679273,0.021719624223385834,0.002581346463993523,1305
0.01710816529016219,0.05774128173855727,0.6167487834525296,0.2972179400149215,0.011183829503829503,1306
0.9838299527270117,0.013670280373221549,0.0014505316905316906,0.0005842424242424243,0.00046499278499278503,1307
0.9305234565194012,0.06467153092006035,0.004076708846708847,0.0005596320346320346,0.00016867167919799495,1308
0.06931334328897795,0.17339767621267635,0.4206112275272028,0.25556521119231645,0.08111254177882664,1309
0.006872734683617036,0.05388878222740451,0.9002769845273407,0.037594210498823485,0.0013672880628143786,1310
0.1435212721849874,0.8145128748083703,0.0406976886220075,0.0009895929560635442,0.00027857142857142854,1311
0.0008664075140545728,0.003947976076211371,0.11445177349997786,0.8632882559476988,0.01744558696205755,1312
0.9500582818626164,0.04459454462462202,0.005238082603670839,0.0,0.00010909090909090908,1313
0.21051318393680632,0.4962512296337994,0.20134840582534091,0.05811606714235197,0.03377111346170169,1314
0.00042264957264957266,0.014742849625434765,0.45793224534667276,0.5161633088067763,0.010738946648466774,1315
0.0612370388881844,0.3754215011029562,0.5058036357227224,0.05399834479589895,0.0035394794902380037,1316
0.7311670078717293,0.19815413591224745,0.053848503235670406,0.013559867354867352,0.003270485625485626,1317
0.001240909090909091,0.007991257631257631,0.16245422101634183,0.8062749985910204,0.022038613670471253,1318
0.0007646669996669998,0.02580267595149948,0.8982478443709713,0.07495764396422291,0.00022716871363930185,1319
0.011620399926870511,0.44469519466601504,0.5210458237685948,0.022518581638519716,0.00011999999999999999,1320
0.160339431911398,0.39692546129584205,0.3405372205750906,0.08097186855971686,0.021226017657952644,1321
0.001131553544494721,0.005374316352721926,0.029206658398361174,0.21984891480896135,0.7444385568954612,1322
0.2575863783802235,0.5912534498118803,0.14726316714589166,0.002594651459651459,0.0013023532023532024,1323
0.005470149980738217,0.09676993893275629,0.831492140197264,0.06365140176816647,0.0026163691210750032,1324
0.008878651862413472,0.06814865621134972,0.5050485099747173,0.3854247463149165,0.03249943563660281,1325
0.0052140892440892435,0.07486391787950615,0.5658714987059723,0.3475677364379687,0.0064827577324636145,1326
0.27076957807242635,0.522745385759751,0.16949638150635066,0.03307991673273407,0.003908737928737928,1327
0.008194897977839153,0.1544456165987436,0.6747326124872718,0.13446163712620376,0.02816523580994169,1328
0.02138519428284134,0.4464179718647367,0.3902599721692137,0.099357029882742,0.04257983180046647,1329
0.008575561945794143,0.03402989158416402,0.6432384552110519,0.30324793813760176,0.010908153121388414,1330
0.9460294836903722,0.04556432860844005,0.0076885497835497835,0.0006812742812742813,3.6363636363636364e-05,1331
0.00024415584415584415,0.003629869183104477,0.055928855121486695,0.7805375855493875,0.1596595343018658,1332
0.024918839364969397,0.02090063707534296,0.04208803360038656,0.05635955987596854,0.855732930083333,1333
0.011831970121381886,0.0910890909761034,0.7879069247603027,0.09396345607489236,0.015208558067319678,1334
0.8946750258753975,0.0916929336813857,0.012777259668436139,0.0005487995337995338,0.00030598124098124097,1335
0.4062960500610503,0.47299320590658045,0.10035822295867196,0.0199331386260798,0.00041938244761774175,1336
0.4130655722691481,0.5265464740419541,0.058725369051313314,0.001629251304251304,3.3333333333333335e-05,1337
0.18410017868955958,0.5699561365449137,0.20145998522289554,0.036769265088196966,0.0077144344544344545,1338
0.8198246405572414,0.13719832346703872,0.03613292952661373,0.006334083139083138,0.00051002331002331,1339
0.000589047619047619,0.004046723072249387,0.0839498878538043,0.7642622121325529,0.14715212932234606,1340
0.6953579240350292,0.264055001955389,0.03433192716296431,0.004603100004570593,0.001652046842046842,1341
0.1635282102812908,0.5457863264238342,0.2392518521674405,0.043127601254954184,0.008306009872480462,1342
0.919481898119081,0.05014491539420331,0.01747571973777856,0.010390816862875685,0.002506649886061651,1343
0.009718544901950473,0.4265651009430885,0.5159363229460597,0.04685238330125326,0.0009276479076479075,1344
0.006343334051569347,0.023436750332570762,0.0864784209770278,0.36095333457048634,0.5227881600683457,1345
0.00928498001998002,0.055573326778141016,0.516752708913034,0.34825338147576546,0.0701356028130796,1346
0.3632119576605025,0.4932983629717376,0.11363699456374383,0.026432753167025612,0.0034199316369904606,1347
0.40198127871956063,0.4172875193416834,0.16206184449193742,0.014969321763547766,0.0037000356832709775,1348
0.9259802938255417,0.06161026140354313,0.006731569868040456,0.005017832167832167,0.0006600427350427351,1349
0.0006151570943676207,0.0033202997982409747,0.0562419746278011,0.6172079441452044,0.322614624334386,1350
0.0021995493395493395,0.07200353187404272,0.8213289675494785,0.09583014499088807,0.008637806246041541,1351
0.9196184194305866,0.05365025047879537,0.02424166224212664,0.0018648132259896967,0.0006248546225016813,1352
0.5345468453837184,0.36564241105128104,0.08656757625931003,0.013059049658631703,0.0001841176470588235,1353
0.7846773279896098,0.19571581112617664,0.018216358837241188,0.001141904761904762,0.0002485972850678733,1354
0.924153687586923,0.0669556725627314,0.006773031902737786,0.0016931635031635036,0.00042444444444444447,1355
0.4750250430151204,0.4461902858888617,0.06997132020714067,0.006483524049050364,0.0023298268398268397,1356
0.0017171228118286943,0.04469867157266538,0.7004047056280494,0.24934371509467496,0.003835784892781796,1357
0.7828089909162048,0.21343180999083483,0.0032489537827153922,0.00023953823953823953,0.0002707070707070707,1358
0.0010498645798645797,0.007631643337742408,0.27284435185041994,0.6641657170538439,0.05430842317812906,1359
0.29582746070690946,0.5749795799545274,0.10655499246195843,0.0195748483284861,0.003063118548118548,1360
0.7187384113255166,0.24107879455082254,0.03447848460964559,0.004942954202660085,0.0007613553113553113,1361
0.10421554889383064,0.8540625020352886,0.03912408027301215,0.0025215051615051615,7.636363636363637e-05,1362
0.6287246433848379,0.30477667913613743,0.04822686648106085,0.01516027567054623,0.0031115353274176805,1363
0.000816091131091131,0.0249416286328051,0.7449550052092654,0.22726684066587755,0.0020204343609606765,1364
0.7870300715509941,0.16812592317323574,0.026446490372372716,0.01132626089596678,0.007071254007430477,1365
0.8687745827736076,0.08753229733974319,0.029785520949638593,0.013330109759521525,0.0005774891774891775,1366
0.9567239963345908,0.04100093429033986,0.001961180486180486,0.0003138888888888889,0.0,1367
0.7531595385367986,0.22786631113640404,0.0160945529307294,0.0021230894595600474,0.0007565079365079365,1368
0.01438348749977233,0.07081540993578145,0.5086974633227108,0.32537503417978647,0.08072860506194872,1369
0.06840790771835663,0.21415204592277354,0.5987780201532217,0.07356389790979576,0.045098128295852746,1370
0.029758221369273995,0.39362108453809685,0.43484229828411813,0.12637362164390706,0.015404774164603886,1371
0.8819214314942025,0.05336812617035526,0.061256336996336994,0.0023226767676767677,0.0011314285714285714,1372
0.011556291486291486,0.044434368464352975,0.23615063371807152,0.5319511179255378,0.1759075884057463,1373
0.41323924723539285,0.48995164386525075,0.07577496366550547,0.009810515595515596,0.011223629638335519,1374
0.023089406556635658,0.07733704506707605,0.5115613100005689,0.34442458960825006,0.04358764876746919,1375
0.7829790302638686,0.19632647987958277,0.017585031537090356,0.002833700743700744,0.00027575757575757574,1376
0.7626872631238728,0.21651290226801062,0.020497416307462747,0.0003024183006535948,0.0,1377
0.9678762343951199,0.021584989585577818,0.0064689536194799365,0.0023585747585747586,0.0017112476412476413,1378
0.841002005656882,0.08621462583340292,0.06437055857455239,0.004002006816712699,0.004410803118450178,1379
0.20819855923917846,0.6850957153338578,0.10225126922269342,0.0038854818452960863,0.000568974358974359,1380
0.06373635442129251,0.2260221715860605,0.5428397541730792,0.14462788648056454,0.022773833339003617,1381
0.018203006429415098,0.47991246476254484,0.4589586257327872,0.041646467021110974,0.0012794360541419365,1382
0.09527614913809965,0.32114569204490195,0.4630957901709274,0.10942546225181168,0.011056906394259335,1383
0.8401592980377035,0.13743071603319285,0.02091027452939217,0.0009136507936507935,0.000586060606060606,1384
0.0024434700593524124,0.026674701474995587,0.6887411131541319,0.2814494798802849,0.0006912354312354313,1385
0.004865485396955985,0.08464590513373797,0.8218164532766854,0.08607474954697866,0.0025974066456419397,1386
0.12433328352589965,0.6852144535581377,0.16287517675307156,0.026587948633753578,0.0009891375291375293,1387
0.22574471032235746,0.5104082237336106,0.24298386842259906,0.01864548023871553,0.0022177172827172824,1388
0.614891593443947,0.34148127642612097,0.04100249920530105,0.002171903651903652,0.0004527272727272727,1389
0.5457591523663069,0.25966003476922717,0.15015669772092377,0.028138302840949897,0.01628581230259249,1390
0.22308331387223035,0.5594838526987287,0.1870153742542288,0.02698850779939015,0.003428951375421964,1391
0.9422534173342998,0.045889276246629175,0.007764723283252696,0.003559249802485096,0.0005333333333333334,1392
0.032653053515112336,0.047252234660764066,0.1097873768388475,0.4282950694317723,0.382012265553504,1393
0.6075793365543987,0.26623801749506093,0.10307945367991071,0.01666212458015056,0.006441067690479455,1394
0.11045574309075863,0.6587330320436358,0.19851971350974462,0.029895850872553652,0.002395660483307542,1395
0.8683764368964366,0.1141949576240753,0.014516653542535896,0.0026089216339216337,0.00030303030303030303,1396
0.03198187750158338,0.0625680819833761,0.15395700652632555,0.5952648181625736,0.1562282158261416,1397
0.9378592890614718,0.05467905860393475,0.005041135857606446,0.0012409205173911056,0.0011795959595959596,1398
0.05116023275486122,0.16340007988055985,0.5924179421404189,0.18029142139078674,0.012730323833373369,1399
0.021594652567934306,0.021706174877753823,0.1030744059329044,0.28195135930976495,0.5716734073116424,1400
0.607233137428447,0.2682479704351377,0.10819642378605232,0.01282842268842269,0.0034940456619403986,1401
0.14821090113189195,0.5141066978343294,0.30236380731583523,0.02865274388150548,0.006665849836438071,1402
0.010135527087291794,0.0808162275701595,0.7730441082137676,0.12961461965279308,0.006389517475988064,1403
0.10241641817418912,0.5891915780693335,0.18976704987135343,0.09931362933420212,0.019311324550922073,1404
0.01840475828093475,0.09103713442844083,0.38987846985203956,0.461297258314441,0.039382379124143815,1405
0.00040842490842490844,0.006840098754015163,0.0741263823397105,0.9132065330163472,0.0054185609815021575,1406
0.0324940763811352,0.0388103557977148,0.21810202800527279,0.5496522043934738,0.16094133542240358,1407
0.5572828989569081,0.3977475879366592,0.04169503686372106,0.00265733338556868,0.0006171428571428571,1408
0.005781073341862816,0.004651626811441053,0.015723955915085946,0.054194429859785884,0.9196489140718246,1409
0.0011897128361834245,0.012346270542323175,0.0905119545315366,0.8460301707563163,0.049921891333640556,1410
0.5849740316786756,0.334730489859298,0.06934344712391154,0.00887639742266677,0.002075633915448157,1411
0.0007517360417360417,0.03190974113262039,0.7297717069445862,0.2210333621950805,0.016533453685976904,1412
0.007268856143856144,0.028560706252811513,0.24669972214038033,0.5705899228963853,0.14688079256656658,1413
0.0027473316552728316,0.12290990079579864,0.7224444324389061,0.1486064725281599,0.003291862581862581,1414
0.8112202779504638,0.11850154915088354,0.04835602538672197,0.014468672326985019,0.007453475184945773,1415
0.10489433213673163,0.7613333009285179,0.10478019384640133,0.02554590608737667,0.003446267000972883,1416
0.001106939726939727,0.045058088610735667,0.8280860306910153,0.1251388557297536,0.0006100852415558298,1417
0.8457759823458277,0.13711704894520685,0.013802532034528938,0.002582214452214452,0.0007222222222222223,1418
0.00349369221421853,0.022575597460674855,0.275110152221808,0.6607629870640868,0.03805757103921189,1419
0.027546766480853163,0.05640726440226438,0.09138586860336091,0.3850933527977235,0.439566747715798,1420
0.9513203376035729,0.04071808841485312,0.005154628051686875,0.0021598064680417623,0.0006471394618453441,1421
0.05665461385020208,0.24410402620599223,0.5249364861437152,0.14477802005012544,0.0295268537499652,1422
0.11730492800113548,0.375549116846346,0.34821311443458514,0.12231605074492077,0.03661678997301288,1423
0.0036373678282501814,0.010035725629719437,0.04522004940192246,0.36623973889887207,0.5748671182412359,1424
0.19730724075202416,0.5669112916289076,0.19964283777282246,0.02911216388702457,0.007026465959221377,1425
0.1722388263662723,0.5408993756964682,0.2441013080172995,0.03442230980801851,0.008338180111941724,1426
0.003101532846238728,0.04441537707390648,0.27184016777340314,0.6437392570432665,0.03690366526318538,1427
0.36117266499178885,0.5131882689246559,0.11970481200430123,0.004151129981129981,0.001783124098124098,1428
0.0008813863260922084,0.011827056668821372,0.15888068668345764,0.7595213945376947,0.06888947578393399,1429
0.9384443393637667,0.05210574559255673,0.005111850232670666,0.0028091814721226483,0.001528883338883339,1430
0.006559108212049389,0.015340194282841344,0.027431495712749575,0.1164787318751305,0.8341904699172291,1431
0.8028403353629517,0.18617028460875218,0.010591303105219515,0.00027730769230769237,0.00012076923076923076,1432
0.009261628387092784,0.13595607886437608,0.7251423956057704,0.11546837438447351,0.014171522758287463,1433
0.04938434358039621,0.22199054533357954,0.5415988898899665,0.14812678074486807,0.03889944045118968,1434
0.004914196738933581,0.008069557441182828,0.01809957330938755,0.06641554618927685,0.9025011263212193,1435
8.19047619047619e-05,0.009636622691034456,0.11439092055691132,0.8268839965985169,0.04900655539163279,1436
0.15785017534409185,0.43012076698671126,0.3539200284957561,0.051319959909371674,0.006789069264069264,1437
0.014023730463909496,0.15093814293273183,0.5614390651350714,0.1886357782516761,0.08496328321661138,1438
0.29187281770001594,0.580442047311134,0.11212652849730256,0.012795366398307573,0.0027632400932400937,1439
0.029907069890893416,0.10135499829375996,0.6470959194525133,0.19943716262193117,0.022204849740902373,1440
0.02760175608533194,0.04633829761741526,0.22014454983097403,0.560149839472533,0.14576555699374588,1441
0.12450469567068645,0.30302650538488,0.47822799573491526,0.07889216173918964,0.015348641470328776,1442
0.00020130718954248367,0.003985788264023558,0.13439802013260221,0.8231031888888548,0.038311695524977256,1443
0.14293062718671085,0.5451800126189601,0.25351102829059496,0.04599427207467455,0.012384059829059829,1444
0.008780317721494192,0.04690737471163168,0.23938091597944547,0.6715765299131553,0.03335486167427344,1445
0.2076457304064297,0.5775059567918207,0.17850827228670887,0.026864604839604837,0.009475435675435677,1446
0.0056185650623885915,0.06113605348555812,0.8481688091887474,0.07895231528705215,0.006124256976253881,1447
0.17665322225238914,0.5066213357304218,0.21173875436277587,0.09068789337679568,0.014298794277617807,1448
0.002848429879299444,0.13258332184671198,0.7795272492472158,0.08370648710079051,0.0013345119259825142,1449
0.2806174693847604,0.5315624600287913,0.16811105689460185,0.01812756984157913,0.0015814438502673796,1450
0.018083563380204247,0.09686365429891748,0.45494726741954306,0.3747388398203103,0.05536667508102492,1451
0.8581318090165769,0.10630279105311616,0.02878361841117259,0.005943040554217025,0.0008387409649174355,1452
0.9540631596044135,0.04007757462867369,0.0050871656448127035,0.00030341880341880345,0.00046868131868131873,1453
0.4458391592050134,0.5190839355622765,0.029042513367265682,0.004601747842800474,0.0014326440226440226,1454
0.7745056012357098,0.16183959488396024,0.042798965377587664,0.018039248556740814,0.002816589946001711,1455
0.22147405687363894,0.5423186922657663,0.2174142345631665,0.018345873440285203,0.00044714285714285716,1456
0.39531784411838594,0.4876423445921123,0.09017430542281937,0.02166891787950611,0.005196587987176223,1457
0.012271884488060958,0.09129736768563398,0.722134681842066,0.15904491958162248,0.015251146402616992,1458
0.9559331269057741,0.03602650718562482,0.00782608019431549,0.00021428571428571425,0.0,1459
0.0011729089211442152,0.016736564906803163,0.3576470291404502,0.60892500848025,0.015518488551352327,1460
0.0006251805384158326,0.0055443566701616235,0.1747798782126027,0.7635967239124823,0.05545386066633744,1461
0.9503955428352178,0.04134264904342303,0.005171721395219846,0.0025488512949039263,0.0005412354312354312,1462
0.010245582683570297,0.2588956785474587,0.6944733279929568,0.03600921772929512,0.0003761930467193625,1463
0.03965882903646062,0.7362125230810083,0.20069740959209806,0.020863425547620593,0.0025678127428127432,1464
0.0011772426919485744,0.07025138974522135,0.8195940655545529,0.10612418623516151,0.002853115773115773,1465
0.8037313561227217,0.09156969663875855,0.07335745143126567,0.024726772752531267,0.006614723054723054,1466
0.008636880731927171,0.1613622491056453,0.6774724364962148,0.14490855987986834,0.007619873786344375,1467
0.024524784731951917,0.02817434177621484,0.082997398362395,0.4397837483070764,0.4245197268223618,1468
0.8505741679734093,0.0822993359736239,0.060856207387383864,0.004119401578813344,0.0021508870867694395,1469
0.32633447276150074,0.4168534096799387,0.1786883057134457,0.07132760318449442,0.0067962086606204244,1470
0.019492663153839622,0.6161883934417834,0.2938225290653619,0.05922648643238426,0.011269927906630695,1471
0.9656207659179487,0.03303461002190104,0.0011485714285714285,4.605263157894737e-05,0.00015000000000000001,1472
0.00449229869545659,0.05940431510062753,0.8522478988494047,0.07651293068861115,0.0073425566659003185,1473
0.003126608367477932,0.06453947702452346,0.7623699971649329,0.15983616676237422,0.010127750680691857,1474
0.0048989055389055385,0.10431419541071248,0.8424878279099645,0.04745320811455486,0.000845863025863026,1475
0.0021376099064334356,0.04127334105866613,0.8628673241533151,0.09367172488158561,5e-05,1476
0.1301972430115465,0.37535574331928834,0.36688840121179134,0.09408387947793523,0.033474732979438857,1477
0.18821820510922954,0.6669628381650357,0.1027291011470545,0.034588405427524414,0.007501450151156034,1478
0.7887604619358,0.18775527585589508,0.022274650708693645,0.0011424786324786323,6.713286713286713e-05,1479
0.0008172837619896444,0.013851247510659276,0.21961686589296506,0.6948285088664345,0.07088609396795156,1480
0.6259895520561312,0.26173069214754974,0.0766048390309381,0.019700497361255877,0.015974419404125285,1481
0.11823373039241461,0.41690466516455693,0.26791041027428025,0.13778608668077713,0.059165107487971255,1482
0.5492363597874433,0.3496198722210022,0.08396010236065966,0.0145359829867415,0.0026476826441532322,1483
0.8938309534651795,0.09083482900484448,0.01081921482026745,0.0024319189633895512,0.0020830837463190408,1484
0.6302969758868584,0.3508966367028225,0.016975664799596685,0.0017288422688422685,0.00010188034188034187,1485
0.15689665636908684,0.48584601370078156,0.2647439255103342,0.07589899575656543,0.016614408663232192,1486
0.0026140619837678658,0.049548473260485636,0.846292236870457,0.0995219378419998,0.002023290043290043,1487
0.9511736700915183,0.04514278345493515,0.0025087816105463165,0.0009747648430001373,0.0002,1488
0.009056167329402624,0.03449015343445684,0.11282070427852164,0.6480087585015604,0.19562421645605857,1489
0.29704650595878157,0.4094023923084139,0.21848950649902005,0.06251002844488038,0.012551566788904251,1490
0.1730766890471071,0.1749666551398529,0.587886584511867,0.031881137914298495,0.03218893338687456,1491
0.7447658052491024,0.22752552488619057,0.024453867640787143,0.0019354317904317904,0.0013193704334880808,1492
0.8046080161203719,0.18288862804901235,0.010888535563164044,0.0013679804406120197,0.00024683982683982686,1493
0.9372798182209945,0.05618814254373078,0.004134049447284741,0.002193887223887224,0.00020410256410256412,1494
0.00797151952622541,0.02805567015371968,0.1611563299995499,0.6121146441741951,0.19070183614630984,1495
0.48259971631052123,0.4407534287521905,0.07316809605942735,0.003225216537848117,0.00025354234001292823,1496
0.6933998138600306,0.24966944755966436,0.05448025373834969,0.0019104848419554301,0.00054,1497
0.9787631895847528,0.019269677542959274,0.001808417903046386,0.00013014354066985645,2.8571428571428567e-05,1498
0.004238460983460983,0.01128904144874733,0.030313642262450306,0.0467090312353625,0.9074498240699789,1499
0.04442008364872141,0.5478597172882157,0.3555546129824768,0.049287028527028515,0.0028785575535575534,1500
