Class_0,Class_1,Class_2,Class_3,Class_4
0.0038362042978405952,0.5520516633987427,0.4339538514614105,0.0093715013936162,0.0007867878885008395
0.0004943343228660524,0.0016410188982263207,0.39184942841529846,0.6017046570777893,0.004310554824769497
0.00045182902249507606,0.0006284164846874774,0.7460009455680847,0.252427339553833,0.000491499959025532
0.0006689243600703776,0.000824744813144207,0.0567324236035347,0.9406822323799133,0.0010917168110609055
0.0009088271181099117,0.00242622010409832,0.06991513818502426,0.9093065857887268,0.017443232238292694
0.0184465404599905,0.1536979228258133,0.6020805835723877,0.2204594761133194,0.005315511021763086
0.7094011902809143,0.27056193351745605,0.01813984476029873,0.0014870218001306057,0.00040998257463797927
0.0027856100350618362,0.9366956353187561,0.05825600028038025,0.0019964866805821657,0.0002662195183802396
0.0015406629536300898,0.7358309030532837,0.2617613971233368,0.0006780116818845272,0.0001890203420771286
0.03259608522057533,0.9160833358764648,0.04989827424287796,0.0011898275697603822,0.00023251635138876736
0.004034355748444796,0.6536439061164856,0.33893704414367676,0.003098243148997426,0.00028643340920098126
0.0959726944565773,0.7291408777236938,0.1706639975309372,0.0023091186303645372,0.0019133819732815027
0.33513084053993225,0.5420054197311401,0.11773555725812912,0.004274966660887003,0.0008531891508027911
0.0005597519921138883,0.1464255303144455,0.847449779510498,0.005156858824193478,0.00040806096512824297
0.6314231157302856,0.3622097671031952,0.005449463613331318,0.0005357681075111032,0.0003818616387434304
0.7827352285385132,0.20775359869003296,0.008735769428312778,0.000544464448466897,0.00023089851310942322
0.734623908996582,0.2518056333065033,0.012599554844200611,0.0007605426944792271,0.00021038063277956098
0.9827961921691895,0.01633414439857006,0.0005333431763574481,0.0002824230759870261,5.382623567129485e-05
0.9566283226013184,0.033659428358078,0.008978638797998428,0.0005670989630743861,0.00016648972814437002
0.01575266197323799,0.9526236653327942,0.03107844665646553,0.0004210295155644417,0.0001242011203430593
0.6360012888908386,0.3400712013244629,0.02278445102274418,0.0008888693409971893,0.0002541840367484838
0.9848989844322205,0.013602412305772305,0.0009891280205920339,0.0003906104830093682,0.00011886108404723927
0.0003681994858197868,0.0005530640482902527,0.2224876433610916,0.7747941017150879,0.0017969965701922774
0.0018608764512464404,0.017944015562534332,0.5487955808639526,0.4304698705673218,0.0009296638891100883
0.0001822329795686528,0.000241886853473261,0.0016028238460421562,0.10588110983371735,0.8920919299125671
0.0009513181867077947,0.019274549558758736,0.7827446460723877,0.196333646774292,0.0006957822479307652
0.00022600602824240923,0.005178040824830532,0.9914953708648682,0.0030199356842786074,8.069659816101193e-05
0.0006467417697422206,0.0026171456556767225,0.013327904976904392,0.9809384346008301,0.002469806931912899
0.8498021960258484,0.14881104230880737,0.0009376013767905533,0.0003129589604213834,0.00013622369442600757
0.00048305344535037875,0.0016870250692591071,0.9238895773887634,0.0735076516866684,0.00043271839967928827
0.005965732503682375,0.978573739528656,0.014775950461626053,0.0005217623547650874,0.00016279390547424555
0.017769407480955124,0.03598494082689285,0.9410731196403503,0.004642631858587265,0.0005298776086419821
0.8994864821434021,0.09581080079078674,0.004175973124802113,0.0003375595260877162,0.0001891658321255818
0.7559602856636047,0.23927104473114014,0.0033964919857680798,0.000875079189427197,0.0004970653681084514
0.007875481620430946,0.7782179117202759,0.20261357724666595,0.01085458043962717,0.0004383919877000153
0.001326636178418994,0.9289029836654663,0.06847261637449265,0.0011806634720414877,0.0001170846153399907
0.9984378218650818,0.0011349660344421864,0.00027013150975108147,0.0001297705457545817,2.7335154300089926e-05
0.9987607002258301,0.0010231283959001303,0.00014460517559200525,5.1213402912253514e-05,2.040747131104581e-05
0.00043190387077629566,0.0013370643137022853,0.9893032312393188,0.008773346431553364,0.0001544245023978874
0.41062650084495544,0.5854851603507996,0.0031885034404695034,0.00041352096013724804,0.0002862830297090113
0.3207135498523712,0.6707273721694946,0.006899315398186445,0.0011584674939513206,0.0005012750043533742
3.964833013014868e-05,6.182934885146096e-05,0.0002668106462806463,0.0021317745558917522,0.9974998831748962
0.0009380712290294468,0.0007273594965226948,0.17265795171260834,0.8250097036361694,0.0006669173599220812
0.0005586445331573486,0.4884195327758789,0.5095522999763489,0.0013269477058202028,0.00014257626025937498
0.0005877278163097799,0.000979236327111721,0.0395333468914032,0.7772386074066162,0.18166111409664154
0.9982477426528931,0.0011160236317664385,0.000496584631036967,8.194588008336723e-05,5.7776342146098614e-05
0.9985138773918152,0.0013101673685014248,0.00011419905058573931,4.1890900320140645e-05,1.9891318515874445e-05
0.0006491185631603003,0.003233050461858511,0.6680637001991272,0.3275892734527588,0.00046483409823849797
6.096851211623289e-05,0.00012242168304510415,0.00039055233355611563,0.005234699696302414,0.9941913485527039
0.0018289381405338645,0.030121557414531708,0.9677795767784119,0.00017006615235004574,9.980145114241168e-05
0.9991453886032104,0.0006220342474989593,0.00017616186232771724,3.8833637518109754e-05,1.7508968085166998e-05
0.05803298577666283,0.9111586809158325,0.02083747833967209,0.009329618886113167,0.0006411892827600241
0.01747552864253521,0.10788687318563461,0.8684769868850708,0.005572034977376461,0.0005886072758585215
0.0006709513836540282,0.0024005065206438303,0.9796125888824463,0.017185695469379425,0.0001302412711083889
0.9986963868141174,0.0010563078103587031,0.00018233501759823412,5.015777060179971e-05,1.478439116908703e-05
0.8655430674552917,0.13207653164863586,0.001904699602164328,0.000313545111566782,0.00016212703485507518
0.00026257679564878345,0.000104251186712645,0.0002898963575717062,0.008398596197366714,0.9909446239471436
0.8064170479774475,0.18703129887580872,0.005402298644185066,0.0008186819031834602,0.00033064716262742877
0.9992737174034119,0.0006202480290085077,6.584041693713516e-05,2.5641695174272172e-05,1.4540530173690058e-05
0.0003777429519686848,0.05088653042912483,0.9429877996444702,0.005554964765906334,0.00019296203390695155
0.990006685256958,0.008957182057201862,0.0008536209934391081,0.00013318120909389108,4.931122384732589e-05
0.0006315178470686078,0.0006132812704890966,0.007571442052721977,0.24619439244270325,0.7449893951416016
0.9995844960212708,0.00035297591239213943,4.346244895714335e-05,1.1747632015612908e-05,7.353927230724366e-06
0.0002780226059257984,0.0004762049939017743,0.0034511624835431576,0.9931123852729797,0.0026821999344974756
0.0006949319504201412,0.0011845848057419062,0.10546373575925827,0.877866268157959,0.014790475368499756
0.00039523388841189444,0.02842854894697666,0.9664526581764221,0.004592633340507746,0.00013098542694933712
0.01915019005537033,0.97254478931427,0.007697271183133125,0.00046086605289019644,0.000146913604112342
0.9974809288978577,0.001821568119339645,0.0004084175161551684,0.00024789475719444454,4.115036063012667e-05
0.6309665441513062,0.35717248916625977,0.010658842511475086,0.0007687383331358433,0.0004334024270065129
0.7698219418525696,0.2203751802444458,0.00874790083616972,0.0008127438486553729,0.00024222492356784642
0.17244309186935425,0.7102017998695374,0.11625765264034271,0.0006949931848794222,0.00040251342579722404
0.0003029801300726831,0.0005916373338550329,0.040382567793130875,0.9410974979400635,0.01762537844479084
0.0002755060268100351,0.010337084531784058,0.9469916224479675,0.0417867936193943,0.0006090500974096358
0.0001936105254571885,0.00021843018475919962,0.05359939858317375,0.9449792504310608,0.001009316649287939
0.21993282437324524,0.7747018337249756,0.004904264584183693,0.00033764197723940015,0.00012343624257482588
0.9992192983627319,0.0006337268860079348,9.995165601139888e-05,3.0772818718105555e-05,1.619805334485136e-05
0.00046917752479203045,0.0007161386893130839,0.02702917531132698,0.9711017608642578,0.0006837928085587919
0.6268740296363831,0.3533207178115845,0.018683044239878654,0.0008717616437934339,0.0002504692238289863
0.00042436717194505036,0.0009437542175874114,0.06939901411533356,0.9278844594955444,0.0013484584633260965
0.0004683326988015324,0.006579080130904913,0.9595209360122681,0.03304098919034004,0.0003907053323928267
0.0013535511679947376,0.003420864697545767,0.13360776007175446,0.8281217813491821,0.03349600359797478
0.9958561062812805,0.0031907411757856607,0.0005224445485509932,0.0003105298092123121,0.0001201500854222104
0.007571673486381769,0.5335788130760193,0.44402262568473816,0.01321369782090187,0.0016131742158904672
0.008943394757807255,0.781413733959198,0.20512138307094574,0.0038052713498473167,0.0007161917164921761
0.00047910131979733706,0.0011309455148875713,0.8666139245033264,0.13097943365573883,0.0007965422119013965
0.0006376034580171108,0.0014839675277471542,0.009282318875193596,0.7277370095252991,0.26085910201072693
0.9954238533973694,0.0038196502719074488,0.0005491103511303663,9.349196625407785e-05,0.00011385043035261333
0.8259423971176147,0.17108209431171417,0.002395562594756484,0.00038245966425165534,0.00019745042663998902
0.9495310187339783,0.048812441527843475,0.001093936269171536,0.000419788557337597,0.00014286645455285907
0.9974650144577026,0.0018766636494547129,0.0005353608867153525,7.4650117312558e-05,4.8364650865551084e-05
0.9981380701065063,0.0012251778971403837,0.0004808676312677562,0.00010369257506681606,5.2155217417748645e-05
0.001079670968465507,0.0029289587400853634,0.2367519587278366,0.7083935141563416,0.050845917314291
0.0023820584174245596,0.45743805170059204,0.5390105247497559,0.0009336908115074039,0.00023567056632600725
0.0006623861263506114,0.6368733048439026,0.35896509885787964,0.0032787772361189127,0.00022039997566025704
0.9992877840995789,0.0004928310518153012,0.00016721023712307215,2.9826034733559936e-05,2.241564288851805e-05
0.5706318020820618,0.4160638749599457,0.012275314889848232,0.000730701896827668,0.00029831548454239964
0.9855464696884155,0.014084374532103539,0.00021226415992714465,0.00011149495549034327,4.541455928119831e-05
0.9977380037307739,0.0019565618131309748,0.00020640964794438332,6.244946416700259e-05,3.6586392525350675e-05
0.0008221562602557242,0.16321048140525818,0.7574434280395508,0.07715165615081787,0.0013723187148571014
0.9738669991493225,0.024413786828517914,0.0013232348719611764,0.00031634216429665685,7.966090925037861e-05
0.0061987778171896935,0.7494973540306091,0.2416825294494629,0.0022056875750422478,0.00041569938184693456
0.0002418006188236177,0.0029406328685581684,0.9897676110267639,0.006919001694768667,0.00013094968744553626
0.9988378882408142,0.0008310386328957975,0.00020773023425135761,8.745757077122107e-05,3.591624044929631e-05
0.03823484480381012,0.9535248279571533,0.0074869501404464245,0.0006268058787100017,0.00012661916844081134
0.08221636712551117,0.8823227882385254,0.03118574060499668,0.0038411663845181465,0.0004339615989010781
0.0002028431772487238,0.0003051958919968456,0.03577548637986183,0.9589670300483704,0.00474941311404109
0.00034560690983198583,0.00044093336327932775,0.007120292633771896,0.8085156083106995,0.1835775375366211
0.0002793400490190834,0.00046250902232714,0.1583438366651535,0.8404501080513,0.00046419346472248435
0.022301645949482918,0.8074138760566711,0.1648344099521637,0.004804479889571667,0.0006456031114794314
0.0005512880743481219,0.05274156481027603,0.9379372596740723,0.008286389522254467,0.000483501935377717
0.4227021336555481,0.5527244806289673,0.02279599942266941,0.001283662160858512,0.0004937418270856142
0.00025068543618544936,0.000533434737008065,0.0043166144751012325,0.9182394742965698,0.07665979117155075
0.01109547819942236,0.6439105868339539,0.3380683660507202,0.006636966485530138,0.0002885351423174143
0.0017134136287495494,0.7189792394638062,0.2779456377029419,0.0012146892258897424,0.00014707639638800174
0.7757025361061096,0.21408171951770782,0.009317115880548954,0.0006605340749956667,0.00023803843942005187
0.4007757604122162,0.5928664803504944,0.005791827104985714,0.00038839902845211327,0.00017751821724232286
0.0005250392714515328,0.002304616617038846,0.988067626953125,0.008932641707360744,0.0001700479188002646
0.0001472999865654856,0.0002192957908846438,0.0015213873703032732,0.23366500437259674,0.764447033405304
0.004850330762565136,0.02115534245967865,0.19583909213542938,0.7313374876976013,0.04681776091456413
0.05956737697124481,0.9190616011619568,0.020126720890402794,0.000925916014239192,0.00031832404783926904
0.01476161926984787,0.9817537665367126,0.002718936884775758,0.00047358835581690073,0.0002920595579780638
0.0001780971506377682,0.0007083485834300518,0.014074343256652355,0.9832534193992615,0.001785749802365899
0.8718430399894714,0.12412316352128983,0.0037946528755128384,0.00015605789667461067,8.31080978969112e-05
0.9988791346549988,0.0009874295210465789,7.621816621394828e-05,4.072057708981447e-05,1.6536696421098895e-05
0.33019548654556274,0.6242381930351257,0.04347746819257736,0.0016700756968930364,0.0004187550803180784
0.0003892316890414804,0.0004985689884051681,0.5399910807609558,0.45813581347465515,0.0009852630319073796
0.003258524229750037,0.20343202352523804,0.778264045715332,0.014581826515495777,0.0004635237855836749
0.00045746492105536163,0.18964746594429016,0.7982033491134644,0.011221989057958126,0.0004697349213529378
0.017593566328287125,0.7981719374656677,0.18115073442459106,0.00261481455527246,0.0004690011264756322
0.000630030466709286,0.04076395928859711,0.9562344551086426,0.0022282744757831097,0.00014326181553769857
0.0001939900976140052,0.0008938508690334857,0.9878429174423218,0.010855588130652905,0.0002136823459295556
0.9980247020721436,0.0016452259151265025,0.0002440746611682698,4.9935431889025494e-05,3.6045879824087024e-05
0.9987661838531494,0.0010616377694532275,9.782672714209184e-05,5.074259388493374e-05,2.361681436013896e-05
0.8642073273658752,0.1229785904288292,0.01185645256191492,0.0005944230360910296,0.000363249535439536
0.8857375979423523,0.10060437023639679,0.011913662776350975,0.0011848052963614464,0.0005595308030024171
0.00034198485082015395,0.008199997246265411,0.9832187294960022,0.008101009763777256,0.00013831834075972438
0.26204386353492737,0.6937984228134155,0.042176876217126846,0.0016931057907640934,0.0002876918588299304
0.9862317442893982,0.01340491697192192,0.00029787380481138825,3.7150148273212835e-05,2.8345561077003367e-05
0.0003118577296845615,0.0016308689955621958,0.98276686668396,0.014926156029105186,0.000364210776751861
0.00048373013851232827,0.0009715919150039554,0.19009087979793549,0.8062077760696411,0.0022460001055151224
0.9337238669395447,0.06333202123641968,0.0022021986078470945,0.0005379692884162068,0.00020395958563312888
0.0004797280125785619,0.001255173934623599,0.015227467752993107,0.9165751934051514,0.06646239757537842
0.9984488487243652,0.0013701877323910594,0.0001155356876552105,4.279193308320828e-05,2.260328983538784e-05
0.9742985367774963,0.023497920483350754,0.0018137007718905807,0.00030357541982084513,8.63258755998686e-05
3.5786499211099e-05,3.821690188487992e-05,0.0002714473521336913,0.012149084359407425,0.9875054359436035
0.000332048861309886,0.00025767835904844105,0.0044694868847727776,0.058267559856176376,0.9366731643676758
0.0009559193858876824,0.9458699226379395,0.052401598542928696,0.0006581216002814472,0.00011442078539403155
0.019298972561955452,0.8949915170669556,0.06956205517053604,0.015349036082625389,0.0007984198164194822
0.020267872139811516,0.9512696862220764,0.02729272097349167,0.001017539412714541,0.00015220973000396043
0.020485296845436096,0.9688467979431152,0.010186553001403809,0.00037265251739881933,0.00010864919750019908
0.19917039573192596,0.7293745875358582,0.06852062046527863,0.0024417839013040066,0.0004926331457681954
0.001528857508674264,0.8272125720977783,0.1705118715763092,0.0005939823458902538,0.0001526685809949413
0.00021715171169489622,0.0004363632760941982,0.017906170338392258,0.3345426023006439,0.6468977332115173
0.9990691542625427,0.000772734871134162,0.00010477544856257737,3.4670363675104454e-05,1.8659788111108355e-05
0.0003387246688362211,0.1114511638879776,0.8866559267044067,0.0014461027458310127,0.00010808350634761155
0.0006467255880124867,0.0033159716986119747,0.8022307753562927,0.19330130517482758,0.0005052654887549579
0.09911064803600311,0.8774664998054504,0.022112449631094933,0.000865865615196526,0.00044456025352701545
0.0006167243118397892,0.002742547309026122,0.5208864808082581,0.4750853478908539,0.0006689057336188853
0.0002373814204474911,0.05827810615301132,0.939028799533844,0.0023653502576053143,9.033211972564459e-05
0.0023499145172536373,0.5637813210487366,0.431253582239151,0.00240809703245759,0.00020706864597741514
0.9992961883544922,0.0005715222214348614,8.836924826027825e-05,2.4648315957165323e-05,1.926642653415911e-05
0.00022081861970946193,0.01138531044125557,0.9790968298912048,0.009141229093074799,0.0001557719660922885
0.8347663283348083,0.1604255735874176,0.004440419841557741,0.00025039035244844854,0.00011728129902621731
0.0006347546586766839,0.07067524641752243,0.9246934056282043,0.003825343446806073,0.0001711937802610919
0.0005928584141656756,0.17022646963596344,0.8232755064964294,0.005739846732467413,0.00016531001892872155
0.49369025230407715,0.40862876176834106,0.09646347910165787,0.0006606052629649639,0.0005568767082877457
0.0030956044793128967,0.8645488023757935,0.13139648735523224,0.0005890519823879004,0.0003701135574374348
0.45434772968292236,0.5401579141616821,0.005053434520959854,0.0002869439485948533,0.00015396914386656135
0.0006828549085184932,0.0007818020530976355,0.23851066827774048,0.7563303112983704,0.0036943014711141586
0.18229247629642487,0.7946891784667969,0.022191371768712997,0.0005143968155607581,0.0003125924849882722
0.9576808214187622,0.03984309360384941,0.0016589403385296464,0.0005829802248626947,0.00023418078490067273
0.9971342086791992,0.0025256089866161346,0.0002276373706990853,8.174245886038989e-05,3.08119815599639e-05
0.0011915165232494473,0.005573870614171028,0.4709417223930359,0.5115191340446472,0.010773763060569763
0.0028916061855852604,0.9554135203361511,0.040533095598220825,0.0010114503093063831,0.00015039222489576787
0.4084998667240143,0.5770711302757263,0.01387262437492609,0.0003427974006626755,0.00021358768572099507
0.0006138941971585155,0.0017806225223466754,0.00852898508310318,0.7154152393341064,0.27366122603416443
0.27193737030029297,0.7240515351295471,0.003235547337681055,0.0006183842197060585,0.00015714608889538795
0.07713646441698074,0.5512791872024536,0.3699750602245331,0.0010009434772655368,0.0006083298940211535
0.0006484768819063902,0.004921620711684227,0.9426491856575012,0.051493264734745026,0.0002874016936402768
0.0019729926716536283,0.003143231151625514,0.16230550408363342,0.8161630630493164,0.016415230929851532
0.0028650090098381042,0.1812017261981964,0.8075817823410034,0.008067003451287746,0.00028444555937312543
0.0006658349884673953,0.0013472998980432749,0.010184657759964466,0.704123318195343,0.2836788296699524
0.16366222500801086,0.728740930557251,0.10469567030668259,0.0019491210114210844,0.0009520361782051623
0.0005452515324577689,0.001184601802378893,0.04652010276913643,0.9401962757110596,0.011553813703358173
0.9835453629493713,0.015697257593274117,0.0005252379924058914,0.00014409305003937334,8.808004349702969e-05
0.00042706617387011647,0.0007977581699378788,0.6894169449806213,0.3088877201080322,0.0004705346073023975
0.002813168801367283,0.4365370273590088,0.5520025491714478,0.008090599440038204,0.0005566564504988492
0.0004801356408279389,0.0009939541341736913,0.009432290680706501,0.9875491857528687,0.0015444986056536436
0.0005957745015621185,0.14669844508171082,0.849861204624176,0.0026248199865221977,0.00021975419076625258
0.000520668807439506,0.04113895073533058,0.9562817811965942,0.0019384105689823627,0.00012020326539641246
0.0005813267780467868,0.001261950354091823,0.032541386783123016,0.9615495204925537,0.004065760411322117
0.5049052238464355,0.48570945858955383,0.007316130213439465,0.0016122802626341581,0.0004568954755086452
0.0001813379640225321,0.002040096092969179,0.9860557317733765,0.011577749624848366,0.00014509996981360018
0.0003570676490198821,0.0018130348762497306,0.9582552909851074,0.03937610238790512,0.00019855414575431496
0.23510737717151642,0.5660717487335205,0.19542625546455383,0.00284215179271996,0.000552414741832763
0.38834694027900696,0.6098247766494751,0.0012106221402063966,0.0003475360572338104,0.0002701597986742854
0.006600750610232353,0.11257842183113098,0.8150520920753479,0.06505218893289566,0.0007165531860664487
0.9927425384521484,0.003607998602092266,0.0031138150952756405,0.00035472496529109776,0.0001808797096600756
0.9965640902519226,0.0028610052540898323,0.00045077502727508545,7.253586954902858e-05,5.16314830747433e-05
3.25629735016264e-05,7.09398154867813e-05,0.0001526754058431834,0.0015724740223959088,0.998171329498291
0.021307311952114105,0.8420278429985046,0.13451161980628967,0.0016591274179518223,0.0004941232036799192
0.9971325397491455,0.002706546802073717,9.713428153190762e-05,3.871942317346111e-05,2.5037024897756055e-05
0.056665968149900436,0.7598409652709961,0.18065406382083893,0.0022310158237814903,0.0006079408340156078
0.027810564264655113,0.33589330315589905,0.46086522936820984,0.17449405789375305,0.0009368975297547877
0.9994224309921265,0.0004628899332601577,5.696437801816501e-05,4.320024527260102e-05,1.4513155292661395e-05
0.9991959929466248,0.000681655656080693,7.065763929858804e-05,3.6995712434872985e-05,1.4674899830424692e-05
0.07041087746620178,0.9077693223953247,0.01956789940595627,0.0017472371691837907,0.0005046686273999512
0.0005628594080917537,0.001237823162227869,0.008491724729537964,0.8607007265090942,0.12900683283805847
0.7318167090415955,0.2643744945526123,0.0033663022331893444,0.00029693986289203167,0.00014555826783180237
0.0010299721034243703,0.8153164982795715,0.18274950981140137,0.0008279453031718731,7.61197370593436e-05
0.0008185802143998444,0.0013506844406947494,0.009063661098480225,0.9540015459060669,0.03476554527878761
0.9979953765869141,0.0018640835769474506,9.091192623600364e-05,2.8296168238739483e-05,2.1416874005808495e-05
0.0005927285528741777,0.0008174385293386877,0.004212352447211742,0.7269607782363892,0.267416775226593
0.00032788433600217104,0.03433366119861603,0.9580632448196411,0.007000568322837353,0.00027468541520647705
0.0010407110676169395,0.22854574024677277,0.7075971364974976,0.06237289682030678,0.0004434905422385782
3.7579371564788744e-05,1.7896607459988445e-05,0.00013863951608072966,0.0008627382339909673,0.9989431500434875
0.9993247985839844,0.0005710798432119191,6.48572895443067e-05,2.4470242351526394e-05,1.4828893654339481e-05
0.7994174361228943,0.18751096725463867,0.012146294116973877,0.0006437327829189599,0.00028154870960861444
0.0010049155680462718,0.0022734669037163258,0.17038606107234955,0.8248193264007568,0.001516250311397016
0.000819411245174706,0.0011733858846127987,0.22508710622787476,0.7597155570983887,0.013204558752477169
0.26313942670822144,0.5851666927337646,0.14954090118408203,0.0018133859848603606,0.0003396353858988732
0.9989160299301147,0.000930770649574697,9.463012975174934e-05,4.3403651943663135e-05,1.5170146070886403e-05
0.9882351160049438,0.011300301179289818,0.0002964285376947373,0.00010879877663683146,5.942460848018527e-05
0.9988884329795837,0.0007735771359875798,0.00027788447914645076,3.761245170608163e-05,2.2540163627127185e-05
0.0009797564707696438,0.28888338804244995,0.7079054117202759,0.002045059110969305,0.00018638889014255255
0.9990682005882263,0.0006747103179804981,0.000179526032297872,5.352243169909343e-05,2.411311106698122e-05
0.0006819125264883041,0.0011048720916733146,0.016052868217229843,0.9264582395553589,0.055702079087495804
0.00070379109820351,0.001549487467855215,0.009289635345339775,0.9850922226905823,0.0033648277167230844
0.00118175707757473,0.0015527557116001844,0.027788713574409485,0.9667820334434509,0.002694722032174468
0.714589536190033,0.2732672095298767,0.008929494768381119,0.0019689423497766256,0.0012448282213881612
0.001110924524255097,0.05925820767879486,0.8419222235679626,0.09667107462882996,0.0010375753045082092
0.3727458119392395,0.5253549814224243,0.09803910553455353,0.0033995243720710278,0.00046059669693931937
0.0012212464353069663,0.0015808881726115942,0.7356982231140137,0.26060569286346436,0.0008939526160247624
0.0004240480484440923,0.00297941523604095,0.9885969758033752,0.007881789468228817,0.00011784803791670129
0.9991195797920227,0.0006867774645797908,0.0001321011659456417,4.418934986460954e-05,1.731893098622095e-05
0.9988435506820679,0.0007979891961440444,0.00023913844779599458,0.00010036387539003044,1.893035732791759e-05
0.9993891716003418,0.00044785067439079285,0.00011622384772635996,2.8218435545568354e-05,1.8507476852391846e-05
0.000489308382384479,0.001342070521786809,0.741291880607605,0.2564685046672821,0.00040827487828209996
0.0003276111092418432,0.0009571996051818132,0.029373498633503914,0.967147707939148,0.002194020664319396
0.0002796335320454091,0.0010711427312344313,0.3934737741947174,0.6048550009727478,0.0003204589884262532
0.0005192678654566407,0.002226835349574685,0.9117582440376282,0.08416969329118729,0.0013259236002340913
0.9991129040718079,0.0006399998674169183,0.00016403358313255012,6.0506106819957495e-05,2.2576319679501466e-05
0.0010046297684311867,0.032824039459228516,0.8584790229797363,0.10703432559967041,0.0006579688633792102
0.02965017594397068,0.5288865566253662,0.43984270095825195,0.0009570342372171581,0.0006634985329583287
0.9868805408477783,0.012633388862013817,0.0003792417119257152,6.163719081087038e-05,4.518030982580967e-05
0.9011589288711548,0.09783169627189636,0.0005722733330912888,0.0002832744794432074,0.0001538111100671813
0.00034832002711482346,0.029783735051751137,0.9631298780441284,0.006472897250205278,0.00026521316613070667
0.9987725615501404,0.0008994843228720129,0.00020192044030409306,9.104722266783938e-05,3.4954278817167506e-05
0.0004315539263188839,0.0027637104503810406,0.9714007377624512,0.025262661278247833,0.0001413448335370049
5.8029585488839075e-05,0.00011232819088036194,0.0008914869977161288,0.003758752252906561,0.9951794147491455
0.00018950321828015149,0.0004467859398573637,0.9172057509422302,0.08191061019897461,0.0002473596832714975
0.04484512284398079,0.8848024606704712,0.06258844584226608,0.006945489905774593,0.0008184130419977009
0.0009209327981807292,0.07102227210998535,0.9254931807518005,0.0024122283793985844,0.0001514017058070749
0.9989867806434631,0.0008090264745987952,0.00014255828864406794,3.7197845813352615e-05,2.4467217372148298e-05
0.9984947443008423,0.0012931916862726212,0.00014901325630489737,3.8795507862232625e-05,2.421053432044573e-05
0.00041433589649386704,0.0013679990079253912,0.6070694327354431,0.3902333378791809,0.0009149194811470807
0.05651329085230827,0.9402368664741516,0.0029395166784524918,0.0002221065224148333,8.823732059681788e-05
0.8306723833084106,0.16613847017288208,0.002712263260036707,0.0003001274017151445,0.00017675789422355592
0.9605682492256165,0.03880687430500984,0.00036686722887679935,0.00018032720254268497,7.761858432786539e-05
0.006373448763042688,0.4049246311187744,0.5776747465133667,0.010573371313512325,0.0004538181237876415
0.4036804735660553,0.5928674340248108,0.002538342960178852,0.0005864505656063557,0.00032730630482546985
0.9993913173675537,0.00036978060961700976,0.00012526652426458895,9.156596206594259e-05,2.2057089154259302e-05
0.005562191363424063,0.32427746057510376,0.6466019153594971,0.022626886144280434,0.0009315419010818005
0.06751981377601624,0.9033927917480469,0.025234069675207138,0.002980852033942938,0.0008724616491235793
0.9824632406234741,0.016588563099503517,0.0007197573431767523,0.00015802914276719093,7.044903031783178e-05
0.0031301253475248814,0.17732678353786469,0.779445230960846,0.03902189061045647,0.001075953827239573
0.0008364280802197754,0.0014418474165722728,0.036894798278808594,0.9563512206077576,0.004475753754377365
0.07759542018175125,0.14651964604854584,0.7646511793136597,0.00754787540063262,0.003685927717015147
0.9986631870269775,0.001143640954978764,0.0001253918744623661,3.742308763321489e-05,3.037054557353258e-05
0.9971532821655273,0.0019353949464857578,0.0007080244831740856,0.00014152035873848945,6.179991032695398e-05
0.19749973714351654,0.2290799915790558,0.5714133381843567,0.0015433006919920444,0.0004636622907128185
0.0014428069116547704,0.0023019572254270315,0.12971772253513336,0.5804827809333801,0.2860547602176666
0.001545483828522265,0.004575103521347046,0.9715672731399536,0.02208865061402321,0.00022345905017573386
0.0006892223609611392,0.002424769802019,0.016308005899190903,0.9307822585105896,0.04979574307799339
0.776639997959137,0.22063598036766052,0.0018873735098168254,0.0005195703124627471,0.0003171246498823166
0.014719575643539429,0.958259642124176,0.02596234902739525,0.0008914528880268335,0.0001669044140726328
0.0003490353701636195,0.18618443608283997,0.8124682307243347,0.0008957924437709153,0.00010248330363538116
0.9989911913871765,0.0008747679530642927,8.852688915794715e-05,2.8453709091991186e-05,1.7081369151128456e-05
0.0010144035331904888,0.003610291751101613,0.07834454625844955,0.9089908003807068,0.00803998950868845
0.9329454302787781,0.06298886239528656,0.0030133414547890425,0.0007428504759445786,0.00030947852064855397
0.0002444061974529177,0.013065153732895851,0.9814385771751404,0.00514442753046751,0.00010740953439380974
0.6115671992301941,0.38099977374076843,0.0068135387264192104,0.00041320937452837825,0.0002062646090053022
0.00024050642969086766,0.00043623227975331247,0.029279207810759544,0.967677891254425,0.0023661938030272722
0.00013745174510404468,0.00022841029567644,0.002019089413806796,0.08570385724306107,0.9119111895561218
0.30069059133529663,0.6419325470924377,0.055313173681497574,0.001137364306487143,0.0009263272513635457
0.00038488159771077335,0.02045058086514473,0.9786316156387329,0.0004693262162618339,6.358700920827687e-05
0.00143922318238765,0.6079116463661194,0.3853188157081604,0.004978520330041647,0.0003518018638715148
0.02077297680079937,0.8778586387634277,0.09929972887039185,0.0014629350043833256,0.0006057145656086504
0.00021421941346488893,0.00027151682297699153,0.0015038441633805633,0.036204833537340164,0.9618056416511536
0.13817831873893738,0.8132948875427246,0.04465334862470627,0.0032941049430519342,0.0005793694290332496
0.00028748842305503786,0.0008465248392894864,0.937002956867218,0.06159122660756111,0.0002718412142712623
0.0003049848601222038,0.0006846660398878157,0.6479312777519226,0.3506649434566498,0.00041412722202949226
0.00018301366071682423,0.0004616482765413821,0.003171408548951149,0.9929872155189514,0.0031966601964086294
0.8930155038833618,0.1041957437992096,0.0022287690080702305,0.00032893125899136066,0.00023107721062842757
0.023529738187789917,0.07988441735506058,0.8863113522529602,0.00960701983422041,0.0006675210315734148
0.0029396088793873787,0.346200168132782,0.64897221326828,0.0016731881769374013,0.0002148029743693769
0.4646531343460083,0.5236194133758545,0.010004016570746899,0.00116821622941643,0.0005552538787014782
0.012363472953438759,0.9102128148078918,0.07291790843009949,0.0041692135855555534,0.00033651868579909205
0.992901086807251,0.00670503219589591,0.0002655894204508513,7.97559623606503e-05,4.850943150813691e-05
0.0007188499439507723,0.0028320669662207365,0.04772518202662468,0.9471194744110107,0.0016044345684349537
0.00010476878378540277,0.00016741477884352207,0.0005448533338494599,0.07821489870548248,0.9209680557250977
0.0013113856548443437,0.11604253202676773,0.8767783045768738,0.005487408023327589,0.00038031500298529863
0.7349528074264526,0.25517842173576355,0.008802417665719986,0.0008397126221098006,0.0002266442752443254
0.9958239793777466,0.0028100719209760427,0.0011451694881543517,0.00011144022573716938,0.00010938382911263034
0.00011010306479874998,0.00011326557432767004,0.0004711250658147037,0.009197201579809189,0.9901082515716553
0.6673268675804138,0.32767918705940247,0.004451294429600239,0.0003684374678414315,0.00017414113972336054
0.0008785023237578571,0.0018645089585334063,0.47726693749427795,0.5184934735298157,0.0014966363087296486
0.013203082606196404,0.33946916460990906,0.6168087124824524,0.029837222769856453,0.0006818174151703715
0.9412529468536377,0.0583348423242569,0.0002574777463451028,9.821178537094966e-05,5.655016138916835e-05
0.013782923109829426,0.027352597564458847,0.9565930962562561,0.0012041425798088312,0.0010671780910342932
0.17221032083034515,0.8131104707717896,0.012185920029878616,0.0018998881569132209,0.0005934127257205546
0.20352023839950562,0.7868252992630005,0.009013415314257145,0.0004705246537923813,0.0001705506001599133
0.00040320525295101106,0.0008226947975344956,0.45882731676101685,0.5395117998123169,0.0004350053204689175
0.00025173742324113846,0.0003842661390081048,0.059782836586236954,0.9390867352485657,0.0004944041720591486
0.29131245613098145,0.6964288949966431,0.010732804425060749,0.0010095650795847178,0.0005162639426998794
0.997800886631012,0.0016490875277668238,0.0004185977450106293,7.977178029250354e-05,5.162865636521019e-05
0.000391924986615777,0.0364375002682209,0.961063802242279,0.001972460886463523,0.0001343118929071352
0.0067722853273153305,0.23078835010528564,0.7615759968757629,0.0005951827042736113,0.00026818516198545694
0.9985858201980591,0.0011880736565217376,0.000144636956974864,5.6204684369731694e-05,2.5338053092127666e-05
0.9984298348426819,0.001135797705501318,0.000263869296759367,0.00013981579104438424,3.067317811655812e-05
0.6331053376197815,0.36321598291397095,0.003128284588456154,0.0003634104796219617,0.0001869758270913735
0.9991944432258606,0.0005821402301080525,0.00016760954167693853,3.717358777066693e-05,1.8659531633602455e-05
0.8767033219337463,0.12108483910560608,0.0013255623634904623,0.0006892497767694294,0.00019698715186677873
0.07797633111476898,0.8859618306159973,0.034110166132450104,0.0015507321804761887,0.00040092109702527523
0.13713373243808746,0.8436967134475708,0.017848806455731392,0.001085400814190507,0.0002353418240090832
0.0004058775957673788,0.0006620532949455082,0.5812051892280579,0.41694536805152893,0.0007814625278115273
0.9975488781929016,0.0020899202208966017,0.00024892587680369616,6.810143531765789e-05,4.413090573507361e-05
0.0014129418414086103,0.46106839179992676,0.5330536365509033,0.004227072466164827,0.00023796064488124102
0.9991540908813477,0.0007209780742414296,7.263476436492056e-05,3.059121445403434e-05,2.1666473912773654e-05
0.0008998273988254368,0.6754810214042664,0.3224300742149353,0.001035630819387734,0.0001534309412818402
0.00034387665800750256,0.0008284898358397186,0.01826808974146843,0.9798465967178345,0.0007128919241949916
8.043812704272568e-05,0.00011106444435426965,0.0017190846847370267,0.006420908495783806,0.9916684627532959
0.00042053635115735233,0.016595713794231415,0.9653611183166504,0.01705162599682808,0.0005710170953534544
0.0007176307844929397,0.003084426047280431,0.9811652898788452,0.014850035309791565,0.00018265035760123283
0.7420799732208252,0.25561022758483887,0.0017836944898590446,0.0003024351317435503,0.0002236826258013025
0.10546369105577469,0.6271153688430786,0.25848135352134705,0.008510234765708447,0.00042932783253490925
0.0003581430937629193,0.0021870823111385107,0.9774967432022095,0.019785668700933456,0.0001724383037071675
0.0002763910742942244,0.0005220869788900018,0.04421931877732277,0.9494460225105286,0.005536231677979231
0.00023240807058755308,0.000331492890836671,0.01855483278632164,0.9773401021957397,0.0035411124117672443
0.11217121034860611,0.7762625217437744,0.10935880243778229,0.0014328905381262302,0.0007745675393380225
0.002840544329956174,0.767576277256012,0.2275005578994751,0.001868899562396109,0.00021373576601035893
0.9988909363746643,0.0009798811515793204,7.85333031672053e-05,3.399319757591002e-05,1.6646368749206886e-05
0.9989333748817444,0.0008533604559488595,0.0001465294189983979,4.306211485527456e-05,2.370231959503144e-05
0.9702739119529724,0.02882527932524681,0.0006834053783677518,0.00013044699153397232,8.699949830770493e-05
0.0010428359964862466,0.003796067787334323,0.5306785702705383,0.4580164849758148,0.00646607019007206
0.9921470284461975,0.007532952819019556,0.00023582360881846398,4.9049303925130516e-05,3.515183925628662e-05
0.6150636076927185,0.3800759017467499,0.004443151876330376,0.00026458362117409706,0.00015275890473276377
0.0055011180229485035,0.8576992154121399,0.1294861137866974,0.00702203344553709,0.0002914826909545809
0.998462438583374,0.0013096595648676157,0.0001669346820563078,3.565441147657111e-05,2.530736855987925e-05
0.9956896901130676,0.0035331903491169214,0.000601306848693639,0.00010781249147839844,6.805286830058321e-05
0.6405631899833679,0.3539964556694031,0.0030441228300333023,0.0019094005692750216,0.0004868455580435693
0.0003644825192168355,0.00048226030776277184,0.0022412072867155075,0.21579401195049286,0.7811180353164673
0.8399166464805603,0.15559230744838715,0.003988270182162523,0.000332269468344748,0.00017048561130650342
0.0001703426387393847,0.0004230548511259258,0.01268746517598629,0.9859316349029541,0.0007874761358834803
0.9995297193527222,0.00030574435368180275,0.00011500094115035608,3.2402567740064114e-05,1.710497417661827e-05
0.9992102384567261,0.0005731694400310516,0.00015335115313064307,4.2812112951651216e-05,2.0407002011779696e-05
0.999079704284668,0.0007361143361777067,0.00011860268568852916,4.443285070010461e-05,2.1147579900571145e-05
8.050730684772134e-05,0.0001926630357047543,0.0006566026131622493,0.015135541558265686,0.9839347004890442
0.00036542501766234636,0.003411700017750263,0.9705163836479187,0.025564810261130333,0.00014164249296300113
0.40732473134994507,0.5822016596794128,0.008688456378877163,0.0014471744652837515,0.00033799471566453576
0.9981836676597595,0.0015331624308601022,9.852925722952932e-05,0.00015358066593762487,3.105385258095339e-05
0.0008983787265606225,0.037463072687387466,0.9296681880950928,0.03159384801983833,0.00037653945037163794
0.9985735416412354,0.0011375086614862084,0.00018053673557005823,8.3622318925336e-05,2.478277383488603e-05
0.00048480555415153503,0.001980417873710394,0.9748879671096802,0.022477349266409874,0.0001694172970019281
0.00023980582773219794,0.00034999288618564606,0.0272629726678133,0.8371368050575256,0.1350104659795761
0.9974822402000427,0.001591769978404045,0.00038152997149154544,0.0004895378951914608,5.4974985687294975e-05
0.01343492604792118,0.4462789297103882,0.5323309302330017,0.007318928837776184,0.0006363248103298247
0.0054124388843774796,0.34695807099342346,0.6447051167488098,0.002640174003317952,0.00028419686714187264
0.0005129856872372329,0.504740834236145,0.4930283725261688,0.001605776371434331,0.00011206037015654147
0.27185583114624023,0.7237949371337891,0.003420595545321703,0.0006636969628743827,0.0002649391535669565
6.789200415369123e-05,0.00015382772835437208,0.0007498820195905864,0.004272028803825378,0.9947563409805298
0.0003206996188964695,0.007883904501795769,0.9811214208602905,0.010577306151390076,9.669814608059824e-05
0.0007144269766286016,0.0028582667000591755,0.5591778755187988,0.4366580843925476,0.000591335934586823
0.000729796476662159,0.0010571895400062203,0.08781297504901886,0.9085865616798401,0.0018134749261662364
0.7036817669868469,0.28221240639686584,0.012795744463801384,0.0009255585609935224,0.0003845063620246947
0.9984443783760071,0.0012666380498558283,0.00018956829444505274,6.174910959089175e-05,3.7652636819984764e-05
0.0013694241642951965,0.578997015953064,0.4009914696216583,0.018093440681695938,0.0005486568552441895
0.0007563263643532991,0.0019009953830391169,0.942362368106842,0.05444198474287987,0.0005383598036132753
0.09174409508705139,0.890137791633606,0.01749332621693611,0.0004329975927248597,0.00019175939087290317
0.047554317861795425,0.6011747717857361,0.3495491147041321,0.0013151565799489617,0.0004066692781634629
0.005804719403386116,0.8146948218345642,0.17646978795528412,0.0026525352150201797,0.0003781655977945775
0.8791630268096924,0.11822429299354553,0.0020147073082625866,0.0003788045432884246,0.0002192001265939325
0.9969373941421509,0.002626668894663453,0.00029510288732126355,7.927232218207791e-05,6.157529423944652e-05
0.0004473615263123065,0.0027753228787332773,0.9868826270103455,0.009768973104655743,0.00012575800064951181
0.9989259839057922,0.000829592754598707,0.00015610747504979372,4.8010508180595934e-05,4.0309900214197114e-05
0.00024705781834200025,0.0007198406383395195,0.01708950102329254,0.9761413335800171,0.005802306346595287
0.0016738262493163347,0.24606332182884216,0.7464310526847839,0.004897677339613438,0.0009341053664684296
0.9262099862098694,0.07214944064617157,0.0009971560211852193,0.00042303293594159186,0.00022038229508325458
0.02817150577902794,0.4139275550842285,0.46169620752334595,0.09502359479665756,0.0011811251752078533
0.7632537484169006,0.23254713416099548,0.0033802317921072245,0.0006495524430647492,0.0001693646190688014
0.966933012008667,0.03217199817299843,0.0005283739883452654,0.00025650131283327937,0.00011006100976374
0.002104147570207715,0.0036563503090292215,0.7090853452682495,0.2845890522003174,0.0005651288665831089
0.9993013143539429,0.0005405464326031506,0.00010133133764611557,4.0062019252218306e-05,1.6726840840419754e-05
0.7852557897567749,0.20969544351100922,0.004666621796786785,0.00024428273900412023,0.00013790014781989157
0.9992127418518066,0.0005688362871296704,0.00017473440675530583,2.682945159904193e-05,1.677910222497303e-05
0.009166071191430092,0.8527470827102661,0.1358322650194168,0.001948441262356937,0.0003061637107748538
0.003489381866529584,0.5269942879676819,0.4555528163909912,0.013400404714047909,0.0005631136591546237
7.131738675525412e-05,0.00011851375893456861,0.0009326977306045592,0.04716910794377327,0.9517083764076233
0.9952437281608582,0.0012166432570666075,0.0022382831666618586,0.0010648049646988511,0.00023656146368011832
0.0007377759320661426,0.2786814570426941,0.7136827111244202,0.006655610632151365,0.00024248100817203522
0.0023192749358713627,0.25997793674468994,0.2688102722167969,0.467536062002182,0.0013564317487180233
0.1217615157365799,0.8714577555656433,0.00609022518619895,0.00047694481327198446,0.00021357792138587683
0.9984033703804016,0.0013156977947801352,0.00019189671729691327,5.8171513956040144e-05,3.0883522413205355e-05
0.10139875113964081,0.7979370951652527,0.09840717911720276,0.0010908819967880845,0.0011660880409181118
8.427628927165642e-05,0.0001398079766659066,0.0005340143106877804,0.005220955703407526,0.9940208792686462
0.0005823009996674955,0.01392093300819397,0.9837203025817871,0.0016752732917666435,0.00010115511395270005
0.9961663484573364,0.0035498642828315496,0.0002182931057177484,4.3757281673606485e-05,2.178965587518178e-05
0.7888704538345337,0.20836973190307617,0.0012117985170334578,0.0013044490478932858,0.00024355760251637548
0.00021698760974686593,0.003127329982817173,0.9894856214523315,0.007045302074402571,0.00012471296940930188
0.9989043474197388,0.0009261113009415567,0.00012283171236049384,2.942719220300205e-05,1.727910785120912e-05
0.00016857034643180668,0.0002621332532726228,0.004060924984514713,0.9728344082832336,0.02267398126423359
0.0009219200583174825,0.001537928357720375,0.13341836631298065,0.8053931593894958,0.05872861668467522
0.004730780143290758,0.1492420881986618,0.8068637847900391,0.038702838122844696,0.0004604464047588408
0.00029416289180517197,0.002933825133368373,0.9568862318992615,0.03932688757777214,0.0005589715437963605
0.9993690848350525,0.0005062664858996868,8.104907465167344e-05,2.7050091375713237e-05,1.6573501852690242e-05
0.0001825044018914923,0.0004591552715282887,0.12671621143817902,0.8721653819084167,0.00047669612104073167
0.0003404509334359318,0.0006091699469834566,0.052774690091609955,0.9414332509040833,0.004842391703277826
0.025222765281796455,0.879083514213562,0.08887463808059692,0.006298507563769817,0.0005205951165407896
0.004554808139801025,0.9662758708000183,0.027899721637368202,0.001115044578909874,0.00015453416563104838
0.10783510655164719,0.8175327777862549,0.07233381271362305,0.0018895829562097788,0.0004087622510269284
0.999496579170227,0.00033117327257059515,0.00010806010686792433,5.168439747649245e-05,1.2476899428293109e-05
0.9233394265174866,0.07521466910839081,0.0010051120771095157,0.0002712039276957512,0.0001696189574431628
0.0008563568699173629,0.002558509586378932,0.6006540656089783,0.39545735716819763,0.0004737399867735803
0.0009661914664320648,0.0013328788336366415,0.01560711208730936,0.2802369296550751,0.7018569111824036
0.0005294849979691207,0.24211056530475616,0.7557653188705444,0.001460345578379929,0.0001342988107353449
0.9947868585586548,0.004539706744253635,0.00048135375254787505,0.00012942198372911662,6.269328150665388e-05
0.0008869217708706856,0.0024127031210809946,0.669856071472168,0.32491153478622437,0.001932825893163681
0.006701027974486351,0.7359903454780579,0.24268651008605957,0.013975578360259533,0.0006465429905802011
0.7287533283233643,0.26692119240760803,0.004001491703093052,0.00021259656932670623,0.00011140681453980505
0.9996273517608643,0.0003112753329332918,4.14103087678086e-05,1.2169743968115654e-05,7.758299943816382e-06
0.7391286492347717,0.25520074367523193,0.004700757563114166,0.000596656696870923,0.0003732283366844058
0.8577587008476257,0.13110628724098206,0.010628737509250641,0.00028787305927835405,0.00021839930559508502
0.000158642913447693,0.00048345763934776187,0.02121817320585251,0.9777716398239136,0.0003681341768242419
0.0070766787976026535,0.958998441696167,0.03208202123641968,0.0015142939519137144,0.0003285478160250932
0.0008027541334740818,0.0028976614121347666,0.6169371604919434,0.37800025939941406,0.001362148323096335
0.9996059536933899,0.0003366711316630244,3.0144990887492895e-05,1.9606666683102958e-05,7.663983524253126e-06
0.0008423158433288336,0.0020829869899898767,0.8562380075454712,0.140262633562088,0.0005741104832850397
0.015303181484341621,0.42885130643844604,0.5533179044723511,0.0020697119180113077,0.0004578824737109244
0.9987884163856506,0.0009085250785574317,0.00024671544088050723,3.69884874089621e-05,1.942488961503841e-05
0.9971089959144592,0.0023725833743810654,0.0003685348783619702,0.00011608791101025417,3.3866119338199496e-05
0.0009358403622172773,0.11418377608060837,0.878375232219696,0.006180441472679377,0.000324693217407912
0.17398537695407867,0.5585333704948425,0.2541888654232025,0.007886809296905994,0.005405512638390064
0.004371328745037317,0.7176243662834167,0.27345266938209534,0.004265413153916597,0.00028625104459933937
0.9968754053115845,0.0025215221103280783,0.0004047493857797235,0.00011663170153042302,8.168189378920943e-05
0.00019981911464128643,0.0004033790319226682,0.0419909730553627,0.9438058733940125,0.013599957339465618
0.0009074741974473,0.00238541467115283,0.17024821043014526,0.8250761032104492,0.0013828271767124534
0.9990091323852539,0.0008835915941745043,5.6406668591080233e-05,3.118377208011225e-05,1.963929935300257e-05
0.9884001016616821,0.01077701523900032,0.0005860254750587046,0.00015091177192516625,8.599603461334482e-05
0.5107810497283936,0.4652072489261627,0.022977706044912338,0.0007542302482761443,0.00027976586716249585
0.9929976463317871,0.006457698997110128,0.0003709607117343694,0.00013257903628982604,4.103449828107841e-05
0.00015646677638869733,0.00018676415493246168,0.0021517763379961252,0.08620166778564453,0.9113032817840576
0.0007542682578787208,0.0026306058280169964,0.6799031496047974,0.31581851840019226,0.0008935183868743479
0.9410096406936646,0.057951051741838455,0.0007491589640267193,0.00017680616292636842,0.0001133008481701836
0.0008853547042235732,0.001683355774730444,0.013872748240828514,0.9603628516197205,0.023195680230855942
0.0003703864640556276,0.010470695793628693,0.9853227138519287,0.003678031964227557,0.0001581923570483923
0.9907110333442688,0.008485066704452038,0.000504510710015893,0.0002433043991914019,5.605684782494791e-05
0.7045400738716125,0.29275304079055786,0.002024041721597314,0.0004584627749864012,0.00022440428438130766
0.0012726691784337163,0.06525319814682007,0.9330430030822754,0.00031791586661711335,0.00011326280946377665
0.056387994438409805,0.4917258024215698,0.4041806757450104,0.045783936977386475,0.0019216458313167095
0.09875133633613586,0.8862947821617126,0.010946997441351414,0.0033982291352003813,0.0006087131332606077
0.992790699005127,0.006351924501359463,0.0006628338014706969,0.0001348325313301757,5.964266529190354e-05
0.1326894462108612,0.854731559753418,0.010992325842380524,0.000956396572291851,0.0006302859983406961
0.8015989065170288,0.19454331696033478,0.0030102126765996218,0.00048802062519825995,0.00035954813938587904
3.309835301479325e-05,7.129560253815725e-05,0.00044221128337085247,0.0021661431528627872,0.9972872734069824
0.996670663356781,0.0024883542209863663,0.0006001430447213352,0.00017966282030101866,6.119590398157015e-05
0.07595562934875488,0.7637465596199036,0.15384045243263245,0.005776491481810808,0.000680837023537606
0.00037112997961230576,0.00016480826889164746,0.001755195902660489,0.027897819876670837,0.9698110818862915
0.10770846903324127,0.6107452511787415,0.27914994955062866,0.001563799218274653,0.0008325428934767842
0.9872370958328247,0.012172012589871883,0.00046595410094596446,7.450080011039972e-05,5.0420294428477064e-05
0.0007812260300852358,0.5692822337150574,0.4257970154285431,0.003857159521430731,0.00028235625359229743
0.00036997004644945264,0.003138250205665827,0.8934255838394165,0.10261634737253189,0.00044983223779127
0.9992152452468872,0.0006633404409512877,8.696428994880989e-05,2.1321355234249495e-05,1.3095830581733026e-05
0.9979678988456726,0.0018565156497061253,0.00010151288006454706,4.516444823821075e-05,2.883459637814667e-05
0.9984341263771057,0.0012412749929353595,0.0002384609542787075,5.6997669162228703e-05,2.916357698268257e-05
0.060728780925273895,0.8568540215492249,0.07974644750356674,0.0017829143907874823,0.0008877916261553764
8.87367277755402e-05,0.00014934682985767722,0.001843766076490283,0.010443653911352158,0.9874745607376099
0.7263931035995483,0.2562190890312195,0.016055064275860786,0.0008243417250923812,0.0005083889700472355
0.00046146457316353917,0.0009323929552920163,0.003441397799178958,0.8190373182296753,0.17612741887569427
0.0007427542586810887,0.9085188508033752,0.08917778730392456,0.001402216381393373,0.00015838607214391232
0.0005442138062790036,0.043497517704963684,0.9541978240013123,0.0016150340670719743,0.0001454361918149516
0.000679763441439718,0.0018431632779538631,0.008911026641726494,0.4292526841163635,0.5593134164810181
0.00043321322300471365,0.0008040060056373477,0.009923259727656841,0.8234835863113403,0.16535592079162598
0.00033741581137292087,0.0015636015450581908,0.9673194885253906,0.030549408867955208,0.00023008641437627375
0.23101337254047394,0.7119520902633667,0.05399813875555992,0.002460264367982745,0.0005761624779552221
0.0014698992017656565,0.0018302666721865535,0.5379858613014221,0.4577152132987976,0.0009987547527998686
0.0008614487014710903,0.0396755151450634,0.775488018989563,0.18355721235275269,0.00041785670327953994
0.003636183449998498,0.8287676572799683,0.1651351898908615,0.002223983174189925,0.00023697770666331053
0.0004024340305477381,0.10719484835863113,0.8897984623908997,0.0023791412822902203,0.00022506434470415115
0.0005574239185079932,0.0014732289128005505,0.8657945394515991,0.1319059282541275,0.0002688397071324289
0.9963040351867676,0.0031637828797101974,0.0003450219228398055,0.00012718031939584762,5.99633131059818e-05
0.9969178438186646,0.001913014450110495,0.0010377150028944016,8.184475154848769e-05,4.958722274750471e-05
0.20003947615623474,0.7959320545196533,0.0034853897523134947,0.0004519428184721619,9.111942927120253e-05
0.16359947621822357,0.7419573664665222,0.09087871760129929,0.0026761803310364485,0.0008882933179847896
0.0010670722695067525,0.21846741437911987,0.7780797481536865,0.0021831048652529716,0.00020265170314814895
0.0014112367061898112,0.1281823217868805,0.7452315092086792,0.12239473313093185,0.0027802526019513607
0.00021123216720297933,0.0002582200395409018,0.0018483350286260247,0.04606615751981735,0.9516160488128662
0.0006572285201400518,0.01252271980047226,0.9468420743942261,0.03957689180970192,0.00040111641283147037
0.0009050525259226561,0.0027156691066920757,0.9444175958633423,0.051227979362010956,0.0007336506969295442
0.9988864064216614,0.0009059224394150078,0.00015263797831721604,3.426605690037832e-05,2.0721370674436912e-05
0.0004561827518045902,0.0012475494295358658,0.026713738217949867,0.9514105916023254,0.020171992480754852
0.0026608731132000685,0.3417224586009979,0.5945724248886108,0.059764012694358826,0.0012801793636754155
0.9475748538970947,0.05151011422276497,0.0005800874205306172,0.0002177972492063418,0.00011713859566953033
0.0010962687665596604,0.0015975934220477939,0.007091715931892395,0.7755002379417419,0.2147141546010971
0.4963712692260742,0.4961394965648651,0.005678585264831781,0.0011847659479826689,0.0006259201909415424
0.0005052100750617683,0.0020442039240151644,0.48991885781288147,0.5058136582374573,0.001718038460239768
0.00033116081613115966,0.05287087708711624,0.9448549151420593,0.0018202257342636585,0.0001228422624990344
0.000305884430417791,0.0005093119689263403,0.0013068250846117735,0.04045350104570389,0.957424521446228
0.043031323701143265,0.9146327972412109,0.04060973599553108,0.0014001550152897835,0.00032594776712358
0.01015064399689436,0.7079213261604309,0.2716560363769531,0.009881959296762943,0.0003899795119650662
0.0008749832632020116,0.0011968148173764348,0.10460717976093292,0.8537282347679138,0.039592765271663666
0.016595877707004547,0.2544397711753845,0.7191426753997803,0.009291303344070911,0.000530412420630455
0.0021807709708809853,0.01826581358909607,0.952284574508667,0.026878630742430687,0.0003901749150827527
0.0023491859901696444,0.04345128685235977,0.9425869584083557,0.011427714489400387,0.00018493573588784784
0.0004839950706809759,0.0016407105140388012,0.9909804463386536,0.006777229253202677,0.0001175563083961606
0.00018268720305059105,0.00020007896819151938,0.0024292711168527603,0.16422683000564575,0.8329610824584961
0.0726301372051239,0.8413161635398865,0.08180081099271774,0.003735547186806798,0.000517292704898864
0.005157911218702793,0.4645906388759613,0.5252724885940552,0.004644892178475857,0.00033409130992367864
0.0006707056891173124,0.000940450350753963,0.0740833431482315,0.9156656265258789,0.008639881387352943
0.5860540866851807,0.4086807370185852,0.00403308542445302,0.0007371006649918854,0.0004949707654304802
4.6141085476847365e-05,8.66213595145382e-05,0.00013170985039323568,0.002892181044444442,0.9968433380126953
0.0004001707711722702,0.0012002799194306135,0.031404439359903336,0.869308352470398,0.09768679738044739
0.0012042784364894032,0.002986547537147999,0.4619423449039459,0.5313596725463867,0.0025071040727198124
0.0010890609119087458,0.0015990688698366284,0.391185998916626,0.5937715768814087,0.012354283593595028
0.0006027521449141204,0.9363173842430115,0.06198638305068016,0.0009898666758090258,0.00010355985432397574
0.994940996170044,0.004836805630475283,0.000144840101711452,5.4763382649980485e-05,2.2576004994334653e-05
0.9807851314544678,0.017813002690672874,0.00100683921482414,0.00021891860524192452,0.0001761150051606819
0.24214552342891693,0.7421905398368835,0.014792999252676964,0.0005299288895912468,0.0003409712517168373
0.004545602481812239,0.1510455459356308,0.8395310640335083,0.004547798540443182,0.00032998211099766195
0.000722659460734576,0.0020885055419057608,0.8045777678489685,0.19184041023254395,0.0007707084296271205
9.773179772309959e-05,0.0001844651997089386,0.0005415674531832337,0.09871190786361694,0.9004643559455872
0.9990329742431641,0.0007766897906549275,0.0001385303767165169,3.161605491186492e-05,2.0205734472256154e-05
8.514106593793258e-05,0.00011947419261559844,0.0006167357205413282,0.049267109483480453,0.9499115347862244
0.5052673816680908,0.48228394985198975,0.011726983822882175,0.000531383790075779,0.0001903443189803511
0.001345079392194748,0.0019445852376520634,0.800625205039978,0.19424127042293549,0.0018439233535900712
0.4970349967479706,0.48406267166137695,0.015391340479254723,0.002644815482199192,0.0008661134634166956
0.0007299568969756365,0.2725192904472351,0.7235080003738403,0.002835633233189583,0.00040709899622015655
0.00019139265350531787,0.0014766205567866564,0.9866859912872314,0.011560052633285522,8.588464697822928e-05
0.9177908301353455,0.07915471494197845,0.002402381505817175,0.00034507253440096974,0.00030703801894560456
0.28528958559036255,0.6800749897956848,0.031017765402793884,0.0028455054853111506,0.000772187311667949
0.000722547818440944,0.0008389786235056818,0.9264413714408875,0.07162319868803024,0.0003738678351510316
0.0005840801750309765,0.0025228424929082394,0.9578631520271301,0.038748033344745636,0.0002819676883518696
0.9591949582099915,0.03945335000753403,0.001039451570250094,0.0001665617455728352,0.00014571440988220274
0.0003746738366317004,0.00047293113311752677,0.004267720505595207,0.9918878674507141,0.0029967818409204483
0.0009360272088088095,0.32629692554473877,0.6712071895599365,0.0013996530324220657,0.00016016943845897913
0.5985710620880127,0.39949896931648254,0.0015993518754839897,0.00024180731270462275,8.880573295755312e-05
0.9992870688438416,0.00046650483272969723,0.0001621852716198191,6.462226156145334e-05,1.9608414731919765e-05
0.9604254961013794,0.03860683739185333,0.0007488062256015837,0.00016576504276599735,5.3057079639984295e-05
0.00030604880885221064,0.0005088693578727543,0.052419263869524,0.9437776207923889,0.0029881398659199476
0.0003910164232365787,0.000544437556527555,0.002551413606852293,0.047975488007068634,0.9485376477241516
0.006974066141992807,0.40465405583381653,0.5874929428100586,0.0005543759907595813,0.00032451419974677265
0.0004874419537372887,0.0009181899367831647,0.0038662494625896215,0.6996484994888306,0.29507961869239807
0.0003163423389196396,0.04921587184071541,0.9430696964263916,0.00719479750841856,0.00020331311679910868
0.000613895186688751,0.0019953374285250902,0.12388935685157776,0.8685837388038635,0.00491767842322588
0.0006180378259159625,0.02286568097770214,0.9595312476158142,0.016780193895101547,0.0002048073656624183
0.9990931749343872,0.0007392302504740655,7.350575469899923e-05,6.511317769763991e-05,2.8998227207921445e-05
0.9992077946662903,0.0006557946326211095,9.946516365744174e-05,2.3575172235723585e-05,1.336423974862555e-05
0.9956883788108826,0.0039998609572649,0.00020896142814308405,7.754457328701392e-05,2.519552617741283e-05
0.0005651311948895454,0.0005816355696879327,0.20879365503787994,0.7839627265930176,0.006096872966736555
0.0005739248590543866,0.0018253528978675604,0.9189964532852173,0.07826093584299088,0.00034327697358094156
0.00023843071539886296,0.000516013300511986,0.003163935150951147,0.32426321506500244,0.6718183755874634
0.9990321397781372,0.0007502335938625038,0.0001669832709012553,3.038330214621965e-05,2.030372888839338e-05
0.33947744965553284,0.6538100838661194,0.005452312529087067,0.0007719031418673694,0.0004882359644398093
0.00038076535565778613,0.0005922077689319849,0.009546889923512936,0.9006014466285706,0.08887864649295807
0.008887682110071182,0.03787955641746521,0.2502128779888153,0.7019935846328735,0.00102623354177922
0.9992499947547913,0.0006042701425030828,8.918434468796477e-05,3.8359430618584156e-05,1.8217504475614987e-05
4.020945561933331e-05,6.876669067423791e-05,0.0003397291584406048,0.002259727567434311,0.9972915053367615
0.12929771840572357,0.5046795606613159,0.3570711612701416,0.00819220207631588,0.0007593735936097801
0.00039369415026158094,0.0005728691467083991,0.006436421535909176,0.20472340285778046,0.7878736257553101
0.8066897988319397,0.16860920190811157,0.023127945140004158,0.001096170861274004,0.0004769153892993927
0.999090313911438,0.000711435335688293,0.00015025278844404966,3.5743309126701206e-05,1.2240332580404356e-05
0.0006653742166236043,0.007784471847116947,0.9694966077804565,0.0215779859572649,0.0004755936679430306
0.00040859630098566413,0.00118927878793329,0.8074641823768616,0.19065627455711365,0.00028168511926196516
0.00029628034099005163,0.008952162228524685,0.9723905324935913,0.01818615198135376,0.00017482490511611104
0.7614260315895081,0.21686041355133057,0.01888628490269184,0.0024494249373674393,0.0003777736856136471
0.002198422560468316,0.15887072682380676,0.7624194025993347,0.07592149078845978,0.0005899337702430785
0.00021307224233169109,0.010074678808450699,0.988921046257019,0.0007171108736656606,7.409247336909175e-05
0.0008965755114331841,0.007623864337801933,0.9821619391441345,0.009093298576772213,0.0002242618938907981
0.8828181624412537,0.10335785150527954,0.010982343927025795,0.0022135544568300247,0.0006281054229475558
0.0006121404585428536,0.004226589575409889,0.9416279196739197,0.05337052792310715,0.0001628275349503383
0.0339466854929924,0.8269888162612915,0.13773328065872192,0.0010592241305857897,0.0002719884505495429
0.0012318623485043645,0.4953577220439911,0.4980398118495941,0.005078162532299757,0.00029241034644655883
0.0013814929407089949,0.0014700356405228376,0.01828584633767605,0.9318695664405823,0.04699305072426796
0.20552538335323334,0.6813545823097229,0.09096160531044006,0.016163619235157967,0.005994785111397505
0.9853421449661255,0.01359944511204958,0.0008155092946253717,0.00015792671183589846,8.492081542499363e-05
0.0005591749795712531,0.15737132728099823,0.8386821746826172,0.0032034418545663357,0.00018390530021861196
0.9754060506820679,0.02427697367966175,0.0002377513883402571,4.8734193114796653e-05,3.0505776521749794e-05
0.00038334328564815223,0.07952433824539185,0.9104030132293701,0.009510680101811886,0.00017868922441266477
0.00021295745682436973,0.0003195987665094435,0.0010342304594814777,0.06258072704076767,0.9358524680137634
0.9444155693054199,0.05175413191318512,0.0024732493329793215,0.001075190375559032,0.0002818492939695716
0.7990642786026001,0.18651731312274933,0.013461756519973278,0.0007116488995961845,0.0002449547464493662
0.9991928935050964,0.0005750517011620104,0.0001701888395473361,4.7247431211872026e-05,1.4574977285519708e-05
0.00019117050396744162,0.0004932380979880691,0.004007306415587664,0.4516559839248657,0.5436522960662842
0.9992338418960571,0.0006013961974531412,0.00012639739725273103,2.3621383661520667e-05,1.480420269217575e-05
0.00037089682882651687,0.0033149307128041983,0.9938545227050781,0.002367176115512848,9.248188143828884e-05
0.047070715576410294,0.9377309083938599,0.013578365556895733,0.001386975054629147,0.00023300520842894912
0.9284204244613647,0.06847500801086426,0.0021939461585134268,0.0005486193695105612,0.00036204789648763835
0.5233017802238464,0.46653613448143005,0.009391418658196926,0.000584770692512393,0.00018589025421533734
0.003160258987918496,0.5888770222663879,0.4063543975353241,0.0013843730557709932,0.0002239839668618515
0.05050910264253616,0.9338123202323914,0.013579401187598705,0.0011198220308870077,0.00097933120559901
2.2400234229280613e-05,3.700306115206331e-05,0.00021822824783157557,0.0009644503006711602,0.9987579584121704
0.32511815428733826,0.6651424169540405,0.007617173250764608,0.0017983868019655347,0.00032383325742557645
0.0020735773723572493,0.0021633149590343237,0.006056584883481264,0.18561887741088867,0.8040876388549805
0.0008583747548982501,0.8401876091957092,0.1566559374332428,0.002114916918799281,0.00018310196173842996
0.9931846261024475,0.004403561819344759,0.0019033531425520778,0.00041495912591926754,9.349468746222556e-05
0.9975852966308594,0.0015718565555289388,0.0005052151973359287,0.00028879547608084977,4.8867110308492556e-05
0.000614034419413656,0.27245888113975525,0.7206031680107117,0.005958786234259605,0.00036509387427940965
0.9991742968559265,0.0007377668516710401,5.7514051150064915e-05,2.081964339595288e-05,9.609124390408397e-06
0.00025450720568187535,0.0007907990366220474,0.04649971053004265,0.948469877243042,0.003985109273344278
6.027720883139409e-05,8.510945917805657e-05,0.00043460060260258615,0.011202262714505196,0.9882177710533142
0.0003653806052170694,0.0008473272901028395,0.5401580333709717,0.458168625831604,0.0004605986177921295
0.9782198667526245,0.020338889211416245,0.0010028448887169361,0.00027224543737247586,0.00016620427777525038
0.001062135910615325,0.00343715981580317,0.7478681802749634,0.24692443013191223,0.0007080879295244813
0.9288136959075928,0.06957224756479263,0.0011136402608826756,0.00028472510166466236,0.00021568725060205907
0.0005486918962560594,0.0005276182200759649,0.004350155591964722,0.4971196949481964,0.49745383858680725
0.00028773772646673024,0.0005429061711765826,0.13832387328147888,0.859573245048523,0.0012722484534606338
0.6765758395195007,0.3021537661552429,0.012641205452382565,0.006965670268982649,0.0016634940402582288
0.0008573929662816226,0.5160244107246399,0.474484920501709,0.008330240845680237,0.00030305521795526147
0.00047701687435619533,0.23700690269470215,0.760248601436615,0.0021260264329612255,0.00014144457236398011
0.00041734171099960804,0.0006692114402540028,0.16889235377311707,0.828545093536377,0.0014759872574359179
0.9984872341156006,0.0012858029222115874,0.0001572519395267591,4.958218414685689e-05,2.0077328372281045e-05
0.0016639197710901499,0.009138350374996662,0.9148827791213989,0.07312343269586563,0.0011915405048057437
0.3595421314239502,0.6315891742706299,0.007798222359269857,0.0006588817341253161,0.0004115555202588439
0.4912309944629669,0.43907323479652405,0.06551990658044815,0.003098767949268222,0.001077128341421485
0.16541646420955658,0.755149781703949,0.0758250281214714,0.0030255101155489683,0.000583179818931967
0.9982059001922607,0.0013957710471004248,0.00021794460189994425,0.00013819555169902742,4.21814875153359e-05
0.8640899062156677,0.13052460551261902,0.004899860359728336,0.000346464104950428,0.00013921830395702273
0.9982805252075195,0.0014235477428883314,0.00019584974506869912,6.32948795100674e-05,3.6826040741289034e-05
0.9989936947822571,0.0006714960909448564,0.00021753579494543374,9.534772834740579e-05,2.1956364435027353e-05
0.997488260269165,0.002069710521027446,0.00034885903005488217,6.363536522258073e-05,2.9481616365956143e-05
0.9683956503868103,0.030680907890200615,0.0005074479850009084,0.0003193854645360261,9.658867202233523e-05
0.9837104082107544,0.014782409183681011,0.0008975198143161833,0.0005180351436138153,9.166809468297288e-05
1.9660843463498168e-05,3.99954806198366e-05,0.00012075906852260232,0.0017754532163962722,0.9980441331863403
0.9975577592849731,0.001988158095628023,0.00034048425732180476,8.064658322837204e-05,3.294732596259564e-05
0.9412103891372681,0.05791456624865532,0.0005975064705125988,0.00019131378212478012,8.62576998770237e-05
0.7447621822357178,0.24267670512199402,0.009841901250183582,0.0021330080926418304,0.0005861925310455263
0.0004969153087586164,0.001368021941743791,0.03811940923333168,0.9504117965698242,0.009603932499885559
0.02973516657948494,0.9385066628456116,0.030822986736893654,0.0007739349966868758,0.00016129552386701107
0.011963375844061375,0.9271532297134399,0.05996425822377205,0.0006994125433266163,0.00021973764523863792
0.20515206456184387,0.7334437966346741,0.06020249426364899,0.000840802735183388,0.0003608024853747338
0.6784377694129944,0.31855735182762146,0.0026165435556322336,0.000204468538868241,0.00018388422904536128
0.9904279708862305,0.0027284345123916864,0.004358298610895872,0.0023386061657220125,0.00014663590991403908
0.9922492504119873,0.006973831914365292,0.0005329567939043045,0.00019227327720727772,5.175344995222986e-05
0.000682185054756701,0.00419842591509223,0.8527700901031494,0.14150165021419525,0.0008476881193928421
0.0011101312702521682,0.004150495398789644,0.4866778254508972,0.5062174201011658,0.0018441086867824197
0.9989497065544128,0.000844513182528317,0.00015073909889906645,3.639334681793116e-05,1.869203697424382e-05
0.0008323198417201638,0.00241924193687737,0.02922683395445347,0.2602851390838623,0.7072364687919617
0.00420020055025816,0.0025010532699525356,0.15454383194446564,0.7912143468856812,0.04754059016704559
0.001154273864813149,0.00559252267703414,0.4897579550743103,0.5008639693260193,0.0026313187554478645
0.00040876487037166953,0.014595040120184422,0.9750421047210693,0.009739992208778858,0.00021413509966805577
0.00014810246648266912,0.00045025936560705304,0.026622610166668892,0.972539484500885,0.00023952580522745848
0.9992461204528809,0.0006138479802757502,9.08112560864538e-05,2.669268178578932e-05,2.2601800083066337e-05
0.8999040126800537,0.09564667195081711,0.0037072375416755676,0.0005567906191572547,0.00018526635540183634
0.5770289897918701,0.4187771677970886,0.0036455809604376554,0.0003117045562248677,0.0002365584805374965
0.8960527777671814,0.09811103343963623,0.005487538408488035,0.00026359871844761074,8.499812975060195e-05
0.0013457238674163818,0.6274613738059998,0.363585501909256,0.007336280774325132,0.00027111731469631195
0.5692873001098633,0.4216459393501282,0.007241465616971254,0.0011346186511218548,0.0006906682392582297
0.001013025175780058,0.0009670318104326725,0.5708138942718506,0.42539265751838684,0.001813368871808052
0.0004218399408273399,0.0033947958145290613,0.9518898129463196,0.044058192521333694,0.00023531158512923867
0.9981101751327515,0.0014777377946302295,0.0003051258681807667,7.52869964344427e-05,3.1638104701414704e-05
0.0018042175797745585,0.0019558409694582224,0.5822986364364624,0.41229963302612305,0.0016416592989116907
0.7499033808708191,0.23518140614032745,0.013547446578741074,0.0009416480897925794,0.0004261053982190788
0.0005330158164724708,0.34838879108428955,0.6487352848052979,0.00212758663110435,0.00021528065553866327
0.9989504814147949,0.0008409848087467253,0.0001575537316966802,3.796555756707676e-05,1.2994650205655489e-05
0.8954147696495056,0.10046200454235077,0.003172231139615178,0.0007331403903663158,0.00021788821322843432
6.073741315049119e-05,7.659885886823758e-05,0.0014243689365684986,0.004833879880607128,0.9936044812202454
0.9707238078117371,0.027891797944903374,0.0010885248193517327,0.00021354587806854397,8.224663906730711e-05
0.00030288673588074744,0.0003475356788840145,0.008993377909064293,0.3891105055809021,0.6012457013130188
0.30856069922447205,0.49619656801223755,0.19301697611808777,0.0016471488634124398,0.0005785726825706661
0.8883491158485413,0.10648234933614731,0.003694691928103566,0.0012424068991094828,0.0002313855802640319
0.9597023725509644,0.036838650703430176,0.00300632044672966,0.00035674101673066616,9.589410910848528e-05
0.0020137643441557884,0.0030737528577446938,0.3232274055480957,0.6701856851577759,0.001499393954873085
0.5772006511688232,0.39604467153549194,0.025714457035064697,0.0006011798395775259,0.0004390007525216788
0.020305434241890907,0.9550795555114746,0.023946985602378845,0.0004971801536157727,0.0001708823983790353
0.00882960855960846,0.946827232837677,0.043430063873529434,0.00066873844480142,0.00024433957878500223
0.6613841652870178,0.3289546072483063,0.008398094214498997,0.0009742543916217983,0.0002888618328142911
0.00037707987939938903,0.0014291872503235936,0.14504005014896393,0.850990891456604,0.0021628045942634344
0.00028318751719780266,0.0004529835714492947,0.037824030965566635,0.9598396420478821,0.0016001331387087703
0.11593062430620193,0.8691367506980896,0.013764604926109314,0.0006888224743306637,0.0004792019026353955
0.0002551421639509499,0.0006357465172186494,0.002492227591574192,0.4997349679470062,0.4968818724155426
0.00022283452562987804,0.0012417978141456842,0.9866049885749817,0.011828357353806496,0.0001020619529299438
0.9675945043563843,0.03161241486668587,0.0005896552465856075,0.00012431245704647154,7.907901454018429e-05
0.0009125893702730536,0.025630414485931396,0.7644640207290649,0.20805977284908295,0.0009332147310487926
0.0007085998076945543,0.0037090498954057693,0.9789413213729858,0.01628807745873928,0.00035290399682708085
0.9586364030838013,0.03906524181365967,0.0020242894534021616,0.00020495480566751212,6.91931345500052e-05
0.0006842752918601036,0.39715975522994995,0.6009407043457031,0.001052645267918706,0.00016262097051367164
0.0008015591301955283,0.0018763839034363627,0.46273374557495117,0.5337002873420715,0.0008880099048838019
0.00025171053130179644,0.0005675983265973628,0.01705172471702099,0.9811387658119202,0.0009901762241497636
0.9982385635375977,0.0014701386680826545,0.00022266055748332292,4.949071444571018e-05,1.9146466001984663e-05
0.9997536540031433,0.00019502747454680502,3.557259697117843e-05,9.276410310121719e-06,6.525095614051679e-06
0.0007593560148961842,0.002404159400612116,0.6665990948677063,0.3287352919578552,0.0015020909486338496
0.003570769215002656,0.8336800336837769,0.1618369221687317,0.0007522392552345991,0.000160030453116633
0.0006604582886211574,0.06564091891050339,0.9247483015060425,0.008756960742175579,0.00019336813420522958
0.0012652104487642646,0.3474085330963135,0.6490291953086853,0.002069898182526231,0.0002271999983349815
0.0004548887081909925,0.0008398573263548315,0.5595955848693848,0.4383721947669983,0.0007375032873824239
0.017265310510993004,0.9079375267028809,0.064642533659935,0.009530696086585522,0.0006239421782083809
0.9989620447158813,0.0009120246395468712,8.033440099097788e-05,2.849469456123188e-05,1.712455014057923e-05
0.9991880059242249,0.0006804927252233028,7.867534441174939e-05,3.5406505048740655e-05,1.7466085409978405e-05
0.9856033325195312,0.014035251922905445,0.00021345567074604332,0.00010398336598882452,4.397938755573705e-05
0.0003231304872315377,0.0008787065744400024,0.866387665271759,0.13223113119602203,0.0001793350384104997
0.0002295222511747852,0.00048472118214704096,0.01883356273174286,0.8485662937164307,0.13188590109348297
0.09107786417007446,0.3821716606616974,0.5054603815078735,0.020401591435074806,0.0008884965209290385
0.0005669229431077838,0.1114170029759407,0.8764971494674683,0.01111594121903181,0.0004029810370411724
0.0004167992155998945,0.08116691559553146,0.9149091243743896,0.003357862588018179,0.00014927326992619783
0.0001677427935646847,0.00026375503512099385,0.032811399549245834,0.9664026498794556,0.000354413699824363
0.9990575909614563,0.0007448281976394355,0.00013384060002863407,4.8907968448475e-05,1.484433960285969e-05
0.6345540881156921,0.3629058301448822,0.001878466340713203,0.00048132846131920815,0.00018033765081781894
0.0004178996314294636,0.0009155399166047573,0.5169694423675537,0.4808831214904785,0.0008140197023749352
0.01715252548456192,0.9453952312469482,0.03671479970216751,0.0005088396137580276,0.00022859730233903974
0.036165330559015274,0.860195517539978,0.10160743445158005,0.0015440696151927114,0.0004876239690929651
0.000332490133587271,0.0006909080548211932,0.0018917933339253068,0.043464742600917816,0.9536201357841492
0.00184944411739707,0.8557911515235901,0.1396087110042572,0.0024453161749988794,0.00030534519464708865
0.6247134804725647,0.3558167815208435,0.016308486461639404,0.002479530405253172,0.0006817157845944166
0.002755668479949236,0.9522046446800232,0.04272997006773949,0.002084985375404358,0.000224734001676552
0.00018338141671847552,0.0003489866794552654,0.0510793998837471,0.9449539184570312,0.00343429041095078
0.6959211826324463,0.29038867354393005,0.011813905090093613,0.0014441806124523282,0.0004320843727327883
0.0027545159682631493,0.4034488797187805,0.5892325043678284,0.004256055224686861,0.0003080469323322177
0.9975759387016296,0.0022108687553554773,0.00014967033348511904,3.2820255000842735e-05,3.072710023843683e-05
0.7594507336616516,0.237061008810997,0.002955063944682479,0.000362131220754236,0.00017103258869610727
0.0017342400969937444,0.07832164317369461,0.9181219935417175,0.0016762863378971815,0.00014582033327315003
0.07341042160987854,0.8006500005722046,0.12504033744335175,0.0005793923628516495,0.00031979483901523054
0.9989416003227234,0.0009287616703659296,7.685490709263831e-05,3.7129531847313046e-05,1.5641324353055097e-05
0.9503088593482971,0.04809556528925896,0.0011734114959836006,0.0003092861734330654,0.00011293033458059654
0.057161398231983185,0.9264698028564453,0.015562737360596657,0.0005805985420010984,0.0002254291612189263
0.4274231195449829,0.5636560916900635,0.008053467608988285,0.0006762879202142358,0.00019102920487057418
0.0005038618110120296,0.003680204041302204,0.9836145043373108,0.012022281065583229,0.00017909302550833672
0.06095288321375847,0.9333829879760742,0.004240018781274557,0.0010239139664918184,0.0004001361667178571
0.9973174929618835,0.001885665813460946,0.00053168780868873,0.00022715935483574867,3.7990605051163584e-05
0.00011534658551681787,0.00019027196685783565,0.0018958739237859845,0.9974232912063599,0.00037525795050896704
0.978423535823822,0.020740052685141563,0.0005026991129852831,0.00025081532658077776,8.296093437820673e-05
0.9992737174034119,0.0005024998681619763,0.00015183301002252847,5.415378836914897e-05,1.7779142581275664e-05
0.9630967974662781,0.035935789346694946,0.0006950066890567541,0.00017880339873954654,9.36267533688806e-05
0.9853606820106506,0.013904806226491928,0.00046725416905246675,0.00018964182527270168,7.766165072098374e-05
0.9969987869262695,0.0022234595380723476,0.0005483268178068101,0.00017397153715137392,5.5468790378654376e-05
0.9990050196647644,0.0008535896777175367,5.004462946089916e-05,7.537418423453346e-05,1.6036294255172834e-05
0.0006505728815682232,0.0025572977028787136,0.40970417857170105,0.5861791372299194,0.0009088019141927361
0.0007795976125635207,0.02008832059800625,0.9756529927253723,0.0033520294819027185,0.0001270278444280848
0.005918311886489391,0.48829254508018494,0.5007859468460083,0.004629112780094147,0.00037406201590783894
0.00999433547258377,0.6247052550315857,0.3626174032688141,0.002364504151046276,0.0003185074310749769
0.15718390047550201,0.8261828422546387,0.013281411491334438,0.0029381425119936466,0.0004136760253459215
0.0005299481563270092,0.0012826587771996856,0.7328767776489258,0.26483964920043945,0.0004709417698904872
0.0002216444117948413,0.0018060690490528941,0.499986469745636,0.49716973304748535,0.0008161361911334097
0.00016195337229873985,0.00023643739405088127,0.0012800898402929306,0.04043615609407425,0.9578853249549866
0.0009709401638247073,0.0023350324481725693,0.9760040044784546,0.020057274028658867,0.0006327165756374598
0.9758155345916748,0.022630831226706505,0.0009965768549591303,0.0004702275327872485,8.678543963469565e-05
0.5715364813804626,0.41886791586875916,0.008560698479413986,0.0008382925880141556,0.00019663257990032434
0.0004018200852442533,0.0013054348528385162,0.2719850540161133,0.7251099348068237,0.0011977612739428878
0.9133158326148987,0.08539117872714996,0.0009137587621808052,0.0002535193634685129,0.00012570471153594553
0.9491288065910339,0.05004838481545448,0.0005652869585901499,0.00016393295663874596,9.360602416563779e-05
2.383552782703191e-05,5.415386112872511e-05,0.0007466183742508292,0.0020841003861278296,0.9970912933349609
0.001777852769009769,0.3364303708076477,0.6605663299560547,0.0010553700849413872,0.00017006546841003
0.0008725538500584662,0.0011941841803491116,0.009803367778658867,0.3086461126804352,0.6794837713241577
0.733264684677124,0.2520473599433899,0.009461818262934685,0.004510112572461367,0.0007160275708884001
0.0003300389798823744,0.0008035745704546571,0.13249340653419495,0.8658121228218079,0.000560796121135354
0.0004408068780321628,0.000702531193383038,0.8491493463516235,0.14926518499851227,0.00044214233639650047
0.00040882357279770076,0.000807298521976918,0.20732153952121735,0.788513720035553,0.0029486529529094696
0.0012553170090541244,0.003664002288132906,0.3467007875442505,0.6436485052108765,0.004731360357254744
0.0005348461563698947,0.0005531314527615905,0.02160545252263546,0.8483833074569702,0.12892329692840576
0.3417906165122986,0.6108447909355164,0.04577890783548355,0.0009859836427494884,0.0005996732506901026
0.00035808561369776726,0.0007191274780780077,0.13197076320648193,0.8652691841125488,0.0016828372608870268
0.6682642698287964,0.31572359800338745,0.01245129480957985,0.0026298912707716227,0.0009309691959060729
0.11194176971912384,0.7722453474998474,0.11439608782529831,0.0010983326938003302,0.00031839509028941393
0.41312289237976074,0.5691637396812439,0.016452031210064888,0.0006727122236043215,0.0005885967402718961
0.0003087980148848146,0.0005551850772462785,0.06453759968280792,0.9338335394859314,0.0007649032631888986
0.9963164329528809,0.0034490551333874464,0.00012696097837761045,8.176676055882126e-05,2.5749008273123764e-05
0.00035121830296702683,0.0010378641309216619,0.025350725278258324,0.9679726958274841,0.0052875676192343235
0.7009471654891968,0.2861321270465851,0.01169024221599102,0.0009101768955588341,0.00032029044814407825
0.0013858693419024348,0.002230648184195161,0.46582016348838806,0.5292726755142212,0.0012906197225674987
0.013182573951780796,0.6992642879486084,0.28664201498031616,0.0007052078144624829,0.00020588634652085602
0.0007634342764504254,0.0077990018762648106,0.9752542972564697,0.015982680022716522,0.00020063045667484403
0.9837733507156372,0.015897538512945175,0.00023489761224482208,6.517839938169345e-05,2.8997699700994417e-05
0.6008935570716858,0.3698141574859619,0.027734002098441124,0.0011446487624198198,0.00041365556535311043
0.9985405206680298,0.0011923055863007903,0.00017475761706009507,6.441327423090115e-05,2.7999722078675404e-05
0.8108306527137756,0.1833798885345459,0.004536401946097612,0.001008448889479041,0.00024459592532366514
0.000534539925865829,0.009130521677434444,0.9885129928588867,0.0017156838439404964,0.00010628755990182981
0.0002861969987861812,0.0006737748044542968,0.05463416501879692,0.9430174827575684,0.0013883650535717607
0.0010496374452486634,0.0022773477248847485,0.2636938691139221,0.7286929488182068,0.004286202136427164
0.0008784104720689356,0.0025228653103113174,0.011230665259063244,0.7656669616699219,0.2197011411190033
0.1415119618177414,0.844691276550293,0.012361465953290462,0.0010031333658844233,0.0004321176093071699
0.00032831623684614897,0.0008685827488079667,0.012223826721310616,0.9833897948265076,0.0031895069405436516
0.006234376225620508,0.9588462114334106,0.03392231464385986,0.0008678846061229706,0.00012924963084515184
0.9994309544563293,0.00048410368617624044,5.805516411783174e-05,1.6025533113861457e-05,1.0877452041313518e-05
0.19915109872817993,0.680445671081543,0.11785617470741272,0.0016523849917575717,0.0008946135640144348
0.43340539932250977,0.5568475127220154,0.008855189196765423,0.0005481388070620596,0.0003437936247792095
0.0008476381190121174,0.0020301423501223326,0.1718020737171173,0.8225716352462769,0.002748441183939576
0.4453038275241852,0.5466104745864868,0.005995454266667366,0.0017947065643966198,0.00029554072534665465
0.9981039762496948,0.0015683297533541918,0.00025143352104350924,4.425069346325472e-05,3.2017989724408835e-05
0.9991187453269958,0.0007471839198842645,9.665115067036822e-05,2.387611493759323e-05,1.3583871805167291e-05
0.993109941482544,0.006133579649031162,0.0005647934740409255,0.00014526235463563353,4.641508712666109e-05
0.98941969871521,0.010282735340297222,0.00018116203136742115,7.333399844355881e-05,4.306678238208406e-05
0.00025181041564792395,0.00048058124957606196,0.004939108155667782,0.5127266049385071,0.48160186409950256
0.9991818070411682,0.0006146393716335297,0.00014275251305662096,3.228042623959482e-05,2.848050462489482e-05
0.0009020081488415599,0.7092679142951965,0.2878344655036926,0.0018375834915786982,0.00015807947784196585
0.8269864320755005,0.16843919456005096,0.004248397424817085,0.000250050681643188,7.59075628593564e-05
0.9994457364082336,0.00039247286622412503,0.0001168421222246252,2.764376586128492e-05,1.729985342535656e-05
0.9573661684989929,0.038019515573978424,0.0043150680139660835,0.00014676414139103144,0.00015248834097292274
0.0002574597019702196,0.00039473839569836855,0.012589871883392334,0.9859575629234314,0.0008002876420505345
0.027102690190076828,0.9010456800460815,0.07035604119300842,0.0012343247653916478,0.00026130740297958255
0.0008255037828348577,0.0016234583454206586,0.16808776557445526,0.8281769752502441,0.00128632050473243
0.967828631401062,0.03081369772553444,0.0009488326031714678,0.0003183359804097563,9.054509428096935e-05
0.8053852915763855,0.1755657196044922,0.01784735545516014,0.0009018252021633089,0.00029979003011249006
0.06779661029577255,0.9274189472198486,0.0043102046474814415,0.00029317804728634655,0.00018111697863787413
0.0005831610760651529,0.001309446175582707,0.9281402826309204,0.06957574188709259,0.000391419162042439
0.9988403916358948,0.0009077088325284421,0.0001433679135516286,7.12719265720807e-05,3.728501178557053e-05
0.7501869201660156,0.24299652874469757,0.005034355446696281,0.001222277875058353,0.0005599348223768175
0.24368064105510712,0.6402080655097961,0.10232676565647125,0.013103559613227844,0.0006809284677729011
0.9629396200180054,0.03643234446644783,0.00043988917605020106,0.00011361640645191073,7.448375254170969e-05
0.0004222125862725079,0.0004526020202320069,0.0028800787404179573,0.6731728911399841,0.3230721950531006
0.015017709694802761,0.8350726366043091,0.1466459184885025,0.0025284423027187586,0.000735232955776155
0.0003702219692058861,0.0005292519344948232,0.008119067177176476,0.9071019887924194,0.08387947827577591
0.0007108298595994711,0.3271956145763397,0.6676810383796692,0.004003006033599377,0.00040950358379632235
0.0001441337080905214,0.0003802654391620308,0.03134021535515785,0.9661484360694885,0.0019869550596922636
0.0007721669971942902,0.007585213519632816,0.5055239796638489,0.4842849671840668,0.0018336718203499913
0.0002947153407149017,0.021748805418610573,0.9745206832885742,0.0032542997505515814,0.00018145253125112504
0.00010052430297946557,0.00019359352882020175,0.0010050120763480663,0.010988686233758926,0.9877122044563293
0.9879512190818787,0.011435514315962791,0.00043389457277953625,9.532426338410005e-05,8.39899803395383e-05
0.9988406300544739,0.0008655021665617824,0.00019568698189686984,6.671209848718718e-05,3.1546423997497186e-05
0.000651761656627059,0.001587124657817185,0.04818487912416458,0.8387782573699951,0.11079799383878708
0.9648003578186035,0.03381902724504471,0.0010577896609902382,0.00020015389600303024,0.00012267468264326453
0.0006032703095115721,0.002869322430342436,0.06682128459215164,0.9281470775604248,0.0015590820694342256
0.541788637638092,0.4444335103034973,0.013154840096831322,0.0003624727833084762,0.0002605068148113787
5.277357195154764e-05,7.283517334144562e-05,0.0008703011553734541,0.0033931296784430742,0.9956110119819641
0.35623422265052795,0.6299832463264465,0.013006429187953472,0.0005475534708239138,0.00022857805015519261
0.0005318487528711557,0.0012976761208847165,0.006991627160459757,0.9483084082603455,0.042870406061410904
0.6463536620140076,0.34389790892601013,0.00802354421466589,0.0010655446676537395,0.0006593079306185246
0.6778814196586609,0.3193458318710327,0.0023146646562963724,0.00030858986428938806,0.00014951916818972677
0.9989062547683716,0.0008046578150242567,0.00016829163359943777,8.96857090992853e-05,3.1123847293201834e-05
0.002642606385052204,0.8575454950332642,0.13816790282726288,0.001378729473799467,0.00026528036687523127
0.00039891176857054234,0.03436071053147316,0.9591246843338013,0.005862222518771887,0.0002534385130275041
0.8133405447006226,0.14871551096439362,0.03559331223368645,0.0019508679397404194,0.00039981710142455995
0.8227349519729614,0.17295624315738678,0.0033817985095083714,0.0005975938402116299,0.0003294289926998317
0.00019112133304588497,0.00038145590224303305,0.2157239019870758,0.7833841443061829,0.00031944134389050305
0.00040084877400659025,0.0019154344918206334,0.38758787512779236,0.6096818447113037,0.00041393135325051844
0.04959162697196007,0.9087362289428711,0.039855848997831345,0.001352130901068449,0.0004641144478227943
0.9991078972816467,0.00079339713556692,5.8462697779759765e-05,2.492788917152211e-05,1.5256375263561495e-05
0.0007350208470597863,0.022888414561748505,0.056728530675172806,0.9193296432495117,0.0003183865046594292
0.9906212091445923,0.008891505189239979,0.0003849478380288929,6.213140295585617e-05,4.024586814921349e-05
0.8588287234306335,0.1378672868013382,0.0024554331321269274,0.0005148290656507015,0.0003337537054903805
0.2741476595401764,0.6730442643165588,0.0513978973031044,0.001014661742374301,0.0003955080173909664
0.9993977546691895,0.0004466174286790192,0.00010650307376636192,2.9800201446050778e-05,1.9348615751368925e-05
0.9928870797157288,0.0059579103253781796,0.0008965350571088493,0.0001469495182391256,0.00011150272621307522
0.9988565444946289,0.0008303807699121535,0.00017586571630090475,0.00011105196608696133,2.6165545932599343e-05
0.05108196288347244,0.8674977421760559,0.08024132996797562,0.0010011692065745592,0.0001778146979631856
0.9941847920417786,0.0055622560903429985,0.0001597179361851886,5.495930599863641e-05,3.8320755265885964e-05
0.000891742529347539,0.9396116137504578,0.058476027101278305,0.0008596861152909696,0.00016095481987576932
0.0006951625109650195,0.01791919395327568,0.9352806806564331,0.04544945806264877,0.0006555412546731532
0.9995600581169128,0.00030412623891606927,9.523161133984104e-05,2.5921308406395838e-05,1.4599618225474842e-05
0.9975121021270752,0.0021113997790962458,0.0002601454616524279,8.012406760826707e-05,3.627414480433799e-05
0.0007099555223248899,0.030361223965883255,0.9687118530273438,9.875051910057664e-05,0.00011824684770544991
0.9471259117126465,0.049908597022295,0.002134104259312153,0.0006574124563485384,0.000173971988260746
0.0006513504195027053,0.0026409660931676626,0.09375105053186417,0.8687676191329956,0.03418898954987526
0.0055414000526070595,0.8751015663146973,0.11800637096166611,0.0011695134453475475,0.00018121147877536714
0.09955784678459167,0.5710501670837402,0.32356682419776917,0.0036229421384632587,0.0022022107150405645
0.04486960917711258,0.8805066347122192,0.07358137518167496,0.0008440485689789057,0.00019834196427837014
6.149455293780193e-05,0.00012250524014234543,0.0003972979902755469,0.014388973824679852,0.9850297570228577
0.0008040364482440054,0.12360991537570953,0.8717182278633118,0.0034836966078728437,0.0003841184370685369
0.01618845760822296,0.9332576394081116,0.04993009194731712,0.00043347541941329837,0.00019026201334781945
0.8038433194160461,0.18997564911842346,0.005668554920703173,0.0003644099342636764,0.00014809098502155393
0.0003507567453198135,0.0009605928789824247,0.8165733218193054,0.18166808784008026,0.0004472399887163192
0.09576570242643356,0.8575348854064941,0.04496312141418457,0.0010985011467710137,0.0006378075340762734
0.0007682981085963547,0.0020544277504086494,0.13820140063762665,0.7847133278846741,0.0742625892162323
0.0007690067286603153,0.0015667880652472377,0.31756168603897095,0.6780486702919006,0.0020538473036140203
0.0008185770129784942,0.0015643935184925795,0.43553704023361206,0.5594572424888611,0.002622728468850255
0.03931116685271263,0.9567037224769592,0.0034945658408105373,0.0003946131619159132,9.595014125807211e-05
0.0008490288746543229,0.8929747939109802,0.10231761634349823,0.0036616865545511246,0.00019686075393110514
0.007336622104048729,0.01701096072793007,0.4275551736354828,0.5397894978523254,0.008307715877890587
0.014440800994634628,0.9478654265403748,0.03551824763417244,0.0019385111518204212,0.0002370494039496407
0.0009213918820023537,0.004073535092175007,0.9275201559066772,0.06687518209218979,0.0006097507430240512
0.9878333806991577,0.011583156883716583,0.00040270763565786183,0.00011761009955080226,6.311879405984655e-05
0.0002135921095032245,0.001939696609042585,0.972798764705658,0.024786654859781265,0.0002613019896671176
0.0004102809471078217,0.00042989078792743385,0.05959615483880043,0.9270347952842712,0.012528845109045506
0.003737935097888112,0.7590593695640564,0.23170705139636993,0.004914292600005865,0.0005813430179841816
0.9981086254119873,0.0014586206525564194,0.00028522408683784306,0.00011621604789979756,3.135133738396689e-05
0.1105448305606842,0.8725194334983826,0.015787122771143913,0.0009376058005727828,0.00021100847516208887
0.00019303607405163348,0.00042395564378239214,0.003215877106413245,0.9952409267425537,0.0009262047824449837
0.9413097500801086,0.05744803324341774,0.0007855630246922374,0.00031026758369989693,0.0001464129309169948
0.07461438328027725,0.8540416359901428,0.07003861665725708,0.0010727302869781852,0.0002326199464732781
0.0020724968053400517,0.054713837802410126,0.8992313146591187,0.0429227277636528,0.0010596195934340358
0.0006444301689043641,0.002032270422205329,0.07472112029790878,0.9195737242698669,0.003028464037925005
0.00024773250333964825,0.0004729426873382181,0.012460569851100445,0.9806215167045593,0.0061972481198608875
0.0002441389806335792,0.000983753358013928,0.002959906356409192,0.09718409180641174,0.8986281156539917
0.6512682437896729,0.3461131155490875,0.002192065352573991,0.0003133438585791737,0.00011325176456011832
5.7894623751053587e-05,5.1898183301091194e-05,0.00040496033034287393,0.0012009494239464402,0.9982842803001404
0.0004596394719555974,0.0009289883892051876,0.5234233736991882,0.4743296504020691,0.0008583482122048736
0.9995624423027039,0.00035956851206719875,5.0287999329157174e-05,1.6971916920738295e-05,1.073892053682357e-05
0.03200791776180267,0.4088665544986725,0.5508301854133606,0.007640914525836706,0.0006543812341988087
0.09033526480197906,0.470214307308197,0.4374810457229614,0.0015111532993614674,0.0004581809916999191
0.11430662870407104,0.8697267174720764,0.014834764413535595,0.0008490351610817015,0.00028288972680456936
0.000366347492672503,0.0009316361974924803,0.02755635790526867,0.9195349812507629,0.05161062628030777
0.00012844240700360388,0.00019537856860551983,0.001924910000525415,0.9965343475341797,0.001216852106153965
0.00021962905884720385,0.00034884127671830356,0.10624928772449493,0.8923445343971252,0.0008376934565603733
0.1461395025253296,0.8426154851913452,0.010407134890556335,0.0006247810088098049,0.0002130502980435267
0.8059629797935486,0.18608172237873077,0.006754441652446985,0.0009116457658819854,0.00028919221949763596
0.9815180897712708,0.017789596691727638,0.0004034941375721246,0.00020461254462134093,8.418072684435174e-05
0.00030779492226429284,0.0010866428492590785,0.8882968425750732,0.11004596948623657,0.00026275496929883957
0.0036323806270956993,0.9440791606903076,0.05079924687743187,0.0013713919324800372,0.00011784760135924444
0.0030242810025811195,0.9659589529037476,0.03043917380273342,0.0004553587641566992,0.0001222005666932091
0.11668700724840164,0.8471786379814148,0.0327671617269516,0.0029203840531408787,0.00044677735422737896
0.9995438456535339,0.0003864435711875558,4.212337807985023e-05,1.9957082258770242e-05,7.582204034406459e-06
0.0014027295401319861,0.005544430576264858,0.43908071517944336,0.5465272665023804,0.0074448655359447
0.00048492749920114875,0.0009825773304328322,0.184006467461586,0.8135592937469482,0.0009667775593698025
0.0016383742913603783,0.43323203921318054,0.5613139867782593,0.0036022569984197617,0.00021335258497856557
0.00030399070237763226,0.0016595248598605394,0.9824734926223755,0.015457404777407646,0.00010560543887550011
0.04159143939614296,0.591925859451294,0.362641304731369,0.002949963789433241,0.0008914148202165961
0.15536847710609436,0.8167664408683777,0.02549767680466175,0.0019459957256913185,0.0004213510546833277
0.9951322674751282,0.0032577624078840017,0.0013810752425342798,0.00015805584553163499,7.084033859428018e-05
0.0003843666927423328,0.004625626374036074,0.49888378381729126,0.4955006241798401,0.0006056014681234956
0.015460225753486156,0.5931096076965332,0.3848915100097656,0.006181121338158846,0.00035748895606957376
0.0007230272167362273,0.1679312139749527,0.823337733745575,0.007783790584653616,0.00022419837478082627
0.0012850860366597772,0.0009519904851913452,0.027216678485274315,0.9512504935264587,0.01929578371345997
0.0006963714258745313,0.0036405157297849655,0.5114290714263916,0.48364171385765076,0.0005923332646489143
0.0004103158717043698,0.0017926475265994668,0.9373303651809692,0.06015479192137718,0.0003118905588053167
0.0012328100856393576,0.23633183538913727,0.7559393048286438,0.006064462009817362,0.00043157520121894777
0.07009834796190262,0.913133442401886,0.014009845443069935,0.00206209858879447,0.0006963035557419062
0.9987540245056152,0.0010373617988079786,0.0001385761279379949,4.8997670091921464e-05,2.1067204215796664e-05
0.00018318986985832453,0.0004155405331403017,0.05598447099328041,0.9411031007766724,0.0023137337993830442
0.9981716871261597,0.0014728810638189316,0.00023150708875618875,6.543060590047389e-05,5.853338007000275e-05
0.0006198333576321602,0.0014253032859414816,0.8132807016372681,0.18432380259037018,0.0003504041233099997
0.0017706822836771607,0.002626450965180993,0.15996409952640533,0.826207160949707,0.00943154189735651
0.265777587890625,0.6619225740432739,0.0683596283197403,0.0031061270274221897,0.0008340473286807537
0.00011261734471190721,0.00033482557046227157,0.004252390470355749,0.7496183514595032,0.2456817626953125
0.008980188518762589,0.7670884728431702,0.22254161536693573,0.0011669404339045286,0.00022283100406639278
0.006939472630620003,0.5145002007484436,0.47604110836982727,0.0020594927482306957,0.0004596890357788652
0.0005009369342587888,0.0007308782078325748,0.00562323909252882,0.9891796112060547,0.003965325187891722
0.0003621176874730736,0.0005028623272664845,0.020618746057152748,0.8703498840332031,0.10816638916730881
0.9996356964111328,0.0002901874831877649,4.7318120778072625e-05,1.736947160679847e-05,9.378655704495031e-06
0.9820300936698914,0.016904126852750778,0.0006676148041151464,0.00029673465178348124,0.000101496021670755
0.999519944190979,0.00036278506740927696,6.634082092205063e-05,4.096860357094556e-05,9.965877325157635e-06
0.9988940358161926,0.0009972135303542018,6.823125295341015e-05,2.7144322302774526e-05,1.3409902749117464e-05
0.010551460087299347,0.4658418595790863,0.3631325662136078,0.15971262753009796,0.0007614608039148152
0.016425548121333122,0.8685365915298462,0.10855193436145782,0.006044589448720217,0.00044135484495200217
0.9987348914146423,0.0009994818828999996,0.0002001219108933583,4.5504551962949336e-05,1.996182072616648e-05
0.9991350769996643,0.0007222908898256719,8.432581671513617e-05,3.8129230233607814e-05,2.017612314375583e-05
0.21108919382095337,0.7063767313957214,0.06969131529331207,0.011492890305817127,0.0013498255284503102
0.998749852180481,0.0010469617554917932,0.00012409198097884655,5.293727372190915e-05,2.609477269288618e-05
0.0002433405170449987,0.00034618659992702305,0.003760922932997346,0.16971078515052795,0.8259387612342834
0.19180884957313538,0.7947251200675964,0.012777578085660934,0.0005220726598054171,0.00016638233500998467
0.0010353963589295745,0.5608130693435669,0.42635107040405273,0.01117378007620573,0.0006266538402996957
0.9993875026702881,0.0005054824869148433,7.36955480533652e-05,2.2193311451701447e-05,1.1124475349788554e-05
0.3254026174545288,0.6472887396812439,0.02362184412777424,0.003266681917011738,0.0004201690899208188
0.8312910795211792,0.16686993837356567,0.0014555450761690736,0.0002722525969147682,0.00011123785225208849
0.006234101019799709,0.29525357484817505,0.6869608163833618,0.011089041829109192,0.0004624571301974356
0.6917572617530823,0.28087204694747925,0.026055412366986275,0.0008278953027911484,0.000487430312205106
0.9995700716972351,0.00032052805181592703,7.580563396913931e-05,1.7089832908823155e-05,1.6466601664433256e-05
0.0016846883809193969,0.004159016069024801,0.9790365099906921,0.014925277791917324,0.00019448639068286866
0.001201511244289577,0.23346833884716034,0.7418402433395386,0.023210983723402023,0.00027893908554688096
0.0009245839319191873,0.003264554077759385,0.13435252010822296,0.8155624866485596,0.04589591175317764
0.0005486842128448188,0.0007661922136321664,0.08709418773651123,0.9107600450515747,0.0008309604017995298
0.9993607401847839,0.000506643089465797,8.010095189092681e-05,3.258384094806388e-05,1.9982981029897928e-05
0.9987857937812805,0.001061792834661901,9.703235264169052e-05,3.2381478376919404e-05,2.3003573005553335e-05
0.007239766884595156,0.3741249740123749,0.6054612994194031,0.01247694343328476,0.000697033479809761
0.9990050196647644,0.0005966329481452703,0.0003040455048903823,5.735647937399335e-05,3.69721747119911e-05
0.9995213747024536,0.00038817679160274565,4.892353535979055e-05,2.9843933589290828e-05,1.1743451068468858e-05
0.0005669521051459014,0.8050183653831482,0.19222398102283478,0.0020085424184799194,0.00018218658806290478
0.999450147151947,0.00046224193647503853,5.2948736993130296e-05,2.1304738766048104e-05,1.33628291223431e-05
0.0006191203719936311,0.0008177550043910742,0.014534414745867252,0.931391179561615,0.05263753980398178
0.0006660196813754737,0.6464685797691345,0.3488501012325287,0.003775439690798521,0.00023982825223356485
0.00021580004249699414,0.0003280192904639989,0.005456594284623861,0.12685997784137726,0.8671396374702454
0.9687346816062927,0.029174331575632095,0.001737461774609983,0.000245801784330979,0.00010771413508336991
0.9979664087295532,0.0018330472521483898,0.00013012558338232338,4.803909905604087e-05,2.240849244117271e-05
0.0002211852406617254,0.00045689038233831525,0.16728068888187408,0.8310338854789734,0.0010073530720546842
0.13428567349910736,0.819678544998169,0.04261592775583267,0.002629401395097375,0.0007905178936198354
0.019247721880674362,0.934461772441864,0.04454059898853302,0.0012873164378106594,0.00046256251516751945
0.17752084136009216,0.7985542416572571,0.022825937718153,0.0007119655492715538,0.00038697029231116176
0.7574087381362915,0.2365516573190689,0.005258132703602314,0.0005563252489082515,0.0002250956604257226
0.07606635242700577,0.8460572957992554,0.07279498875141144,0.004729010630398989,0.0003523261984810233
0.22330519556999207,0.7665145397186279,0.008237872272729874,0.00129987602122128,0.0006424772436730564
0.9983497858047485,0.0014827586710453033,0.00010221378761343658,4.623792119673453e-05,1.9006016373168677e-05
0.8932380080223083,0.10449956357479095,0.001318672439083457,0.0007604275597259402,0.0001833553396863863
0.0010311099467799067,0.021440861746668816,0.9713329076766968,0.006064121145755053,0.0001309550425503403
0.0005806443514302373,0.2312120944261551,0.7671409249305725,0.0009331195033155382,0.00013321942242328078
0.9469552636146545,0.05199539288878441,0.0006257997592911124,0.0002799101930577308,0.00014366747927851975
0.00020785439119208604,0.0004014710139017552,0.09694270044565201,0.9021334648132324,0.00031446374487131834
0.0007859077304601669,0.638983964920044,0.3573456108570099,0.0025267882738262415,0.0003577664028853178
1.7743481294019148e-05,3.4835295082302764e-05,0.00010840917093446478,0.0008515490335412323,0.9989874958992004
0.0009367875172756612,0.0028271027840673923,0.9475364089012146,0.04836118966341019,0.0003385368036106229
0.0016469222027808428,0.8543391227722168,0.14311693608760834,0.0007775845006108284,0.00011943696881644428
0.9463779330253601,0.05054701864719391,0.002771657193079591,0.0001843561913119629,0.00011900989193236455
0.9993090629577637,0.0004404648207128048,0.00016896557644940913,6.037819184712134e-05,2.1151123291929252e-05
0.9996287822723389,0.0003043212345801294,4.436747622094117e-05,1.4475315765594132e-05,8.084326509560924e-06
0.00030778604559600353,0.002493251347914338,0.9828525185585022,0.014232526533305645,0.00011385607649572194
6.851478246971965e-05,0.0001398794847773388,0.0010825122008100152,0.008926783688366413,0.9897823333740234
0.0007323502795770764,0.0014838689239695668,0.22154195606708527,0.774163007736206,0.0020788717083632946
0.00424623116850853,0.3779994249343872,0.6152603030204773,0.002224479801952839,0.0002695615403354168
0.49599963426589966,0.5022352933883667,0.0008959039114415646,0.0005927331512793899,0.00027643234352581203
0.0005739554762840271,0.03685130178928375,0.9386730194091797,0.023222582414746284,0.000679168151691556
0.9978741407394409,0.0018587203230708838,0.00021333318727556616,3.302579716546461e-05,2.0736391888931394e-05
0.0001383507187711075,0.0001839696487877518,0.0006667061825282872,0.012263632379472256,0.9867473840713501
0.5312616229057312,0.3805948495864868,0.08459767699241638,0.002767820144072175,0.0007780208252370358
0.0005215437267906964,0.0008958491962403059,0.022935708984732628,0.6421384811401367,0.3335084617137909
0.9989621639251709,0.0006876938859932125,0.00022352664382196963,9.47549706324935e-05,3.179692794219591e-05
0.0011467672884464264,0.0033818089868873358,0.728322446346283,0.26625797152519226,0.0008910755277611315
0.9991777539253235,0.0006012595258653164,0.00016831731772981584,3.463854227447882e-05,1.80690003617201e-05
0.18220220506191254,0.7863526344299316,0.029339851811528206,0.0012932044919580221,0.0008120715501718223
0.998928964138031,0.0008855743799358606,0.00012307593715377152,3.8668993511237204e-05,2.374119321757462e-05
0.653932511806488,0.3367632329463959,0.008071612566709518,0.0008961806306615472,0.00033643763163127005
0.9996053576469421,0.0003096589643973857,5.1055714720860124e-05,2.0341240087873302e-05,1.359489488095278e-05
0.8992683291435242,0.09945125132799149,0.0008283621864393353,0.00025371546507813036,0.00019837095169350505
0.999554455280304,0.0003283657133579254,6.904614565428346e-05,3.338229362270795e-05,1.4758929864910897e-05
0.9975033402442932,0.001872682711109519,0.0004416347946971655,0.00012080326268915087,6.156526069389656e-05
0.00013238730025477707,0.0002831146994139999,0.0009754732018336654,0.03794479742646217,0.9606641530990601
0.9990906715393066,0.0005729205440729856,0.00023120237165130675,7.945346442284063e-05,2.576730003056582e-05
0.9975728392601013,0.002026350935921073,0.0002628865768201649,0.00010791426029754803,2.998777745233383e-05
0.9977450966835022,0.0016871264670044184,0.00040226231794804335,9.725987911224365e-05,6.824442243669182e-05
0.9600540995597839,0.036735158413648605,0.002697682473808527,0.0003733416087925434,0.0001397794985678047
0.0004107643326278776,0.0007558146608062088,0.9406449794769287,0.057566918432712555,0.0006215489702299237
0.3487217426300049,0.6256570219993591,0.023395420983433723,0.001695039914920926,0.0005307191167958081
0.9988510608673096,0.0009310435270890594,0.00015732605243101716,4.079853169969283e-05,1.979469379875809e-05
0.29746007919311523,0.6592634320259094,0.04091401770710945,0.0017515724757686257,0.0006109138485044241
0.07082691043615341,0.908513069152832,0.01998266391456127,0.0004740987787954509,0.00020327777019701898
0.000547566101886332,0.18098318576812744,0.8165099024772644,0.0018050213111564517,0.00015429957420565188
0.20459000766277313,0.7853565216064453,0.009002147242426872,0.0008218706934712827,0.00022948555124457926
0.1480381339788437,0.828523576259613,0.021725252270698547,0.0013374388217926025,0.0003755908110179007
0.42866724729537964,0.5526753664016724,0.016919558867812157,0.0011495569488033652,0.00058826117310673
0.0006911444943398237,0.0007084764656610787,0.03584360331296921,0.9600654244422913,0.002691395115107298
0.0006121999467723072,0.0022051013074815273,0.644968569278717,0.351561039686203,0.0006530493265017867
0.0014712120173498988,0.9547197818756104,0.04295405000448227,0.0007015554583631456,0.00015343983250204474
0.0007892459980212152,0.0013615479692816734,0.018553199246525764,0.266726016998291,0.7125699520111084
0.0029993525240570307,0.012335083447396755,0.9335238337516785,0.05072825402021408,0.0004134508199058473
0.0008125750464387238,0.07210956513881683,0.8126793503761292,0.11347046494483948,0.0009280146332457662
0.0010239037219434977,0.0038375980220735073,0.3800884485244751,0.5914391279220581,0.02361096255481243
0.8984267711639404,0.09844616055488586,0.0026419314090162516,0.00029294664273038507,0.00019219900423195213
0.0009711010497994721,0.0017273323610424995,0.3852885365486145,0.6096369028091431,0.0023761626798659563
0.00029169992194510996,0.0016546916449442506,0.9448965191841125,0.052922628819942474,0.00023442794918082654
0.4779292941093445,0.4837253987789154,0.034937940537929535,0.002952975919470191,0.0004544196417555213
0.0005189194926060736,0.0012889548670500517,0.9334123134613037,0.06441691517829895,0.00036294819437898695
0.0003789390029851347,0.0009117666631937027,0.48160791397094727,0.5164374709129333,0.000663889164570719
0.9994264841079712,0.00043143381481058896,9.828746988205239e-05,3.166300302837044e-05,1.2182345017208718e-05
0.8609033823013306,0.1323956549167633,0.006112285889685154,0.00040014059050008655,0.0001885685051092878
0.9927771091461182,0.006767620332539082,0.00029018439818173647,0.00010039508924819529,6.467605999205261e-05
0.9893630146980286,0.010006758384406567,0.0004452689317986369,0.0001237039832631126,6.132563430583104e-05
0.0009859491838142276,0.7170864343643188,0.280199259519577,0.0014873890904709697,0.00024097759160213172
0.02137053944170475,0.4838199019432068,0.49170175194740295,0.0024937856942415237,0.0006140131736174226
0.0011213870020583272,0.003743436187505722,0.06627032905817032,0.7416027784347534,0.18726210296154022
0.00031713099451735616,0.0014039144152775407,0.9419950246810913,0.056115102022886276,0.00016886324738152325
0.0010362642351537943,0.0038183669093996286,0.7376401424407959,0.25670701265335083,0.0007982293027453125
0.5453826785087585,0.3501870930194855,0.08753767609596252,0.015310774557292461,0.0015818008687347174
0.00018847973842639476,0.0002785624237731099,0.0012208311818540096,0.14552192389965057,0.8527901768684387
2.5415549316676334e-05,3.994593134848401e-05,0.00021744701371062547,0.0016309834318235517,0.9980862140655518
0.9983795881271362,0.0008473124471493065,0.0005485272267833352,0.00015977080329321325,6.483785546151921e-05
0.0002909265458583832,0.0008737248135730624,0.030261673033237457,0.9678210020065308,0.0007527024718001485
0.0002481457486283034,0.0006007708725519478,0.13155707716941833,0.867026686668396,0.0005673053674399853
0.0004417652962729335,0.0006711710593663156,0.9389429092407227,0.05966256931424141,0.0002815623884089291
0.9986263513565063,0.0011408362770453095,0.00015231501311063766,4.8895857617026195e-05,3.161048152833246e-05
0.12077396363019943,0.8755354285240173,0.002969750901684165,0.0004950892180204391,0.00022578144853468984
0.7241232395172119,0.2697456181049347,0.005536727141588926,0.00044178456300869584,0.00015265903493855149
0.000128835832583718,0.00026297502336092293,0.01688898354768753,0.9801015853881836,0.0026176536921411753
0.9987438321113586,0.0010004782816395164,0.00018358323723077774,3.96174073102884e-05,3.256925265304744e-05
0.0007724050083197653,0.002122187288478017,0.9616097211837769,0.03510197624564171,0.000393730093492195
0.0064897919073700905,0.789132297039032,0.20165014266967773,0.002416784642264247,0.00031102984212338924
0.9973524808883667,0.002283562207594514,0.00021525498596020043,9.610589768271893e-05,5.261374462861568e-05
0.0002745323290582746,0.010522850789129734,0.9817144870758057,0.007349623832851648,0.00013847005902789533
0.0004858463362324983,0.0010171269532293081,0.02053931914269924,0.8434607982635498,0.13449692726135254
0.00038031736039556563,0.003115828614681959,0.9580515027046204,0.038145244121551514,0.0003071140090469271
0.14819742739200592,0.8404538035392761,0.010586604475975037,0.0005770938005298376,0.00018506238120608032
0.00020518398378044367,0.0005465463036671281,0.003107532160356641,0.1470588892698288,0.8490818738937378
0.002028355374932289,0.4623618423938751,0.5321274399757385,0.0033139365259557962,0.00016839599993545562
0.0008066080044955015,0.0028681347612291574,0.48810362815856934,0.5050344467163086,0.0031871693208813667
0.3206005096435547,0.666692852973938,0.0117103960365057,0.0006325953872874379,0.00036367695429362357
0.24216346442699432,0.7298261523246765,0.027309777215123177,0.0003838958218693733,0.0003167358227074146
0.0005508235772140324,0.0005959129193797708,0.922137975692749,0.07648512721061707,0.00023013151076156646
0.9939821362495422,0.005433301907032728,0.0003879440773744136,0.00011768489639507607,7.889530388638377e-05
0.87343829870224,0.11989181488752365,0.006294032093137503,0.0002334657037863508,0.00014234961417969316
0.0004972271854057908,0.0013134856708347797,0.03672479838132858,0.9608883261680603,0.0005761190550401807
0.0002328584814677015,0.00039858766831457615,0.002806318225339055,0.08995771408081055,0.9066045880317688
0.0008568565244786441,0.0015579437604174018,0.9614902138710022,0.03579645976424217,0.0002985290193464607
0.00037564514786936343,0.022521929815411568,0.9550296664237976,0.0217860396951437,0.0002867394359782338
0.0005890178726986051,0.002418976742774248,0.1426527053117752,0.8489634394645691,0.005375788081437349
0.7682828903198242,0.22701656818389893,0.0035893593449145555,0.0009367753518745303,0.0001744688197504729
0.0013830867828801274,0.001087159151211381,0.8644788265228271,0.13227805495262146,0.0007728355121798813
0.0006874648970551789,0.0022474778816103935,0.2113751471042633,0.7788382768630981,0.006851659156382084
0.00021328777074813843,0.0003416365070734173,0.008872712962329388,0.6067546606063843,0.38381773233413696
0.9989641904830933,0.0008174987160600722,0.00015836332750041038,3.80572491849307e-05,2.189971382904332e-05
0.9994328618049622,0.0003241288650315255,0.00016814285481814295,5.1850682211807e-05,2.2945359887671657e-05
0.05085187405347824,0.7968591451644897,0.1513173133134842,0.0007149892044253647,0.0002566387120168656
0.37812286615371704,0.4980873465538025,0.1192319467663765,0.003936784341931343,0.0006210225401446223
0.9988806843757629,0.0007413994171656668,0.0002856742939911783,7.311863009817898e-05,1.9096030882792547e-05
0.9958723187446594,0.003769165137782693,0.0002203504991484806,7.538286445196718e-05,6.27245899522677e-05
0.9993987083435059,0.00043796756654046476,0.00011884518607985228,3.4126856917282566e-05,1.0342975656385534e-05
0.00048671808326616883,0.00038779134047217667,0.0013346635969355702,0.030628420412540436,0.9671624302864075
0.999267041683197,0.0006070674280636013,8.270588295999914e-05,2.7705988031812012e-05,1.5425837773364037e-05
0.0005399094079621136,0.0007922667427919805,0.317363977432251,0.6799332499504089,0.0013705496676266193
0.008007491938769817,0.9398545622825623,0.051341716200113297,0.0006287961732596159,0.00016739257262088358
0.9954909682273865,0.0038606422021985054,0.00048674337449483573,9.897315612761304e-05,6.269446748774499e-05
0.0006492872489616275,0.1277531534433365,0.8620617389678955,0.0092827333137393,0.0002530653728172183
0.4508526921272278,0.5451552271842957,0.0032390279229730368,0.0005226691137067974,0.00023042160319164395
0.16071467101573944,0.7530978918075562,0.08173086494207382,0.003674662671983242,0.000781916081905365
0.000234652979997918,0.0006887113559059799,0.010678538121283054,0.24102668464183807,0.7473713755607605
0.00037552029243670404,0.0012751960894092917,0.015589981339871883,0.9519628286361694,0.030796419829130173
0.00038956463686190546,0.0030136944260448217,0.9354479312896729,0.06055206432938576,0.0005967789329588413
0.999320387840271,0.00047439831541851163,0.00015977378643583506,2.39186774706468e-05,2.1513889805646613e-05
0.0011873249895870686,0.19586528837680817,0.8009519577026367,0.0015376816736534238,0.0004576951905619353
0.9984169006347656,0.0013166771968826652,0.00019072872237302363,4.621643165592104e-05,2.9474103939719498e-05
0.0005320460186339915,0.0014479152159765363,0.7119318246841431,0.28558894991874695,0.0004992407048121095
0.6178493499755859,0.37737295031547546,0.003633127547800541,0.000996678601950407,0.00014787957479711622
0.11786346137523651,0.7954020500183105,0.08474945276975632,0.0013400499010458589,0.0006449773209169507
0.01930226758122444,0.9196305871009827,0.05950498208403587,0.0012943383771926165,0.0002678035234566778
0.0013719494454562664,0.7163738012313843,0.279980331659317,0.0019480532500892878,0.00032590681803412735
0.8391360640525818,0.15939675271511078,0.0010811578249558806,0.0002847868308890611,0.00010121225932380185
0.000580909545533359,0.0008207825012505054,0.008191680535674095,0.8319329023361206,0.15847378969192505
0.0006687252898700535,0.28262802958488464,0.7152954339981079,0.0012754382332786918,0.00013239579857327044
0.0011321009369567037,0.003050683531910181,0.8809112906455994,0.1141558364033699,0.000750093488022685
0.0005132966907694936,0.21996355056762695,0.7766216993331909,0.0027292603626847267,0.0001721944281598553
0.0005975448875688016,0.02997332066297531,0.9686489105224609,0.0006626226822845638,0.00011761722998926416
0.9985511898994446,0.0011176893021911383,0.0002124628226738423,8.074445213424042e-05,3.795150405494496e-05
0.00015551733667962253,0.0029457160271704197,0.9903950095176697,0.006405939348042011,9.779504034668207e-05
0.997960090637207,0.001522015780210495,0.0003945382486563176,8.440789679298177e-05,3.893922985298559e-05
0.9961872696876526,0.002781382529065013,0.0007680496200919151,0.0001652146747801453,9.814686927711591e-05
0.0007008308894000947,0.0045364368706941605,0.9873635172843933,0.007150803692638874,0.00024841376580297947
0.0005737505271099508,0.0012524038320407271,0.0752800703048706,0.8811178207397461,0.04177602753043175
0.9859678149223328,0.01374348346143961,0.00020129454787820578,4.6870387450326234e-05,4.054089731653221e-05
0.0006339914980344474,0.0023702362086623907,0.7105120420455933,0.2842787802219391,0.00220489758066833
0.9965962767601013,0.0023242654278874397,0.0007926103426143527,0.00022983778035268188,5.6997017964022234e-05
0.00025093782460317016,0.0007257201359607279,0.016613254323601723,0.9776186347007751,0.00479151913896203
0.9992465972900391,0.0005193144315853715,0.00016198378580156714,4.947383422404528e-05,2.2668016754323617e-05
0.9560232758522034,0.043112121522426605,0.0005542525323107839,0.0002330615825485438,7.731257937848568e-05
0.0004512877494562417,0.001717371167615056,0.1502835601568222,0.8471493124961853,0.00039848743472248316
0.004556463565677404,0.7265480160713196,0.2653774321079254,0.002648172667250037,0.000869876763317734
0.0005174011457711458,0.3998238742351532,0.5979990363121033,0.001509878900833428,0.00014981624553911388
0.0004697522963397205,0.0007545730913989246,0.22876186668872833,0.7675366997718811,0.002477089175954461
0.08366823941469193,0.9091241955757141,0.006647007539868355,0.0003247032000217587,0.00023591253557242453
0.0014060032553970814,0.5794352293014526,0.4077158570289612,0.011091484688222408,0.0003514667914714664
0.09746213257312775,0.8936843872070312,0.006914210505783558,0.001335637760348618,0.0006036259583197534
0.35530102252960205,0.63041752576828,0.013635847717523575,0.00042302216752432287,0.00022257075761444867
0.9207174777984619,0.0784134566783905,0.0005343433003872633,0.00019267882453277707,0.0001420652843080461
0.0005729370750486851,0.0004892194410786033,0.15614059567451477,0.8423248529434204,0.0004723934398498386
0.04139692708849907,0.9429250359535217,0.01415020227432251,0.0012535409769043326,0.00027435249648988247
0.00012978292943444103,0.00020914773631375283,0.01072117779403925,0.9834179282188416,0.005521924700587988
0.0004973954055458307,0.0008820955408737063,0.008979029953479767,0.9795128703117371,0.010128612630069256
0.059219859540462494,0.7865385413169861,0.14735594391822815,0.005808073095977306,0.0010775751434266567
0.0007600758690387011,0.0017839177744463086,0.07092210650444031,0.845184326171875,0.08134963363409042
0.0010503917001187801,0.0015963828191161156,0.012761455960571766,0.7986209392547607,0.18597087264060974
0.0020754083525389433,0.38294732570648193,0.5892671346664429,0.025291871279478073,0.0004182617412880063
0.00022439468011725694,0.00039392278995364904,0.014268278144299984,0.9374613761901855,0.0476519949734211
0.07574053853750229,0.8506020903587341,0.07181534171104431,0.001318790134973824,0.0005232893163338304
0.9974321722984314,0.0020409415010362864,0.0002757730253506452,0.00021550676319748163,3.561935227480717e-05
0.9984690546989441,0.0013733990490436554,9.848601621342823e-05,3.646068580565043e-05,2.2626436475547962e-05
0.9601401090621948,0.038378600031137466,0.0012363335117697716,0.00012393560609780252,0.00012105067435186356
0.00034577303449623287,0.0016211576294153929,0.9829087257385254,0.014957488514482975,0.00016684620641171932
0.0007555572665296495,0.001070828060619533,0.01938975788652897,0.6259472966194153,0.35283657908439636
0.0005414351471699774,0.0005261121550574899,0.007717971224337816,0.6833199858665466,0.3078944981098175
0.0012031177757307887,0.7075467109680176,0.2899046540260315,0.0011561540886759758,0.0001893845183076337
0.0017570009222254157,0.1486063152551651,0.8251053094863892,0.024165062233805656,0.0003663605311885476
0.0002789061109069735,0.0015971958637237549,0.9874714016914368,0.010543564334511757,0.00010899384506046772
0.9917135238647461,0.005567389540374279,0.0023606678005307913,0.0002414253685856238,0.00011697180161718279
0.9992377758026123,0.0005022340919822454,0.00018032098887488246,6.219572969712317e-05,1.7498767192591913e-05
0.9977039694786072,0.0020188461057841778,0.00018639418703969568,5.0801190809579566e-05,4.006237941212021e-05
0.0008158011478371918,0.22506679594516754,0.7721744179725647,0.0017624270403757691,0.00018058580462820828
0.0023891169112175703,0.6987641453742981,0.24196960031986237,0.05616895481944084,0.0007081747171469033
0.001157160266302526,0.06522809714078903,0.9278773665428162,0.005534281954169273,0.00020311902335379273
0.0031594636384397745,0.002845414914190769,0.05074848234653473,0.9395840167999268,0.0036626553628593683
0.000500030757393688,0.001795932650566101,0.36401206254959106,0.6300806999206543,0.0036112579982727766
0.1742391586303711,0.8038831949234009,0.02028011903166771,0.0013176912907510996,0.00027979532023891807
0.061173904687166214,0.8979320526123047,0.03988445922732353,0.0006001415313221514,0.000409450673032552
8.16606916487217e-05,0.0002015057107200846,0.0005492751952260733,0.043172672390937805,0.9559949636459351
0.0009476642007939517,0.35491910576820374,0.6324239373207092,0.011254193261265755,0.0004551363526843488
0.7770270109176636,0.2187819927930832,0.0023418297059834003,0.0015865315217524767,0.00026264102780260146
0.014811416156589985,0.8926258087158203,0.09150896966457367,0.0008759507327340543,0.00017789214325603098
0.9979313611984253,0.0013592711184173822,0.0005137382540851831,0.0001367808727081865,5.883747144252993e-05
0.021288862451910973,0.972871720790863,0.0048414864577353,0.0006718937074765563,0.000325997534673661
0.0004972271271981299,0.001557702082209289,0.13493984937667847,0.7829172015190125,0.08008802682161331
0.004970745649188757,0.5208725929260254,0.4558474123477936,0.017911382019519806,0.0003978944441769272
0.9947538375854492,0.004439079202711582,0.00045514595694839954,0.0002998884010594338,5.2009323553647846e-05
0.059314027428627014,0.9252327680587769,0.014683582819998264,0.0006114455172792077,0.00015819439431652427
0.999277651309967,0.0005759737105108798,0.0001039953640429303,2.767029218375683e-05,1.4691110663989093e-05
0.9996155500411987,0.00028281856793910265,7.12454566382803e-05,2.3011663870420307e-05,7.329887466767104e-06
0.3587898910045624,0.6318082809448242,0.008578418754041195,0.00047317161806859076,0.00035019591450691223
0.00038020170177333057,0.02841126173734665,0.9601241946220398,0.010714973323047161,0.00036938340053893626
0.010938596911728382,0.9170456528663635,0.07009100914001465,0.0016929649282246828,0.00023179965501185507
0.9803853034973145,0.018918287009000778,0.0005043626297265291,0.00012933966354466975,6.273124745348468e-05
0.0007795306155458093,0.023675907403230667,0.9591642618179321,0.01621730998158455,0.00016300223069265485
0.0010928231058642268,0.0013803357724100351,0.3875371515750885,0.6076908111572266,0.0022988906130194664
0.2492501437664032,0.7402838468551636,0.009390490129590034,0.0007563524995930493,0.00031913857674226165
0.25794997811317444,0.7329024076461792,0.008316343650221825,0.0006135930889286101,0.00021770354942418635
0.05117597430944443,0.343722403049469,0.6017854809761047,0.0026074214838445187,0.0007086824043653905
0.8054261803627014,0.19151709973812103,0.0021947624627500772,0.0006472820532508194,0.0002146283513866365
0.0007784882909618318,0.21360962092876434,0.7389832735061646,0.046267781406641006,0.0003607912512961775
0.0005395520129241049,0.052416443824768066,0.45430633425712585,0.4918835163116455,0.0008541786228306592
0.00991084799170494,0.9516986608505249,0.03571205586194992,0.0024570110253989697,0.00022141099907457829
0.8374327421188354,0.15843822062015533,0.003431508084759116,0.00043564155930653214,0.0002619177976157516
0.0018271883018314838,0.003978121094405651,0.22231468558311462,0.7538183927536011,0.018061649054288864
0.9993212223052979,0.0005035616923123598,0.00012309561134316027,3.48120229318738e-05,1.7363410734105855e-05
0.5856172442436218,0.40910500288009644,0.0041833496652543545,0.0007074202876538038,0.0003869552747346461
0.0007326311315409839,0.0018972663674503565,0.19807733595371246,0.7984092831611633,0.0008834247710183263
0.000267653027549386,0.0011979063274338841,0.9625765085220337,0.035809241235256195,0.00014870832092128694
0.0005613098619505763,0.0009545352077111602,0.021596498787403107,0.9225932359695435,0.0542944073677063
0.0014559123665094376,0.004785718396306038,0.8277947306632996,0.1654784083366394,0.00048522913130000234
0.0006246206467039883,0.0007918431656435132,0.8000514507293701,0.19781771302223206,0.0007144346018321812
0.07124526053667068,0.8747828006744385,0.05049384385347366,0.0028120691422373056,0.0006660275394096971
0.7929962277412415,0.19692397117614746,0.008938660845160484,0.0006470875814557076,0.0004940777434967458
2.64002173935296e-05,4.117099160794169e-05,0.0005021540564484894,0.003790738061070442,0.9956395626068115
0.9993636012077332,0.0004323362372815609,0.00015178543981164694,2.960435813292861e-05,2.273092104587704e-05
0.20571349561214447,0.7359499335289001,0.05149896815419197,0.006025840062648058,0.0008118283003568649
0.9991713762283325,0.0006409913767129183,0.0001466006797272712,2.7550338927539997e-05,1.3499505257641431e-05
0.0008548175683245063,0.07660358399152756,0.8774385452270508,0.04443629831075668,0.0006667701527476311
0.00012418725236784667,0.0001927316770888865,0.0048440382815897465,0.014571617357432842,0.9802674055099487
0.019288502633571625,0.07247844338417053,0.8947274088859558,0.013060161843895912,0.00044549081940203905
0.000672575319185853,0.0015106709906831384,0.7884581685066223,0.20798462629318237,0.0013739534188061953
0.0008377004996873438,0.08420243114233017,0.9096618890762329,0.004969114437699318,0.00032886891858652234
0.00039217143785208464,0.06237085908651352,0.9336011409759521,0.0034636976197361946,0.00017213360115420073
0.8969531655311584,0.10146201401948929,0.0012121661566197872,0.0002392321766819805,0.00013348778884392232
0.00026939730742014945,0.07827118784189224,0.9168028831481934,0.0043931077234447,0.0002634479897096753
0.9995410442352295,0.00033830819302238524,8.560344576835632e-05,2.2387286662706174e-05,1.2656407307076734e-05
0.35445988178253174,0.624721109867096,0.019958507269620895,0.00046945095527917147,0.00039110376383177936
0.0003088017401751131,0.0024403370916843414,0.9902840256690979,0.006812330335378647,0.00015449977945536375
0.996877908706665,0.0028272951021790504,0.00016856785805430263,9.533770935377106e-05,3.085939897573553e-05
0.000943910563364625,0.21399076282978058,0.7834318280220032,0.0014600512804463506,0.00017343870422337204
0.001728089526295662,0.24825918674468994,0.7381797432899475,0.011274825781583786,0.000558180792722851
0.978655219078064,0.020458977669477463,0.0006087170331738889,0.00015869589697103947,0.00011835664918180555
0.271846741437912,0.7193198204040527,0.00689086876809597,0.0015025498578324914,0.0004400081525091082
0.0720735564827919,0.8805022239685059,0.043388985097408295,0.0034475221764296293,0.0005877161747775972
0.0003129349497612566,0.08211807906627655,0.9163240790367126,0.0011450134916231036,9.98374234768562e-05
0.45645463466644287,0.5248342156410217,0.01687593385577202,0.0007992159808054566,0.0010359642328694463
0.0007672872743569314,0.12075059115886688,0.8479035496711731,0.030143221840262413,0.0004353356780484319
0.0004439959302544594,0.0004473135631997138,0.22314238548278809,0.7754042744636536,0.000562019762583077
0.0688554123044014,0.8531969785690308,0.07712146639823914,0.0005639219889417291,0.0002622268220875412
0.9961189031600952,0.003541799494996667,0.00022924489167053252,6.818323163315654e-05,4.183432611171156e-05
6.259472138481215e-05,0.00011988463666057214,0.0015152042033150792,0.003989493008702993,0.9943128824234009
8.972969953902066e-05,8.280268957605585e-05,0.00026974614593200386,0.0028522664215415716,0.9967054724693298
0.00033831805922091007,0.01392615307122469,0.9788358807563782,0.006741405464708805,0.00015819432155694813
0.03532368689775467,0.6352692246437073,0.32668551802635193,0.0021987997461110353,0.0005227981600910425
0.0007860208861529827,0.013097014278173447,0.9530652761459351,0.03257199004292488,0.00047969582374207675
0.9991969466209412,0.0006562094786204398,0.00010273794032400474,2.8949842089787126e-05,1.5148905731621198e-05
0.0003206050314474851,0.0008885720744729042,0.8660812973976135,0.132000133395195,0.0007093668100424111
0.00019382877508178353,0.028500281274318695,0.970565140247345,0.0006647758418694139,7.5949115853291e-05
0.9978475570678711,0.0019342126324772835,0.00010694361117202789,8.330071432283148e-05,2.803445931931492e-05
0.9988227486610413,0.0009316437062807381,0.0001766248606145382,4.0089715184876695e-05,2.8860396923846565e-05
0.9827967882156372,0.01617363467812538,0.0007284135208465159,0.00022597545466851443,7.52280539018102e-05
0.0014157717814669013,0.0030540903098881245,0.7822991013526917,0.21293522417545319,0.00029582713614217937
0.9984258413314819,0.0009721009992063046,0.00033329008147120476,0.0002285900991410017,4.0141178033081815e-05
2.83558383671334e-05,7.294562965398654e-05,0.0004388763045426458,0.0011381283402442932,0.9983217120170593
0.0007689863559789956,0.005563399288803339,0.9815719127655029,0.011961910873651505,0.00013373470574151725
0.9990418553352356,0.0007765897316858172,0.00013518582272809,2.9528069717343897e-05,1.6758194760768674e-05
0.002155555645003915,0.9488475918769836,0.048546407371759415,0.0003444154281169176,0.000106035266071558
0.0008079905528575182,0.0034984576050192118,0.5493602752685547,0.43483906984329224,0.011494262143969536
0.0004913423326797783,0.0015589518006891012,0.9437580108642578,0.05386632680892944,0.00032533355988562107
0.0007360519957728684,0.02925298735499382,0.9141866564750671,0.055443938821554184,0.0003803847066592425
0.0023713151458650827,0.003061134833842516,0.2463592290878296,0.7210251688957214,0.027183113619685173
0.7379342317581177,0.2559230923652649,0.004261595197021961,0.0011850133305415511,0.0006960878381505609
0.01438020821660757,0.9051283001899719,0.07909601926803589,0.0010435169097036123,0.00035189505433663726
0.000573101278860122,0.1263180375099182,0.86918705701828,0.0036272103898227215,0.0002945364103652537
0.00014402253145817667,0.0002633867843542248,0.018860233947634697,0.9773188233375549,0.00341356941498816
0.9994889497756958,0.0004142459947615862,6.09347116551362e-05,2.1485348042915575e-05,1.4354935046867467e-05
0.0003432949888519943,0.0009820330888032913,0.4458325207233429,0.5521432757377625,0.0006988958921283484
0.00916222296655178,0.931323766708374,0.05719173327088356,0.0017608654452487826,0.0005613992107100785
0.01525298785418272,0.8433974385261536,0.1395903080701828,0.0014355102321133018,0.0003237276105210185
0.0006147766835056245,0.0014670377131551504,0.956093430519104,0.041373346000909805,0.0004513612948358059
0.9531834125518799,0.04553890973329544,0.0008224499761126935,0.0003707250871229917,8.451528265140951e-05
0.8519680500030518,0.1435779482126236,0.0037747991736978292,0.0003952118568122387,0.00028402157477103174
0.9613022804260254,0.038194190710783005,0.0003546702500898391,0.00010453989671077579,4.4337011786410585e-05
0.9257099032402039,0.07273297756910324,0.0010436775628477335,0.0003012865490745753,0.00021218726760707796
0.9448539614677429,0.05435648933053017,0.0005053805653005838,0.00017553282668814063,0.00010861342889256775
0.004534240812063217,0.8386299014091492,0.15534009039402008,0.0012802837882190943,0.00021548796212300658
0.6952658891677856,0.30249714851379395,0.0015480740694329143,0.00047699117567390203,0.0002118949923897162
0.9973645806312561,0.0018654459854587913,0.0006274873740039766,8.879003144102171e-05,5.372337909648195e-05
0.9030685424804688,0.0923183336853981,0.00410535978153348,0.0003384645387995988,0.0001692888472462073
0.8896002173423767,0.10844413191080093,0.001430766424164176,0.00037077313754707575,0.00015408865874633193
0.0010212351335212588,0.004620179999619722,0.8236106634140015,0.16972485184669495,0.0010230672778561711
0.0008162476005963981,0.0031345849856734276,0.9270788431167603,0.0686870738863945,0.0002831968304235488
0.8349705338478088,0.15011385083198547,0.010334352031350136,0.004126796033233404,0.00045448928722180426
0.001020108349621296,0.05378267914056778,0.7664240002632141,0.17765486240386963,0.0011183922179043293
0.9855197668075562,0.01388742309063673,0.00044218541006557643,9.230461728293449e-05,5.833633622387424e-05
0.0013268111506476998,0.5124695301055908,0.480465292930603,0.005492764990776777,0.0002456278307363391
0.0186358280479908,0.44612377882003784,0.5333713293075562,0.001321619376540184,0.0005474486970342696
0.15008893609046936,0.8096127510070801,0.038589924573898315,0.0009700552909635007,0.0007383920019492507
0.8260157704353333,0.1708502471446991,0.0025473798159509897,0.00036087792250327766,0.00022575262119062245
0.999321699142456,0.0004676613607443869,0.0001238939439645037,6.536258297273889e-05,2.1426161765703e-05
0.0006282166577875614,0.023825669661164284,0.9728336334228516,0.002569373231381178,0.00014309165999293327
0.07772167026996613,0.8717228174209595,0.04887029156088829,0.0012734747724607587,0.00041176186641678214
0.00990358181297779,0.08093275129795074,0.9013926386833191,0.007485860493034124,0.00028511666459962726
0.010034366510808468,0.6671109199523926,0.3096845746040344,0.012665239162743092,0.0005049353349022567
0.0006169853149913251,0.0007585199782624841,0.01453493069857359,0.9503190517425537,0.03377046808600426
0.0005543695879168808,0.0006683884421363473,0.02370363287627697,0.9604218602180481,0.014651710167527199
0.0011068381136283278,0.4852369427680969,0.5125969052314758,0.0009321129182353616,0.00012718063953798264
0.00032884199754334986,0.0005405356059782207,0.8788280487060547,0.11980798095464706,0.0004946052795276046
0.9987621307373047,0.0008853947510942817,0.0002830787852872163,4.017592073068954e-05,2.9274102416820824e-05
0.03130241483449936,0.7330063581466675,0.2330341786146164,0.0020230228547006845,0.000634021416772157
0.8778873682022095,0.11177787184715271,0.009596196934580803,0.00048770051216706634,0.00025088011170737445
0.0005362979136407375,0.0007163077243603766,0.9298252463340759,0.06869889795780182,0.00022323455777950585
0.03948325291275978,0.9267785549163818,0.032513972371816635,0.0010332352248951793,0.0001909817074192688
0.8902781009674072,0.10700306296348572,0.0021890844218432903,0.0003517580043990165,0.00017795772873796523
0.9840220808982849,0.015465972013771534,0.0003613766166381538,9.586692613083869e-05,5.469447933137417e-05
0.00266679166816175,0.008194752037525177,0.05739471688866615,0.9229547381401062,0.00878904014825821
0.0005394840845838189,0.5061813592910767,0.4769833981990814,0.015806661918759346,0.0004890841664746404
0.831649661064148,0.1643649786710739,0.003055040491744876,0.0006757337250746787,0.0002545922761783004
0.9988951086997986,0.0007647834718227386,0.0002782445808406919,3.8251353544183075e-05,2.366175249335356e-05
0.0019420371390879154,0.5497440099716187,0.439542293548584,0.008390764705836773,0.00038091797614470124
0.0007542088278569281,0.0031223976984620094,0.9879953265190125,0.007935495115816593,0.0001925815740833059
0.08583249896764755,0.8461307287216187,0.06586474925279617,0.0017514880746603012,0.00042047875467687845
0.0013200831599533558,0.2573259770870209,0.7396537065505981,0.0015511340461671352,0.00014904227282386273
0.0002975582901854068,0.010700622573494911,0.984516441822052,0.004351263865828514,0.00013411376858130097
0.9675297737121582,0.03123530186712742,0.0007778112776577473,0.00030099236755631864,0.00015606911620125175
2.3698470613453537e-05,4.292102312319912e-05,0.000255810737144202,0.0020430292934179306,0.9976345300674438
0.8517004251480103,0.14028102159500122,0.007307401858270168,0.0003776556404773146,0.00033345003612339497
0.6112931370735168,0.38423946499824524,0.003992902114987373,0.0002956509415525943,0.0001788194349501282
0.0003632621665019542,0.0009294860064983368,0.3966958522796631,0.601707935333252,0.000303469569189474
0.7716955542564392,0.21551288664340973,0.011671111918985844,0.000866456888616085,0.0002539257984608412
0.000480216316645965,0.00110730342566967,0.01044937688857317,0.9780240058898926,0.009939108043909073
0.0002979267155751586,0.0006395290838554502,0.012539918534457684,0.6817582249641418,0.30476441979408264
0.9950449466705322,0.003083247458562255,0.0012421021237969398,0.00048476303345523775,0.00014497795200441033
0.01631282828748226,0.5259276032447815,0.44523143768310547,0.011751723475754261,0.0007764023030176759
0.9997066855430603,0.00022190991148818284,4.832785634789616e-05,1.553839501866605e-05,7.454343631252414e-06
0.00020930467871949077,0.000370538211427629,0.015318052843213081,0.9766135215759277,0.00748864421620965
0.0017819794593378901,0.4090602695941925,0.49279072880744934,0.09397532790899277,0.0023916910868138075
0.8636844754219055,0.13004714250564575,0.0042213136330246925,0.001567623927257955,0.00047947425628080964
0.9972125887870789,0.0024379920214414597,0.000263645633822307,5.7554720115149394e-05,2.82832497759955e-05
0.9956592321395874,0.0035373165737837553,0.0006716902717016637,7.366637146333233e-05,5.816723933094181e-05
0.074555404484272,0.8931891322135925,0.030106520280241966,0.0018205379601567984,0.0003284325357526541
0.4870362877845764,0.48075100779533386,0.025764495134353638,0.005273113027215004,0.0011750527191907167
9.193033474730328e-05,0.00011451439058873802,0.0012133086565881968,0.027695773169398308,0.9708845019340515
0.29070523381233215,0.4229024350643158,0.28185299038887024,0.0034695840440690517,0.001069770660251379
0.9035954475402832,0.0927303209900856,0.003205952001735568,0.0003504879423417151,0.00011780262138927355
0.2704297602176666,0.7148004174232483,0.013413404114544392,0.000908942602109164,0.0004474652814678848
0.02162943407893181,0.9217695593833923,0.055122531950473785,0.0012147461529821157,0.00026372403954155743
0.0005063110147602856,0.00213778018951416,0.9765574336051941,0.02060985192656517,0.00018854986410588026
0.5607110857963562,0.43589067459106445,0.0028080439660698175,0.00034775538370013237,0.00024245065287686884
0.0009246926638297737,0.006400591228157282,0.5522006154060364,0.43819382786750793,0.0022803170140832663
0.6944098472595215,0.27831581234931946,0.024989541620016098,0.0017797687323763967,0.0005050452891737223
0.015541456639766693,0.9276539087295532,0.054830893874168396,0.0017595173558220267,0.0002142876764992252
0.9443110823631287,0.05441950261592865,0.0008107646135613322,0.00033823848934844136,0.00012037536362186074
0.9989312291145325,0.0009403920266777277,7.346308848354965e-05,3.647523408289999e-05,1.84308119060006e-05
0.8328946828842163,0.16378025710582733,0.0030550756491720676,0.00018763628031592816,8.23465088615194e-05
0.9991878867149353,0.0005952796782366931,0.0001393012353219092,5.1560928113758564e-05,2.5914894649758935e-05
0.9969435334205627,0.00230621499940753,0.0005482237902469933,0.00013496738392859697,6.70412991894409e-05
0.006733026821166277,0.8930707573890686,0.0948110818862915,0.005114009603857994,0.0002711870474740863
0.26605740189552307,0.31905755400657654,0.3824101388454437,0.03151440620422363,0.0009605165687389672
0.0004907595575787127,0.001069484162144363,0.012384169735014439,0.15859420597553253,0.8274613618850708
0.0004462676006369293,0.05658039078116417,0.9292899370193481,0.013321597129106522,0.0003618030168581754
0.8059906363487244,0.17423444986343384,0.011864826083183289,0.006290196906775236,0.001619834336452186
0.0006769405445083976,0.3612748384475708,0.6364543437957764,0.001403339672833681,0.0001904749806271866
0.0011204694164916873,0.6015060544013977,0.3918333053588867,0.004909210838377476,0.0006309827440418303
0.9952658414840698,0.0035379836335778236,0.0006728196749463677,0.00042973176459781826,9.357630915474147e-05
0.9985823631286621,0.0011903218692168593,0.00016520064673386514,3.82426951546222e-05,2.3922813852550462e-05
0.00031888263765722513,0.000567853741813451,0.5371657609939575,0.4610195755958557,0.0009279302321374416
5.484846042236313e-05,6.763960118405521e-05,0.0005185354384593666,0.004714189562946558,0.9946447610855103
0.0003077884903177619,0.023631179705262184,0.9755492806434631,0.00045086335740052164,6.091623436077498e-05
0.2532830834388733,0.7371877431869507,0.00812585186213255,0.0008761168573983014,0.0005272398120723665
0.0011026568245142698,0.0035433524753898382,0.9342437982559204,0.06079746410250664,0.00031269455212168396
0.0002520581765566021,0.01281682401895523,0.9845555424690247,0.0022675180807709694,0.00010803773329826072
0.00031120755011215806,0.0007471406715922058,0.5757851600646973,0.4228134751319885,0.00034304108703508973
0.001510634901933372,0.11177852004766464,0.8776768445968628,0.008666523732244968,0.0003674290783237666
0.5282295346260071,0.4565909504890442,0.014475069008767605,0.0004604455316439271,0.00024403871793765575
0.0003875065303873271,0.0006675677141174674,0.10406076163053513,0.8818435072898865,0.01304059661924839
0.0007415100117214024,0.003873643698170781,0.43662989139556885,0.5562906861305237,0.0024642839562147856
0.9985742568969727,0.001194145530462265,0.0001376334112137556,6.053961260477081e-05,3.33804237016011e-05
0.9421650767326355,0.05438429117202759,0.0027146153151988983,0.000549794000107795,0.00018623545474838465
0.9979683756828308,0.0018550227396190166,9.09529990167357e-05,5.065131699666381e-05,3.4998785849893466e-05
0.000259607593761757,0.0007469465490430593,0.0037212951574474573,0.11339970678091049,0.8818724751472473
0.9990022778511047,0.0007344575133174658,0.0001743706816341728,5.051468906458467e-05,3.845294122584164e-05
0.03320092335343361,0.9584721922874451,0.006803741212934256,0.0012999795144423842,0.00022314874513540417
0.41976508498191833,0.5628786683082581,0.016321765258908272,0.0007633751956745982,0.00027112202951684594
0.7292159795761108,0.1503649353981018,0.11835882067680359,0.0015375532675534487,0.0005227471701800823
0.9749044179916382,0.022852584719657898,0.0015367052983492613,0.000533528917003423,0.00017272774130105972
0.00046621757792308927,0.2725812792778015,0.7132799625396729,0.013461104594171047,0.00021143440972082317
2.4192180717363954e-05,3.0444869480561465e-05,0.00013431624392978847,0.0012145595392212272,0.9985964894294739
0.9957932233810425,0.0037025189958512783,0.00032380028278566897,0.00011908663873327896,6.133592978585511e-05
0.8378912210464478,0.16065441071987152,0.0011145531898364425,0.00022663161507807672,0.00011319596524117514
6.509102968266234e-05,9.632094588596374e-05,0.0017310981638729572,0.05802496522665024,0.9400824904441833
0.0005722977803088725,0.00030197633896023035,0.00679765036329627,0.17950229346752167,0.8128257989883423
0.022288694977760315,0.8587958812713623,0.11779679358005524,0.0008209450752474368,0.00029773221467621624
0.0014127445174381137,0.2103135585784912,0.697039783000946,0.09056846052408218,0.0006654781172983348
0.46337607502937317,0.5108320116996765,0.024676283821463585,0.000808719196356833,0.0003069591475650668
0.004055594094097614,0.781934916973114,0.21111716330051422,0.0026207990013062954,0.0002715401060413569
0.99956876039505,0.00031651253812015057,7.168026058934629e-05,2.5811563318711706e-05,1.7245823983103037e-05
0.0009652415756136179,0.002101476304233074,0.3222416639328003,0.667576253414154,0.007115365471690893
0.0007762180175632238,0.01181495189666748,0.6886160969734192,0.2980331480503082,0.0007595823844894767
0.8033016324043274,0.18940195441246033,0.006966351065784693,0.00020614844106603414,0.00012396794045343995
0.10888640582561493,0.8855980634689331,0.004126012325286865,0.0009264816762879491,0.0004630661569535732
0.03805923834443092,0.9217594265937805,0.038671739399433136,0.0011234789853915572,0.00038607383612543344
0.09305407851934433,0.8845087289810181,0.0215657576918602,0.0006913288962095976,0.0001801196049200371
0.0002949495683424175,0.00031907655647955835,0.0037586099933832884,0.9646058678627014,0.031021537259221077
0.013936087489128113,0.4232341945171356,0.5594159960746765,0.00288489181548357,0.0005288567626848817
0.9983440637588501,0.0014427135465666652,0.00014925998402759433,3.970516627305187e-05,2.4239545382442884e-05
0.000671363843139261,0.001892321277409792,0.03657227009534836,0.9134289622306824,0.04743509367108345
0.000765673816204071,0.06936131417751312,0.922583818435669,0.006886213086545467,0.0004029691335745156
0.7438195943832397,0.25364530086517334,0.0017712332773953676,0.0005202735192142427,0.00024358545488212258
0.00012350753240752965,0.00029978304519318044,0.06352623552083969,0.9350754022598267,0.0009751274483278394
0.7488079071044922,0.22993424534797668,0.009476851671934128,0.00765251275151968,0.004128511995077133
0.001445300062187016,0.724186897277832,0.2695069909095764,0.004632906522601843,0.00022791948867961764
0.0006018342101015151,0.0023817785549908876,0.9610874652862549,0.035349637269973755,0.0005792462616227567
0.002348204841837287,0.004615223966538906,0.607957124710083,0.3827722668647766,0.002307106042280793
0.5229038596153259,0.470205694437027,0.005821170751005411,0.0005552240763790905,0.0005140071734786034
0.00044910397264175117,0.7615340948104858,0.2369113713502884,0.000928326859138906,0.00017713694251142442
0.00011692303087329492,0.00012746642460115254,0.000981437973678112,0.053690485656261444,0.9450836777687073
0.11620262265205383,0.8443523049354553,0.03718079626560211,0.0017651092493906617,0.0004991874448023736
0.9979581832885742,0.0012403980363160372,0.0004452939028851688,0.0003073557745665312,4.8748177505331114e-05
0.35532906651496887,0.6231023669242859,0.020072320476174355,0.0011780804488807917,0.0003181932552251965
0.34778937697410583,0.3917160630226135,0.2589116096496582,0.0010910064447671175,0.0004919669008813798
0.9849329590797424,0.014076297171413898,0.0007601450779475272,0.0001418239698978141,8.881450776243582e-05
0.0011401830706745386,0.011179288849234581,0.9791275858879089,0.008319452404975891,0.00023351580603048205
0.006546870339661837,0.7351416349411011,0.2544027864933014,0.003620134899392724,0.0002885292924474925
0.0004196779627818614,0.0029240113217383623,0.9432436227798462,0.0530727244913578,0.00033998387516476214
4.3953910790150985e-05,0.00017442749231122434,0.0002380737423663959,0.004001768771559,0.9955417513847351
1.3368453437578864e-05,2.2368843929143623e-05,0.00031887140357866883,0.0005733590805903077,0.9990719556808472
0.0006346271838992834,0.00306941126473248,0.9939630627632141,0.0021948092617094517,0.00013811723329126835
0.00017368180851917714,0.0002082858409266919,0.003972972743213177,0.3309410512447357,0.6647040247917175
0.5262722969055176,0.4328743815422058,0.03947994485497475,0.0007898394833318889,0.0005835816846229136
0.6162771582603455,0.3722422420978546,0.009930961765348911,0.0008331897552125156,0.0007164579001255333
0.000624359177891165,0.013223187997937202,0.9457724094390869,0.03998428210616112,0.0003957609587814659
0.0023563250433653593,0.008232496678829193,0.3248770236968994,0.6582776308059692,0.00625655660405755
0.0004814183048438281,0.0048246970400214195,0.4312019944190979,0.5626105070114136,0.0008813923923298717
0.9987564086914062,0.0010500414064154029,0.000102178608358372,6.493888940894976e-05,2.6468898795428686e-05
0.9926820397377014,0.006994572002440691,0.00020034032058902085,8.016749779926613e-05,4.284408350940794e-05
0.9989590644836426,0.0008648617658764124,0.00011237747094128281,4.930870272801258e-05,1.4366219147632364e-05
0.9964634776115417,0.002947258297353983,0.0004529737343546003,8.620513108326122e-05,5.010527456761338e-05
0.5071098804473877,0.48244816064834595,0.009439121931791306,0.0007635480142198503,0.00023927949951030314
0.07929070293903351,0.8789714574813843,0.03906659781932831,0.0021373347844928503,0.0005339206545613706
0.4372659921646118,0.54869145154953,0.012326092459261417,0.0012045686598867178,0.0005119377747178078
0.995116114616394,0.004613624885678291,0.00013654091162607074,8.421817619819194e-05,4.9495953135192394e-05
0.15664032101631165,0.71186763048172,0.12978190183639526,0.0011333870934322476,0.0005767730181105435
0.001967031043022871,0.6465097665786743,0.3503648638725281,0.0009169317781925201,0.00024136311549227685
0.998445451259613,0.001113216974772513,0.0003463749017100781,4.832569902646355e-05,4.6653018216602504e-05
0.260113388299942,0.7205982208251953,0.01747322827577591,0.0014156351098790765,0.00039949154597707093
0.002269826363772154,0.27862030267715454,0.7177422642707825,0.0012278999201953411,0.0001397167652612552
0.0015903889434412122,0.40443119406700134,0.5885329842567444,0.0050348988734185696,0.0004105427651666105
0.03626548498868942,0.7010002732276917,0.2533787190914154,0.009007668122649193,0.0003478189173620194
0.031055357307195663,0.9072075486183167,0.06065335497260094,0.0008459583623334765,0.0002378118078922853
0.9985634684562683,0.0012388462200760841,0.00012010721547994763,4.565473136608489e-05,3.196687248419039e-05
0.0009319617529399693,0.0022263899445533752,0.45689183473587036,0.5365239381790161,0.0034258910454809666
0.0002927943132817745,0.0004447954997885972,0.019306225702166557,0.9352256059646606,0.044730547815561295
0.013484754599630833,0.3148839473724365,0.6065047383308411,0.063560850918293,0.0015657170442864299
0.9914906620979309,0.008111901581287384,0.0002671997353900224,8.376783080166206e-05,4.6475277486024424e-05
0.000335991702741012,0.0005000254604965448,0.015447985380887985,0.892155110836029,0.09156092256307602
0.002756210509687662,0.004512821789830923,0.9436511993408203,0.048441849648952484,0.0006379177211783826
0.0005161106237210333,0.3019460439682007,0.6926622986793518,0.004539052024483681,0.0003365349839441478
0.9988614320755005,0.0005790690775029361,0.00043895820272155106,9.526139183435589e-05,2.5343160814372823e-05
0.0051943035796284676,0.2621890604496002,0.72713303565979,0.005033065564930439,0.0004505075339693576
0.0004752718086820096,0.0009420115384273231,0.3267265260219574,0.6714534163475037,0.00040276331128552556
3.578384348656982e-05,9.554095595376566e-05,0.00022100971546024084,0.0039022776763886213,0.9957453608512878
0.0006582255591638386,0.0018831234192475677,0.105687215924263,0.8896021842956543,0.002169213257730007
0.00033722902298904955,0.0012333272024989128,0.9446964859962463,0.05355911701917648,0.00017387227853760123
0.997800886631012,0.0016318114940077066,0.0004191526095382869,0.00011853122123284265,2.9543411073973402e-05
0.9178727269172668,0.08039283752441406,0.0010996004566550255,0.0003733852645382285,0.0002614516706671566
0.7229779958724976,0.27176976203918457,0.0043965792283415794,0.0005504927830770612,0.00030520331347361207
0.0008826052071526647,0.3018105626106262,0.6954387426376343,0.0017069996101781726,0.00016109281568787992
0.6349971890449524,0.3506776690483093,0.013521062210202217,0.0005388662102632225,0.00026519587845541537
0.027478674426674843,0.8429373502731323,0.12581177055835724,0.0032278222497552633,0.0005443725385703146
0.14358647167682648,0.8433336615562439,0.010348005220293999,0.0023822232615202665,0.00034964174847118556
0.08127887547016144,0.18442068994045258,0.7278452515602112,0.004452244378626347,0.0020029530860483646
8.323232032125816e-05,7.077024201862514e-05,0.0007343065808527172,0.02091909572482109,0.9781925678253174
0.0008102382998913527,0.062490228563547134,0.16825874149799347,0.7670403718948364,0.0014004602562636137
0.0006213177694007754,0.0007680680137127638,0.5766593217849731,0.4195399582386017,0.002411328721791506
0.0003429384087212384,0.0010166260180994868,0.03948372229933739,0.9400098919868469,0.019146814942359924
0.998863697052002,0.0007312220404855907,0.000283288536593318,8.460711978841573e-05,3.7261426768964157e-05
0.9371820688247681,0.06145616993308067,0.0008021315443329513,0.00035502566606737673,0.00020461973326746374
0.9891595244407654,0.010449842549860477,0.0002300779306096956,9.465243783779442e-05,6.589982513105497e-05
0.0012698338832706213,0.027146581560373306,0.9460989236831665,0.025155724957585335,0.0003289118758402765
0.0005710537079721689,0.002229799283668399,0.18200789391994476,0.8026493787765503,0.012541898526251316
0.005674776621162891,0.3999946415424347,0.5631977319717407,0.030290454626083374,0.000842409092001617
0.0012567193480208516,0.00153871881775558,0.012323511764407158,0.9501979947090149,0.03468305617570877
0.009098419919610023,0.6279700398445129,0.2937467694282532,0.06827834993600845,0.0009063851903192699
0.9994832277297974,0.0004073298769071698,8.022689871722832e-05,2.0564633814501576e-05,8.600447472417727e-06
0.00033466200693510473,0.001298301387578249,0.09654524177312851,0.9011001586914062,0.0007215994992293417
0.26081156730651855,0.5785477757453918,0.1591377854347229,0.001024130149744451,0.0004787634825333953
0.0002885631110984832,0.0012888202909380198,0.09535457193851471,0.9023491740226746,0.0007188150193542242
0.9632518887519836,0.035936083644628525,0.000504552386701107,0.00018940537120215595,0.00011804731911979616
0.006571674719452858,0.743561327457428,0.24840998649597168,0.001216404139995575,0.0002406116691417992
0.0007034349255263805,0.007914741523563862,0.796583354473114,0.19400860369205475,0.0007899083429947495
0.9990142583847046,0.0005857569631189108,0.00025386555353179574,0.00011172860104124993,3.435120015637949e-05
0.15204007923603058,0.7814750671386719,0.06356897950172424,0.0013981936499476433,0.0015177045715972781
0.9989799857139587,0.0006553579005412757,0.00025934854056686163,7.366675708908588e-05,3.159608240821399e-05
9.891971421893686e-05,0.00014078499225433916,0.0075755068100988865,0.9900107979774475,0.0021739397197961807
0.9934004545211792,0.005899492651224136,0.0002803170355036855,0.0003495045530144125,7.020079647190869e-05
0.002625685650855303,0.5266633629798889,0.4633607566356659,0.006923612207174301,0.0004265674215275794
0.0008633289253339171,0.047415975481271744,0.9353681802749634,0.01603752374649048,0.00031502419733442366
0.9994924068450928,0.00039463958819396794,7.307269697776064e-05,2.7335805498296395e-05,1.2472445632738527e-05
0.9991025924682617,0.0007433367427438498,9.890572255244479e-05,3.29390459228307e-05,2.22676189878257e-05
0.00023063583648763597,0.00037801102735102177,0.018161119893193245,0.9806633591651917,0.0005669441306963563
0.0004603514971677214,0.0019096238538622856,0.9354571104049683,0.0619821734726429,0.00019073113799095154
0.9994080066680908,0.00048591053928248584,7.514229218941182e-05,2.0464152839849703e-05,1.0504008059797343e-05
0.0007332927198149264,0.0011428036959841847,0.01817845180630684,0.9781326055526733,0.0018128367373719811
0.08445022255182266,0.46014854311943054,0.446510374546051,0.0061716060154139996,0.0027192216366529465
0.0011324419174343348,0.0030263217631727457,0.8487024307250977,0.1464850753545761,0.0006537229055538774
0.000730606319848448,0.0013295068638399243,0.2987090051174164,0.6969707012176514,0.002260236069560051
0.9552009105682373,0.043062031269073486,0.0015021292492747307,0.00011985244054812938,0.00011502236156957224
0.06561564654111862,0.881944477558136,0.0497836098074913,0.0024443017318844795,0.0002119986602338031
0.00028594210743904114,0.0008308104006573558,0.06284908950328827,0.9350709915161133,0.0009631523280404508
0.0011316001182422042,0.0013661625562235713,0.14617586135864258,0.8458039164543152,0.005522486753761768
0.21350722014904022,0.5534931421279907,0.22351661324501038,0.007708981167525053,0.001774040749296546
0.0005494823562912643,0.0009032503585331142,0.2307594120502472,0.7663301825523376,0.0014576971298083663
0.0018305334961041808,0.0020746232476085424,0.35433611273765564,0.6376808285713196,0.004077894613146782
0.0041249655187129974,0.05625953897833824,0.9347189664840698,0.004625018686056137,0.0002715937152970582
0.0001625658042030409,0.0002887179725803435,0.005753351375460625,0.3683272898197174,0.6254680752754211
0.00042600336018949747,0.0003302826371509582,0.004767893813550472,0.08588394522666931,0.9085918664932251
0.0002634200209286064,0.006663014180958271,0.9452377557754517,0.04766301438212395,0.00017280384781770408
0.9993425011634827,0.00045199383748695254,0.00011680097668431699,6.136130832601339e-05,2.728519211814273e-05
0.9991289973258972,0.0007801259635016322,5.0655311497393996e-05,2.516286986065097e-05,1.506835724285338e-05
0.0002378034987486899,0.04677890986204147,0.9520767331123352,0.0008403349202126265,6.624303932767361e-05
0.9939727187156677,0.005371077451854944,0.0004056202888023108,0.00016862954362295568,8.195400005206466e-05
0.00038677622796967626,0.0006991673726588488,0.17381316423416138,0.824272096157074,0.0008287953096441925
0.00046291592298075557,0.0006339432438835502,0.015706095844507217,0.08932962268590927,0.8938674330711365
0.0008514185319654644,0.0027231962885707617,0.598533034324646,0.3954404294490814,0.002451879670843482
0.0005342145450413227,0.0010474706068634987,0.023656446486711502,0.9341027736663818,0.040659066289663315
0.0002242651826236397,0.0006415743846446276,0.9945228099822998,0.004479723051190376,0.00013165324344299734
0.0008472245535813272,0.9059394598007202,0.09104268997907639,0.0019782448653131723,0.00019236803927924484
0.25813737511634827,0.7324373722076416,0.008412055671215057,0.0008349167183041573,0.00017831109289545566
0.0013036866439506412,0.0028388029895722866,0.9046963453292847,0.08944784849882126,0.0017132487846538424
0.007579602301120758,0.6724278330802917,0.3147580623626709,0.004826499614864588,0.00040797374094836414
0.9982203841209412,0.0014328932156786323,0.0002609993680380285,4.479251947486773e-05,4.091463779332116e-05
0.00039970906800590456,0.009823450818657875,0.31238359212875366,0.6761463284492493,0.0012468998320400715
0.10473688691854477,0.8684158325195312,0.025608547031879425,0.0009862442966550589,0.00025245154392905533
0.0012305659474804997,0.2713543176651001,0.7230252027511597,0.004165985155850649,0.0002238777669845149
0.5399993658065796,0.4285779297351837,0.029461827129125595,0.0012373569188639522,0.0007235367665998638
0.0003264799015596509,0.012785722501575947,0.9710302352905273,0.015613013878464699,0.0002445048885419965
0.00026339080068282783,0.0008397896308451891,0.9333844780921936,0.06498757004737854,0.0005247924709692597
0.82158362865448,0.17248785495758057,0.005522198975086212,0.00027935439720749855,0.00012698772479780018
0.9991598129272461,0.000662334612570703,0.00014286827354226261,2.3589649572386406e-05,1.1439477020758204e-05
0.0002296980528626591,0.0002960097626782954,0.01893504336476326,0.9791285991668701,0.0014105939771980047
0.0005171495140530169,0.19814640283584595,0.7993930578231812,0.0018148386152461171,0.00012853769294451922
0.0006489554652944207,0.0019129131687805057,0.5493031740188599,0.4461766481399536,0.0019583224784582853
0.002874926896765828,0.8054947257041931,0.13089145720005035,0.059702757745981216,0.0010361755266785622
0.0002766026009339839,0.01452658697962761,0.9819352626800537,0.003173489822074771,8.805586548987776e-05
0.00036518037086352706,0.001620692084543407,0.004661676473915577,0.9910944104194641,0.00225810706615448
0.00025838008150458336,0.00033058287226594985,0.008974215015769005,0.9895502924919128,0.0008865611162036657
0.9985606074333191,0.001021533622406423,0.0003203537198714912,5.888271698495373e-05,3.8592261262238026e-05
0.24798913300037384,0.7283152937889099,0.02172713726758957,0.0016497854376211762,0.0003186513786204159
0.012152210809290409,0.30208995938301086,0.6839910745620728,0.0014813517918810248,0.00028538572951219976
0.000225485535338521,0.0003275528724770993,0.01688729040324688,0.9544199705123901,0.02813969925045967
0.0002433667832519859,0.0007377237197943032,0.9392671585083008,0.0596531517803669,9.858691191766411e-05
0.018704771995544434,0.9573331475257874,0.022782469168305397,0.0009322420228272676,0.0002473740023560822
0.0018632172141224146,0.42516618967056274,0.5699571967124939,0.002807066310197115,0.0002063156571239233
0.0013931096764281392,0.2689266800880432,0.7220218181610107,0.007428716868162155,0.00022967826225794852
0.0010469573317095637,0.0020281875040382147,0.4506653845310211,0.5427116751670837,0.0035478267818689346
0.9989941716194153,0.0008191730594262481,0.0001397337473463267,2.973849404952489e-05,1.7232327081728727e-05
0.0005736418534070253,0.0005082064308226109,0.02897617593407631,0.9614630937576294,0.008478847332298756
9.905812476063147e-06,1.5552837794530205e-05,4.4252152292756364e-05,0.0005389684229157865,0.9993913173675537
0.0008014906197786331,0.4399580955505371,0.5559486150741577,0.0029887233395129442,0.00030307768611237407
0.00038218573899939656,0.0009621737408451736,0.017938362434506416,0.9763304591178894,0.00438678590580821
0.029125235974788666,0.14570657908916473,0.818756103515625,0.005281046032905579,0.0011310885893180966
0.0005980883142910898,0.9627764821052551,0.03359191119670868,0.0029128934256732464,0.00012062189489370212
0.9895183444023132,0.010245759040117264,0.00013426411896944046,6.814680818933994e-05,3.354628279339522e-05
0.0003380276320967823,0.0007359894225373864,0.002354327356442809,0.9955743551254272,0.0009972872212529182
0.00033386072027496994,0.0008229289087466896,0.9783074855804443,0.020355843007564545,0.00017987734463531524
0.01861599087715149,0.3104698061943054,0.661734938621521,0.008332000114023685,0.0008472439367324114
0.0007729177013970912,0.0014133334625512362,0.01118672825396061,0.6645246744155884,0.3221023678779602
0.0004818230518139899,0.0005818314384669065,0.04335718974471092,0.9242779612541199,0.03130122274160385
0.0003996871819254011,0.00044722389429807663,0.032021693885326385,0.953827977180481,0.013303367421030998
0.0005668686935678124,0.0006710474262945354,0.6062732934951782,0.3918103575706482,0.0006784768775105476
0.0009410313796252012,0.027192147448658943,0.9673137664794922,0.00439657224342227,0.00015647521649952978
0.738247275352478,0.2508743703365326,0.009880874305963516,0.0005694853025488555,0.0004280136781744659
0.001000804710201919,0.001920472364872694,0.8231458067893982,0.17348986864089966,0.00044306376366876066
0.9992130994796753,0.0005781950894743204,0.00015062492457218468,3.469726289040409e-05,2.33334594668122e-05
0.001520728343166411,0.3463935852050781,0.6489935517311096,0.0029009662102907896,0.00019114678434561938
0.0005381062510423362,0.0019128770800307393,0.9067295789718628,0.09060713648796082,0.00021231864229775965
0.0003642073133960366,0.00036819116212427616,0.016744088381528854,0.9375485777854919,0.0449749231338501
0.9440586566925049,0.05369826406240463,0.0016298636328428984,0.0004824835923500359,0.00013071366993244737
0.04530126228928566,0.9493515491485596,0.004882997367531061,0.0003687619755510241,9.537381265545264e-05
0.4984743893146515,0.48838502168655396,0.010094955563545227,0.0022274600341916084,0.000818201748188585
0.9980227947235107,0.0015179625479504466,0.0003353323263581842,9.443449380341917e-05,2.9536175134126097e-05
0.0006384602747857571,0.04599285498261452,0.9509597420692444,0.0021917589474469423,0.00021723820827901363
3.7043046177132055e-05,6.227311678230762e-05,0.0002236944856122136,0.0037463761400431395,0.9959306120872498
0.00037576447357423604,0.0007805748609825969,0.42085543274879456,0.5770820379257202,0.0009061491582542658
0.0003573789435904473,0.0018243881640955806,0.9560569524765015,0.04150057211518288,0.0002607528294902295
0.00018325113342143595,0.0003704751725308597,0.0025034432765096426,0.9837102890014648,0.013232559897005558
0.002364172600209713,0.0028808193746954203,0.09134703874588013,0.8854215741157532,0.017986346036195755
0.9988483190536499,0.0009569844696670771,0.00014293097774498165,3.0608112865593284e-05,2.1198749891482294e-05
0.00019520065688993782,0.0003670880105346441,0.09043916314840317,0.9082255363464355,0.0007730760844424367
0.0010202673729509115,0.0016284807352349162,0.44367384910583496,0.5525532960891724,0.0011241494212299585
0.9278087019920349,0.07016709446907043,0.0016803768230602145,0.00023945058637764305,0.00010440967889735475
0.9263339638710022,0.07271397113800049,0.0006377759855240583,0.00018400927365291864,0.00013029819820076227
0.00023954748758114874,0.00048653961857780814,0.019838562235236168,0.9782928824424744,0.0011424543336033821
0.0004394179559312761,0.0007838576566427946,0.006759508978575468,0.9804592132568359,0.01155804842710495
0.9340720772743225,0.05970056354999542,0.005532979499548674,0.00039103772724047303,0.0003032998356502503
0.008899731561541557,0.3683324158191681,0.6073232293128967,0.0149103794246912,0.0005342018557712436
0.00037005802732892334,0.0014864946715533733,0.9929496049880981,0.005007562693208456,0.00018632707360666245
0.0011675875866785645,0.005728749558329582,0.6796194911003113,0.3127080500125885,0.000776103523094207
0.9962806105613708,0.0031862237956374884,0.00039268232649192214,8.688461821293458e-05,5.363050877349451e-05
0.9911082983016968,0.00837593711912632,0.0003867275081574917,7.424154318869114e-05,5.4795717005617917e-05
0.9995864033699036,0.000342202780302614,4.408680251799524e-05,1.7520036635687575e-05,9.841965038503986e-06
0.9825156927108765,0.01645021140575409,0.0005723373615182936,0.0003044645127374679,0.00015730813902337104
0.6888779401779175,0.2446863353252411,0.06373097002506256,0.0019456542795524001,0.0007590997847728431
1.2037902706651948e-05,1.8943625036627054e-05,5.8751506003318354e-05,0.0005361480289138854,0.9993740916252136
0.17968598008155823,0.7459712028503418,0.07193559408187866,0.0019426693907007575,0.00046455892152152956
0.0012528701918199658,0.0038273166865110397,0.03407103195786476,0.8458536267280579,0.11499517410993576
0.996574878692627,0.0020624957978725433,0.0009768197778612375,0.00023644475731998682,0.00014933817146811634
0.1192583218216896,0.8756076693534851,0.0040790312923491,0.0007981870439834893,0.00025680227554403245
0.000454527820693329,0.0014351190766319633,0.03858257830142975,0.9587395787239075,0.0007881657802499831
0.29294997453689575,0.6729636788368225,0.032922904938459396,0.0007359141600318253,0.00042747726547531784
0.9965196847915649,0.003320647170767188,0.00010459542681928724,3.962263144785538e-05,1.5457544577657245e-05
0.7049663066864014,0.2578580677509308,0.03539420664310455,0.0011850486043840647,0.000596359430346638
0.0035783082712441683,0.22198128700256348,0.7726924419403076,0.0015782659174874425,0.00016973029414657503
0.0008219150477088988,0.8241493105888367,0.17320312559604645,0.0016191236209124327,0.00020648982899729162
0.9989583492279053,0.000819074222818017,0.00013889995170757174,5.3055890020914376e-05,3.056924106203951e-05
0.00036300509236752987,0.006822403986006975,0.9479750990867615,0.04460897669196129,0.00023050681920722127
0.7979956269264221,0.1988174021244049,0.002347445348277688,0.0004998319200240076,0.0003396910906303674
0.015112077817320824,0.6324744820594788,0.3397585451602936,0.011868750676512718,0.0007861365447752178
0.9988183379173279,0.0008589122444391251,0.00023370521375909448,6.501504685729742e-05,2.399579170742072e-05
0.9896458983421326,0.009966418147087097,0.00021372883929871023,0.00011908888700418174,5.4786451073596254e-05
0.006986361462622881,0.5083876252174377,0.45306745171546936,0.0307936854660511,0.0007648709579370916
0.00042232449050061405,0.0027171974070370197,0.9684730172157288,0.028186414390802383,0.0002010685857385397
0.999648928642273,0.0002803349052555859,4.8976464313454926e-05,1.4114775694906712e-05,7.61909359425772e-06
0.0004779609735123813,0.007112638559192419,0.9693657159805298,0.022692294791340828,0.00035135209327563643
0.00039518208359368145,0.024057162925601006,0.9725921154022217,0.0028419075533747673,0.00011358212941559032
0.1737091988325119,0.6220211982727051,0.19342735409736633,0.006144916173070669,0.0046973335556685925
0.9231675267219543,0.04952603206038475,0.02609289065003395,0.0009748899028636515,0.00023865528055466712
0.0019383764592930675,0.25257304310798645,0.7442851066589355,0.001070460886694491,0.0001329945371253416
0.0007887369720265269,0.3442232310771942,0.6529870629310608,0.0018298955401405692,0.0001710420474410057
3.376635504537262e-05,4.924712629872374e-05,0.00014939990069251508,0.0023566412273794413,0.9974109530448914
0.6092385649681091,0.38055750727653503,0.008843773975968361,0.0010796085698530078,0.00028055909206159413
0.00046873712562955916,0.0721663162112236,0.9261981248855591,0.0010462275240570307,0.00012059951404808089
6.303623376879841e-05,9.102946933126077e-05,0.0011236004065722227,0.029511502012610435,0.9692108631134033
5.1980154239572585e-05,7.797194120939821e-05,0.00026955982320941985,0.04248449578881264,0.9571160078048706
4.09993517678231e-05,6.880139699205756e-05,0.0004937619669362903,0.032213788479566574,0.9671826362609863
0.8853719830513,0.11369317024946213,0.0005147829069755971,0.00026328666717745364,0.000156754394993186
0.0016331529477611184,0.1854071021080017,0.8043856620788574,0.008316158317029476,0.00025798333808779716
0.6445484757423401,0.34615302085876465,0.008069343864917755,0.0008420308586210012,0.0003871797816827893
0.000246420968323946,0.0006043111789040267,0.0040780543349683285,0.3586806356906891,0.6363905668258667
1.6531308574485593e-05,2.0042925825691782e-05,8.394162432523444e-05,0.00036724068922922015,0.9995121955871582
0.17990796267986298,0.7995812296867371,0.017198912799358368,0.0026049562729895115,0.0007069396669976413
0.0008646995411254466,0.0013682277640327811,0.35759708285331726,0.6395531892776489,0.0006168044055812061
0.5971288681030273,0.3899245262145996,0.011113297194242477,0.0011843849206343293,0.0006489258958026767
0.0006119915633462369,0.0009978233138099313,0.4144202172756195,0.5831508636474609,0.0008190870867110789
0.999171257019043,0.0006186683312989771,0.00013185048010200262,5.461030377773568e-05,2.3640997824259102e-05
0.054361481219530106,0.3152576982975006,0.6278265118598938,0.001131693017669022,0.0014225996565073729
0.6515681743621826,0.32218503952026367,0.02156692184507847,0.0035279886797070503,0.0011518598766997457
0.0004717002157121897,0.001238170312717557,0.0070715839974582195,0.9899055361747742,0.0013129595899954438
0.0007835088181309402,0.0013575395569205284,0.2904900312423706,0.7016583681106567,0.0057105110026896
0.923995852470398,0.07521134614944458,0.0006478414288721979,0.00010490902786841616,4.003541107522324e-05
0.8752551078796387,0.12336106598377228,0.0010835936991497874,0.0002110454224748537,8.915344369597733e-05
0.0002886222500819713,0.0004425087245181203,0.002717893570661545,0.30528223514556885,0.6912686824798584
0.9031212329864502,0.09523385763168335,0.0011865434935316443,0.00032080989331007004,0.00013761722948402166
0.0003574156144168228,0.047866638749837875,0.9490838646888733,0.002521122805774212,0.00017087793094106019
0.32558363676071167,0.6581476926803589,0.015165586955845356,0.0009029660141095519,0.00020006847626063973
0.0012839857954531908,0.022965116426348686,0.9059308171272278,0.06942156702280045,0.00039843222475610673
6.500501331174746e-05,8.368831913685426e-05,0.001740980544127524,0.003755833487957716,0.9943544864654541
0.01439728494733572,0.934929370880127,0.049479179084300995,0.000984466983936727,0.0002096919051837176
0.00036718318006023765,0.0006188999977894127,0.6072516441345215,0.38945817947387695,0.002304082503542304
0.0017809111159294844,0.9597172141075134,0.03795544058084488,0.0004304855247028172,0.00011589123459998518
0.6850264668464661,0.3084143102169037,0.005770621821284294,0.0004977757344022393,0.0002908159513026476
0.0007641537231393158,0.0006838404224254191,0.096649669110775,0.8855597972869873,0.016342518851161003
0.0005658844020217657,0.001021642703562975,0.1118578240275383,0.8845449090003967,0.002009785734117031
0.0005147050833329558,0.031235799193382263,0.9672582149505615,0.0008835883345454931,0.0001076909902621992
0.0008071411866694689,0.20551839470863342,0.7891144752502441,0.004272061865776777,0.0002879108942579478
0.3369375467300415,0.6409472823143005,0.020263032987713814,0.0012694054748862982,0.0005827137501910329
0.0006570668774656951,0.0013092146255075932,0.9060621857643127,0.09130818396806717,0.0006633264711126685
0.0013477638131007552,0.3002803325653076,0.695944607257843,0.0022358635906130075,0.00019142244127579033
0.0006472893292084336,0.0034230228047817945,0.9852398633956909,0.010531030595302582,0.00015878498379606754
0.9986845850944519,0.0011161251459270716,0.00015036245167721063,3.150530028506182e-05,1.7390982975484803e-05
0.9986647367477417,0.0011658382136374712,0.00012033495295327157,3.257934804423712e-05,1.649624391575344e-05
0.0005668446538038552,0.0018356669461354613,0.7749356031417847,0.22182129323482513,0.0008406055276282132
0.0006127376691438258,0.0011532115750014782,0.042234793305397034,0.9555168747901917,0.0004823737544938922
0.0010246825404465199,0.001902109943330288,0.05453871190547943,0.8708315491676331,0.07170294225215912
0.9995225667953491,0.0003690660232678056,7.167810690589249e-05,2.251018668175675e-05,1.415114547853591e-05
0.0004118358192499727,0.0015955866547301412,0.9614579081535339,0.03636797145009041,0.00016668299213051796
0.000418165436713025,0.0006383952568285167,0.01999692991375923,0.9026247262954712,0.07632172107696533
0.9848737716674805,0.01477077417075634,0.00020118551037739962,0.00010146678687306121,5.282075653667562e-05
0.0007916350150480866,0.29780545830726624,0.6956672072410583,0.005286170169711113,0.0004495055181905627
0.0006523240590468049,0.06356015801429749,0.935089111328125,0.0006174307782202959,8.099477417999879e-05
0.0008733795839361846,0.0027960168663412333,0.0637335479259491,0.9302408695220947,0.0023561434354633093
0.835758626461029,0.16108505427837372,0.002691122703254223,0.00036881936830468476,9.63637066888623e-05
0.0369783453643322,0.14304378628730774,0.25360938906669617,0.565227746963501,0.0011407334823161364
0.001005590776912868,0.002207864075899124,0.019411535933613777,0.7038832306861877,0.273491770029068
0.9990978240966797,0.000732110405806452,0.00013047005631960928,2.6938321752822958e-05,1.268558935407782e-05
0.9940813183784485,0.004053531214594841,0.0013950434513390064,0.00016433169366791844,0.0003057305293623358
0.012384028173983097,0.38511964678764343,0.5765351057052612,0.025370966643095016,0.000590239476878196
0.36212125420570374,0.5069215297698975,0.12929514050483704,0.0012626855168491602,0.00039946220931597054
0.00043713292689062655,0.012099701911211014,0.9860516786575317,0.0012926142662763596,0.00011880312376888469
0.36725929379463196,0.6274887919425964,0.004275312181562185,0.0005849861772730947,0.00039162024040706456
0.0007806073408573866,0.001204580650664866,0.7803354263305664,0.21607781946659088,0.001601558062247932
0.9532016515731812,0.044802967458963394,0.0014702838379889727,0.00036448900937102735,0.0001605797151569277
0.9994088411331177,0.0004633803036995232,8.010731835383922e-05,3.1622941605746746e-05,1.6029303878895007e-05
0.7621747255325317,0.2144857794046402,0.021472446620464325,0.0014066541334614158,0.0004603419511113316
0.00043680224916897714,0.0014027515426278114,0.8989883065223694,0.0987502709031105,0.0004219126421958208
0.032421767711639404,0.9471469521522522,0.019405953586101532,0.0007793607655912638,0.0002459560346323997
0.0009058993891812861,0.039273716509342194,0.9548775553703308,0.004744378849864006,0.00019844005873892456
0.9991940855979919,0.0006177152972668409,0.00013199275417719036,3.134352664346807e-05,2.4824794309097342e-05
0.00023363112995866686,0.0012900448637083173,0.9902259707450867,0.00814917590469122,0.00010126049164682627
0.9985185265541077,0.0011776738101616502,0.0001737863349262625,9.148530079983175e-05,3.85296625609044e-05
0.0007699712878093123,0.010375389829277992,0.9842262864112854,0.004535128362476826,9.321630204794928e-05
0.0009534796117804945,0.001923270639963448,0.3945204019546509,0.6009376049041748,0.001665203832089901
0.8817678689956665,0.10944775491952896,0.006834355182945728,0.0015319949015974998,0.0004179803654551506
0.012076466344296932,0.3314889073371887,0.6510573029518127,0.004829101264476776,0.0005481680855154991
3.599260526243597e-05,6.436397961806506e-05,0.0003786790184676647,0.011821696534752846,0.9876992702484131
0.0005736258463002741,0.000948858680203557,0.9193370938301086,0.07861229032278061,0.0005281224730424583
0.9987032413482666,0.0010017302120104432,0.00023179301933851093,3.93492155126296e-05,2.383325045229867e-05
0.24520382285118103,0.7426694631576538,0.011552874930202961,0.000426762126153335,0.0001470987481297925
0.0005773368757218122,0.0014890516176819801,0.005855788942426443,0.9851661324501038,0.00691164331510663
0.9981988072395325,0.0014472920447587967,0.00023979248362593353,7.860441837692633e-05,3.5480334190651774e-05
0.0008706724620424211,0.0022200283128768206,0.35126739740371704,0.6429727673530579,0.0026690769009292126
0.0003479640872683376,0.03312254324555397,0.9626284241676331,0.0037331010680645704,0.00016799572040326893
0.004635424353182316,0.03724607080221176,0.9558945894241333,0.0014511150075122714,0.0007727936608716846
0.0015102970646694303,0.6685538291931152,0.3267192244529724,0.0029903938993811607,0.00022619137598667294
0.03375553712248802,0.9206336736679077,0.04406645521521568,0.0012298092478886247,0.00031445830245502293
0.005265409126877785,0.9212677478790283,0.07192131131887436,0.0013485837262123823,0.00019696414528880268
0.00042968682828359306,0.08016961067914963,0.9169345498085022,0.0023299502208828926,0.00013623380800709128
0.0036736303009092808,0.07981929183006287,0.8541072010993958,0.061851758509874344,0.0005481039988808334
3.1722265703137964e-05,4.545742922346108e-05,0.00033892306964844465,0.0025186361744999886,0.9970652461051941
0.0003862501762341708,0.0008319374755956233,0.07291743904352188,0.9182278513908386,0.007636548485606909
0.10712473094463348,0.810786247253418,0.08055088669061661,0.0008041326072998345,0.0007339908624999225
0.00033318670466542244,0.0003052442625630647,0.0322909839451313,0.9645418524742126,0.002528734039515257
0.0011708488455042243,0.003425452159717679,0.02333630993962288,0.9356765747070312,0.036390841007232666
0.2748139500617981,0.6326165199279785,0.08540476113557816,0.005970011930912733,0.001194742158986628
0.3989841043949127,0.573514997959137,0.026474902406334877,0.0006511161336675286,0.00037486193468794227
0.0015753548359498382,0.0034991095308214426,0.741207480430603,0.25327596068382263,0.0004421374178491533
0.000610372400842607,0.0016101673245429993,0.3282935321331024,0.6685112714767456,0.0009746498544700444
0.9986257553100586,0.0011124755255877972,0.0001898797636386007,4.322731547290459e-05,2.863277586584445e-05
0.0005456922226585448,0.2711893618106842,0.7165246605873108,0.01156388409435749,0.00017643396859057248
0.9094969630241394,0.08781388401985168,0.002230727579444647,0.0003106413350906223,0.00014776168973185122
0.0003196703619323671,0.22649285197257996,0.7715644240379333,0.001511247013695538,0.00011184922914253548
0.8541706800460815,0.14190146327018738,0.002035655314102769,0.0014067725278437138,0.00048542904551140964
0.4736018776893616,0.3769301176071167,0.1388787031173706,0.007418920751661062,0.0031703668646514416
0.00040412606904283166,0.0008312904392369092,0.29294100403785706,0.7049767971038818,0.0008467505685985088
0.9989485144615173,0.0008928349707275629,0.00010388073133071885,4.0406030166195706e-05,1.4389514035428874e-05
0.00045919205876998603,0.0015420260606333613,0.7746680378913879,0.22256821393966675,0.0007625687285326421
0.0005986422766000032,0.001146320952102542,0.01734563149511814,0.9717114567756653,0.009197925217449665
0.12668171525001526,0.7232272028923035,0.14788006246089935,0.0013339545112103224,0.0008770545246079564
0.5392992496490479,0.43518003821372986,0.02452130615711212,0.0007250346825458109,0.00027434038929641247
0.9603622555732727,0.038964200764894485,0.0004360239836387336,0.00015594728756695986,8.157462434610352e-05
0.9719972014427185,0.02734914794564247,0.00039814916090108454,0.00018234507297165692,7.316371193155646e-05
0.00028101439238525927,0.0006140380282886326,0.6745226979255676,0.32413235306739807,0.00044990889728069305
0.20232337713241577,0.7799310684204102,0.01613188162446022,0.0011495730141177773,0.00046411569928750396
0.000412811990827322,0.0008302699425257742,0.11504766345024109,0.8742356896400452,0.009473506361246109
0.5753964185714722,0.4136047959327698,0.009843505918979645,0.0007957090274430811,0.0003595632442738861
0.9312877655029297,0.06292159855365753,0.005125334486365318,0.0005037201917730272,0.00016158100333996117
0.0006028861971572042,0.0016549514839425683,0.9906049370765686,0.006918838247656822,0.00021840860426891595
0.001636482193134725,0.8822314739227295,0.11460915952920914,0.0013980910880491138,0.00012476544361561537
0.05246375501155853,0.74235600233078,0.20201009511947632,0.0026578109245747328,0.0005123367300257087
0.000503807736095041,0.0022060847841203213,0.6908729076385498,0.3058090806007385,0.0006081206374801695
0.0009733648621477187,0.08794160187244415,0.8324679732322693,0.07763347774744034,0.0009836466051638126
0.09333667904138565,0.8967874646186829,0.008724657818675041,0.000891504343599081,0.00025967523106373847
0.06347430497407913,0.8989567756652832,0.03426177054643631,0.0029678689315915108,0.0003392287471797317
0.0004622615233529359,0.0014816616894677281,0.6115761399269104,0.38536566495895386,0.0011142670409753919
0.0007298794807866216,0.01076717209070921,0.975492000579834,0.012802835553884506,0.00020808607223443687
0.008502214215695858,0.46359506249427795,0.5168648362159729,0.009467770345509052,0.001570137101225555
0.00346978846937418,0.015350286848843098,0.9149948954582214,0.06577669829130173,0.0004083949897903949
0.0004901441861875355,0.001700279419310391,0.9617428779602051,0.03570942208170891,0.0003572297573555261
0.999113142490387,0.0006841099238954484,0.00013186958676669747,5.440108725451864e-05,1.6421072359662503e-05
0.7198262214660645,0.27575263381004333,0.0037838418502360582,0.000524720991961658,0.00011262010229984298
0.000763069954700768,0.0022222979459911585,0.5709453821182251,0.425041526556015,0.001027706079185009
0.0004144409904256463,0.0012715960619971156,0.008210821077227592,0.9840167760848999,0.0060863858088850975
0.0011569421039894223,0.0031430895905941725,0.0181208997964859,0.7898140549659729,0.18776503205299377
0.9990832805633545,0.0006369015318341553,0.00022945615637581795,2.3768921892042272e-05,2.6595089366310276e-05
0.04111788049340248,0.937265932559967,0.01955784298479557,0.0017408588901162148,0.00031742179999127984
0.0004843139322474599,0.18909728527069092,0.8092734217643738,0.0010135709308087826,0.00013135814515408128
0.5059980750083923,0.4646637439727783,0.021903103217482567,0.006445199251174927,0.0009899140568450093
0.7444724440574646,0.25328606367111206,0.0015787398442626,0.00034341125865466893,0.0003193377342540771
0.0007531277369707823,0.0011985397431999445,0.24619433283805847,0.7499602437019348,0.0018937601707875729
0.19053111970424652,0.7776501178741455,0.02942253276705742,0.002158142626285553,0.00023807326215319335
1.704510214040056e-05,2.717523238970898e-05,7.222958811325952e-05,0.0009720189264044166,0.9989114999771118
0.0003187838301528245,0.0011369313579052687,0.9764078855514526,0.021781470626592636,0.0003549315733835101
0.9727784395217896,0.023728426545858383,0.0025397867430001497,0.0007421452319249511,0.00021118686709087342
0.051513757556676865,0.9287002086639404,0.01840178482234478,0.0010063836816698313,0.0003778791578952223
0.984995424747467,0.014582889154553413,0.0002791121951304376,7.647542952327058e-05,6.614119047299027e-05
0.036667872220277786,0.7678227424621582,0.19096499681472778,0.004003713373094797,0.0005406340351328254
0.0002258363674627617,0.00033659854670986533,0.1327618956565857,0.866504430770874,0.0001712407829472795
0.3492400348186493,0.6099410057067871,0.03566088527441025,0.0043671512976288795,0.0007908963016234338
0.9994730353355408,0.00044194486690685153,4.994998744223267e-05,1.9705805243575014e-05,1.53331729961792e-05
0.000927299726754427,0.0029099707026034594,0.9602588415145874,0.035385340452194214,0.0005185295594856143
0.002423697616904974,0.7591766119003296,0.23703640699386597,0.001151167438365519,0.00021213741274550557
0.0006089973030611873,0.0027227369137108326,0.03180421143770218,0.5585021376609802,0.4063619375228882
0.0004063212254550308,0.0011988283367827535,0.9669254422187805,0.03133093938231468,0.00013844358909409493
0.0002569513162598014,0.00043314098729752004,0.02369600348174572,0.9227278232574463,0.052886057645082474
0.00016391508688684553,0.0035524710547178984,0.9905072450637817,0.005650649778544903,0.00012572504056151956
0.33736178278923035,0.6421974897384644,0.019632218405604362,0.0005300691118463874,0.00027845599106512964
0.9732187986373901,0.026012862101197243,0.0004953250754624605,0.00018152249685954303,9.142665658146143e-05
0.0002490637416485697,0.0003076122375205159,0.0025998633354902267,0.0872354656457901,0.909608006477356
0.007449663244187832,0.012726097367703915,0.5179160833358765,0.4579785168170929,0.003929614555090666
0.22992846369743347,0.7584282755851746,0.010766241699457169,0.0006858486449345946,0.0001911770086735487
0.00046573704457841814,0.0006243690731935203,0.04566992074251175,0.8394664525985718,0.11377347260713577
0.00047076563350856304,0.001489583752118051,0.9945852160453796,0.0032755457796156406,0.0001789312664186582
0.0006333006313070655,0.003978252410888672,0.9356025457382202,0.05931258946657181,0.00047329836525022984
0.11982830613851547,0.8391411304473877,0.03925955295562744,0.0010384639026597142,0.0007325228652916849
0.00032567346352152526,0.0007979304064065218,0.01109563373029232,0.9498631358146667,0.037917669862508774
0.1618911325931549,0.8123262524604797,0.025105221197009087,0.0003585898084565997,0.0003188451228197664
0.0006935903220437467,0.04830136150121689,0.9332922697067261,0.017438163980841637,0.00027462965226732194
0.03138916939496994,0.8698164224624634,0.09745042771100998,0.0010020766640082002,0.00034190923906862736
0.0005428012809716165,0.0009382352000102401,0.45670244097709656,0.5409014821052551,0.0009150137193500996
0.00042396466596983373,0.030392710119485855,0.9617888331413269,0.007121606729924679,0.0002729134284891188
0.0007703193696215749,0.0018006181344389915,0.03547048196196556,0.9562888741493225,0.005669731646776199
0.889378547668457,0.10800566524267197,0.002005326561629772,0.00042994716204702854,0.0001805212232284248
0.0018615819280967116,0.038232654333114624,0.9567523002624512,0.0029285482596606016,0.00022492997231893241
0.0003148272226098925,0.0007971724844537675,0.002001032931730151,0.09300291538238525,0.9038840532302856
0.000238548731431365,0.0006698857760056853,0.897203803062439,0.10148780047893524,0.0003999010077677667
0.0010696924291551113,0.21619032323360443,0.7464278936386108,0.03575078397989273,0.0005613145185634494
0.27288001775741577,0.7026172876358032,0.023104477673768997,0.0010376921854913235,0.0003605237288866192
0.9991575479507446,0.0006907058414071798,9.895031689666212e-05,3.7626818084390834e-05,1.5132642147364095e-05
0.0004946261760778725,0.0013934174785390496,0.991849422454834,0.006160676945000887,0.00010190615284955129
0.00032947681029327214,0.000984723912551999,0.9805523753166199,0.018008951097726822,0.0001244367886101827
0.9972878694534302,0.002493949607014656,0.00012378927203826606,6.091369505156763e-05,3.343676507938653e-05
0.1361304521560669,0.7947354912757874,0.06733796745538712,0.0014154004165902734,0.00038066093111410737
0.0006126491934992373,0.0010945290559902787,0.036308687180280685,0.7309268712997437,0.231057271361351
0.0004084660904482007,0.044057417660951614,0.9505195617675781,0.00482367817312479,0.00019088061526417732
0.9986159801483154,0.0011763278162106872,0.00013345865590963513,4.8173260438488796e-05,2.6028548745671287e-05
0.003277425654232502,0.7493311166763306,0.24635985493659973,0.0008493373170495033,0.00018228907720185816
0.35469040274620056,0.5667104125022888,0.07546129077672958,0.0024921728763729334,0.0006457070121541619
0.022735385224223137,0.5748094916343689,0.39550065994262695,0.005820523481816053,0.0011338938493281603
0.0004617725790012628,0.012101182714104652,0.9579386115074158,0.029138650745153427,0.0003598230250645429
0.5810089707374573,0.36259207129478455,0.05455588921904564,0.001421891269274056,0.0004211966588627547
0.19159072637557983,0.796789288520813,0.010941730812191963,0.000520209432579577,0.0001580155803821981
0.9971625208854675,0.002520780311897397,0.00023714214330539107,5.02851398778148e-05,2.9287737561389804e-05
0.9995763897895813,0.0003495354612823576,4.4380467443261296e-05,2.054100696113892e-05,9.189924639940728e-06
0.835189700126648,0.15352396667003632,0.009937768802046776,0.0010269114281982183,0.0003216083568986505
0.0007197410450316966,0.016047554090619087,0.9082078337669373,0.07239200174808502,0.0026328566018491983
0.9719076752662659,0.02533498778939247,0.0020559211261570454,0.0005737993633374572,0.00012762003461830318
0.998904824256897,0.0007792420219630003,0.00020520758698694408,9.22268009162508e-05,1.8527816791902296e-05
0.031728729605674744,0.12061525136232376,0.8432232737541199,0.003123990260064602,0.0013087395345792174
0.9996606111526489,0.00027489918284118176,3.4893560950877145e-05,1.966245508810971e-05,9.886639418255072e-06
0.5472002029418945,0.4458561837673187,0.006132695358246565,0.0005624342593364418,0.0002484275901224464
0.04018096253275871,0.6796417236328125,0.27473902702331543,0.004672523587942123,0.0007657469250261784
0.00022036611335352063,0.0019339489517733455,0.9495661854743958,0.04792005196213722,0.0003594776790123433
0.0011474357452243567,0.03990912809967995,0.35401007533073425,0.6042726039886475,0.000660761957988143
0.3996095359325409,0.41609883308410645,0.1797890067100525,0.0037750257179141045,0.0007275854586623609
0.9982098340988159,0.001341124065220356,0.0002892189077101648,0.00012300645175855607,3.677188215078786e-05
0.0003194435266777873,0.029695939272642136,0.9686253070831299,0.0012516694841906428,0.00010765268234536052
2.380393198109232e-05,4.2576895793899894e-05,0.0002319158083992079,0.0012848548358306289,0.9984169006347656
0.00036138782161287963,0.008418039418756962,0.9456053376197815,0.045274823904037476,0.00034040212631225586
0.00021153698617126793,0.0002991633955389261,0.05393720045685768,0.9386916160583496,0.0068605635315179825
0.0007422534981742501,0.1062205508351326,0.8911881446838379,0.0017176485853269696,0.00013137437053956091
0.0006121110636740923,0.005591236054897308,0.9060632586479187,0.08744855225086212,0.00028490007389336824
0.001111449091695249,0.0031887188088148832,0.12824733555316925,0.8627319931983948,0.004720550961792469
0.6306807994842529,0.36207056045532227,0.005813370458781719,0.0009580939658917487,0.0004771868698298931
0.0002082067949231714,0.00037720691761933267,0.11801665276288986,0.8807862997055054,0.0006115839350968599
0.00029591249767690897,0.0196834784001112,0.9772865176200867,0.002513069426640868,0.00022109771089162678
0.0001987040159292519,0.00021473984816111624,0.001937067019753158,0.036297399550676346,0.9613520503044128
0.0004993951297365129,0.000989580643363297,0.007059818599373102,0.9799709320068359,0.011480262503027916
0.0002450756437610835,0.0005444787675514817,0.0026771053671836853,0.9961405396461487,0.00039280971395783126
0.04165132716298103,0.9322015643119812,0.025216490030288696,0.000749679864384234,0.00018089404329657555
0.4616367816925049,0.5055297613143921,0.031157931312918663,0.0012492839014157653,0.00042622722685337067
0.8803333044052124,0.1133960634469986,0.005767021328210831,0.0003553451970219612,0.00014823336096014827
0.9620000720024109,0.036613304167985916,0.0011099495459347963,0.00013374911213759333,0.00014290558465290815
0.9989726543426514,0.0007690253551118076,0.00020931704784743488,3.087512232013978e-05,1.81507712113671e-05
0.9983910322189331,0.0014153686352074146,0.00013021272025071084,4.228832040098496e-05,2.1140136595931835e-05
0.0542779415845871,0.8310558795928955,0.11075884848833084,0.0035170831251889467,0.00039031304186210036
0.00048041908303275704,0.007023182697594166,0.9256061315536499,0.06664503365755081,0.0002452435146551579
6.275612395256758e-05,9.669083374319598e-05,0.0012711243471130729,0.02097962610423565,0.9775897860527039
0.9980593323707581,0.0017099631950259209,0.00015978049486875534,4.0310937038157135e-05,3.0643437639810145e-05
0.9985314607620239,0.0012663517845794559,0.00011874805932166055,5.344447345123626e-05,3.000025390065275e-05
0.0010169525630772114,0.0037212183233350515,0.41476863622665405,0.5776183605194092,0.0028748176991939545
0.8388692140579224,0.15722715854644775,0.003489547874778509,0.0002703379432205111,0.00014376173203345388
0.0013091166038066149,0.04384392499923706,0.927675724029541,0.026872500777244568,0.00029869526042602956
0.000968892069067806,0.3287247121334076,0.6636379361152649,0.006168636493384838,0.0004998223157599568
0.1754980981349945,0.8209927082061768,0.0025993362069129944,0.0007932893931865692,0.00011654067202471197
0.0004542669339571148,0.0005786357796750963,0.025415264070034027,0.8993997573852539,0.07415212690830231
0.0003256248601246625,0.0027562188915908337,0.9876426458358765,0.009177728556096554,9.778860112419352e-05
0.9974070191383362,0.0015569071983918548,0.0005047635058872402,0.0003881623561028391,0.00014316300803329796
0.028557375073432922,0.9289193153381348,0.039544764906167984,0.002471491228789091,0.0005070653278380632
0.9951243996620178,0.0041080680675804615,0.0005718707689084113,0.0001003625729936175,9.534907439956442e-05
0.0009473355021327734,0.9032262563705444,0.09266218543052673,0.0029973904602229595,0.00016684526053722948
0.9903576970100403,0.009235207922756672,0.00029441234073601663,7.897249452071264e-05,3.366846067365259e-05
0.9995203018188477,0.0003031978849321604,0.00012987421359866858,3.553950591594912e-05,1.1037475815101061e-05
0.6800774335861206,0.29963111877441406,0.019630124792456627,0.00041719424189068377,0.0002441487740725279
0.8844253420829773,0.1083269789814949,0.0051050204783678055,0.0016958760097622871,0.00044680360588245094
0.0010905187809839845,0.0031402744352817535,0.6400212645530701,0.35481810569763184,0.0009298675577156246
0.0015858951956033707,0.21170352399349213,0.7836489677429199,0.002683918224647641,0.0003776814555749297
0.6468546986579895,0.3270071744918823,0.02553846314549446,0.00042181042954325676,0.0001778560981620103
0.00044683064334094524,0.0010287234326824546,0.23341365158557892,0.7628204822540283,0.0022903073113411665
0.0005150983924977481,0.006974363699555397,0.3179306089878082,0.6740846037864685,0.0004953848547302186
0.0002792199666146189,0.0010889092227444053,0.6920211911201477,0.3060828149318695,0.0005278436583466828
0.04203585535287857,0.4777761995792389,0.4525929093360901,0.02652018330991268,0.001074846601113677
0.00019255241204518825,0.00022721001005265862,0.0430622398853302,0.9560532569885254,0.0004647760943043977
0.0010916502214968204,0.0030086319893598557,0.7032204866409302,0.2917006313800812,0.000978663214482367
0.9994445443153381,0.0004483599041122943,8.341382635990158e-05,1.3339161341718864e-05,1.0340333574276883e-05
0.9638278484344482,0.0326603427529335,0.002857821062207222,0.0005019084201194346,0.00015212646394502372
0.23755112290382385,0.724797248840332,0.03468351438641548,0.001655431231483817,0.0013126772828400135
0.0007356698042713106,0.0018972060643136501,0.9624357223510742,0.03469916433095932,0.00023224014148581773
0.0004405850195325911,0.5611293911933899,0.4362674951553345,0.0020096127409487963,0.00015289107977878302
3.0522511224262416e-05,3.5424905945546925e-05,0.0004833088314626366,0.00742665771394968,0.9920240640640259
0.9891696572303772,0.01041148416697979,0.0003326123405713588,5.342870645108633e-05,3.273596666986123e-05
0.0005720882909372449,0.6707396507263184,0.32701483368873596,0.0015246538678184152,0.00014880666276440024
0.00013839942403137684,0.00023290702665690333,0.0008482545963488519,0.12286495417356491,0.87591552734375
0.0003469288640189916,0.0010595257626846433,0.04498959332704544,0.944820761680603,0.008783195167779922
0.03501866012811661,0.11116597056388855,0.8409070372581482,0.009421543218195438,0.003486787434667349
0.0002212144754594192,0.0003024903708137572,0.003729454008862376,0.9939379692077637,0.0018088814103975892
0.0005124996532686055,0.010453675873577595,0.9569349884986877,0.031785838305950165,0.0003129892284050584
0.0008599424618296325,0.0030635844450443983,0.8796662092208862,0.11597707867622375,0.0004331429663579911
7.377619476756081e-05,9.099924500333145e-05,0.09207936376333237,0.907534658908844,0.00022113606974016875
0.0011543735163286328,0.0019203105475753546,0.007908612489700317,0.8079476952552795,0.18106898665428162
0.9287101626396179,0.06796105206012726,0.0030511056538671255,0.00018971502140630037,8.799711940810084e-05
0.00075265031773597,0.5370326042175293,0.46113690733909607,0.0009475409751757979,0.00013033441791776568
0.00021634889708366245,0.0003882758319377899,0.0015476702246814966,0.20367096364498138,0.7941767573356628
0.9966512322425842,0.002646136563271284,0.0004030490235891193,0.0002423055557301268,5.734868682338856e-05
0.0010484691010788083,0.007157640531659126,0.9225666522979736,0.06884386390447617,0.0003833986702375114
0.00011026655556634068,9.2463698820211e-05,0.0003208895504940301,0.0034454059787094593,0.9960309863090515
0.0009560027392581105,0.0017641672166064382,0.31919416785240173,0.677467405796051,0.0006182700744830072
0.06260702013969421,0.9240781664848328,0.012537827715277672,0.0005512071074917912,0.00022581100347451866
0.9993000030517578,0.0005549927009269595,0.00010592483886284754,2.5744597223820165e-05,1.3282042345963418e-05
0.3310389220714569,0.26092463731765747,0.39745771884918213,0.00978847686201334,0.0007902701036073267
0.8150562047958374,0.17229552567005157,0.01183648407459259,0.00046008508070372045,0.0003516880969982594
0.9990848302841187,0.0007175712380558252,0.00011462495604064316,4.664862353820354e-05,3.6326004192233086e-05
0.00040381457074545324,0.0006626013782806695,0.7308899164199829,0.2675570547580719,0.0004866044328082353
0.000526459829416126,0.0012747736182063818,0.9821013808250427,0.015875311568379402,0.0002221300092060119
0.0006375693483278155,0.04962989315390587,0.47407007217407227,0.47463372349739075,0.0010287752375006676
0.002442627213895321,0.8966223001480103,0.10023406893014908,0.0005138613050803542,0.00018719352374318987
0.005757226143032312,0.37447813153266907,0.6147279143333435,0.0043142009526491165,0.0007225144072435796
0.000555482052732259,0.0008269533282145858,0.01838180609047413,0.8597941994667053,0.12044155597686768
0.8138635754585266,0.1773165762424469,0.00779958488419652,0.0008043866837397218,0.00021588373056147248
0.9984990358352661,0.0012583244824782014,0.000167156191309914,4.339869337854907e-05,3.212237425032072e-05
0.00028201236273162067,0.0015284415567293763,0.9664812684059143,0.03153279796242714,0.000175513734575361
0.6775131821632385,0.3183113634586334,0.0028785383328795433,0.0009737760992720723,0.00032315237331204116
0.9981054067611694,0.0013352999230846763,0.0003230710863135755,0.00018486852059140801,5.1390652515692636e-05
0.9880907535552979,0.011546394787728786,0.00024579776800237596,7.038738840492442e-05,4.670874113799073e-05
0.4591038227081299,0.5300073623657227,0.010339856147766113,0.0003911270759999752,0.00015789223834872246
0.3795498013496399,0.6153876185417175,0.004387876018881798,0.00044057113700546324,0.00023410050198435783
0.9143040776252747,0.07772082835435867,0.005876234732568264,0.0018333015032112598,0.0002655826392583549
0.09907154738903046,0.8971235156059265,0.0028707031160593033,0.0005676135187968612,0.0003666670818347484
0.42296484112739563,0.5675601959228516,0.008294333703815937,0.0006849964847788215,0.0004956311313435435
0.9986045956611633,0.0008786240359768271,0.00042451921035535634,6.203433440532535e-05,3.029153413081076e-05
0.004412605427205563,0.9331616163253784,0.06152218580245972,0.0007300180150195956,0.00017352044233120978
0.03450688347220421,0.7944439649581909,0.16792194545269012,0.00270547391846776,0.0004216957022435963
0.7472298741340637,0.24430032074451447,0.007570689544081688,0.0006586131639778614,0.00024047328042797744
0.0011023025726899505,0.8029979467391968,0.19516363739967346,0.000633719377219677,0.0001024017037707381
0.36792701482772827,0.47729045152664185,0.15234290063381195,0.0014826158294454217,0.0009570565889589489
6.136196316219866e-05,0.00013351401139516383,0.00038054175092838705,0.012822302989661694,0.9866023063659668
0.00030952913220971823,0.0007790226372890174,0.4104638397693634,0.5876994132995605,0.0007481741486117244
0.9975963234901428,0.002071562921628356,0.00023574006627313793,6.179641786729917e-05,3.455612022662535e-05
0.006468690000474453,0.869392991065979,0.11762499809265137,0.0056883119978010654,0.000825034047011286
0.2253061830997467,0.7493234872817993,0.024276232346892357,0.0006419545970857143,0.0004521759401541203
0.0006021211738698184,0.0017458931542932987,0.9345472455024719,0.06281352043151855,0.00029127259040251374
0.4752381145954132,0.5201120376586914,0.0038161049596965313,0.0006446503102779388,0.00018908095080405474
0.0006645697285421193,0.0008959358092397451,0.01598321832716465,0.9815748929977417,0.0008813426247797906
0.003560918616130948,0.002602813532575965,0.3186805248260498,0.6670905947685242,0.008065136149525642
0.019554143771529198,0.6946312189102173,0.2842083275318146,0.0009872294031083584,0.0006191309657879174
1.8508117136661895e-05,3.6484620068222284e-05,8.49061761982739e-05,0.00101283413823694,0.998847246170044
0.0009367244783788919,0.002330672461539507,0.5475391745567322,0.44391223788261414,0.005281237419694662
0.0010660391999408603,0.0016072557773441076,0.17105311155319214,0.80964595079422,0.016627661883831024
0.00043348674080334604,0.0006724181585013866,0.0042120832949876785,0.9792388081550598,0.015443193726241589
0.005192533601075411,0.3047795593738556,0.6866958737373352,0.00306045264005661,0.0002715675509534776
0.12377474457025528,0.8660622835159302,0.00971290934830904,0.00033281088690273464,0.00011728363460861146
0.9980214834213257,0.0014262632466852665,0.00044556192005984485,6.862840382382274e-05,3.8131616747705266e-05
0.0036052768118679523,0.37931028008461,0.6143401861190796,0.002496069995686412,0.0002481948758941144
0.5859051942825317,0.407449871301651,0.005857177544385195,0.0006127501255832613,0.00017500505782663822
0.9989006519317627,0.0009253182215616107,0.00011607811029534787,3.819043922703713e-05,1.9793260435108095e-05
0.48684632778167725,0.5066574811935425,0.006074696313589811,0.00024259895144496113,0.00017888355068862438
1.7136859241873026e-05,4.796352732228115e-05,0.0001192508643725887,0.0010865067597478628,0.9987291693687439
0.9974716901779175,0.0020396134350448847,0.00032745845965109766,0.00010907388059422374,5.216704084887169e-05
0.00041077533387579024,0.0005645729834213853,0.46410202980041504,0.5337702631950378,0.0011523670982569456
0.0006181627395562828,0.001680965768173337,0.07356607168912888,0.9142596125602722,0.009875203482806683
0.9993906021118164,0.0005025450373068452,7.137256034184247e-05,2.304148620169144e-05,1.2382044587866403e-05
0.998553454875946,0.001059050322510302,0.000295785692287609,6.538201705552638e-05,2.6259835067321546e-05
0.0007660669507458806,0.005889484658837318,0.9020326733589172,0.090761199593544,0.0005505670560523868
0.0003327946178615093,0.0781644731760025,0.9208647012710571,0.0005607488565146923,7.725816976744682e-05
0.0009269221336580813,0.0019040540792047977,0.09962370246648788,0.8313767313957214,0.06616854667663574
0.16682757437229156,0.5755659341812134,0.24852971732616425,0.008152955211699009,0.0009238530765287578
0.0004528950375970453,0.000990853295661509,0.602889895439148,0.39302679896354675,0.0026395402383059263
0.8994165658950806,0.09979923069477081,0.0003251300659030676,0.0003337700618430972,0.00012537528527900577
0.9988333582878113,0.0009618335752747953,0.0001303699827985838,4.890305717708543e-05,2.5491181077086367e-05
0.011546235531568527,0.5056187510490417,0.4712766706943512,0.010950177907943726,0.0006081829196773469
0.001394449034705758,0.3721230626106262,0.6209855079650879,0.005183905363082886,0.0003131070698145777
0.00013717600086238235,0.0002492422063369304,0.008565990254282951,0.9905192852020264,0.000528262578882277
0.00033314674510620534,0.000513982551638037,0.02542651630938053,0.9462411999702454,0.027485186234116554
0.0009158236207440495,0.19300438463687897,0.7856392860412598,0.019719546660780907,0.0007209272589534521
0.8515034914016724,0.14571577310562134,0.0021808675955981016,0.00036924975574947894,0.00023063413391355425
0.8672298192977905,0.12566117942333221,0.005818508565425873,0.000860721745993942,0.00042982870945706964
0.940004825592041,0.05805732682347298,0.0012901525478810072,0.0004182698321528733,0.0002293712750542909
0.0006241287337616086,0.0008410464506596327,0.23531515896320343,0.7622205018997192,0.0009991780389100313
0.9892393350601196,0.010219053365290165,0.0003093408886343241,0.0001825047074817121,4.973836985300295e-05
0.00396396778523922,0.2661197781562805,0.7274587154388428,0.0021080258302390575,0.0003495336277410388
0.14740386605262756,0.7968929409980774,0.054363034665584564,0.0010205472353845835,0.0003196638426743448
0.00020794544252566993,0.00020514994685072452,0.022317377850413322,0.9717372059822083,0.005532315466552973
0.0013596371281892061,0.0026203130837529898,0.313589483499527,0.6788092851638794,0.003621260402724147
0.9984795451164246,0.0013222733978182077,0.00013554839824791998,4.7211808123392984e-05,1.5469524441868998e-05
0.06271855533123016,0.3715110719203949,0.5638497471809387,0.001194484531879425,0.0007261426653712988
0.00045131947263143957,0.0008259215392172337,0.034349337220191956,0.9638379216194153,0.0005355540197342634
0.25117093324661255,0.7461927533149719,0.0021081462036818266,0.00034079511533491313,0.0001873239380074665
0.007470482960343361,0.5693708658218384,0.4220309555530548,0.0009413242223672569,0.00018635917513165623
0.999648928642273,0.0002874043711926788,3.8285405025817454e-05,1.7548691175761633e-05,7.810806891939137e-06
0.9990543723106384,0.0007873473223298788,0.00011169962817803025,3.0461587812169455e-05,1.611529296496883e-05
0.19680163264274597,0.7809063792228699,0.021061459556221962,0.000789462064858526,0.0004410620895214379
0.0008429284207522869,0.32583194971084595,0.671826183795929,0.0013608683366328478,0.0001380405155941844
0.9996484518051147,0.0002815812476910651,3.905088669853285e-05,1.7842909073806368e-05,1.3064538507023826e-05
0.0007846691878512502,0.0013993711909279227,0.06874082237482071,0.8954681754112244,0.033606935292482376
0.0025223414413630962,0.4678962528705597,0.5277694463729858,0.001599966431967914,0.00021194563305471092
0.31518474221229553,0.6739383339881897,0.009779198095202446,0.0007652019849047065,0.00033250459819100797
0.017741022631525993,0.8317283391952515,0.1472640335559845,0.0029122214764356613,0.00035440988722257316
0.20929118990898132,0.7764880061149597,0.013139805756509304,0.0006383820436894894,0.00044265465112403035
0.15220333635807037,0.8381940126419067,0.008703578263521194,0.0005673451232723892,0.0003317423688713461
0.08226580172777176,0.9092973470687866,0.00764545239508152,0.000575830286834389,0.0002156221162294969
0.6298370361328125,0.3534280061721802,0.014544127508997917,0.001762273837812245,0.00042855204083025455
0.00018475900287739933,0.0003251673188060522,0.003516361815854907,0.786436915397644,0.20953677594661713
0.0007774599362164736,0.0023235282860696316,0.012481335550546646,0.6896432638168335,0.2947744131088257
0.9992454051971436,0.0006560104666277766,5.7524284784449264e-05,1.9899434846593067e-05,2.11376554943854e-05
0.03329264000058174,0.08544979244470596,0.8724914193153381,0.00725724920630455,0.00150891428347677
5.482667620526627e-05,7.330955122597516e-05,0.0002072063653031364,0.001986150862649083,0.9976785778999329
0.004156752955168486,0.5589597821235657,0.4349239766597748,0.001690463162958622,0.00026900472585111856
0.9985068440437317,0.0013019884936511517,0.00014004331023897976,2.8246889996808022e-05,2.281635534018278e-05
0.8375110626220703,0.15504391491413116,0.007004676852375269,0.0003053998516406864,0.00013490386481862515
0.10104142129421234,0.5300152897834778,0.3600069582462311,0.008188683539628983,0.0007476740865968168
0.1760500818490982,0.8028147220611572,0.019811877980828285,0.0010823816992342472,0.0002409267472103238
0.9122088551521301,0.08637429028749466,0.0009188194526359439,0.0002524983137845993,0.00024551074602641165
0.001370426849462092,0.001393585349433124,0.5299678444862366,0.4660087525844574,0.0012593301944434643
0.0008504531579092145,0.0021226159296929836,0.9725225567817688,0.024208201095461845,0.0002961425925604999
0.0002731452404987067,0.00036382171674631536,0.04881629720330238,0.9502232670783997,0.00032350054243579507
0.10515586286783218,0.8806156516075134,0.012985333800315857,0.0008986737811937928,0.0003444490721449256
0.11943351477384567,0.8765239715576172,0.003264923579990864,0.0005625344929285347,0.00021505077893380076
0.0005497279344126582,0.0012337388470768929,0.006798006594181061,0.8977982997894287,0.09362027049064636
0.00376420677639544,0.31184104084968567,0.6813271045684814,0.0028278909157961607,0.00023970547772478312
0.015334943309426308,0.6417430639266968,0.3401324450969696,0.001816616510041058,0.0009729436133056879
0.001872590510174632,0.05428655818104744,0.9434930682182312,0.00018311361782252789,0.00016471325943712145
0.0002199392329202965,0.0008568029734306037,0.9881564378738403,0.010673757642507553,9.310486348113045e-05
0.9975014328956604,0.002153899287804961,0.00025086579262278974,5.2858398703392595e-05,4.093475581612438e-05
0.9992333650588989,0.000635406409855932,8.609633368905634e-05,2.6276235075783916e-05,1.8806647858582437e-05
0.9960683584213257,0.002954763127490878,0.0006268302677199244,0.0002602847234811634,8.970844646682963e-05
0.0004091855080332607,0.0007991077727638185,0.8996928334236145,0.09862145036458969,0.00047743692994117737
0.007311682216823101,0.5232654809951782,0.36657479405403137,0.10228578746318817,0.0005622493335977197
0.06512994319200516,0.780816376209259,0.15116479992866516,0.002299787476658821,0.0005890853935852647
0.00021150303655304015,0.000526919262483716,0.03088201768696308,0.9674307107925415,0.0009488821960985661
0.003235309384763241,0.5436838269233704,0.4438529908657074,0.00879612285643816,0.0004317694983910769
0.9993811845779419,0.00045596726704388857,0.00011503869609441608,2.8549529815791175e-05,1.9246854208176956e-05
0.30305323004722595,0.681067168712616,0.014779574237763882,0.0006192018045112491,0.0004808483936358243
0.0012255467008799314,0.06837863475084305,0.9294837117195129,0.000816828163806349,9.530531679047272e-05
0.0007449836120940745,0.06818842142820358,0.8107288479804993,0.11851601302623749,0.0018217363394796848
3.084909258177504e-05,5.372209852794185e-05,0.00017466204008087516,0.0014922507107257843,0.9982485771179199
0.001002010190859437,0.0015298542566597462,0.9949319958686829,0.002332344651222229,0.0002037966187344864
0.9990637898445129,0.0007130313315428793,0.0001578778465045616,3.929305967176333e-05,2.5977937184507027e-05
0.0001094252584152855,8.535224333172664e-05,0.0002979748242069036,0.005331443622708321,0.9941757917404175
0.032517269253730774,0.7222025990486145,0.23918282985687256,0.005341079086065292,0.0007562431273981929
0.0003335973888169974,0.0005100088892504573,0.021792074665427208,0.9755887985229492,0.0017755153821781278
0.9977800250053406,0.002023855224251747,0.000119271338917315,4.862391870119609e-05,2.8254416974959895e-05
0.0007828325615264475,0.0015521653695032,0.19495753943920135,0.7978472113609314,0.004860226996243
0.002969254506751895,0.6499888300895691,0.34074532985687256,0.005874909460544586,0.00042167119681835175
0.9974756836891174,0.0020237965509295464,0.00038419399061240256,8.117342804325745e-05,3.5123212001053616e-05
0.24466516077518463,0.4100055992603302,0.3437599539756775,0.000996647635474801,0.0005726549425162375
0.004980525001883507,0.9216337203979492,0.07192903012037277,0.0012264903634786606,0.0002301996573805809
0.00045742321526631713,0.0025050099939107895,0.9468368291854858,0.0496913380920887,0.0005093677318654954
0.2712273895740509,0.679710328578949,0.045864038169384,0.002572096651419997,0.000626128283329308
0.001346314325928688,0.0027262552175670862,0.8582557439804077,0.13483157753944397,0.002840145956724882
0.9997370839118958,0.0001925674732774496,5.139083441463299e-05,1.1801475920947269e-05,7.095645742083434e-06
0.0005028995219618082,0.000793639337643981,0.0833795815706253,0.9145529270172119,0.0007709055789746344
0.004880891647189856,0.28893885016441345,0.6917598247528076,0.013321638107299805,0.0010988533031195402
9.980655158869922e-05,0.00014726529479958117,0.002304531866684556,0.07965616881847382,0.9177922010421753
0.9660526514053345,0.032720375806093216,0.0010255041997879744,0.00014250124513637275,5.902483098907396e-05
0.023628927767276764,0.9580596089363098,0.017448460683226585,0.0007080944487825036,0.00015491926751565188
3.8210360798984766e-05,4.843360875383951e-05,0.0003129607648588717,0.011036288924515247,0.988564133644104
0.008486074395477772,0.6289231181144714,0.3596497178077698,0.002673117909580469,0.0002679750323295593
0.029389018192887306,0.8994064331054688,0.06949380785226822,0.0012880864087492228,0.0004226416058372706
0.0001781656319508329,0.007479099091142416,0.9909520149230957,0.00128554564435035,0.00010520678188186139
0.00082206359365955,0.002167066093534231,0.06532454490661621,0.8958273530006409,0.03585897013545036
3.019871837750543e-05,3.909014776581898e-05,0.0001710359938442707,0.0014948025345802307,0.9982648491859436
0.0001033636654028669,5.968098048469983e-05,0.0008942228159867227,0.01801091432571411,0.98093181848526
0.0001433564757462591,0.0003145406662952155,0.003742774249985814,0.039011504501104355,0.9567878842353821
0.0001728619827190414,0.0002611922100186348,0.001826119958423078,0.28883570432662964,0.7089041471481323
0.0003036482376046479,0.0007540255901403725,0.04645725339651108,0.9181962609291077,0.03428884968161583
0.001818543765693903,0.004405680112540722,0.3091975152492523,0.6802923679351807,0.00428584311157465
0.05600012466311455,0.9320936799049377,0.009992611594498158,0.0016713732620701194,0.00024223078798968345
0.0006952696130611002,0.027968190610408783,0.8608928322792053,0.10959519445896149,0.000848509487695992
0.0009211478754878044,0.001693889033049345,0.6554640531539917,0.34119510650634766,0.0007258131518028677
0.9915567636489868,0.007499198894947767,0.0006450702785514295,0.00019476193119771779,0.00010420869512017816
0.34514889121055603,0.6282806396484375,0.024299215525388718,0.0017775606829673052,0.0004936990444548428
0.04049129784107208,0.9253134727478027,0.03310861065983772,0.0007986073615029454,0.00028794538229703903
0.0008735713199712336,0.3399224877357483,0.6573970317840576,0.0016537553165107965,0.0001531982998130843
0.0862007588148117,0.8970085978507996,0.015009128488600254,0.0015199764166027308,0.00026152413920499384
0.005190568044781685,0.551038920879364,0.44046077132225037,0.0030157719738781452,0.00029396210447885096
0.0009697256027720869,0.9406225085258484,0.05789293721318245,0.0003670182777568698,0.00014784018276259303
0.44068512320518494,0.5548074245452881,0.003651378909125924,0.0005980476271361113,0.00025800016010180116
0.9892878532409668,0.010091693140566349,0.000493376050144434,7.768585783196613e-05,4.938993151881732e-05
0.0007348058861680329,0.0015924585750326514,0.8789189457893372,0.11789947003126144,0.0008543372387066483
0.00712360767647624,0.6629552841186523,0.3067266047000885,0.021601496264338493,0.0015929843066260219
0.0006837566033937037,0.0035286007914692163,0.9713161587715149,0.024247584864497185,0.00022385620104614645
0.003215905511751771,0.09272435307502747,0.9034425020217896,0.0004053408047184348,0.00021196150919422507
0.00017651049711275846,0.0002257345331599936,0.0031624415423721075,0.5038092136383057,0.4926261007785797
0.0003643231466412544,0.017762739211320877,0.9747995138168335,0.006854967679828405,0.00021845311857759953
0.0002610084193293005,0.0006672895979136229,0.08358675986528397,0.914950966835022,0.0005339969065971673
0.45575037598609924,0.493531733751297,0.04927920177578926,0.0011900977697223425,0.00024858847609721124
0.07601042091846466,0.8980746269226074,0.024286825209856033,0.0013179286615923047,0.000310172006720677
0.00036541238659992814,0.000505678472109139,0.744676411151886,0.25389471650123596,0.0005577235133387148
0.0006727567524649203,0.0009679533541202545,0.028186272829771042,0.8951529264450073,0.07502003014087677
0.9061973094940186,0.0912150889635086,0.001791651826351881,0.000614529475569725,0.00018135157006327063
0.9975355863571167,0.0019472314743325114,0.0004120648081880063,7.072526932461187e-05,3.4429776860633865e-05
0.0003978993045166135,0.0011695579160004854,0.9558777213096619,0.04236050322651863,0.0001943247625604272
0.007513468619436026,0.8730376958847046,0.11847040802240372,0.0007869074470363557,0.0001914677704917267
0.9994045495986938,0.00048721136408858,6.429162749554962e-05,2.952025897684507e-05,1.4446364730247296e-05
0.992705762386322,0.005922899581491947,0.0011186294723302126,0.00016178614168893546,9.094440611079335e-05
0.9990956783294678,0.0007232077186927199,0.00014176372496876866,2.3991900889086537e-05,1.541003439342603e-05
9.651957952883095e-05,0.00011658238508971408,0.00042547506745904684,0.005468069110065699,0.9938933253288269
0.0019356333650648594,0.48014187812805176,0.5097312927246094,0.007768331095576286,0.0004228444886393845
0.9974257349967957,0.0013748336350545287,0.000984538346529007,0.00012253485328983516,9.236986079486087e-05
0.0009323468548245728,0.13034705817699432,0.861723005771637,0.006714844144880772,0.0002827612916007638
0.9888190627098083,0.010585750453174114,0.0004146354622207582,0.0001152890981757082,6.527751975227147e-05
0.0003630205465015024,0.00042539284913800657,0.04261253401637077,0.9541269540786743,0.0024720358196645975
0.9658632278442383,0.031567733734846115,0.00220670853741467,0.00020084944844711572,0.00016151348245330155
0.00024303885584231466,0.0006833483930677176,0.10820786654949188,0.8904430270195007,0.0004227308963891119
0.997722327709198,0.0015803175047039986,0.0005006402498111129,0.00015775249630678445,3.900316005456261e-05
0.9990184307098389,0.0008255998836830258,9.417812543688342e-05,4.293668462196365e-05,1.8866547179641202e-05
0.0002605533227324486,0.00023896200582385063,0.009622517041862011,0.24671503901481628,0.7431628704071045
0.0007602371624670923,0.043705374002456665,0.9440120458602905,0.0112797562032938,0.00024258860503323376
0.00010696647950680926,0.00012993082054890692,0.005207445472478867,0.9897897839546204,0.004765922669321299
0.8883930444717407,0.1094246432185173,0.0013146931305527687,0.0006647277041338384,0.0002028691815212369
0.05385507643222809,0.6039742231369019,0.3400469422340393,0.0014736249577254057,0.0006501352181658149
0.2996722161769867,0.6627857089042664,0.03565875068306923,0.001592279993928969,0.0002910064358729869
0.046270567923784256,0.8181174993515015,0.1315881311893463,0.0036736198235303164,0.00035017955815419555
0.0004997633513994515,0.0038920792285352945,0.7633253931999207,0.23180772364139557,0.000475046195788309
0.9979165196418762,0.001809692126698792,0.00019692322530318052,6.151925481390208e-05,1.5334617273765616e-05
0.00030559118022210896,0.027426909655332565,0.9712525010108948,0.0009405185119248927,7.447411917382851e-05
0.0001481891522416845,0.00026707470533438027,0.0012803347781300545,0.05589304119348526,0.9424113631248474
0.00024986141943372786,0.001194259151816368,0.9945998191833496,0.0038093775510787964,0.0001466646499466151
0.00037704408168792725,0.001794458949007094,0.7698799967765808,0.22765026986598969,0.0002981988654937595
0.9995325803756714,0.0003508702211547643,8.371612784685567e-05,2.1773772459710017e-05,1.1081549928348977e-05
0.00029254157561808825,0.0004649170150514692,0.5993317365646362,0.39966386556625366,0.000246895884629339
0.995927631855011,0.003502181265503168,0.00039079252746887505,0.00011817551421700045,6.115775613579899e-05
0.0005637746653519571,0.005465279333293438,0.8479010462760925,0.14546096324920654,0.0006089509697631001
0.0004432176938280463,0.018392108380794525,0.9484798312187195,0.032468050718307495,0.00021677689801435918
0.0005954246735200286,0.0010360199958086014,0.762408971786499,0.23538756370544434,0.0005720884073525667
0.00024649748229421675,0.0002163593308068812,0.03431101143360138,0.9636480212211609,0.0015781165566295385
0.03090086579322815,0.8962429165840149,0.06846773624420166,0.0037015248090028763,0.0006869491189718246
0.4021082818508148,0.5517947673797607,0.04422496631741524,0.0013242996064946055,0.0005477084778249264
0.8771856427192688,0.11975367367267609,0.002519098576158285,0.00034102940117008984,0.00020055935601703823
0.001478950260207057,0.3904460370540619,0.5919249057769775,0.015659630298614502,0.0004904616507701576
0.9991135001182556,0.0006536714499816298,0.00014285567158367485,6.500822200905532e-05,2.4957666028058156e-05
0.9977498650550842,0.001986805349588394,0.00016149978910107166,6.904293695697561e-05,3.279665543232113e-05
0.26043179631233215,0.6781423687934875,0.059767913073301315,0.0009333937196061015,0.0007245592423714697
0.00021709407155867666,0.0004827177617698908,0.0027227166574448347,0.995424211025238,0.001153289806097746
0.7503641247749329,0.2469930350780487,0.0017624999163672328,0.0006058573490008712,0.00027444178704172373
0.0003767254529520869,0.002553693251684308,0.5826705694198608,0.4139476418495178,0.0004513422609306872
0.9374542832374573,0.060142990201711655,0.0019000164465978742,0.00034678613883443177,0.00015590322436764836
0.9624612331390381,0.0367438904941082,0.00045679311733692884,0.0002275697042932734,0.00011047095904359594
0.7119386792182922,0.26556137204170227,0.021035535261034966,0.0009591768030077219,0.0005052935448475182
0.9989711046218872,0.0008239585440605879,0.00015115014684852213,3.1886607757769525e-05,2.192169995396398e-05
0.977677047252655,0.02173698879778385,0.00033545607584528625,0.00014656766143161803,0.00010390725219622254
0.0021901142317801714,0.9552187919616699,0.041537683457136154,0.0009485197952017188,0.00010488904081285
0.00020252441754564643,0.012904500588774681,0.9816921949386597,0.005084948614239693,0.00011582845763769001
0.9983192086219788,0.001462667598389089,0.00012610804697033018,5.720772605855018e-05,3.473346441751346e-05
0.0002535520470701158,0.000411226850701496,0.011661442928016186,0.8760921955108643,0.11158162355422974
0.7371198534965515,0.2599184215068817,0.0020920871756970882,0.0005255447467789054,0.0003441200533416122
0.9983760118484497,0.0008923509740270674,0.0006156881572678685,8.998413250083104e-05,2.5933552024071105e-05
0.5582697987556458,0.41594836115837097,0.024101488292217255,0.0010974485194310546,0.0005828705034218729
0.0003576382005121559,0.004460823256522417,0.9669138193130493,0.027877673506736755,0.00039005884900689125
0.0007559442310594022,0.003010154701769352,0.39814499020576477,0.5977975726127625,0.00029129142058081925
0.0013489960692822933,0.7441471815109253,0.25328072905540466,0.001058060908690095,0.00016503295046277344
0.0005807484267279506,0.0018684425158426166,0.843127429485321,0.15381397306919098,0.0006094328709878027
0.0006148857646621764,0.009584574960172176,0.8665216565132141,0.12272412329912186,0.0005548162735067308
0.13949054479599,0.8480696678161621,0.011372368782758713,0.0008317465544678271,0.00023570859048049897
0.9986658096313477,0.0011239266023039818,0.00014798787015024573,3.058378933928907e-05,3.1697283702669665e-05
0.34198063611984253,0.4049783945083618,0.24575923383235931,0.006258615758270025,0.0010231573833152652
0.9980910420417786,0.0016493579605594277,0.00016812494141049683,5.7612785894889385e-05,3.38337522407528e-05
0.0005478094681166112,0.0016299604903906584,0.2884953022003174,0.7018802165985107,0.007446706295013428
0.39617154002189636,0.43215981125831604,0.16968174278736115,0.001247236505150795,0.0007397271692752838
0.00419476255774498,0.6886772513389587,0.3053220808506012,0.001597809256054461,0.00020813212904613465
0.0007497254409827292,0.0021246070973575115,0.5746744275093079,0.421100378036499,0.0013508482370525599
0.0006172679713927209,0.24351222813129425,0.7538515329360962,0.0018101289169862866,0.00020880911324638873
0.9992662072181702,0.0005009396118111908,0.00015139536117203534,5.686472650268115e-05,2.458996095811017e-05
0.00036696335882879794,0.017297925427556038,0.19827866554260254,0.7831281423568726,0.0009282725513912737
0.002423021476715803,0.641038715839386,0.3513808250427246,0.0046564871445298195,0.0005009949090890586
0.012033437378704548,0.7421962022781372,0.24431496858596802,0.0010127633577212691,0.0004426398081704974
0.1249270960688591,0.7784188389778137,0.09173305332660675,0.003743427572771907,0.0011775633320212364
0.0004520834481809288,0.00227069528773427,0.8101237416267395,0.18650421500205994,0.0006492015672847629
0.0004728741478174925,0.0012876504333689809,0.6520919799804688,0.34425362944602966,0.0018938611028715968
0.9992696642875671,0.0005906352307647467,8.920073742046952e-05,3.096136060776189e-05,1.9574592442950234e-05
8.413080649916083e-05,0.00014999396807979792,0.000408548308769241,0.017288684844970703,0.9820685982704163
0.0003655998152680695,0.007432475220412016,0.9855872392654419,0.00649589579552412,0.00011876641656272113
0.0007093567401170731,0.010195179842412472,0.9840383529663086,0.004976235795766115,8.089932089205831e-05
0.0004265792958904058,0.001252059591934085,0.9660724401473999,0.03184002637863159,0.000408899097237736
0.964085578918457,0.03526459261775017,0.00039168164948932827,0.00016859373135957867,8.954235818237066e-05
0.8793138861656189,0.11828286200761795,0.002032349118962884,0.0002644630440045148,0.00010646660666679963
0.6243435144424438,0.3647986054420471,0.009657058864831924,0.0009270015871152282,0.0002737818576861173
0.013185341842472553,0.8890698552131653,0.09674698114395142,0.0008112774812616408,0.00018658829503692687
0.0006864072638563812,0.001835504313930869,0.8256734609603882,0.17118024826049805,0.0006243256502784789
0.0025468734093010426,0.08838459104299545,0.4692673981189728,0.4359446167945862,0.00385654647834599
0.00032364786602556705,0.8715800642967224,0.12523597478866577,0.002577973296865821,0.00028234237106516957
0.005523083731532097,0.17257308959960938,0.8011510968208313,0.019999559968709946,0.0007531340816058218
0.0019320478895679116,0.8689984679222107,0.12191594392061234,0.006873949430882931,0.0002796415938064456
0.0012533336412161589,0.004496592562645674,0.26611265540122986,0.727784276008606,0.00035317157744430006
0.0003868562635034323,0.0013950812863186002,0.9255748391151428,0.07248546183109283,0.00015769786841701716
0.00042933860095217824,0.0007100611110217869,0.9731893539428711,0.02549872174859047,0.00017252174438908696
0.000770811690017581,0.506467342376709,0.4879911243915558,0.004556428175419569,0.00021431957429740578
0.002800454618409276,0.627572238445282,0.36742448806762695,0.001976083032786846,0.0002267640520585701
0.6500488519668579,0.3404678404331207,0.008299441076815128,0.0008061826229095459,0.0003776887897402048
0.9983513355255127,0.0013674849178642035,0.00020482746185734868,4.76487293781247e-05,2.869438503694255e-05
0.7412745356559753,0.24767370522022247,0.009956813417375088,0.0007147947326302528,0.0003801542625296861
0.000523910392075777,0.009336667135357857,0.9883678555488586,0.001672268845140934,9.926960774464533e-05
0.000934445473831147,0.0019415615824982524,0.299772709608078,0.6968008875846863,0.0005504391738213599
0.0007044289377517998,0.5792163014411926,0.418468713760376,0.001475136261433363,0.00013538921484723687
0.0004940984072163701,0.8923129439353943,0.10548489540815353,0.00157138891518116,0.00013665705046150833
0.01015928853303194,0.6560205817222595,0.33048751950263977,0.0027404911816120148,0.0005921352421864867
0.0009646228281781077,0.37889009714126587,0.614948570728302,0.004854894243180752,0.00034185461117886007
0.8875659704208374,0.11025411635637283,0.001551400637254119,0.0003910362138412893,0.00023744611826259643
0.9959279894828796,0.0027523506432771683,0.0011056613875553012,0.0001443999499315396,6.957021832931787e-05
0.5514808297157288,0.4290671944618225,0.018604803830385208,0.00048241790500469506,0.00036471657222136855
0.9882566332817078,0.01134954858571291,0.0002927216701209545,5.814859832753427e-05,4.2972365918103606e-05
0.8735355138778687,0.11932224780321121,0.00481673376634717,0.001599482144229114,0.0007259949343279004
0.9894548654556274,0.009777025319635868,0.00047930231085047126,0.0001813634589780122,0.00010752173693617806
0.05404246971011162,0.8478808999061584,0.09507667273283005,0.0021240508649498224,0.0008758694166317582
0.0006906853523105383,0.15147998929023743,0.8473603129386902,0.0003916315909009427,7.737326814094558e-05
0.0003264896513428539,0.012955416925251484,0.9817518591880798,0.004819945432245731,0.00014626787742599845
0.001842343364842236,0.8777384757995605,0.11916413903236389,0.0011170946527272463,0.0001379528403049335
0.0007133061299100518,0.02119618095457554,0.9779254198074341,0.00010329767246730626,6.178871262818575e-05
0.9584510326385498,0.04100894182920456,0.0002856176870409399,0.00017610630311537534,7.83368232077919e-05
0.9973468780517578,0.002022003522142768,0.000503621413372457,7.712089427514002e-05,5.034400965087116e-05
0.9980980753898621,0.001241361373104155,0.0004644057189580053,0.0001448055700166151,5.1316761528141797e-05
0.07155457884073257,0.5838778018951416,0.3349026143550873,0.008819259703159332,0.0008457103394903243
0.0005226655630394816,0.0021103082690387964,0.811502993106842,0.18530525267124176,0.0005587482592090964
0.003816900309175253,0.484150230884552,0.5064505934715271,0.0048692794516682625,0.000713018758688122
0.9989352822303772,0.0008871454047039151,0.0001110164521378465,4.312425517127849e-05,2.3425955077982508e-05
0.029626144096255302,0.9276531338691711,0.04172390326857567,0.0007418563473038375,0.0002549639029894024
0.0003720503591466695,0.001447071903385222,0.11839462071657181,0.8778572082519531,0.0019290198106318712
0.00033233207068406045,0.0012833498185500503,0.9150950908660889,0.0830368846654892,0.00025230247410945594
0.007854661904275417,0.08870141208171844,0.8864048719406128,0.016538027673959732,0.0005009708693251014
0.00027784801204688847,0.0005994121311232448,0.021059704944491386,0.9641905426979065,0.013872536830604076
0.00048282393254339695,0.0013916823081672192,0.010321025736629963,0.9231401681900024,0.06466428190469742
0.0003569322288967669,0.0012115950230509043,0.8874221444129944,0.110615074634552,0.0003942922630812973
0.8556897640228271,0.13686050474643707,0.005589042790234089,0.00147660740185529,0.00038410729030147195
0.9991025924682617,0.0008013839251361787,5.04242634633556e-05,2.938042234745808e-05,1.625063487153966e-05
0.0008406405104324222,0.037936195731163025,0.4267125129699707,0.5330074429512024,0.001503201317973435
0.00033488546614535153,0.0006516373250633478,0.004202710930258036,0.9941002726554871,0.000710431020706892
0.8851071000099182,0.09329868108034134,0.019892696291208267,0.0012083029141649604,0.0004932271549478173
0.0020521299447864294,0.016729511320590973,0.9363353848457336,0.04453267157077789,0.0003503458865452558
4.8392281314590946e-05,5.495143705047667e-05,0.00023951541515998542,0.003973356448113918,0.9956837892532349
0.000940476602409035,0.35993316769599915,0.6001788377761841,0.03856400400400162,0.00038351392140612006
0.17304107546806335,0.8131271004676819,0.012410382740199566,0.001076343934983015,0.00034503694041632116
0.6526129245758057,0.34016868472099304,0.0035563523415476084,0.0031313407234847546,0.0005306765087880194
0.001315821660682559,0.006310338620096445,0.7430533766746521,0.24802149832248688,0.0012990006944164634
0.6829075813293457,0.31342968344688416,0.002338747726753354,0.0007609746535308659,0.0005630173836834729
0.1882530301809311,0.8062469959259033,0.00501249311491847,0.00030824565328657627,0.00017922339611686766
0.9888874888420105,0.0054515572264790535,0.002754518296569586,0.0027233853470534086,0.00018299251678399742
0.00016076333122327924,8.429773151874542e-05,0.0011529591865837574,0.008498206734657288,0.9901037812232971
0.0007047723047435284,0.0016981377266347408,0.018468162044882774,0.4345264136791229,0.5446025133132935
0.9989935755729675,0.000892799929715693,5.617735951091163e-05,3.3692645956762135e-05,2.374909308855422e-05
0.0005333949229680002,0.0013548918068408966,0.9805439114570618,0.0174437053501606,0.00012406434689182788
0.4819241166114807,0.5113411545753479,0.005814860574901104,0.0005509750917553902,0.00036887815804220736
0.785122811794281,0.20925739407539368,0.0043594310991466045,0.0009911000961437821,0.00026920874370262027
0.0004295440739952028,0.000717523624189198,0.004232196602970362,0.4575909972190857,0.5370297431945801
0.0002460741379763931,0.000584165274631232,0.049800433218479156,0.9489049315452576,0.00046440036385320127
0.0006988912355154753,0.0018358274828642607,0.8197357058525085,0.17716364562511444,0.0005659008165821433
0.0002992817317135632,0.00047295252443291247,0.0673663392663002,0.9305367469787598,0.001324751996435225
0.9993765950202942,0.0004720816796179861,0.00010955557809211314,2.4713712264201604e-05,1.712936682451982e-05
0.9995903372764587,0.00026160370907746255,0.00010404307977296412,3.2118801755132154e-05,1.1922427802346647e-05
0.11402431130409241,0.8744586110115051,0.010660967789590359,0.0006920317537151277,0.0001641158596612513
0.0004417342715896666,0.00044465824612416327,0.0060324594378471375,0.9782781600952148,0.014803007245063782
0.0002668600354809314,0.00038355609285645187,0.17720825970172882,0.8212961554527283,0.0008451365283690393
0.9976443648338318,0.001785091357305646,0.0004662510473281145,6.33634626865387e-05,4.091536538908258e-05
0.999305248260498,0.0005550173227675259,9.890088404063135e-05,2.5869956516544335e-05,1.4992128853918985e-05
0.05592704564332962,0.5360506176948547,0.403784841299057,0.00362865487113595,0.0006088576628826559
0.0003954916319344193,0.0013346056221053004,0.9332415461540222,0.06461307406425476,0.0004152659384999424
0.0002843528927769512,0.00016751114162616432,0.0018330469029024243,0.01745588704943657,0.9802591800689697
0.28815633058547974,0.6872455477714539,0.023771779611706734,0.0006010200595483184,0.00022535028983838856
0.643979012966156,0.3456687033176422,0.009532925672829151,0.0006084482884034514,0.00021093701070640236
0.026298996061086655,0.9142855405807495,0.05790490657091141,0.0011610540095716715,0.00034950178815051913
0.12553468346595764,0.387673556804657,0.4722444713115692,0.009180968627333641,0.0053663370199501514
0.005643454845994711,0.2604295313358307,0.7331324219703674,0.0004868500982411206,0.0003077533037867397
0.039698973298072815,0.8797016739845276,0.0718432068824768,0.008107766509056091,0.0006484041805379093
0.9324288368225098,0.0657593384385109,0.001132644945755601,0.0005173600511625409,0.00016186309221666306
0.5268194675445557,0.46657440066337585,0.006141869351267815,0.0002622986794449389,0.00020195725664962083
0.0003864239843096584,0.0005996838444843888,0.09502927958965302,0.9031468629837036,0.0008376878104172647
0.0014982280554249883,0.053364016115665436,0.9444593787193298,0.0005243502091616392,0.00015398293908219784
0.00015865088789723814,0.00032671948429197073,0.013195205479860306,0.9860088229179382,0.00031060882611200213
0.8144301176071167,0.17920421063899994,0.005605509039014578,0.000650114263407886,0.00011002604151144624
0.0002980556746479124,0.0003837380209006369,0.20307038724422455,0.7952120900154114,0.00103573699016124
0.9993534684181213,0.0005081593408249319,9.493964171269909e-05,2.6175715902354568e-05,1.721591797831934e-05
0.09019022434949875,0.8941866159439087,0.014915366657078266,0.00046795178786851466,0.00023979772231541574
0.9973759651184082,0.0022603648249059916,0.00023386164684779942,9.391915227752179e-05,3.5896318877348676e-05
0.7782092690467834,0.22028382122516632,0.0010772201931104064,0.00025817693676799536,0.00017150498752016574
0.002728021005168557,0.0017489113379269838,0.03986462578177452,0.7068974375724792,0.24876101315021515
5.0901100621558726e-05,8.575373067287728e-05,0.0001336912828264758,0.0017342905048280954,0.9979953765869141
0.0009436602704226971,0.0020079531241208315,0.17692726850509644,0.7995344400405884,0.020586682483553886
0.9865918755531311,0.012707669287919998,0.000439274386735633,0.000189483878784813,7.167182775447145e-05
0.9989249110221863,0.0009519357117824256,7.212049968075007e-05,3.51217167917639e-05,1.5840112610021606e-05
0.0019216763321310282,0.6804765462875366,0.3070196807384491,0.010042433626949787,0.0005397103959694505
0.9986240863800049,0.0012324699200689793,9.685975965112448e-05,2.991871770063881e-05,1.673537917668e-05
0.0005282475613057613,0.027324656024575233,0.9558257460594177,0.0160065870732069,0.00031469701207242906
0.9978910088539124,0.001831829664297402,0.00015023867308627814,8.326025272253901e-05,4.3691310565918684e-05
0.9982993006706238,0.0014850773150101304,0.00015234094462357461,4.137462019571103e-05,2.196651985286735e-05
0.0003839138662442565,0.0010973118478432298,0.9348817467689514,0.06330805271863937,0.00032898859353736043
0.9994603991508484,0.0004303401801735163,6.941152969375253e-05,2.5500250558252446e-05,1.4413455573958345e-05
0.9727712273597717,0.026397718116641045,0.00045988266356289387,0.0002657650038599968,0.00010539792128838599
0.99953293800354,0.0003926327044609934,4.461294520297088e-05,2.1920584913459606e-05,7.86050168244401e-06
0.9977397918701172,0.0020806642714887857,9.497645805822685e-05,5.370951839722693e-05,3.090343307121657e-05
0.9989786148071289,0.0007421487825922668,0.00020020587544422597,4.8289846745319664e-05,3.074604683206417e-05
0.0004728619533125311,0.002195348497480154,0.005831483751535416,0.11327289044857025,0.8782274127006531
0.00045170492376200855,0.0012842209544032812,0.6447805166244507,0.35244351625442505,0.001040032017044723
0.0005742132780142128,0.2776618003845215,0.7134474515914917,0.00787507276982069,0.00044150897883810103
0.0010005197254940867,0.0009856494143605232,0.012772226706147194,0.8305405378341675,0.1547011137008667
0.19117002189159393,0.7874159216880798,0.020189840346574783,0.0009630123386159539,0.00026120865368284285
0.0006133565329946578,0.0019818583969026804,0.9056903123855591,0.09129142761230469,0.0004230233025737107
0.0010834996355697513,0.007879688404500484,0.6978381872177124,0.2918713390827179,0.0013273295480757952
0.009224463254213333,0.3718772530555725,0.46933749318122864,0.1485971361398697,0.0009636716567911208
0.002069662557914853,0.002936936216428876,0.48387229442596436,0.5096074938774109,0.0015136438887566328
0.7157338261604309,0.2787312865257263,0.004551016725599766,0.0005734279984608293,0.0004104181134607643
0.04613106697797775,0.9332926869392395,0.019257541745901108,0.0010175786446779966,0.0003011590742971748
0.9989498257637024,0.0008532979409210384,0.00014837452908977866,3.2928608561633155e-05,1.56138812599238e-05
0.00046793356887064874,0.0007605117280036211,0.05097134783864021,0.9241959452629089,0.023604199290275574
0.0013076462782919407,0.09827569127082825,0.8843587636947632,0.01573987491428852,0.0003180002677254379
0.0003347659367136657,0.004177455324679613,0.4947015941143036,0.5002530217170715,0.000533163663931191
0.9991225600242615,0.000688772473949939,0.00012690725270658731,3.682105671032332e-05,2.494247382855974e-05
0.0064676012843847275,0.007590081542730331,0.07590394467115402,0.50944983959198,0.4005885124206543
0.9985365867614746,0.0009468304342590272,0.0003875998663716018,9.05939014046453e-05,3.8386438973248005e-05
0.786032497882843,0.1993097960948944,0.013659789226949215,0.0007495608297176659,0.0002483947027940303
0.3766325116157532,0.5478687882423401,0.07215572148561478,0.002834669081494212,0.0005083246505819261
0.0005289019318297505,0.0010601513786241412,0.01208864152431488,0.7731250524520874,0.21319720149040222
0.0005883321282453835,0.0011373399756848812,0.022243011742830276,0.9166921973228455,0.059339169412851334
0.0005396476481109858,0.0010770841035991907,0.04156327620148659,0.9505152702331543,0.006304753478616476
0.0035913174506276846,0.004840083420276642,0.5556808710098267,0.43228647112846375,0.003601261880248785
0.0005244746571406722,0.00119098334107548,0.05776036158204079,0.9391161203384399,0.0014080737018957734
0.0003220185753889382,0.0003356334345880896,0.025363627821207047,0.9729653000831604,0.0010134063195437193
0.0002543548762332648,0.0004824294592253864,0.04986342787742615,0.9417955875396729,0.007604228798300028
0.5818115472793579,0.4136449694633484,0.0033252607099711895,0.0006263246177695692,0.0005919093964621425
0.00020596715330611914,0.01593058556318283,0.9832964539527893,0.0004930882714688778,7.38922826712951e-05
0.0005305835511535406,0.0011678264709189534,0.9698243141174316,0.028254074975848198,0.00022323502344079316
5.0733469834085554e-05,0.00011665999045362696,0.00029389382689259946,0.004869944415986538,0.9946687817573547
0.9988419413566589,0.0008405586704611778,0.00021201130584813654,8.184910984709859e-05,2.3721133402432315e-05
0.0002257846063002944,0.012395584024488926,0.9824220538139343,0.004695961717516184,0.0002606536145322025
0.7898425459861755,0.1876850575208664,0.018972668796777725,0.003002891317009926,0.0004968163557350636
0.9985042810440063,0.0012690452858805656,0.00016982713714241982,3.5387842217460275e-05,2.1450530766742304e-05
0.20900259912014008,0.7748942971229553,0.015079977922141552,0.000608776812441647,0.00041431892896071076
0.0014642957830801606,0.0033916300162672997,0.5641751885414124,0.42954519391059875,0.001423720270395279
0.9953782558441162,0.0037965835072100163,0.0005367709090933204,0.00023559757391922176,5.283439895720221e-05
0.0014224696205928922,0.002121077151969075,0.037604931741952896,0.6553752422332764,0.3034762740135193
0.9988334774971008,0.0010206607403233647,9.415557724423707e-05,3.794775693677366e-05,1.372275801259093e-05
0.0006925750058144331,0.0014491294277831912,0.1610284447669983,0.8353755474090576,0.0014543288853019476
0.9985981583595276,0.0008224218036048114,0.0004956171032972634,5.3564795962302014e-05,3.0221595807233825e-05
0.9383841156959534,0.06041499227285385,0.0008148021879605949,0.00024710680008865893,0.00013892375864088535
0.0008892757468856871,0.8865208625793457,0.1105920821428299,0.0018156601581722498,0.00018212408758699894
0.0022489670664072037,0.8961249589920044,0.10024331510066986,0.001190019422210753,0.00019274766964372247
0.9983468055725098,0.0014859010698273778,9.00248414836824e-05,4.721242294181138e-05,3.0111670639598742e-05
9.501005843048915e-05,0.0001587807055329904,0.0008240416646003723,0.08909734338521957,0.9098248481750488
0.4785054922103882,0.4886537790298462,0.030489569529891014,0.0019084105733782053,0.0004427936510182917
0.02908121608197689,0.15411598980426788,0.8157919049263,0.0007155346102081239,0.0002953333023469895
0.00035496606142260134,0.03055827133357525,0.9625546336174011,0.0063860355876386166,0.0001460777421016246
0.9988743662834167,0.000904202985111624,0.00016858568415045738,3.608751285355538e-05,1.676606188993901e-05
0.0007564512779936194,0.05580860376358032,0.9318789839744568,0.011275902390480042,0.0002800102229230106
0.00031789796776138246,0.002144697355106473,0.9908662438392639,0.006514143198728561,0.00015703703684266657
0.0003559572505764663,0.001470439019612968,0.950770914554596,0.04703580215573311,0.0003668473509605974
0.0003577257739380002,0.0010171638568863273,0.17120863497257233,0.8269609808921814,0.0004554787592496723
0.0005539148114621639,0.0013883314095437527,0.01635029911994934,0.9756248593330383,0.006082606501877308
0.9979161620140076,0.0015780285466462374,0.00039137061685323715,7.508509588660672e-05,3.936389839509502e-05
0.9984524250030518,0.0011831686133518815,0.00024220513296313584,0.00010096631740452722,2.1194693545112386e-05
0.8692429065704346,0.12033878266811371,0.00934757199138403,0.0008465748396702111,0.00022414613340515643
0.0004228597681503743,0.0010535920737311244,0.7313065528869629,0.26696085929870605,0.0002561728470027447
0.9855228662490845,0.014088140800595284,0.00024313631001859903,9.571053669787943e-05,5.019636591896415e-05
0.0010883944341912866,0.30834347009658813,0.6801960468292236,0.009975622408092022,0.00039645069045946
0.004375068005174398,0.06239033862948418,0.8343894481658936,0.09816468507051468,0.0006804122240282595
0.9495991468429565,0.0461696982383728,0.003362669376656413,0.000552164507098496,0.0003163498477078974
0.8232486844062805,0.17071622610092163,0.005404534749686718,0.00043773200013674796,0.00019282290304545313
9.976840374292806e-05,0.00017664540791884065,0.0012249285355210304,0.008839070796966553,0.9896596074104309
0.0028015212155878544,0.26413530111312866,0.6888574957847595,0.04357283189892769,0.0006328476592898369
0.00048204342601820827,0.0012294522020965815,0.7846654653549194,0.21279390156269073,0.0008291588164865971
0.9963079690933228,0.0028831365052610636,0.0005756437312811613,0.00016426887304987758,6.903098983457312e-05
0.6552785634994507,0.33147603273391724,0.012638385407626629,0.000357106706360355,0.000249939359491691
0.011218451894819736,0.967470645904541,0.019945524632930756,0.0011532456846907735,0.00021209796250332147
0.9596399068832397,0.038726016879081726,0.0013130789157003164,0.00021454125817399472,0.00010638657840900123
0.016321752220392227,0.8884269595146179,0.09366009384393692,0.0013952264562249184,0.00019598296785261482
0.0001788072258932516,0.015871945768594742,0.9830315113067627,0.0008694159332662821,4.830431498703547e-05
0.7334609627723694,0.255316823720932,0.010486452840268612,0.0005800678627565503,0.0001556448987685144
0.9991791844367981,0.0007153144688345492,5.76776874368079e-05,3.114096034551039e-05,1.667373908276204e-05
0.6515366435050964,0.27650949358940125,0.07008732855319977,0.001335601438768208,0.0005309069529175758
0.004640747793018818,0.28157949447631836,0.419344425201416,0.29234805703163147,0.002087212633341551
0.0004102897655684501,0.04217969626188278,0.949296236038208,0.007937689311802387,0.00017613523232284933
0.0004435224109329283,0.0005328078405000269,0.9270882606506348,0.07144147902727127,0.000493974715936929
0.9985955357551575,0.0012350009055808187,0.00011144387099193409,3.434341851971112e-05,2.3690055968472734e-05
0.0020693731494247913,0.9118772745132446,0.08526599407196045,0.0006630306597799063,0.00012433964002411813
0.9638859629631042,0.03536083176732063,0.00043381008435972035,0.00020943542767781764,0.00010995488992193714
0.00026946913567371666,0.00183604855556041,0.9879504442214966,0.00978497788310051,0.00015911344962660223
0.0815773457288742,0.7835646271705627,0.10485410690307617,0.02783156745135784,0.002172376262024045
0.00048647148651070893,0.2408028542995453,0.7566651701927185,0.0018844460137188435,0.00016103623784147203
0.0003261764068156481,0.0006831205100752413,0.07479652017354965,0.9231253266334534,0.0010688651818782091
0.0013994015753269196,0.14192050695419312,0.8170087337493896,0.038485243916511536,0.0011860562954097986
0.59220290184021,0.40349575877189636,0.003660762682557106,0.00047310959780588746,0.00016747944755479693
0.0020177920814603567,0.778549075126648,0.21627165377140045,0.002869912888854742,0.000291538133751601
0.001588361570611596,0.682183027267456,0.3148609399795532,0.0012403036234900355,0.00012740747479256243
0.0007241771672852337,0.007896935567259789,0.41443967819213867,0.5766471028327942,0.00029205274768173695
0.0006246406119316816,0.0020318494644016027,0.3383897542953491,0.6579182744026184,0.001035478082485497
0.9515286684036255,0.0471593476831913,0.0006922375177964568,0.0004661045386455953,0.00015363696729764342
0.2868186831474304,0.6957439184188843,0.016644250601530075,0.0005144352908246219,0.00027871638303622603
0.9990229606628418,0.000817794818431139,0.00010042900976259261,4.029240517411381e-05,1.8550606910139322e-05
0.0007202426204457879,0.011094962246716022,0.4086608588695526,0.5782399773597717,0.0012839027913287282
0.010225112549960613,0.8962796926498413,0.09185358881950378,0.0013587514404207468,0.0002828420838341117
0.9991183876991272,0.0007833532290533185,4.9425238103140146e-05,3.6752775486093014e-05,1.2094191333744675e-05
0.000641754362732172,0.0012929266085848212,0.061622437089681625,0.9034510254859924,0.03299188241362572
0.0001251001813216135,0.00016173967742361128,0.00363523350097239,0.03424215316772461,0.9618357419967651
0.0002139686548616737,0.00019721775606740266,0.004898186307400465,0.06971988081932068,0.9249707460403442
0.0023310701362788677,0.120761439204216,0.6634142398834229,0.21291953325271606,0.0005737408064305782
0.23141945898532867,0.7039260268211365,0.05340347811579704,0.01005857065320015,0.0011924736900255084
0.9983470439910889,0.001327594742178917,0.00022857882140669972,7.366685895249248e-05,2.3171111024566926e-05
0.00032173917861655354,0.0006744826678186655,0.009809501469135284,0.21371036767959595,0.7754839062690735
0.9945515990257263,0.0027149596717208624,0.0024095717817544937,0.0002149774372810498,0.00010889281111303717
0.9994164705276489,0.00041287089698016644,0.000104716164059937,4.429827458807267e-05,2.1644566004397348e-05
0.0007164333364926279,0.0020142195280641317,0.47254952788352966,0.5239896774291992,0.0007301130681298673
4.114895637030713e-05,9.651446453062817e-05,0.0002566371113061905,0.004515062551945448,0.9950906038284302
0.0014022819232195616,0.6513501405715942,0.34575146436691284,0.0013267945032566786,0.00016934610903263092
0.4271085560321808,0.5567622780799866,0.014432464726269245,0.0012222607620060444,0.00047444357187487185
0.0017066970467567444,0.0066003515385091305,0.12079256772994995,0.7834935188293457,0.08740688860416412
0.13531464338302612,0.6776981949806213,0.18351785838603973,0.002911417977884412,0.0005578523268923163
0.0013496405445039272,0.40791311860084534,0.5797819495201111,0.010520578362047672,0.00043472074321471155
0.0003518958983477205,0.0014318443136289716,0.1042483001947403,0.8934386372566223,0.0005292620626278222
0.000371878850273788,0.0005093355430290103,0.1776258796453476,0.8205374479293823,0.0009554847492836416
0.8897408246994019,0.10763385146856308,0.0019191448809579015,0.0004928545677103102,0.00021332190954126418
0.8761457204818726,0.11420311778783798,0.009015623480081558,0.00043493651901371777,0.00020060988026671112
0.8758566975593567,0.12251392751932144,0.0009718362125568092,0.000442210934124887,0.00021527883654925972
0.0005157048581168056,0.5686872601509094,0.42862173914909363,0.002006279770284891,0.0001690427161520347
0.0003448903444223106,0.0007744208560325205,0.24881789088249207,0.7493106722831726,0.0007520865765400231
0.7322542071342468,0.26107025146484375,0.006174815818667412,0.0003031891828868538,0.00019755895482376218
0.00033836832153610885,0.002747624646872282,0.9875746369361877,0.009231537580490112,0.00010788560757646337
0.061259761452674866,0.9119669198989868,0.024784522131085396,0.0016006485093384981,0.00038812795537523925
0.9993857145309448,0.00048318307381123304,8.971592615125701e-05,2.4352397304028273e-05,1.7023134205373935e-05
0.9578258395195007,0.040296897292137146,0.0014551904750987887,0.0003107957891188562,0.00011131887731608003
0.9614037275314331,0.034768976271152496,0.003574104281142354,0.00015894733951427042,9.427031909581274e-05
0.998880922794342,0.0009155696607194841,0.00013734966341871768,3.7863122997805476e-05,2.8326490792096592e-05
0.9813917875289917,0.01828235574066639,0.0002133021771442145,6.585082883248106e-05,4.6706543798791245e-05
0.9989514350891113,0.0008861337555572391,0.00010939238563878462,3.731523611349985e-05,1.5663244994357228e-05
0.0005958154797554016,0.019083863124251366,0.9192461371421814,0.06070912629365921,0.00036509695928543806
0.9344584941864014,0.06344419717788696,0.0018442883156239986,0.00019760234863497317,5.5435255490010604e-05
0.9980307221412659,0.0015660213539376855,0.00030080057331360877,7.161052053561434e-05,3.084780473727733e-05
0.0004727675986941904,0.00045043148566037416,0.042912792414426804,0.8425270318984985,0.11363699287176132
0.5217450857162476,0.43579190969467163,0.040974900126457214,0.000926182372495532,0.0005619529983960092
0.9645075798034668,0.03429558873176575,0.0008873565820977092,0.00021203962387517095,9.742123074829578e-05
0.0010188132291659713,0.004288173746317625,0.5076382756233215,0.48593518137931824,0.0011195932747796178
7.873668073443696e-05,0.0001094532708521001,0.0005860531236976385,0.03479970619082451,0.9644261002540588
0.5054371356964111,0.3041801452636719,0.18806271255016327,0.0015872691292315722,0.0007327641942538321
0.0002888620656449348,0.0003995714650955051,0.013390249572694302,0.6277183294296265,0.3582029640674591
0.0002129327622242272,0.00027556309942156076,0.0030172006227076054,0.13664796948432922,0.8598463535308838
0.3166857361793518,0.6598151326179504,0.022709596902132034,0.0005239653401076794,0.0002655304269865155
0.0018712597666308284,0.0023514635395258665,0.16557538509368896,0.6818105578422546,0.14839135110378265
0.998263418674469,0.0013479158515110612,0.00022671633632853627,0.00012535530549939722,3.655702676041983e-05
0.9980373978614807,0.001778587349690497,0.00012436634278856218,3.7137127947062254e-05,2.253838647447992e-05
0.0021702784579247236,0.14520417153835297,0.8511967658996582,0.0010204730788245797,0.0004082804953213781
0.0003685712581500411,0.0006583664799109101,0.006767936050891876,0.8032479882240295,0.188957080245018
0.9893925189971924,0.010029667057096958,0.00035620960989035666,0.0001651273196330294,5.649723607348278e-05
0.0004645399749279022,0.027941547334194183,0.9684139490127563,0.0030006328597664833,0.00017937130178324878
0.9883389472961426,0.010081599466502666,0.0012533579720184207,0.00018037986592389643,0.00014568082406185567
0.000767083780374378,0.0022348237689584494,0.9689013957977295,0.027803663164377213,0.0002930405316874385
0.0008583973394706845,0.0016075177118182182,0.6861330270767212,0.31042322516441345,0.0009778760140761733
0.00014104138244874775,0.0014095391379669309,0.9883285760879517,0.01004666369408369,7.421110785799101e-05
0.00023767902166582644,0.0003710711607709527,0.009877302683889866,0.959770917892456,0.02974298596382141
0.0006295787752605975,0.0013357787393033504,0.0029227554332464933,0.20039908587932587,0.7947128415107727
0.0007830339018255472,0.2757379710674286,0.6605614423751831,0.06244397163391113,0.0004735433612950146
0.0008526656311005354,0.11569654941558838,0.8813663721084595,0.0018840811681002378,0.00020038416550960392
0.1373945027589798,0.8532341122627258,0.007872078567743301,0.0011407802812755108,0.0003584898076951504
0.00043522080522961915,0.0013399162562564015,0.9945393204689026,0.0036114691756665707,7.413016282953322e-05
0.999140739440918,0.0006905553163960576,0.00011609659850364551,3.2956391805782914e-05,1.9629247617558576e-05
0.999427855014801,0.0004350367817096412,8.531398634659126e-05,3.32839808834251e-05,1.845686711021699e-05
0.0017233174294233322,0.0019793445244431496,0.43788737058639526,0.5566370487213135,0.0017729002283886075
0.0003922453033737838,0.0013197048101574183,0.8317303657531738,0.16529721021652222,0.0012604612857103348
0.9536788463592529,0.04531172290444374,0.0006009942735545337,0.0003116661391686648,9.669912833487615e-05
0.9972223043441772,0.0023125975858420134,0.0003407308831810951,7.969192665768787e-05,4.471411375561729e-05
0.000913676165509969,0.15106777846813202,0.8335790634155273,0.014000197872519493,0.00043928116792812943
0.8860193490982056,0.11053051799535751,0.0015300334198400378,0.001511103706434369,0.00040896114660426974
0.000709646032191813,0.000992878107354045,0.010306434705853462,0.44375962018966675,0.5442314147949219
0.00031457236036658287,0.0006503114709630609,0.0033157789148390293,0.8558902740478516,0.13982905447483063
0.007069193292409182,0.1492307484149933,0.7806254625320435,0.06242934986948967,0.0006452510715462267
0.001210868125781417,0.001748205628246069,0.17574121057987213,0.8190246224403381,0.0022751602809876204
0.9238324165344238,0.07489628344774246,0.0010415150318294764,0.0001530454319436103,7.672611536690965e-05
2.2329310013446957e-05,3.16815530823078e-05,0.00038314491393975914,0.0020815867464989424,0.9974812865257263
0.14953292906284332,0.8129815459251404,0.03558432310819626,0.0015342285623773932,0.0003669428697321564
0.998817503452301,0.0008166361949406564,0.00028004887280985713,5.060717376181856e-05,3.519284291542135e-05
0.002493448555469513,0.006047018337994814,0.4078129231929779,0.5759689807891846,0.0076776230707764626
0.00036056427052244544,0.002395536983385682,0.9602356553077698,0.03681915998458862,0.00018908960919361562
0.9991297125816345,0.0005991740035824478,0.00021830010518897325,3.1576386390952393e-05,2.123995727743022e-05
0.003312164219096303,0.3685740530490875,0.6226902008056641,0.00504695437848568,0.00037664780393242836
0.0004970304435119033,0.005315952934324741,0.9013781547546387,0.09199206531047821,0.0008167845662683249
0.00152846600394696,0.03879681974649429,0.9469103813171387,0.012595170177519321,0.0001691835786914453
0.0004307354392949492,0.0012496592244133353,0.9357209205627441,0.062379997223615646,0.00021869824558962137
0.9980146884918213,0.0016047877725213766,0.00021811577607877553,0.0001344246556982398,2.7934716854360886e-05
0.9986230134963989,0.0009489246876910329,0.00021324910630937666,0.00015499339497182518,5.9866510127903894e-05
0.03620313107967377,0.9599276185035706,0.002722869860008359,0.0006545328651554883,0.0004918516497127712
0.9988601207733154,0.0009322339901700616,0.0001398364402120933,4.754048495669849e-05,2.033090277109295e-05
0.00027477482217364013,0.000290705356746912,0.004550481215119362,0.14734557271003723,0.8475384712219238
0.6102018356323242,0.3822145164012909,0.006736550480127335,0.0006174396257847548,0.0002296455786563456
0.00022535570315085351,0.00045384606346488,0.023356743156909943,0.9681795835494995,0.0077844359911978245
0.8777660131454468,0.12116001546382904,0.0006226014229469001,0.0002599001454655081,0.0001914359600050375
0.9987474679946899,0.0010328658390790224,0.00014568681945092976,4.406862717587501e-05,2.993834095832426e-05
0.1424221396446228,0.8363458514213562,0.019105009734630585,0.0015072101959958673,0.0006197913317009807
0.9712571501731873,0.027584735304117203,0.000880262057762593,0.00015997278387658298,0.00011784656817326322
0.00017862078675534576,0.0004678211407735944,0.011800547130405903,0.9726998209953308,0.014853168278932571
0.002641835017129779,0.00921177864074707,0.34395766258239746,0.637200117111206,0.006988550070673227
0.04894205555319786,0.2202460914850235,0.7290136218070984,0.0011193675454705954,0.0006788576138205826
0.0009049820364452899,0.003245698055252433,0.142436683177948,0.851274847984314,0.0021378137171268463
0.0010857164161279798,0.026343990117311478,0.9722573161125183,0.00022185513807926327,9.107105142902583e-05
0.0005429152515716851,0.0056823366321623325,0.9503771066665649,0.04314720258116722,0.0002504292060621083
0.9922590851783752,0.007147566881030798,0.0003449223004281521,0.00018009397899731994,6.82747268001549e-05
0.00029457651544362307,0.002664292696863413,0.9877443909645081,0.009142131544649601,0.00015465063916053623
0.00017364583618473262,0.0002838565851561725,0.01732754521071911,0.9740361571311951,0.00817874912172556
0.1765085607767105,0.8111662864685059,0.011240408755838871,0.0007660695700906217,0.00031868027872405946
0.9989157915115356,0.0006971760303713381,0.00023210317885968834,0.00010647943418007344,4.842358976020478e-05
0.998195469379425,0.0014409155119210482,0.0002040501858573407,0.0001222669379785657,3.729137097252533e-05
0.4706725478172302,0.5145805478096008,0.012465369887650013,0.0016116721089929342,0.0006698500947095454
0.03800312057137489,0.8478041887283325,0.11319506168365479,0.0006421334110200405,0.0003555306466296315
0.002074466785416007,0.8866708874702454,0.10914124548435211,0.0018976596184074879,0.00021578888117801398
0.0008772441651672125,0.10574046522378922,0.8895953893661499,0.00355150387622416,0.00023533846251666546
0.997372031211853,0.0014655435224995017,0.0010719619458541274,5.314976078807376e-05,3.726593786268495e-05
0.06126099452376366,0.9293172955513,0.008324481546878815,0.0009184482623822987,0.0001787970686564222
0.00022832819377072155,0.00022454083955381066,0.008076620288193226,0.8774189949035645,0.11405153572559357
0.9878740906715393,0.011224128305912018,0.0005916841328144073,0.00022819569858256727,8.194481779355556e-05
0.02405252680182457,0.9437691569328308,0.03127932548522949,0.0007496002363041043,0.00014940208347979933
0.0005054849898442626,0.0017241901950910687,0.007169089745730162,0.7878151535987854,0.20278602838516235
0.9386041164398193,0.060083288699388504,0.0009205493843182921,0.0002706802624743432,0.00012136849545640871
0.0018677158514037728,0.0024862748105078936,0.4460461139678955,0.48541197180747986,0.06418798118829727
0.0007664202712476254,0.001779616461135447,0.4622727632522583,0.5344575643539429,0.0007235970115289092
0.669714629650116,0.3198501169681549,0.009253137744963169,0.0007698434637859464,0.0004122487735003233
8.106042514555156e-05,0.00011707942758221179,0.0004112338647246361,0.017192641273140907,0.9821979403495789
0.0007383606862276793,0.0015583309577777982,0.1428239941596985,0.8341993093490601,0.020680030807852745
0.0010433315765112638,0.026990028098225594,0.9605981707572937,0.011110746301710606,0.00025768275372684
0.0003253823088016361,0.043633684515953064,0.9538711309432983,0.0019449664978310466,0.0002248275704914704
0.9994737505912781,0.0003764192224480212,0.00011122979049105197,2.3045929992804304e-05,1.559236079629045e-05
0.00017884255794342607,0.00029350421391427517,0.0020538014359772205,0.9963111281394958,0.0011626918567344546
0.9146602749824524,0.08408131450414658,0.000846582930535078,0.0002617496647872031,0.0001500913203926757
0.9977923631668091,0.001592025044374168,0.000480360584333539,8.15717430668883e-05,5.370799408410676e-05
0.0012190381530672312,0.3369154930114746,0.6555626392364502,0.006061754655092955,0.00024110324739012867
0.9209343791007996,0.07529260963201523,0.0032569083850830793,0.0003080528986174613,0.00020801168284378946
0.1981378197669983,0.78619384765625,0.014242404140532017,0.0012068290961906314,0.0002190782397519797
0.011721747927367687,0.5982925295829773,0.3793957233428955,0.00955140870064497,0.0010386061621829867
0.0008266714285127819,0.0014557515969499946,0.11973414570093155,0.8646807074546814,0.0133027583360672
0.0005468421732075512,0.0011439049849286675,0.13123482465744019,0.8661924004554749,0.0008820242946967483
0.9963811039924622,0.003177204867824912,0.0002859748783521354,0.0001049019192578271,5.0832826673286036e-05
0.000608092756010592,0.001353574451059103,0.028309771791100502,0.9690601229667664,0.0006683849496766925
0.0010263712611049414,0.17892472445964813,0.811614990234375,0.008005666546523571,0.0004282881272956729
0.9593056440353394,0.038905251771211624,0.0014831789303570986,0.0002459471288602799,5.993038212182e-05
0.005405779462307692,0.0042882016859948635,0.3689687252044678,0.6026633381843567,0.018673956394195557
0.010515463538467884,0.2534145712852478,0.6894204020500183,0.045797672122716904,0.0008518747636117041
0.0006723664700984955,0.001107999007217586,0.5116583108901978,0.4857781231403351,0.0007832212722860277
0.0002672306727617979,0.0025764794554561377,0.9362349510192871,0.06066686660051346,0.00025450761313550174
0.9993267059326172,0.0005211849347688258,6.296677747741342e-05,7.234938675537705e-05,1.6772086382843554e-05
0.0003852402442134917,0.006091022398322821,0.9832161068916321,0.010174291208386421,0.0001332929969066754
0.9555671811103821,0.043713685125112534,0.0005377329071052372,0.00013011807459406555,5.133326703798957e-05
0.00045216840226203203,0.000782545714173466,0.01212441548705101,0.7252614498138428,0.2613794505596161
0.0007910536951385438,0.004345439840108156,0.7717369794845581,0.22229646146297455,0.0008300906629301608
0.0006638080812990665,0.09596949070692062,0.8816639184951782,0.02146042138338089,0.00024239547201432288
0.0009659435017965734,0.0015114573761820793,0.012750059366226196,0.983063280582428,0.0017091796034947038
0.44375696778297424,0.503827691078186,0.05086721479892731,0.0010298762936145067,0.0005182074964977801
0.29666152596473694,0.6777883172035217,0.02216866984963417,0.0029244536999613047,0.00045702807256020606
0.003785778535529971,0.3478831946849823,0.6452594995498657,0.002813531318679452,0.0002579504798632115
0.0005114933010190725,0.20965443551540375,0.7856656312942505,0.0037399064749479294,0.0004285215400159359
0.0010972995078191161,0.32210296392440796,0.6708576083183289,0.00545941898599267,0.00048274113214574754
0.0005002364632673562,0.0008211199310608208,0.1108052060008049,0.885735809803009,0.0021376668009907007
0.0003496868012007326,0.09752155095338821,0.9008656740188599,0.00113759096711874,0.00012547876394819468
0.0005545711028389633,0.0018037293339148164,0.8326754570007324,0.16441456973552704,0.0005517411627806723
0.18101732432842255,0.7842267751693726,0.033896464854478836,0.0006130125839263201,0.00024641407071612775
0.00020389922428876162,0.0005768283735960722,0.0016575332265347242,0.016699569299817085,0.9808622002601624
0.0007986548589542508,0.002376675372943282,0.21121037006378174,0.7686118483543396,0.017002496868371964
0.07740229368209839,0.9141115546226501,0.006780591793358326,0.0009454243700020015,0.0007601336692459881
0.3272564709186554,0.669920802116394,0.002337950747460127,0.00027697355835698545,0.0002077819808619097
0.9053524136543274,0.09193193912506104,0.0016806774074211717,0.0007569181616418064,0.0002780889335554093
0.0003217624325770885,0.08120150864124298,0.9161741733551025,0.0022120894864201546,9.046526974998415e-05
0.6512669920921326,0.3351566791534424,0.012797186151146889,0.0005797735648229718,0.000199347356101498
0.000336514669470489,0.0008739270851947367,0.056898295879364014,0.9416359663009644,0.00025528008700348437
0.6025598049163818,0.3805033266544342,0.015172513201832771,0.0014033288462087512,0.0003609928535297513
0.9939345717430115,0.005851359572261572,0.00014854929759167135,3.892299719154835e-05,2.6652984161046334e-05
0.005592360161244869,0.15047302842140198,0.8433403968811035,0.0004150013264734298,0.0001791940740076825
0.0005042955745011568,0.0008952849311754107,0.4204472601413727,0.5768980979919434,0.001255091861821711
0.00026910591986961663,0.0012586924713104963,0.20244573056697845,0.7957131862640381,0.0003133055579382926
8.59630381455645e-05,0.00012004223390249535,0.00048656717990525067,0.01004678662866354,0.9892606735229492
0.9116726517677307,0.086863212287426,0.0009190576965920627,0.0003663229290395975,0.0001787485962267965
0.0006884781178086996,0.001482482417486608,0.14125970005989075,0.8439413905143738,0.012627950869500637
0.06009341776371002,0.7398872375488281,0.19777509570121765,0.0016305935569107533,0.0006136478041298687
0.9985161423683167,0.0013531383592635393,7.451472629327327e-05,3.798957186518237e-05,1.8264467144035734e-05
0.0014420684892684221,0.004513649269938469,0.6098868250846863,0.3638226091861725,0.020334845408797264
0.5910348296165466,0.36767929792404175,0.03459060192108154,0.005253700073808432,0.001441562781110406
0.7832567691802979,0.20388658344745636,0.011690146289765835,0.0009861341677606106,0.0001803600462153554
0.0009691867744550109,0.004380045458674431,0.8401234149932861,0.1538887321949005,0.000638635247014463
5.127309850649908e-05,8.101639105007052e-05,0.00033564353361725807,0.01149598229676485,0.988036036491394
0.00024863480939529836,0.0005398832727223635,0.0030392382759600878,0.10697945952415466,0.8891927599906921
0.005286910571157932,0.6686463356018066,0.31860116124153137,0.007094511762261391,0.00037110381526872516
0.01577981375157833,0.9383749961853027,0.045236896723508835,0.0004482358053792268,0.00016009937098715454
0.0007771882810629904,0.0021998712327331305,0.9186220169067383,0.07793056219816208,0.00047038058983162045
0.00047161849215626717,0.0005231609102338552,0.22638188302516937,0.7677441239356995,0.004879179876297712
0.0056592971086502075,0.8278172016143799,0.1657436192035675,0.0006083499174565077,0.00017153177759610116
0.0010549130383878946,0.002779870294034481,0.6901860237121582,0.30490562319755554,0.0010735875694081187
0.9992954730987549,0.0006041890010237694,5.9870271797990426e-05,2.817228414642159e-05,1.228795008501038e-05
0.4507526755332947,0.4984021782875061,0.04948250204324722,0.0008725164225324988,0.0004901225911453366
0.005293377675116062,0.004057757090777159,0.8889147043228149,0.10107991099357605,0.0006542485789395869
0.9974763989448547,0.00216785934753716,0.0002453172637615353,6.543911877088249e-05,4.502233787206933e-05
0.00034197859349660575,0.0239796731621027,0.9714797139167786,0.004022715613245964,0.00017587197362445295
0.0002914975630119443,0.0003092541010119021,0.011751649901270866,0.9869887828826904,0.0006588083924725652
0.0012196453753858805,0.001275497255846858,0.03162331134080887,0.4670776426792145,0.49880385398864746
0.08336842060089111,0.5265445113182068,0.38271117210388184,0.0063613043166697025,0.0010145698906853795
0.001056578243151307,0.4424123167991638,0.5530710816383362,0.003240490099415183,0.0002195816341554746
0.0004578476073220372,0.0009880453580990434,0.2383355051279068,0.7542979121208191,0.005920735187828541
0.0001767930225469172,0.00016807271458674222,0.009951230138540268,0.9886971712112427,0.0010067782131955028
0.001119266846217215,0.12680919468402863,0.8339795470237732,0.03762271627783775,0.00046929356176406145
2.4026485334616154e-05,3.824927262030542e-05,0.00010088879935210571,0.001343703712336719,0.9984930753707886
0.0005850712768733501,0.23012010753154755,0.7422233819961548,0.026011640205979347,0.0010598168009892106
0.4918532371520996,0.4815024435520172,0.024383552372455597,0.0017815408064052463,0.0004791925603058189
0.9994271993637085,0.0004587164439726621,7.315954280784354e-05,2.328141636098735e-05,1.7630103684496135e-05
0.9699373841285706,0.029370665550231934,0.00046333615318872035,0.00014675941201858222,8.183759928215295e-05
0.003382135881111026,0.12477067112922668,0.781144380569458,0.0900564193725586,0.0006464073085226119
0.0003288218576926738,0.0005041338736191392,0.014021486043930054,0.5189276337623596,0.46621790528297424
0.9993439316749573,0.0005685697542503476,4.7324025217676535e-05,2.9093742341501638e-05,1.1102718417532742e-05
0.0014022982213646173,0.34939679503440857,0.6478233933448792,0.0012098414590582252,0.00016770631191320717
0.626699686050415,0.36516687273979187,0.007408380042761564,0.0005492667551152408,0.0001758014695951715
0.5820186138153076,0.4155001938343048,0.0017053716583177447,0.0006002839072607458,0.00017558081890456378
0.0010540226940065622,0.5956503748893738,0.4005635678768158,0.002549483673647046,0.0001825266081141308
0.0016595824854448438,0.0024038644041866064,0.03702002018690109,0.9405251741409302,0.018391314893960953
0.9561143517494202,0.042982012033462524,0.0007043812074698508,0.00012947851791977882,6.980846228543669e-05
0.8923100829124451,0.10174854099750519,0.005118913482874632,0.0005649983650073409,0.00025744704180397093
0.0006633813609369099,0.0010177495423704386,0.008613836020231247,0.9882530570030212,0.001451948774047196
0.0001546461135149002,0.0004319795116316527,0.002021713647991419,0.9967845678329468,0.0006070482195354998
0.006544491276144981,0.39279940724372864,0.5952131748199463,0.004978150129318237,0.00046483823098242283
0.9989584684371948,0.0007796893478371203,0.00020392765873111784,4.465215533855371e-05,1.3233813660917804e-05
0.987200140953064,0.012105496600270271,0.0004598454397637397,0.00016643622075207531,6.807305908296257e-05
0.005957405082881451,0.012841048650443554,0.12138112634420395,0.8533621430397034,0.006458233576267958
0.004277178552001715,0.5305246710777283,0.4615252912044525,0.003353976411744952,0.0003189109265804291
0.11133662611246109,0.8694685101509094,0.017940109595656395,0.0009139639441855252,0.00034082529600709677
0.9994727969169617,0.00039124483009800315,0.00010560371447354555,1.9560915461624973e-05,1.0851340448425617e-05
0.026823310181498528,0.9639126658439636,0.008698496967554092,0.0003916881396435201,0.00017384826787747443
0.0005526565946638584,0.15316534042358398,0.8449746370315552,0.0011966289021074772,0.00011077149247284979
0.0007983355899341404,0.001109807169996202,0.6039533615112305,0.3926745057106018,0.0014639985747635365
0.9969189167022705,0.002392545808106661,0.0005319788469932973,0.00010487889085197821,5.173066529096104e-05
0.9987695813179016,0.0010542967356741428,0.00011924329737666994,3.736049620783888e-05,1.946194242918864e-05
0.00048534304369241,0.0021831130143254995,0.33994778990745544,0.656024158000946,0.001359541085548699
0.005116565618664026,0.0044540357775986195,0.7860615253448486,0.20292624831199646,0.0014416398480534554
0.0019930528942495584,0.005503690801560879,0.17604246735572815,0.814110279083252,0.00235046842135489
0.9933390021324158,0.005995404440909624,0.0004680310667026788,0.00011009718582499772,8.748563413973898e-05
0.0003566598752513528,0.0008942662389017642,0.006828732788562775,0.988060712814331,0.003859593765810132
0.5107123851776123,0.4686044454574585,0.01892673969268799,0.0012003835290670395,0.0005560453864745796
0.014430450275540352,0.9673978686332703,0.014832817949354649,0.0028709955513477325,0.00046780501725152135
0.7334178686141968,0.2512423098087311,0.01426381804049015,0.0006571124540641904,0.0004189149767626077
0.9986580610275269,0.0009552048868499696,0.00024309210130013525,0.00010889225086430088,3.473259857855737e-05
0.00044913339661434293,0.037469521164894104,0.9575096368789673,0.004425412975251675,0.0001462870859540999
0.9990403056144714,0.0006217998452484608,0.00026674376567825675,3.874935282510705e-05,3.232662129448727e-05
0.00015145060024224222,0.00025273548089899123,0.01929849199950695,0.9744873046875,0.005810042843222618
0.0002134182141162455,0.0002997902629431337,0.004462104290723801,0.9429596662521362,0.052065033465623856
0.0003929886734113097,0.0018589628161862493,0.9858675599098206,0.011704993434250355,0.00017554049554746598
0.0041765314526855946,0.5179436802864075,0.4743580222129822,0.0032534413039684296,0.0002683167695067823
0.0007413502316921949,0.0014971618074923754,0.7528942227363586,0.24383260309696198,0.0010346506023779511
0.0028781569562852383,0.7174381017684937,0.2677639424800873,0.0112581392750144,0.000661637750454247
0.9957452416419983,0.003710187040269375,0.0003625360841397196,0.0001400221954099834,4.20583673985675e-05
0.9995508790016174,0.000278256309684366,0.00012496899580582976,3.3952459489228204e-05,1.1875591553689446e-05
0.0007766286726109684,0.0027722674421966076,0.038957420736551285,0.9518621563911438,0.00563152926042676
0.008193069137632847,0.09538105875253677,0.8825857043266296,0.01283703837543726,0.0010030955309048295
0.16475844383239746,0.799239993095398,0.03360585868358612,0.0019158328650519252,0.0004798696609213948
0.0008449787856079638,0.6769362092018127,0.3201780915260315,0.001873221481218934,0.00016746150504332036
0.01947316899895668,0.9760021567344666,0.004055683966726065,0.0004033100849483162,6.561879126820713e-05
0.5481921434402466,0.4446304738521576,0.006032684352248907,0.0007880689227022231,0.0003566533268895
0.9970082640647888,0.0026806844398379326,0.0001854842557804659,7.824374915799126e-05,4.737452763947658e-05
0.6417180895805359,0.3462645411491394,0.011363816447556019,0.0003776313678827137,0.0002759386843536049
0.9989874958992004,0.0008391508599743247,0.00010802267934195697,4.4252876250538975e-05,2.1015315724071115e-05
0.0019017341546714306,0.0027872161008417606,0.02234622649848461,0.8546928763389587,0.11827190965414047
0.0005712187848985195,0.002461907221004367,0.021578067913651466,0.933946430683136,0.041442397981882095
0.0008909006719477475,0.4703185558319092,0.5275387763977051,0.0010417317971587181,0.0002100148849422112
0.0009345668950118124,0.14495663344860077,0.839899480342865,0.013706739991903305,0.0005025988793931901
0.8907960653305054,0.10754260420799255,0.001159034320153296,0.000287242466583848,0.00021498760906979442
0.9989843964576721,0.0005848742439411581,0.0003681854868773371,3.342762283864431e-05,2.9041562811471522e-05
0.001419480424374342,0.10282513499259949,0.8924272060394287,0.003170412266626954,0.0001577663788339123
0.005732310004532337,0.860565185546875,0.12331286072731018,0.009905204176902771,0.0004844295035582036
0.0010511407162994146,0.025109777227044106,0.8786782622337341,0.094736248254776,0.0004245721211191267
0.00033281437936238945,0.0006599060143344104,0.4476796090602875,0.5508476495742798,0.0004800099122803658
0.41960155963897705,0.5681456327438354,0.010759696364402771,0.0009094603592529893,0.0005836279015056789
0.999161958694458,0.0006679879734292626,0.0001137226281571202,4.206714584142901e-05,1.4274974091676995e-05
0.7349261045455933,0.2121657282114029,0.05058569088578224,0.0018725694390013814,0.00044989801244810224
0.0004909691051580012,0.0005646217032335699,0.4532112777233124,0.5452708005905151,0.0004623442073352635
0.9957813024520874,0.0039068423211574554,0.00018432480283081532,8.014859486138448e-05,4.739015275845304e-05
0.005370390601456165,0.727182924747467,0.23651747405529022,0.03058192878961563,0.0003472899552434683
0.877294659614563,0.11095716804265976,0.010938002727925777,0.0006195172318257391,0.00019070375128649175
0.0004879640182480216,0.0017887442372739315,0.08545950055122375,0.7672496438026428,0.1450141966342926
0.9986585378646851,0.00118915771599859,9.796004451345652e-05,3.465644840616733e-05,1.9695567971211858e-05
0.06327483803033829,0.87481689453125,0.06056666374206543,0.0010096359765157104,0.00033191527472808957
0.00044490504660643637,0.0012152539566159248,0.877591073513031,0.12035083025693893,0.0003979079774580896
0.9568910002708435,0.04183740168809891,0.001077121589332819,0.00013913773000240326,5.5365177104249597e-05
0.9905779361724854,0.008808319456875324,0.000353604817064479,0.00016271638742182404,9.741550456965342e-05
0.000456245121313259,0.0012974186101928353,0.02051478624343872,0.9731317758560181,0.004599807318300009
0.0002189645019825548,0.0008019775850698352,0.3546764850616455,0.6439457535743713,0.00035681432927958667
0.9816210865974426,0.017907584086060524,0.00029025005642324686,0.0001014680674416013,7.958921196404845e-05
0.00038904184475541115,0.002793224062770605,0.7685122489929199,0.22805923223495483,0.00024626089725643396
0.00023365051310975105,0.0005321521311998367,0.019063418731093407,0.9743664264678955,0.005804379936307669
0.9773815870285034,0.02206597849726677,0.00045586598571389914,5.1350187277421355e-05,4.522929521044716e-05
0.00013247142487671226,0.0005874750204384327,0.04830729216337204,0.9473584294319153,0.0036143080797046423
0.0005396711057983339,0.0012216659961268306,0.9168142080307007,0.08112991601228714,0.00029449365683831275
0.013161331415176392,0.9346819519996643,0.05085130035877228,0.000991922919638455,0.00031349138589575887
0.0015341922407969832,0.002729813102632761,0.0388496033847332,0.9416468143463135,0.015239563770592213
0.0004825678770430386,0.0010011997073888779,0.02316327579319477,0.9584218263626099,0.016931166872382164
0.0006481556338258088,0.0009444514289498329,0.11865372955799103,0.87679523229599,0.0029584176372736692
5.825182961416431e-05,0.00013571522140409797,0.00036508956691250205,0.006678564008325338,0.9927623867988586
0.9987951517105103,0.0008099886472336948,0.0003124419890809804,5.58249194000382e-05,2.6589041226543486e-05
0.0013956528855487704,0.16277045011520386,0.8320467472076416,0.0035030993167310953,0.000284037203527987
0.00032252815435640514,0.0007744356407783926,0.02268987149000168,0.9582427144050598,0.017970409244298935
0.9993687272071838,0.0005141947185620666,7.467585237463936e-05,2.542031324992422e-05,1.6995787518681027e-05
0.9982648491859436,0.0014545271405950189,0.00019219204841647297,6.34803218417801e-05,2.502761890355032e-05
0.008577362634241581,0.8910391330718994,0.09850887954235077,0.001617550733499229,0.0002570249489508569
0.9962918758392334,0.0019786767661571503,0.0008734307484701276,0.000688757689204067,0.00016730300558265299
0.0031053638085722923,0.8989267945289612,0.09709645807743073,0.000678204232826829,0.00019314447126816958
0.032165974378585815,0.9127753376960754,0.04831206798553467,0.006015317980200052,0.0007313105161301792
0.9983751773834229,0.0012310963356867433,0.00023967800370883197,0.00012785264698322862,2.6186055038124323e-05
0.9972087740898132,0.002388810971751809,0.00022582484234590083,0.00012996952864341438,4.663319850806147e-05
0.00042901755659841,0.000927695189602673,0.9091922044754028,0.08902677148580551,0.000424354278948158
0.9819198250770569,0.01480710320174694,0.002736281603574753,0.00027180404867976904,0.0002649169182404876
9.37044169404544e-05,0.00021499287686310709,0.000536996521987021,0.006970766931772232,0.9921835064888
0.31455329060554504,0.6673296689987183,0.017553068697452545,0.0004108225693926215,0.00015317923680413514
0.0015321244718506932,0.004946788772940636,0.024235637858510017,0.7570009231567383,0.21228453516960144
0.0005707973032258451,0.004606090020388365,0.9824637770652771,0.012092332355678082,0.00026696480927057564
0.006290656980127096,0.7428109645843506,0.2497854381799698,0.0009589118999429047,0.00015403484576381743
0.3601721525192261,0.6368247866630554,0.002305487636476755,0.0004808740923181176,0.00021662905055563897
0.9992824196815491,0.0005877629737369716,9.001885337056592e-05,1.9162831449648365e-05,2.0712313926196657e-05
0.9988962411880493,0.0008358423947356641,0.00015739620721433312,6.603200745303184e-05,4.451854692888446e-05
0.026414424180984497,0.8589341044425964,0.11269299685955048,0.0015184294898062944,0.0004400565230753273
0.00038425938691943884,0.0006996812298893929,0.0048631466925144196,0.9408136606216431,0.05323922634124756
0.0007596497889608145,0.0015114272246137261,0.014585746452212334,0.7883474230766296,0.19479578733444214
0.06336566060781479,0.8612449169158936,0.07409323751926422,0.0010898617329075933,0.00020638191199395806
0.0002598338760435581,0.021329520270228386,0.9593833088874817,0.018518216907978058,0.0005090420600026846
0.0007121129892766476,0.0016252340283244848,0.5667774081230164,0.4303258955478668,0.0005593731766566634
0.9994509816169739,0.00043756543891504407,7.00164819136262e-05,2.5974946765927598e-05,1.54357712744968e-05
0.0002561942383181304,0.00199314602650702,0.9824016690254211,0.015132077038288116,0.000216969390749
0.9993775486946106,0.00041307456558570266,0.0001634513755561784,2.530868732719682e-05,2.0697027139249258e-05
0.9921360015869141,0.006215529516339302,0.0013474595034494996,0.00020415592007339,9.683363896328956e-05
0.9908242225646973,0.008707091212272644,0.0003070496895816177,9.787876479094848e-05,6.372829375322908e-05
0.0013279871782287955,0.006515601649880409,0.9889203906059265,0.0030878069810569286,0.00014823862875346094
0.00039021085831336677,0.0004772456013597548,0.5133989453315735,0.485138475894928,0.0005951406201347709
0.9931738972663879,0.006225777789950371,0.00047560539678670466,9.269190923077986e-05,3.1964653317118064e-05
0.0006045539630576968,0.09573622792959213,0.9015249609947205,0.001994495512917638,0.00013977839262224734
0.010710264556109905,0.14490070939064026,0.8423042893409729,0.0017339828191325068,0.00035073826438747346
0.07401911169290543,0.898262083530426,0.02412782981991768,0.002973049646243453,0.0006179781630635262
0.00045138897257857025,0.0007604832062497735,0.008927795104682446,0.987135112285614,0.0027251942083239555
0.000362893013516441,0.8568912744522095,0.14170385897159576,0.0008704139036126435,0.00017159974959213287
0.07613009959459305,0.30295050144195557,0.6079627275466919,0.0047800312750041485,0.00817664060741663
0.0005535552627407014,0.003744119079783559,0.8077500462532043,0.1874052733182907,0.0005470106261782348
0.0008530915365554392,0.018184151500463486,0.8388758301734924,0.1413968801498413,0.0006900146836414933
0.002181500429287553,0.2156803011894226,0.7659255266189575,0.015612184070050716,0.000600518484134227
0.9985033273696899,0.0012145399814471602,0.00020559591939672828,5.074753062217496e-05,2.5801316951401532e-05
0.0009355435613542795,0.068898044526577,0.9262372851371765,0.0037959590554237366,0.0001331265375483781
0.0008626633207313716,0.15530313551425934,0.8387706875801086,0.004831673577427864,0.00023184104065876454
0.0004874946898780763,0.0009546417277306318,0.19337232410907745,0.8039955496788025,0.0011900552781298757
0.9987899661064148,0.000996216549538076,0.0001326671481365338,6.176541501190513e-05,1.944792347785551e-05
0.00031272292835637927,0.015554065816104412,0.9789616465568542,0.005032605957239866,0.00013899047917220742
0.6445261240005493,0.34101811051368713,0.012309172190725803,0.0013521575601771474,0.0007944679819047451
0.0995040237903595,0.48990094661712646,0.40633025765419006,0.00365230324678123,0.0006124763167463243
0.0002279010514030233,0.0004802849725820124,0.012335620820522308,0.9552350640296936,0.031721070408821106
0.06562235206365585,0.5250235199928284,0.40769124031066895,0.0011585382744669914,0.0005043588462285697
0.010034078732132912,0.12894012033939362,0.8557042479515076,0.003413628786802292,0.0019079435151070356
0.9979748129844666,0.001678518601693213,0.00025807402562350035,5.8399287809152156e-05,3.019302494067233e-05
0.35488948225975037,0.6107409000396729,0.030174952000379562,0.003257717937231064,0.0009369471808895469
0.000514970684889704,0.0013512468431144953,0.03571092337369919,0.9590319395065308,0.003390955738723278
0.0830211266875267,0.5193074345588684,0.3955419063568115,0.0015739325899630785,0.0005556002142839134
0.0018749333685263991,0.4721219539642334,0.5234003067016602,0.002297394908964634,0.0003053885593544692
0.7091097235679626,0.27411386370658875,0.015159946866333485,0.0012572105042636395,0.00035920937079936266
0.9970058798789978,0.0028306988533586264,0.00010518394992686808,3.761058542295359e-05,2.06733493541833e-05
0.0004302223096601665,0.0009386646561324596,0.04465444013476372,0.9492734670639038,0.004703173879534006
3.60088306479156e-05,5.15619212819729e-05,0.0001731335505610332,0.004389768000692129,0.9953495860099792
0.1292089819908142,0.734419047832489,0.13013198971748352,0.005590645596385002,0.0006492858519777656
0.016293266788125038,0.9138413667678833,0.0686248168349266,0.001032753032632172,0.00020775904704350978
0.0009268541471101344,0.2718745470046997,0.723755955696106,0.0029853691812604666,0.00045730129932053387
0.00025756473769433796,0.03943959251046181,0.9580827951431274,0.002114509465172887,0.00010554288746789098
0.0022048254031687975,0.002212630584836006,0.5686474442481995,0.42583343386650085,0.0011017111828550696
0.001966796349734068,0.9069474339485168,0.08964001387357712,0.0011854226468130946,0.00026035934570245445
0.5213314890861511,0.4703373908996582,0.007150320336222649,0.0007287311600521207,0.000452130741905421
0.0003941253526136279,0.001289311912842095,0.009653876535594463,0.9864516258239746,0.0022111181169748306
0.9363515973091125,0.06200263276696205,0.0010783852776512504,0.0003973098355345428,0.00017014240438584238
0.0013261999702081084,0.04653260484337807,0.9373311996459961,0.014465062879025936,0.00034493402927182615
0.0003348675381857902,0.0012938518775627017,0.07125328481197357,0.9261124730110168,0.001005510799586773
0.3537338674068451,0.6384219527244568,0.005884882528334856,0.00139025563839823,0.0005690170219168067
8.809535938780755e-05,0.00021144107449799776,0.00434149568900466,0.01002766378223896,0.9853312969207764
0.00046702558756805956,0.0012499492149800062,0.8530936241149902,0.1446715146303177,0.000517922337166965
0.0009469477809034288,0.2433454394340515,0.7453217506408691,0.00998271256685257,0.0004031699791084975
0.00045119025162421167,0.0007556739146821201,0.004120375961065292,0.08615311235189438,0.9085196256637573
0.9945046305656433,0.0046241567470133305,0.0006386763998307288,0.00013031563139520586,0.00010216415103059262
0.15151561796665192,0.8449883460998535,0.002715243026614189,0.0005814288160763681,0.00019937995239160955
0.0003095769206993282,0.001408486277796328,0.8720451593399048,0.12604902684688568,0.00018770828319247812
0.9915851354598999,0.00798026379197836,0.00030444239382632077,9.314360067946836e-05,3.7036752473795786e-05
0.9613545536994934,0.03779399022459984,0.0005221425672061741,0.00022469110263045877,0.00010460632620379329
0.9982407093048096,0.0009960291208699346,0.00038859722553752363,0.00032792691490612924,4.677397009800188e-05
0.0005655597196891904,0.00987398810684681,0.8996493220329285,0.08945455402135849,0.00045656549627892673
0.9990597367286682,0.0007195932557806373,0.00016119400970637798,3.54906587745063e-05,2.3959759346325882e-05
0.0027593153063207865,0.4018004536628723,0.5933641791343689,0.0018572452245280147,0.00021880105487070978
0.08659819513559341,0.7929660677909851,0.11865294724702835,0.001025981968268752,0.0007568031433038414
0.7504127025604248,0.2468090057373047,0.0019553557503968477,0.0006376418168656528,0.0001853011199273169
0.9979914426803589,0.0015766524011269212,0.0003280936798546463,6.907874922035262e-05,3.471795571385883e-05
0.8510368466377258,0.14264218509197235,0.00548818614333868,0.0006638724007643759,0.00016891927225515246
0.9796782732009888,0.019777163863182068,0.0003624068049248308,0.00012326754222158343,5.887811494176276e-05
0.00020673016842920333,0.00034573310404084623,0.0032329559326171875,0.9946626424789429,0.0015519409207627177
0.0007163555710576475,0.0008675822173245251,0.04904406890273094,0.8923428058624268,0.0570291131734848
3.696843850775622e-05,0.00010537114576436579,0.00023932474141474813,0.0028828843496739864,0.9967353940010071
0.0011123124277219176,0.0021824499126523733,0.1699700802564621,0.8063715100288391,0.020363671705126762
0.4792659282684326,0.5171332359313965,0.002558482810854912,0.0006123820785433054,0.00043000010191462934
0.9982110261917114,0.001529203960672021,0.00015518529107794166,7.556594937341288e-05,2.9023010938544758e-05
0.9992268085479736,0.0006902582244947553,4.4083302782382816e-05,2.3894006517366506e-05,1.490712384111248e-05
0.0051039583049714565,0.17417842149734497,0.8064010739326477,0.013810803182423115,0.0005057221278548241
0.006656543351709843,0.8202146887779236,0.16902869939804077,0.0036560571752488613,0.0004440085031092167
0.0011438473593443632,0.9194172024726868,0.07892901450395584,0.000402964826207608,0.0001069683930836618
0.9763432145118713,0.022660190239548683,0.0007967209676280618,0.00012956048885826021,7.031598215689883e-05
0.0005047524464316666,0.0007104732212610543,0.013175513595342636,0.29839855432510376,0.687210738658905
0.9977028965950012,0.001547909458167851,0.00048275140579789877,0.00019319643615745008,7.323879981413484e-05
0.42642050981521606,0.5612554550170898,0.010581067763268948,0.001159890671260655,0.0005830533336848021
0.012814341112971306,0.3844270706176758,0.5897386074066162,0.011949468404054642,0.001070502563379705
0.0007041812059469521,0.0014096153900027275,0.8508653044700623,0.14636948704719543,0.0006513965199701488
0.9968734383583069,0.002416267292574048,0.0005320725031197071,0.00010080201900564134,7.744592585368082e-05
0.14519943296909332,0.7024651169776917,0.15139183402061462,0.000714017718564719,0.0002296413731528446
0.8492991328239441,0.14195047318935394,0.007686718832701445,0.0007679197005927563,0.0002957712858915329
0.0003383602888789028,0.0007280317367985845,0.05769028887152672,0.9173111915588379,0.02393219619989395
0.9991886019706726,0.0006431842921301723,0.00011876955250045285,2.5862027541734278e-05,2.3536487788078375e-05
0.8855117559432983,0.11267229914665222,0.001508634421043098,0.00019368190260138363,0.00011359616473782808
0.0005254478892311454,0.7161967754364014,0.28143852949142456,0.001728795119561255,0.00011045357678085566
0.001075501786544919,0.06734908372163773,0.9222040772438049,0.008948235772550106,0.0004230752820149064
0.9903770089149475,0.008495202288031578,0.0007300321594811976,0.00031479456811212003,8.29447089927271e-05
0.0030590584501624107,0.6752414107322693,0.31961262226104736,0.0018422541907057166,0.0002446404250804335
0.0004230938502587378,0.0040261223912239075,0.9776795506477356,0.017562169581651688,0.00030903887818567455
0.9983357787132263,0.001340565038844943,0.0001838964526541531,0.00011104943405371159,2.873715311579872e-05
0.16814011335372925,0.7568588256835938,0.07352536916732788,0.001128131989389658,0.00034754298394545913
0.10691781342029572,0.8864818811416626,0.005378910340368748,0.0010309178614988923,0.000190483799087815
0.9987297654151917,0.0009957585716620088,0.00020670962112490088,4.540560985333286e-05,2.233096347481478e-05
0.9981874823570251,0.0015056104166433215,0.0002022390835918486,6.595741433557123e-05,3.870711589115672e-05
0.9744953513145447,0.025022652000188828,0.00032692187232896686,9.4525923486799e-05,6.0605441831285134e-05
0.000697024748660624,0.0022615566849708557,0.8275318741798401,0.16881677508354187,0.0006927524227648973
0.046926893293857574,0.9327033758163452,0.01925794966518879,0.0009058007271960378,0.00020598711853381246
0.00014005917182657868,0.00018388725584372878,0.000750108971260488,0.04458557069301605,0.954340398311615
0.0007898584590293467,0.6015534996986389,0.395320862531662,0.0021387669257819653,0.0001970291486941278
0.00023078131198417395,0.0004237110260874033,0.02046665921807289,0.9740847945213318,0.004794070962816477
0.9834232330322266,0.015191204845905304,0.0009416430839337409,0.00033472420182079077,0.00010918522457359359
0.0015346769941970706,0.0026797025930136442,0.05054121091961861,0.7992702126502991,0.14597417414188385
0.00035476702032610774,0.0004851749981753528,0.014284742996096611,0.9360501170158386,0.048825182020664215
0.7415830492973328,0.25636938214302063,0.001675312058068812,0.00025415292475372553,0.0001181332700070925
0.7234542965888977,0.2687172293663025,0.00695863226428628,0.0005370938451960683,0.00033273434382863343
0.9954785704612732,0.0019451398402452469,0.001484988140873611,0.0008909333846531808,0.00020041040261276066
0.00037530402187258005,0.03926834464073181,0.955245852470398,0.004865657072514296,0.0002448151935823262
0.000776431174017489,0.06412653625011444,0.926020622253418,0.008864974603056908,0.00021140294848009944
0.0006272646714933217,0.0016505069797858596,0.41515904664993286,0.5790066123008728,0.0035565884318202734
0.11501094698905945,0.8784719109535217,0.005598362069576979,0.000754736305680126,0.00016411198885180056
0.0008345367969013751,0.0012964532943442464,0.8313923478126526,0.16595786809921265,0.0005187999340705574
0.9204703569412231,0.07707653939723969,0.001984609756618738,0.00033002608688548207,0.00013846124056726694
0.9992374181747437,0.0005995109677314758,0.00012375973165035248,2.286277049279306e-05,1.6513451555510983e-05
0.0003803989093285054,0.0004998051444999874,0.949183464050293,0.049701955169439316,0.00023440390941686928
0.0009698414942249656,0.003260195953771472,0.16024069488048553,0.8193389177322388,0.016190344467759132
0.04509783163666725,0.6874123215675354,0.2665053904056549,0.0006859191344119608,0.0002985834435094148
0.9982720613479614,0.0014247498475015163,0.0002055698714684695,6.432813825085759e-05,3.323946293676272e-05
0.8636486530303955,0.1343759447336197,0.0017303349450230598,0.0001344050106126815,0.00011064388672821224
0.0026440145447850227,0.6681865453720093,0.32848578691482544,0.0005201254389248788,0.00016351371596101671
0.9994200468063354,0.0004840743786189705,6.461348675657064e-05,2.1549281882471405e-05,9.726788448460866e-06
0.05566234141588211,0.9174374938011169,0.025551270693540573,0.0008954093209467828,0.0004534633189905435
0.008251951076090336,0.4085981547832489,0.5739009976387024,0.008165054954588413,0.001083856332115829
0.0003076225402764976,0.0005521418061107397,0.049166273325681686,0.9488505125045776,0.001123426714912057
0.998991072177887,0.0008120445418171585,0.0001360951573587954,3.425403338042088e-05,2.6534822609391995e-05
0.9982535243034363,0.000994997681118548,0.000626204302534461,7.606488361489028e-05,4.922127482132055e-05
0.9973612427711487,0.0019475764129310846,0.0005603256286121905,8.885615534381941e-05,4.198236274532974e-05
0.12030141800642014,0.3076612949371338,0.5654207468032837,0.005615947302430868,0.001000550459139049
0.0007793596014380455,0.001706400653347373,0.17614240944385529,0.7895575165748596,0.03181431069970131
0.810408353805542,0.17919346690177917,0.00925473403185606,0.0007696396787650883,0.00037379455170594156
0.0011181465815752745,0.07130254805088043,0.8772827386856079,0.049685072153806686,0.000611492432653904
0.012779093347489834,0.9712282419204712,0.014358983375132084,0.0014770764391869307,0.00015660893404856324
0.0013894577277824283,0.013536063954234123,0.9300060272216797,0.0545121394097805,0.0005562496953643858
0.0021971445530653,0.5052688121795654,0.48907846212387085,0.0030820639804005623,0.0003734898054972291
0.9963676929473877,0.003094426589086652,0.00042952047078870237,7.886969251558185e-05,2.9513781555579044e-05
0.9833016395568848,0.01546451821923256,0.0008634196710772812,0.0002862106775864959,8.419981168117374e-05
0.27148839831352234,0.706809937953949,0.020292483270168304,0.001080103451386094,0.00032904103863984346
0.005092831794172525,0.7467816472053528,0.22919553518295288,0.018325408920645714,0.0006045283516868949
3.802901119343005e-05,0.00017839443171396852,0.0003221368824597448,0.00408465601503849,0.9953768253326416
0.7354182004928589,0.25466760993003845,0.008245624601840973,0.0011382788652554154,0.000530304794665426
0.000355219206539914,0.0003677898785099387,0.05879446864128113,0.9396799206733704,0.000802569673396647
0.7996912598609924,0.19942598044872284,0.0005578845739364624,0.0002289551484864205,9.585043881088495e-05
0.00042244684300385416,0.0007095234468579292,0.01590585522353649,0.9751265645027161,0.007835622876882553
0.998859167098999,0.0010147406719624996,7.712520891800523e-05,2.784842399705667e-05,2.1127532818354666e-05
0.0009343556594103575,0.003957975190132856,0.7793340682983398,0.21489079296588898,0.0008828085265122354
0.038812343031167984,0.7189167737960815,0.2403765767812729,0.0010711648501455784,0.0008231380488723516
0.1858861744403839,0.8043609261512756,0.008401235565543175,0.0010639047250151634,0.0002877015504054725
0.0008044165442697704,0.2867288887500763,0.7099909782409668,0.0022598146460950375,0.00021594035206362605
0.9980384707450867,0.0017947308951988816,9.851247887127101e-05,4.9079062591772527e-05,1.9166847778251395e-05
0.0004686501924879849,0.26915672421455383,0.7264798879623413,0.0036345613189041615,0.0002602028544060886
0.0007796775316819549,0.9608860015869141,0.03757641464471817,0.0006650681607425213,9.281164238927886e-05
0.04623475298285484,0.8778514266014099,0.0743212029337883,0.001192235853523016,0.00040033605182543397
0.996303915977478,0.0021050404757261276,0.0014215449336916208,9.240298095392063e-05,7.709639612585306e-05
0.9969279170036316,0.0023554102517664433,0.0005767483962699771,8.946473099058494e-05,5.0498238124419004e-05
0.00028344086604192853,0.0006117228185757995,0.26021042466163635,0.7383248805999756,0.0005695038707926869
0.12192845344543457,0.8752143979072571,0.0021756438072770834,0.000483111129142344,0.00019836591673083603
0.9995555281639099,0.0003568638348951936,5.941007111687213e-05,1.8582475604489446e-05,9.648095328884665e-06
0.00023917469661682844,0.00031195508199743927,0.0018987571820616722,0.03999738767743111,0.9575527310371399
0.006727880798280239,0.09519696235656738,0.6962231397628784,0.2009844034910202,0.0008675860590301454
0.9995520710945129,0.00036830652970820665,4.555129635264166e-05,2.0698609660030343e-05,1.3305186257639434e-05
0.003082193899899721,0.5639074444770813,0.42763403058052063,0.0050743515603244305,0.000301944965030998
0.9523553848266602,0.044435810297727585,0.002176291309297085,0.0008305746596306562,0.0002019340026890859
0.9994522929191589,0.0004121566889807582,9.881822188617662e-05,2.8299909899942577e-05,8.407875611737836e-06
0.0005040396936237812,0.001493491348810494,0.9702568650245667,0.02758129872381687,0.00016429118113592267
3.570701665012166e-05,5.237626101006754e-05,0.0005222436157055199,0.0013366336934268475,0.9980530738830566
0.0177787896245718,0.9190649390220642,0.06208954378962517,0.0008516094530932605,0.0002151528897229582
0.0004373422998469323,0.0006603274377994239,0.18299685418605804,0.8143966794013977,0.001508860383182764
0.0014642715686932206,0.5816044807434082,0.41469112038612366,0.002070025075227022,0.0001700996799627319
0.0005870599416084588,0.15455980598926544,0.8437917232513428,0.0009710130980238318,9.03945037862286e-05
0.0011030792957171798,0.41575688123703003,0.5770428776741028,0.005799353122711182,0.0002978129487019032
0.09815242141485214,0.8786906003952026,0.021143212914466858,0.00137580547016114,0.0006379128899425268
0.5212627649307251,0.47003600001335144,0.006906040478497744,0.0009297303622588515,0.0008654688135720789
0.00010991057206410915,0.00023328594397753477,0.003380691399797797,0.013452945277094841,0.9828231930732727
0.0006828897749073803,0.0007797194994054735,0.14192315936088562,0.8544231057167053,0.0021911163348704576
0.0009629683336243033,0.003651928622275591,0.06779497861862183,0.9260926842689514,0.0014974583173170686
0.23855982720851898,0.7473852634429932,0.012737230397760868,0.0008268387173302472,0.0004908462869934738
0.0017419615760445595,0.042729705572128296,0.7632879018783569,0.19146017730236053,0.0007802356267347932
0.008425554260611534,0.9205084443092346,0.06918688863515854,0.001713037141598761,0.00016606293502263725
0.0009062730241566896,0.5566851496696472,0.4403448700904846,0.001842138939537108,0.00022160324442666024
0.9974103569984436,0.0021734132897108793,0.0002576905826572329,0.0001230635680258274,3.548773020156659e-05
0.004294877406209707,0.009982338175177574,0.3368857204914093,0.6373491883277893,0.011487863026559353
0.00010788226063596085,0.00023866230912972242,0.006107491906732321,0.02493196725845337,0.9686139822006226
0.9991102814674377,0.0006279158405959606,0.0001898516493383795,5.426501593319699e-05,1.7651427697273903e-05
0.9993321299552917,0.0005301860510371625,0.00010665454465197399,2.0378742192406207e-05,1.0651248885551468e-05
0.0016529489075765014,0.15391980111598969,0.8402870297431946,0.0039498331025242805,0.00019035633886232972
0.0005653042462654412,0.003162477631121874,0.9270392656326294,0.06861609220504761,0.0006168593536131084
0.000574863632209599,0.0017642555758357048,0.8443533182144165,0.15295705199241638,0.0003504646592773497
0.9989672899246216,0.0009042073506861925,8.445763523923233e-05,2.9480452212737873e-05,1.4610147445637267e-05
2.848620351869613e-05,3.34248470608145e-05,0.0003201680083293468,0.001239261357113719,0.9983786344528198
0.99908447265625,0.0007830607355572283,9.107565711019561e-05,2.435680835333187e-05,1.6970274373306893e-05
0.001395965344272554,0.9338901042938232,0.062306810170412064,0.0022528287954628468,0.0001543343678349629
0.9986240863800049,0.001027857419103384,0.00021487801859620959,0.00010881919297389686,2.438633964629844e-05
0.9994907379150391,0.0003452742821536958,0.00013142116949893534,2.2982823793427087e-05,9.504514309810475e-06
0.00029172003269195557,0.0005403196555562317,0.004606275353580713,0.9934091567993164,0.0011525300797075033
0.0003569301625248045,0.10824579745531082,0.8878423571586609,0.0034116737078875303,0.00014319695765152574
0.8694384098052979,0.1289053112268448,0.001292874338105321,0.00023042361135594547,0.00013299749116413295
0.6452851891517639,0.3426162898540497,0.010123655200004578,0.0013188940938562155,0.0006559949833899736
0.0014680392341688275,0.0026712389662861824,0.8012303709983826,0.19335898756980896,0.0012713911710307002
0.9560526013374329,0.04153169319033623,0.0018749856390058994,0.00042363462853245437,0.00011712335981428623
0.0010669274488463998,0.7035593390464783,0.2941794693470001,0.0010163765400648117,0.00017786890384741127
0.8753276467323303,0.11860839277505875,0.005317671224474907,0.0005573410307988524,0.00018890114733949304
0.0013326656771823764,0.0018658534390851855,0.011566541157662868,0.25782912969589233,0.7274057865142822
0.00015982447075657547,0.0007683094590902328,0.9914107322692871,0.007555040065199137,0.0001061092407326214
0.0007117848144844174,0.03105809912085533,0.9564598202705383,0.011431680992245674,0.0003385570307727903
0.000435781228588894,0.1480977088212967,0.8489935398101807,0.0023081963881850243,0.0001647570898057893
0.0004579316300805658,0.11238905787467957,0.8855971097946167,0.0014386556576937437,0.00011724324576789513
0.002685069339349866,0.9397920966148376,0.05688568204641342,0.0005312068969942629,0.00010587790893623605
0.9986710548400879,0.0010682031279429793,0.00016060614143498242,7.6794829510618e-05,2.336791112611536e-05
0.8106080293655396,0.1866620033979416,0.0022783277090638876,0.0002989393542520702,0.00015269682626239955
0.6719540357589722,0.31788697838783264,0.009040964767336845,0.0008796676411293447,0.00023837709159124643
0.00037524887011386454,0.015144914388656616,0.9834859371185303,0.0009160852059721947,7.777016435284168e-05
0.002421678276732564,0.13406284153461456,0.8474138975143433,0.015251907519996166,0.0008496805094182491
0.0008856250206008554,0.0016207467997446656,0.6598891615867615,0.3353055417537689,0.0022989469580352306
0.9991470575332642,0.0006967155495658517,0.00010584804113022983,3.106817530351691e-05,1.932843770191539e-05
0.48524782061576843,0.4762306213378906,0.03726321458816528,0.0008492320775985718,0.0004090679867658764
0.7452066540718079,0.19794408977031708,0.05244777351617813,0.003791532013565302,0.0006099240854382515
0.0009174689184874296,0.4048335552215576,0.5919502973556519,0.002146502025425434,0.00015215818712022156
0.0008820031653158367,0.0008300549234263599,0.042794205248355865,0.5108305811882019,0.44466322660446167
0.9979115128517151,0.0018671758007258177,0.00015583120693918318,4.606255970429629e-05,1.9449655155767687e-05
0.2890136241912842,0.694233238697052,0.012931597419083118,0.003164729569107294,0.0006567930104210973
0.00014834044850431383,0.00017905888671521097,0.018524425104260445,0.9800125956535339,0.0011355774477124214
0.0011786582181230187,0.40818554162979126,0.5857794880867004,0.0046120272018015385,0.0002443160046823323
0.48413193225860596,0.4075113832950592,0.10434575378894806,0.003331288695335388,0.0006795993540436029
0.0030931546352803707,0.9271994233131409,0.06522402912378311,0.004213234409689903,0.0002701248158700764
0.11205603927373886,0.8122594356536865,0.07401227205991745,0.0013925053644925356,0.0002797049528453499
0.9979658126831055,0.0016197122167795897,0.0002795097534544766,9.298807708546519e-05,4.20020405726973e-05
0.9247705936431885,0.07186152040958405,0.0027444777078926563,0.00047656704555265605,0.00014683499466627836
0.0003711952595040202,0.000703929690644145,0.1320778876543045,0.864835798740387,0.0020111340563744307
0.06517517566680908,0.8867475390434265,0.04628875479102135,0.0013860558392480016,0.00040240795351564884
0.9492495059967041,0.04941676929593086,0.0009215048630721867,0.0002582722809165716,0.00015395719674415886
0.0006972133414819837,0.015957143157720566,0.9738141298294067,0.009222972206771374,0.0003085779899265617
0.9989124536514282,0.0009353708592243493,0.0001062124501913786,2.9279346563271247e-05,1.6744554159231484e-05
1.32128307086532e-05,2.613400101836305e-05,9.40083700697869e-05,0.0008756779716350138,0.9989909529685974
0.00035605591256171465,0.0011070175096392632,0.3222474753856659,0.6752554774284363,0.0010340105509385467
0.762842059135437,0.22731660306453705,0.00891442783176899,0.0005448253941722214,0.0003821065474767238
0.00025279357214458287,0.0003440330910962075,0.008568129502236843,0.06977131217718124,0.9210637211799622
0.0005959412665106356,0.0015448181657120585,0.34497788548469543,0.6492903232574463,0.0035910599399358034
0.0005044163553975523,0.8751302361488342,0.12253552675247192,0.001668935758061707,0.00016090733697637916
0.0004217306268401444,0.0008231979445554316,0.09218442440032959,0.8980799913406372,0.00849065463989973
0.0012935665436089039,0.007447348441928625,0.3790936768054962,0.6087230443954468,0.003442385932430625
0.0006632040604017675,0.0018687370466068387,0.9913517236709595,0.006014833226799965,0.00010147969442186877
0.008558044210076332,0.12631280720233917,0.8557538986206055,0.009019785560667515,0.0003555006696842611
0.8504652976989746,0.1458858698606491,0.0033937471453100443,0.0001498426281614229,0.00010520910291234031
0.0008254058193415403,0.006958881858736277,0.9793439507484436,0.012642036192119122,0.00022966905089560896
0.00032173102954402566,0.0006204003002494574,0.03152893856167793,0.9665766954421997,0.0009521989268250763
0.9666802883148193,0.03158964589238167,0.0014418879291042686,0.0001803615887183696,0.00010783726611407474
0.000352699076756835,0.05981145054101944,0.9370995759963989,0.0026171503122895956,0.00011912355694221333
0.0003710014862008393,0.002367744455114007,0.9886559247970581,0.0085038086399436,0.00010155120980925858
0.998593270778656,0.0011112014763057232,0.00017322432540822774,9.009672066895291e-05,3.216918412363157e-05
0.001343514653854072,0.4313115179538727,0.5584487915039062,0.00850998517125845,0.00038615032099187374
0.8133881688117981,0.17905613780021667,0.006963642779737711,0.00036962208105251193,0.00022241490660235286
0.9866222739219666,0.012875761836767197,0.00029884587274864316,0.00011330097186146304,8.980161510407925e-05
0.00034482410410419106,0.00041617173701524734,0.008825227618217468,0.7639594674110413,0.22645430266857147
8.855874511937145e-06,1.0619400200084783e-05,3.8603920984314755e-05,0.0004935546894557774,0.9994483590126038
0.0002873110643122345,0.0005292859277687967,0.005810209549963474,0.9920063614845276,0.0013668864266946912
2.3669603251619264e-05,3.4446726203896105e-05,0.0004739156283903867,0.001253815833479166,0.9982141256332397
0.7637845873832703,0.19697460532188416,0.038200829178094864,0.0005740535561926663,0.00046592936269007623
0.07694907486438751,0.5826056003570557,0.33873748779296875,0.0010179632809013128,0.0006898214924149215
0.6746828556060791,0.3006161153316498,0.0235886350274086,0.0006540644099004567,0.0004583242116495967
0.1700902283191681,0.7911956310272217,0.03779812529683113,0.0006537218578159809,0.00026229434297420084
0.8480333685874939,0.14988651871681213,0.0018300547963008285,0.00013463909272104502,0.00011542846186785027
0.0009484353358857334,0.0033024530857801437,0.018600380048155785,0.891288697719574,0.0858599841594696
0.2440866082906723,0.7440085411071777,0.009923174045979977,0.0014668311923742294,0.0005148038035258651
0.0006000918801873922,0.001289267442189157,0.18650837242603302,0.81023770570755,0.0013645756989717484
0.00029211732908152044,0.0007721586152911186,0.9781263470649719,0.020630916580557823,0.00017844041576609015
0.0007716689142398536,0.0032020192593336105,0.07163181900978088,0.918297290802002,0.00609723012894392
0.0007916108006611466,0.0015631827991455793,0.38773390650749207,0.6070556640625,0.0028557053301483393
0.00042885649600066245,0.0006377490353770554,0.031038012355566025,0.9166414737701416,0.051253873854875565
0.00576246390119195,0.09981250017881393,0.8699435591697693,0.02371801622211933,0.0007634902140125632
0.9989390969276428,0.0009030356886796653,0.00011155154788866639,2.782808405754622e-05,1.8485334294382483e-05
0.0009524282650090754,0.003016826929524541,0.19070211052894592,0.7695671319961548,0.03576146066188812
0.0004083066596649587,0.003925727680325508,0.8908815383911133,0.10433090478181839,0.000453505344921723
0.0006226421101018786,0.8730707764625549,0.1252584606409073,0.0009384701843373477,0.00010964312241412699
0.001745453686453402,0.05081428214907646,0.6815627813339233,0.26533374190330505,0.0005437222425825894
0.8036014437675476,0.15472052991390228,0.039501212537288666,0.0017851225566118956,0.00039169201045297086
0.7874050736427307,0.20691773295402527,0.004929990507662296,0.0004310950462240726,0.00031610095174983144
0.9975926280021667,0.002008066512644291,0.00025145738618448377,0.00010749885404948145,4.02692639909219e-05
0.0007795870187692344,0.0013966939877718687,0.0749223604798317,0.8990132212638855,0.02388807199895382
0.0014631523517891765,0.1994135081768036,0.7822669744491577,0.016021834686398506,0.0008345425594598055
0.007610317785292864,0.5589158535003662,0.4304456114768982,0.0027648715768009424,0.0002633201365824789
0.9984616041183472,0.0013558287173509598,0.00012273651373106986,3.2016389013733715e-05,2.782505180221051e-05
3.5689445212483406e-05,5.2660132496384904e-05,0.0008846373530104756,0.003876798553392291,0.9951502680778503
0.9700048565864563,0.02913311868906021,0.0005719948094338179,0.0001493380405008793,0.00014068910968489945
0.0005288230022415519,0.001240078709088266,0.21406124532222748,0.782146692276001,0.0020231492817401886
0.8665209412574768,0.13208810985088348,0.001134187332354486,0.00015536432329099625,0.00010137845674762502
0.9968170523643494,0.001640336005948484,0.0011146856704726815,0.00033109370269812644,9.68349922914058e-05
0.3411126434803009,0.4628870189189911,0.1937699317932129,0.001398781081661582,0.0008315823506563902
0.9996628761291504,0.0002810423029586673,3.858180207316764e-05,9.691609193396289e-06,7.761787855997682e-06
0.0012940261512994766,0.0011148470221087337,0.018498605117201805,0.3316340148448944,0.6474584937095642
0.9973228573799133,0.0022730825003236532,0.0002717465104069561,8.255850843852386e-05,4.975257979822345e-05
0.5469054579734802,0.31443917751312256,0.13664452731609344,0.0013124089455232024,0.0006984484498389065
0.0009745637653395534,0.004881975706666708,0.9785032868385315,0.015070570632815361,0.0005695598665624857
0.6963556408882141,0.30048251152038574,0.0024516263511031866,0.00047504063695669174,0.0002351538569200784
0.0007074950262904167,0.00019235973013564944,0.00397003348916769,0.03542083501815796,0.9597093462944031
0.29692623019218445,0.6957816481590271,0.006013436242938042,0.0007675025262869895,0.0005111729842610657
0.0011247129878029227,0.003292116103693843,0.5555179119110107,0.35652709007263184,0.08353812247514725
0.0004792036197613925,0.0006386350723914802,0.9524583220481873,0.04620366916060448,0.00022014131536707282
0.0004624315188266337,0.0007866284577175975,0.0903938040137291,0.904492974281311,0.0038641595747321844
0.7390419244766235,0.2579238712787628,0.002510095713660121,0.00030584007618017495,0.000218269502511248
0.0634242445230484,0.9247149229049683,0.009008524008095264,0.0018525664927437901,0.0009997326415032148
0.0004496198380365968,0.0011925363214686513,0.9911940693855286,0.007024409715086222,0.00013944694364909083
0.04933491721749306,0.9384392499923706,0.011643710546195507,0.00039859992102719843,0.00018350474420003593
0.0009305239655077457,0.7793790698051453,0.21701973676681519,0.002519879722967744,0.00015083819744177163
0.9687634706497192,0.029912596568465233,0.0010905445087701082,0.00016229132597800344,7.112284220056608e-05
0.0007835387950763106,0.0014266505604609847,0.011049325577914715,0.8136803507804871,0.17306017875671387
0.0008536205859854817,0.002354048890992999,0.03881756588816643,0.8189105987548828,0.1390642374753952
0.0055951219983398914,0.9112565517425537,0.07603217661380768,0.006695213261991739,0.0004208595200907439
0.9376145005226135,0.06120156869292259,0.0008925618603825569,0.00018204595835413784,0.00010937220213236287
0.0003155079029966146,0.0003152799035888165,0.16180628538131714,0.8363198041915894,0.0012431684881448746
0.9977280497550964,0.00160981435328722,0.00048771529691293836,0.0001353222905891016,3.910946179530583e-05
0.0014595331158488989,0.06288710981607437,0.916431188583374,0.018951084464788437,0.0002710434200707823
0.00033129865187220275,0.0007326607592403889,0.0732753574848175,0.9205927848815918,0.005067859310656786
0.0005625389167107642,0.0926663875579834,0.9042902588844299,0.002330603078007698,0.0001502360828453675
0.01343579962849617,0.8385287523269653,0.14517784118652344,0.0025463909842073917,0.0003111820842605084
0.041177742183208466,0.9549200534820557,0.0035773864947259426,0.00024158541054930538,8.322401845362037e-05
0.012615669518709183,0.14004285633563995,0.19424593448638916,0.6469010710716248,0.006194494664669037
0.0011088661849498749,0.5966709852218628,0.39810696244239807,0.0038920931983739138,0.000221072172280401
0.0004988734144717455,0.0007958156638778746,0.005876024253666401,0.9332893490791321,0.05953998491168022
0.00042490067426115274,0.4900895953178406,0.5079659223556519,0.0013501924695447087,0.00016940932255238295
0.00040517159504815936,0.0006690309965051711,0.0020695305429399014,0.9956670999526978,0.0011891989270225167
0.00017057771037798375,0.004219989292323589,0.9938074946403503,0.0017204390605911613,8.150027861120179e-05
0.960953414440155,0.03762819245457649,0.0012853489024564624,9.819382103160024e-05,3.492744144750759e-05
0.06190847232937813,0.9332161545753479,0.0037276381626725197,0.0006824787706136703,0.00046523771015927196
0.0007586210267618299,0.31370583176612854,0.6806575059890747,0.004580494947731495,0.0002975695242639631
0.9995916485786438,0.00029276308487169445,7.08739462425001e-05,2.8099828341510147e-05,1.6624464478809386e-05
0.000346090440871194,0.001036354573443532,0.25464823842048645,0.7421762347221375,0.001793076517060399
0.9996225833892822,0.0002842970425263047,6.95432026986964e-05,1.3502717592928093e-05,1.0042754183814395e-05
0.00014439530787058175,0.00031842797761783004,0.0009375399095006287,0.14382293820381165,0.8547767400741577
0.998963475227356,0.0008980644051916897,8.560523565392941e-05,3.1647461582906544e-05,2.122028854500968e-05
0.9979252815246582,0.0018946696072816849,8.746462117414922e-05,6.950746319489554e-05,2.3062137188389897e-05
0.5929270386695862,0.40308094024658203,0.0030510469805449247,0.0006619399646297097,0.0002790062571875751
0.005505087319761515,0.9620106816291809,0.03172709792852402,0.0006403665174730122,0.00011674314009724185
0.9981943964958191,0.0015664305537939072,0.00014655652921646833,7.343101606238633e-05,1.9155186237185262e-05
0.0004154207417741418,0.004271103534847498,0.9384432435035706,0.056676074862480164,0.000194148815353401
0.0003066275967285037,0.000645351770799607,0.07752732932567596,0.917952299118042,0.0035683601163327694
0.0003383024304639548,0.0017298319144174457,0.13144850730895996,0.8619174957275391,0.004565867595374584
0.9994031190872192,0.0004639146791305393,0.00010394674609415233,1.881086609500926e-05,1.0244520126434509e-05
0.0006895299884490669,0.4686329662799835,0.5230681300163269,0.007151283323764801,0.00045807246351614594
0.012720601633191109,0.9647625088691711,0.020698964595794678,0.0015372000634670258,0.00028070042026229203
0.13036249577999115,0.8354087471961975,0.03275454044342041,0.0011896457290276885,0.00028458121232688427
0.9988904595375061,0.0006575967418029904,0.0002781416696961969,0.000126271799672395,4.75423366879113e-05
0.001127614639699459,0.2875995635986328,0.6939137578010559,0.01667129434645176,0.0006878162384964526
0.9352920055389404,0.06322012841701508,0.001088900724425912,0.00025832117535173893,0.00014060211833566427
0.0005827483255416155,0.0009538991143926978,0.008776679635047913,0.9691922664642334,0.02049443870782852
0.00025342468870803714,0.035040050745010376,0.9613817930221558,0.003182743676006794,0.0001420239423168823
0.004661201499402523,0.13269370794296265,0.8590953350067139,0.0032176203094422817,0.0003320873074699193
0.0007932148873806,0.003088378580287099,0.4023958742618561,0.5923280119895935,0.0013945352984592319
0.00289610936306417,0.004488174803555012,0.08324004709720612,0.885588526725769,0.02378714829683304
0.9994574189186096,0.000389547785744071,0.00011028369044652209,2.587663402664475e-05,1.6906809833017178e-05
7.586495485156775e-05,0.0001655978267081082,0.0015407375758513808,0.02369656041264534,0.974521279335022
0.0003970754623878747,0.0008454237249679863,0.2535276710987091,0.7441726922988892,0.0010571556631475687
0.5373827815055847,0.2869054675102234,0.17244793474674225,0.002608980517834425,0.0006547889206558466
0.7258924841880798,0.25302228331565857,0.018594758585095406,0.0020076411310583353,0.00048284148215316236
0.0010290987556800246,0.2909729480743408,0.6946328282356262,0.012854715809226036,0.0005104662268422544
0.0004662431892938912,0.0011402893578633666,0.02985251322388649,0.9669443964958191,0.0015965973725542426
0.0008443415863439441,0.0009182380745187402,0.06848190724849701,0.9262792468070984,0.0034762280993163586
0.0023022820241749287,0.0007966576376929879,0.030911879613995552,0.850418746471405,0.11557044088840485
0.010472928173840046,0.8386372923851013,0.14942219853401184,0.0012664837995544076,0.0002011018805205822
0.0008845311822369695,0.25558653473854065,0.741057276725769,0.002297293394804001,0.00017440564988646656
5.5501139286207035e-05,9.028859494719654e-05,0.0008365865214727819,0.004915253724902868,0.994102418422699
0.0027239497285336256,0.009887456893920898,0.9368048906326294,0.050314150750637054,0.0002695177972782403
0.9777706265449524,0.021606560796499252,0.000421193108195439,0.0001104745315387845,9.115492139244452e-05
0.0002837601932696998,0.0056049576960504055,0.9416709542274475,0.05224168673157692,0.00019863607303705066
0.9988783001899719,0.0009404192678630352,0.0001253536029253155,3.450269650784321e-05,2.1443776859086938e-05
0.0011418277863413095,0.9541069865226746,0.04423374682664871,0.0004096257034689188,0.00010784426558529958
0.9139015078544617,0.0831584483385086,0.0023856963962316513,0.00032731471583247185,0.00022700056433677673
0.5682169198989868,0.4241255223751068,0.006338454782962799,0.0008817222551442683,0.0004373806877993047
0.0007089163991622627,0.001328821643255651,0.11399389803409576,0.8833393454551697,0.0006290353485383093
3.486845889710821e-05,4.9388923798687756e-05,0.0004866585659328848,0.003620704635977745,0.9958083629608154
0.000284448527963832,0.00959790963679552,0.9879978895187378,0.0020469282753765583,7.279308920260519e-05
0.9991751313209534,0.0006483214674517512,0.00011527995957294479,3.906673373421654e-05,2.216602661064826e-05
0.3719278573989868,0.6190671324729919,0.008228025399148464,0.0005853134789504111,0.00019166257698088884
0.5975876450538635,0.3975066840648651,0.003904980141669512,0.0007393024861812592,0.00026134407380595803
0.7181668281555176,0.2715758979320526,0.008759786374866962,0.0009779701940715313,0.0005195458652451634
0.000114268965262454,9.408459300175309e-05,0.0004766734200529754,0.008348791860044003,0.9909662008285522
0.9973266124725342,0.00242514512501657,0.0001433238503523171,6.214644236024469e-05,4.2709529225248843e-05
0.000686465238686651,0.00293988105840981,0.6514815092086792,0.3417832851409912,0.003108849050477147
0.28107795119285583,0.7068069577217102,0.010837653651833534,0.0008295340230688453,0.00044789581443183124
3.1858526199357584e-05,2.1682593796867877e-05,0.000224182746023871,0.0012702967505902052,0.9984519481658936
0.0019402081379666924,0.2596130967140198,0.7338173389434814,0.004283334128558636,0.0003460202133283019
0.0007353821420110762,0.03321763128042221,0.9586148858070374,0.007279735524207354,0.0001523011305835098
0.6305152177810669,0.3601148724555969,0.008181644603610039,0.0007469608099199831,0.0004413419810589403
0.0006205457611940801,0.002089649671688676,0.8598869442939758,0.1371106505393982,0.0002922158455476165
0.00029321867623366416,0.0028619379736483097,0.9342759847640991,0.06222036853432655,0.00034854302066378295
0.999659538269043,0.0002155928814318031,7.54930151742883e-05,3.565707811503671e-05,1.3761417903879192e-05
0.00015642055950593203,0.0003137190651614219,0.0060599613934755325,0.9929450154304504,0.0005248982342891395
0.11738374084234238,0.5579598546028137,0.30742770433425903,0.016228782013058662,0.000999942421913147
0.002846504095941782,0.026732157915830612,0.9302590489387512,0.03988353908061981,0.0002787341654766351
0.00019376521231606603,0.00020090678299311548,0.005485714878886938,0.2546793222427368,0.7394402623176575
0.0005679097375832498,0.0013267436297610402,0.017150109633803368,0.9770277738571167,0.0039274441078305244
0.999036431312561,0.0008073936332948506,8.53377569001168e-05,4.669812915381044e-05,2.4183182176784612e-05
0.000841375149320811,0.0023562691640108824,0.014859719201922417,0.9500905871391296,0.031852055341005325
0.9979488253593445,0.0015451123472303152,0.0003827692416962236,7.291810470633209e-05,5.039034294895828e-05
0.000579135783482343,0.0011969147017225623,0.9817832112312317,0.016292382031679153,0.0001484100503148511
0.39075902104377747,0.4093613028526306,0.17839612066745758,0.018072888255119324,0.003410644829273224
5.663937554345466e-05,9.830314229475334e-05,0.0007808273076079786,0.016338227316737175,0.982725977897644
0.0014742068015038967,0.5894702076911926,0.40522053837776184,0.0035997130908071995,0.00023528905876446515
0.999428927898407,0.00046639470383524895,6.892301462357864e-05,2.4443545044050552e-05,1.1288947462162469e-05
0.0007580315577797592,0.09473420679569244,0.8979414105415344,0.006428748834878206,0.00013756731641478837
0.00015152277774177492,0.00015013599477242678,0.0008366050897166133,0.01768399588763714,0.981177806854248
0.00024514924734830856,0.0006376866949722171,0.010370091535151005,0.9317781925201416,0.05696886032819748
0.0002049607428489253,0.0004855551233049482,0.0934012159705162,0.9008890986442566,0.00501917814835906
0.0005086265737190843,0.9079775214195251,0.09042689949274063,0.0009336606017313898,0.00015326583525165915
0.0020935186184942722,0.948362410068512,0.04896199330687523,0.0004760724550578743,0.0001059677088051103
0.00011314468429191038,9.504469198873267e-05,0.0003192024305462837,0.004485515411943197,0.9949871301651001
0.0003563559730537236,0.0011150338687002659,0.06788003444671631,0.9295428395271301,0.0011057468364015222
0.9986023306846619,0.001272746711038053,7.746727351332083e-05,3.0212155252229422e-05,1.7224909242941067e-05
0.030109554529190063,0.9607155323028564,0.008041905239224434,0.001028762198984623,0.00010427412780700251
0.9984344840049744,0.001437490456737578,8.716309093870223e-05,2.522134491300676e-05,1.565185266372282e-05
0.0006292734178714454,0.0011742436327040195,0.6590206027030945,0.3383766710758209,0.0007991986931301653
0.9962199330329895,0.0020897062495350838,0.001173930591903627,0.00042605880298651755,9.03483887668699e-05
0.016846101731061935,0.8574874997138977,0.12241256982088089,0.0030290179420262575,0.00022483969223685563
0.05188734829425812,0.9139670729637146,0.03200960531830788,0.0014993974473327398,0.0006366188754327595
0.0007343339966610074,0.0013182649854570627,0.25547850131988525,0.7377395033836365,0.004729382693767548
0.006583964917808771,0.9237499237060547,0.06847528368234634,0.0010278599802404642,0.00016296097601298243
0.015902597457170486,0.019694199785590172,0.9179068803787231,0.04604401811957359,0.0004522647650446743
0.06740527600049973,0.8687961101531982,0.06150151416659355,0.0017756362212821841,0.0005214574048295617
0.00022898272436577827,0.000499253801535815,0.08067594468593597,0.9170764088630676,0.0015194150619208813
0.0010965918190777302,0.12094595283269882,0.8732431530952454,0.004432728514075279,0.00028152414597570896
0.0017723807832226157,0.001741015468724072,0.20209188759326935,0.7930362224578857,0.0013584578409790993
0.5950635075569153,0.39730262756347656,0.0071760560385882854,0.0003160326450597495,0.00014178972924128175
0.0002848182921297848,0.00019977208285126835,0.0023356869351118803,0.0234614796936512,0.9737182259559631
0.0011556263780221343,0.272309809923172,0.7171405553817749,0.008793462999165058,0.0006005920586176217
0.004768791608512402,0.5664517283439636,0.42776933312416077,0.0007719918503426015,0.0002381327940383926
0.9349842667579651,0.061335254460573196,0.0026498837396502495,0.0007449511322192848,0.0002855956263374537
0.9989058971405029,0.0008219287265092134,0.00020621423027478158,4.2554140236461535e-05,2.338036210858263e-05
0.0005658800946548581,0.0008644174668006599,0.051412034779787064,0.6764078140258789,0.27074986696243286
0.805988073348999,0.19120724499225616,0.0021292739547789097,0.00043116361484862864,0.00024419266264885664
1.4843391909380443e-05,2.7614671125775203e-05,0.00012320464884396642,0.0012520089512690902,0.9985823631286621
0.0025325885508209467,0.9066876769065857,0.09014853090047836,0.0005060725379735231,0.0001251633366337046
0.004066454246640205,0.9802651405334473,0.014683853834867477,0.0008674787823110819,0.00011710706166923046
0.050613079220056534,0.9124808311462402,0.03568034619092941,0.0007985911215655506,0.00042717260657809675
0.00015431670180987567,0.00032584555447101593,0.0023960252292454243,0.02833598665893078,0.9687878489494324
0.00048225189675576985,0.015855249017477036,0.9690030217170715,0.014359802938997746,0.00029966840520501137
0.0002560395805630833,0.0005609853542409837,0.16725781559944153,0.8310422897338867,0.0008828934514895082
0.0001652689534239471,0.0002297626342624426,0.004296266008168459,0.19564288854599,0.7996658086776733
0.031998034566640854,0.9523345232009888,0.014806771650910378,0.0006572655402123928,0.00020337305613793433
0.023888425901532173,0.8463878035545349,0.12886452674865723,0.0006564889336004853,0.0002027435548370704
0.9967834949493408,0.0018299545627087355,0.0009945580968633294,0.00029156834352761507,0.00010042209760285914
0.8543165922164917,0.1432039886713028,0.002035511890426278,0.00026767616509459913,0.00017629119975026697
0.001033107633702457,0.0035676646512001753,0.15599142014980316,0.8038529753684998,0.03555477783083916
0.0004750777152366936,0.0008484180434606969,0.18552029132843018,0.8080324530601501,0.00512376194819808
0.0006978562450967729,0.002297322265803814,0.29962849617004395,0.6970451474189758,0.00033119000727310777
0.8909682035446167,0.1029578298330307,0.005152276251465082,0.0006417830591090024,0.00027995812706649303
0.7505081295967102,0.24331367015838623,0.004396198317408562,0.0012367090675979853,0.0005452790064737201
0.04609327390789986,0.7431041598320007,0.20796889066696167,0.0023819650523364544,0.0004516618500929326
0.00022170721786096692,0.0004918700433336198,0.019052207469940186,0.9709949493408203,0.009239224717020988
0.9974192380905151,0.0022840353194624186,0.00019966968102380633,5.913346467423253e-05,3.793835639953613e-05
0.0002489820763003081,0.000415583373978734,0.014732768759131432,0.2862454950809479,0.6983571648597717
2.1717383788200095e-05,2.4922075681388378e-05,0.0002119208947988227,0.0008226623176597059,0.9989187717437744
0.7191567420959473,0.27617964148521423,0.0037153377197682858,0.0006753155612386763,0.00027294844039715827
0.9166821837425232,0.07387535274028778,0.008709334768354893,0.0005501303821802139,0.0001829787652241066
0.0003993439895566553,0.001962390262633562,0.9819179177284241,0.015601295046508312,0.00011912838090211153
0.00038588294410146773,0.000718809082172811,0.014788913540542126,0.6066794991493225,0.37742695212364197
0.004042420536279678,0.1949683427810669,0.7453168034553528,0.05482730641961098,0.000845072150696069
0.0018323137192055583,0.0027705503161996603,0.8288388252258301,0.16486579179763794,0.0016925556119531393
0.006354896817356348,0.723773181438446,0.2690066695213318,0.0006960899336263537,0.00016918487381190062
0.9995675683021545,0.00035872607259079814,5.1534007070586085e-05,1.4064677998248953e-05,8.127770342980511e-06
0.000429837527917698,0.036471202969551086,0.9391228556632996,0.023737356066703796,0.0002386914857197553
0.000508139724843204,0.021059636026620865,0.9107902646064758,0.06715754419565201,0.0004843618953600526
0.9778617024421692,0.021072767674922943,0.0007377718575298786,0.00018114437989424914,0.00014666355855297297
0.9122077822685242,0.08444636315107346,0.0027665654197335243,0.00038243975723162293,0.00019681957201100886
0.997563362121582,0.0015522612957283854,0.0006284605478867888,0.00018960234592668712,6.635083991568536e-05
0.2946903109550476,0.670779824256897,0.033190976828336716,0.0009791550692170858,0.00035978099913336337
2.6159274057135917e-05,5.2334446081658825e-05,0.00032211412326432765,0.0028566676191985607,0.9967427849769592
0.5916112661361694,0.3440093398094177,0.06274352222681046,0.0014215896371752024,0.00021426257444545627
0.9982788562774658,0.001510778209194541,0.00014531187480315566,3.9234713767655194e-05,2.585171750979498e-05
0.000273494137218222,0.0011110749328508973,0.9715800881385803,0.026669269427657127,0.00036606600042432547
0.0005453313933685422,0.0008819212671369314,0.8666794896125793,0.13121215999126434,0.0006810618797317147
0.0008058957173489034,0.011037882417440414,0.8119605183601379,0.175479918718338,0.0007157517829909921
0.2126750946044922,0.7696309685707092,0.016067400574684143,0.0010057450272142887,0.0006207710830494761
0.0027947910130023956,0.005321159027516842,0.036031778901815414,0.9188397526741028,0.0370124876499176
0.004013011232018471,0.3088058829307556,0.6790125966072083,0.007897107861936092,0.00027134353877045214
0.0014711980475112796,0.2958449423313141,0.6962215304374695,0.006200970616191626,0.0002613432297948748
0.15403398871421814,0.8242744207382202,0.02046986110508442,0.0008893024642020464,0.0003323734854348004
0.0007273488445207477,0.0013078770134598017,0.027803223580121994,0.38370415568351746,0.586457371711731
0.0015514972619712353,0.004841197747737169,0.1987379640340805,0.7874056696891785,0.007463670801371336
0.00015094951959326863,0.0002934979274868965,0.006155801471322775,0.16666673123836517,0.8267330527305603
0.04131365194916725,0.8210060000419617,0.13539613783359528,0.0017845308175310493,0.0004997588112019002
0.9990166425704956,0.0006690485752187669,0.00026158124092034996,3.054800254176371e-05,2.216657048847992e-05
0.00029857445042580366,0.001461600884795189,0.01564076729118824,0.38737666606903076,0.5952224135398865
0.0012072559911757708,0.0014914433704689145,0.07379995286464691,0.9206625819206238,0.002838708460330963
0.0008954558870755136,0.0013721782015636563,0.01990341767668724,0.9738449454307556,0.003984030801802874
0.00039820713573135436,0.0008259830065071583,0.2619217336177826,0.7353963255882263,0.0014577332185581326
0.9990125894546509,0.000766122480854392,0.00015233876183629036,5.3796349675394595e-05,1.5168806385190692e-05
0.9995619654655457,0.00034491330734454095,6.163986108731478e-05,2.041171319433488e-05,1.1108626495115459e-05
8.698177225596737e-06,1.67627222253941e-05,7.416457810904831e-05,0.0007257958059199154,0.9991745352745056
0.9980154037475586,0.0017942531267181039,0.00012829455954488367,4.150617678533308e-05,2.0565652448567562e-05
0.8706539273262024,0.05699301138520241,0.07065174728631973,0.00107001350261271,0.0006312315235845745
0.0011970414780080318,0.0020714132115244865,0.7855569124221802,0.21039916574954987,0.0007755105034448206
0.9993366599082947,0.000555937469471246,5.854103437741287e-05,3.0398101444006898e-05,1.8464688764652237e-05
0.003537009935826063,0.3164992034435272,0.6764819025993347,0.0031246361322700977,0.0003572982386685908
0.6762093305587769,0.31690189242362976,0.006181672215461731,0.0005214167176745832,0.00018573326815385371
0.5109021067619324,0.4479903280735016,0.040174782276153564,0.0006696851924061775,0.0002631353272590786
0.0007932284497655928,0.007339351810514927,0.8795522451400757,0.11172813177108765,0.0005870778695680201
0.2592598795890808,0.6936889290809631,0.045907922089099884,0.0008947897586040199,0.0002484987780917436
3.353491047164425e-05,4.786386853083968e-05,0.00013865187065675855,0.0010726613691076636,0.9987072944641113
0.9992233514785767,0.0006741422694176435,6.377019599312916e-05,2.470917024766095e-05,1.3976919944980182e-05
0.9991617202758789,0.000625253131147474,0.0001232717913808301,6.52595772407949e-05,2.4463939553243108e-05
0.9960502982139587,0.0025685555301606655,0.0008343994850292802,0.0004738272982649505,7.297363481484354e-05
0.00441341707482934,0.596096932888031,0.3965000510215759,0.0026012491434812546,0.00038838604814372957
0.9715601801872253,0.027644626796245575,0.0005109224002808332,0.00021533880499191582,6.893059617141262e-05
0.0001850809931056574,0.0003182408690918237,0.00847687479108572,0.3030584156513214,0.6879613995552063
0.0004974245675839484,0.0023879886139184237,0.8515818119049072,0.1444978266954422,0.0010349195217713714
0.00025815580738708377,0.0006040132720954716,0.018342342227697372,0.9773805737495422,0.003414960578083992
0.9953064322471619,0.0037694652564823627,0.0006990087567828596,0.00014172283408697695,8.340256317751482e-05
0.018527314066886902,0.9197372794151306,0.060924552381038666,0.0005587480845861137,0.0002521265996620059
0.002430671127513051,0.666765570640564,0.2985156178474426,0.02881568856537342,0.0034724045544862747
0.4834463894367218,0.5143576264381409,0.001815863768570125,0.00023651198716834188,0.00014362081128638238
0.05587076023221016,0.9130268096923828,0.029816683381795883,0.0009946925565600395,0.00029111470212228596
0.001985270297154784,0.17121772468090057,0.7832444906234741,0.043266039341688156,0.0002864642010536045
0.0006744100828655064,0.0010845956858247519,0.535027027130127,0.4614713191986084,0.001742634573020041
0.0005373618914745748,0.0011168151395395398,0.22013318538665771,0.7763024568557739,0.0019101426005363464
0.9986749291419983,0.0009360599797219038,0.0003233929455745965,4.13752713939175e-05,2.4177890736609697e-05
0.7395902872085571,0.25854021310806274,0.0012414169032126665,0.0003912148531526327,0.0002368558052694425
0.6826063990592957,0.31258198618888855,0.003314821282401681,0.0009827094618231058,0.0005140602006576955
0.05723286420106888,0.9187886118888855,0.022330475971102715,0.0012526813661679626,0.00039532603113912046
0.0009118104353547096,0.32740217447280884,0.6648610830307007,0.006264059338718653,0.0005608470528386533
0.000748318328987807,0.004201490432024002,0.9316286444664001,0.06273233890533447,0.0006891800439916551
0.9752231240272522,0.02403697557747364,0.000533793936483562,0.00013184187992010266,7.42022311897017e-05
0.9992038607597351,0.0006330363103188574,0.0001019426345010288,3.608894985518418e-05,2.5091498173424043e-05
0.8635451793670654,0.13351918756961823,0.0025523740332573652,0.00024041983124334365,0.0001428581599611789
9.221109212376177e-05,0.00011412957246648148,0.0006169906700961292,0.026462294161319733,0.972714364528656
0.115569107234478,0.8681091070175171,0.015358023345470428,0.0007273146766237915,0.0002364153042435646
0.4387228786945343,0.5520683526992798,0.00819077156484127,0.0006717751384712756,0.00034625129774212837
0.9992077946662903,0.0005678957095369697,0.00012661029177252203,7.700885907979682e-05,2.071222843369469e-05
0.0003535152645781636,0.0008086887537501752,0.022198237478733063,0.9717170596122742,0.004922487773001194
0.9994229078292847,0.00048105837777256966,5.154261816642247e-05,2.6700385205913335e-05,1.7801579815568402e-05
0.40631821751594543,0.5777611136436462,0.014835027046501637,0.0008180359727703035,0.00026760713080875576
0.7735199332237244,0.22330452501773834,0.002513379091396928,0.00041067172423936427,0.00025151902809739113
0.998891294002533,0.0009161757188849151,0.0001063533200067468,6.828131881775334e-05,1.796979813661892e-05
0.0009579292964190245,0.0033463218715041876,0.9861582517623901,0.009348358027637005,0.00018914337852038443
0.998914361000061,0.0006966515793465078,0.00032122115953825414,3.215332981199026e-05,3.566857412806712e-05
0.9989556074142456,0.0007978423964232206,0.00015846831956878304,6.271451275097206e-05,2.5365063265780918e-05
0.0003422021691221744,0.0012661631917580962,0.9706358909606934,0.027587270364165306,0.00016851404507178813
0.0009033495443873107,0.001830457360483706,0.34188005328178406,0.6446971893310547,0.010688913986086845
0.12157237529754639,0.8711485266685486,0.006670100148767233,0.00046107929665595293,0.0001479625207139179
0.999394416809082,0.00052247493294999,5.077334935776889e-05,2.14277006307384e-05,1.094805065804394e-05
0.4642445743083954,0.504207968711853,0.029711144044995308,0.0011628965148702264,0.0006733898771926761
0.9990978240966797,0.0006400127313099802,0.00021056787227280438,3.0480116038233973e-05,2.1157060473342426e-05
0.9576206207275391,0.04008546471595764,0.0017225304618477821,0.0003946887736674398,0.00017676995776128024
0.9991500377655029,0.00073766871355474,7.244402513606474e-05,2.3680750018684193e-05,1.6202011465793476e-05
0.0006969160167500377,0.003857172792777419,0.9285690188407898,0.0664733424782753,0.00040349969640374184
0.46552351117134094,0.5234312415122986,0.010200804099440575,0.0006239915383048356,0.0002204315096605569
0.7179485559463501,0.26413825154304504,0.016938811168074608,0.0007118561188690364,0.00026248794165439904
0.006568870972841978,0.04537094011902809,0.9145432710647583,0.032333385199308395,0.001183567219413817
0.0028394563123583794,0.22808979451656342,0.7653299570083618,0.003540809266269207,0.00019995433103758842
0.040202051401138306,0.4703505039215088,0.48329469561576843,0.005335013382136822,0.0008177034324035048
0.4097994267940521,0.5852435827255249,0.003640905022621155,0.000718893832527101,0.0005971886566840112
0.0007420117617584765,0.0017070021713152528,0.6853092312812805,0.3114107549190521,0.0008309645927511156
0.0004683197767008096,0.0010438526514917612,0.3118939697742462,0.6833946704864502,0.0031992222648113966
0.9992985725402832,0.0004607760638464242,0.0001671309000812471,5.858750228071585e-05,1.493326635682024e-05
0.6621096134185791,0.23021458089351654,0.10203862190246582,0.004903184715658426,0.0007339933072216809
0.3575389087200165,0.6376003623008728,0.004281290806829929,0.0003379032132215798,0.00024158021551556885
0.7531712055206299,0.23508404195308685,0.009322836995124817,0.0019408337539061904,0.0004810791288036853
0.0003567411913536489,0.0005609190557152033,0.008032473735511303,0.9899069666862488,0.001142950844950974
0.0013190258760005236,0.373685359954834,0.6103498935699463,0.014239877462387085,0.00040584729867987335
0.991319477558136,0.008056572638452053,0.00045966406469233334,8.86598281795159e-05,7.560456288047135e-05
0.0012870760401710868,0.0018089136574417353,0.016618169844150543,0.9776970148086548,0.002588885370641947
0.0018325282726436853,0.08748842030763626,0.8828912973403931,0.027051689103245735,0.0007360398885793984
0.9981352090835571,0.0013698729453608394,0.00031579285860061646,0.00014251448737923056,3.6526686017168686e-05
0.004046528600156307,0.24128220975399017,0.7432150840759277,0.010851521044969559,0.0006046754424460232
0.8414409160614014,0.15640302002429962,0.0013463161885738373,0.0005512075731530786,0.00025854361592791975
0.0024962553288787603,0.846901535987854,0.14966967701911926,0.000789898622315377,0.0001426312082912773
0.0006702255341224372,0.1246149018406868,0.8636353015899658,0.010467871092259884,0.0006117267184890807
2.1608593669952825e-05,6.287964060902596e-05,0.000336336757754907,0.0013936284231022,0.9981855750083923
0.10973970592021942,0.8473814725875854,0.040963444858789444,0.0013423104537650943,0.0005731171113438904
0.011068071238696575,0.8306474685668945,0.15504314005374908,0.0028432884719222784,0.0003980382753070444
4.2224564822390676e-05,8.53737656143494e-05,0.00018483235908206552,0.002740988740697503,0.9969466328620911
0.9819138646125793,0.01442648284137249,0.00260334275662899,0.0009107058867812157,0.00014557389658875763
0.00043591452413238585,0.0007579390658065677,0.01054772362112999,0.3599967956542969,0.6282616257667542
0.8735052347183228,0.1245548203587532,0.0015023074811324477,0.0002534464583732188,0.00018422820721752942
0.0006351462216116488,0.02839680202305317,0.9462094902992249,0.024404006078839302,0.0003545009531080723
0.004845334682613611,0.519024133682251,0.4597387909889221,0.015856537967920303,0.0005352232255972922
0.001891270512714982,0.059624265879392624,0.8454676866531372,0.09190135449171066,0.0011154230451211333
0.0886826142668724,0.40660911798477173,0.48378631472587585,0.015752488747239113,0.005169526673853397
0.0013429423561319709,0.001620011287741363,0.12856489419937134,0.7998518943786621,0.06862029433250427
0.09889241307973862,0.8570300936698914,0.042223863303661346,0.001432555727660656,0.00042106478940695524
0.0017358913319185376,0.0035438581835478544,0.8458861112594604,0.14755304157733917,0.0012811103370040655
0.0006296058418229222,0.0010293761733919382,0.004353620111942291,0.3683892488479614,0.625598132610321
7.857766468077898e-05,0.00014847438433207572,0.0002560787252150476,0.0023998089600354433,0.9971170425415039
0.00026424077805131674,0.0003907682257704437,0.11424426734447479,0.8810399770736694,0.004060712642967701
0.0008165577310137451,0.0007793535478413105,0.3008626103401184,0.6962465643882751,0.0012949110241606832
0.0007962873205542564,0.0011619882425293326,0.017052387818694115,0.8700488209724426,0.11094047874212265
0.41014713048934937,0.587604284286499,0.0013383443001657724,0.0004809019446838647,0.000429322972195223
0.9971060156822205,0.0023178718984127045,0.00043870945228263736,0.00010137047502212226,3.6021323467139155e-05
0.0011806143447756767,0.00435424642637372,0.5907414555549622,0.40175965428352356,0.0019640224054455757
0.9990304708480835,0.0006959217716939747,0.00013876910088583827,9.634096932131797e-05,3.855537579511292e-05
0.6381517648696899,0.3247164189815521,0.03549785539507866,0.0011878543300554156,0.00044610220356844366
0.998629093170166,0.0011137499241158366,0.00019776984117925167,2.6769372198032215e-05,3.264000770286657e-05
0.0005022667464800179,0.00017551348719280213,0.00783522054553032,0.038941431790590286,0.9525455832481384
0.00035954927443526685,0.013264521025121212,0.978832483291626,0.007346429396420717,0.00019706202147062868
0.0005233408301137388,0.0010860972106456757,0.006656226702034473,0.9885148406028748,0.0032195376697927713
0.9361217021942139,0.06272424012422562,0.0007359095034189522,0.0002927695168182254,0.00012540078023448586
0.22635893523693085,0.7397310733795166,0.03269883990287781,0.0006773493369109929,0.0005337923648767173
0.9980289340019226,0.0017559161642566323,0.00013652251800522208,5.0665308663155884e-05,2.791729821183253e-05
0.0010414526332169771,0.0021827733144164085,0.9668570160865784,0.029718687757849693,0.00020006627892144024
0.004459872376173735,0.585206925868988,0.33676016330718994,0.07300268113613129,0.000570386357139796
0.0004900626372545958,0.0025585449766367674,0.9654799103736877,0.031235937029123306,0.00023556432279292494
0.4953473210334778,0.4764765202999115,0.026333501562476158,0.001451500109396875,0.0003911099338438362
0.996810257434845,0.003045447636395693,7.706072938162833e-05,4.363483458291739e-05,2.3548724129796028e-05
0.9819719195365906,0.01743326149880886,0.0004062183143105358,0.00013037578901275992,5.826341293868609e-05
0.0006562425405718386,0.0013240588596090674,0.08848913013935089,0.902402937412262,0.007127581164240837
0.7096765041351318,0.28507351875305176,0.004049171227961779,0.0008963082218542695,0.00030452178907580674
0.9986481070518494,0.0011527762981131673,0.00010853907588170841,6.541945913340896e-05,2.5234079657820985e-05
0.00020719975873362273,0.0003977819869760424,0.0066361138597130775,0.9762720465660095,0.01648682728409767
0.0004566636052913964,0.0017845297697931528,0.043156642466783524,0.9415280222892761,0.013074090704321861
0.305704802274704,0.6666386127471924,0.026538852602243423,0.0007325440528802574,0.0003851370420306921
0.048581141978502274,0.9425485730171204,0.007135624531656504,0.0010253533255308867,0.0007093445747159421
0.0004828844976145774,0.10919196903705597,0.8780882358551025,0.012076188810169697,0.000160675699589774
0.0006441139848902822,0.0013631414622068405,0.42861226201057434,0.5690920352935791,0.00028846669010818005
0.005592358764261007,0.08266904205083847,0.7035325169563293,0.2072322815656662,0.0009738050284795463
0.9992000460624695,0.0006261578528210521,0.0001103235554182902,4.0441806049784645e-05,2.30876339628594e-05
0.0002569652860984206,0.00042971683433279395,0.005569350440055132,0.9722768068313599,0.021467100828886032
0.002951814094558358,0.7910207509994507,0.19087213277816772,0.014716291800141335,0.00043899304000660777
0.9927977919578552,0.006218056660145521,0.0008465750725008547,8.01196729298681e-05,5.7459925301373005e-05
0.0004291765799280256,0.0007139132358133793,0.035138752311468124,0.9126645922660828,0.051053598523139954
0.5684404969215393,0.41758036613464355,0.012316049076616764,0.0013565790141001344,0.000306510686641559
0.000224531686399132,0.007926791906356812,0.9851795434951782,0.006512701045721769,0.00015640404308214784
0.453860878944397,0.5387611389160156,0.006624337751418352,0.0005614905385300517,0.00019212803454138339
0.11055952310562134,0.8437308073043823,0.04333606734871864,0.002031478099524975,0.0003420971625018865
0.0009831169154495,0.32324472069740295,0.6732707619667053,0.002264370210468769,0.00023700937163084745
0.00016870131366886199,0.00031007977668195963,0.02148567885160446,0.9775871634483337,0.0004483950324356556
0.0007568518631160259,0.004746624734252691,0.5627829432487488,0.4312105178833008,0.0005030750762671232
0.00044850390986539423,0.0010229813633486629,0.1919548660516739,0.8012802004814148,0.005293482448905706
0.002668625907972455,0.004038695711642504,0.5392094254493713,0.4512975811958313,0.0027857101522386074
0.0003956056316383183,0.000814750965218991,0.25810667872428894,0.739445149898529,0.0012378421379253268
0.9960852861404419,0.003728315467014909,0.00010832507541636005,5.680070535163395e-05,2.129985841747839e-05
0.00036635767901316285,0.0007157996878959239,0.0038598114624619484,0.5807504653930664,0.41430753469467163
0.9966385364532471,0.00178215850610286,0.0006942966138012707,0.0007064617238938808,0.0001784828054951504
0.9981731176376343,0.001001388649456203,0.0004617468803189695,0.0003075360436923802,5.626360507449135e-05
0.9963399171829224,0.002758036833256483,0.000610334740485996,0.00020563231373671442,8.608034841017798e-05
0.9989668130874634,0.0007119755609892309,0.00021151776309125125,7.715816900599748e-05,3.251537782489322e-05
0.05868295207619667,0.29035043716430664,0.6455391049385071,0.004993394482880831,0.0004341156454756856
0.7980896234512329,0.19791367650032043,0.002204009797424078,0.00149094860535115,0.0003017400740645826
0.0013226207811385393,0.48963236808776855,0.5068591237068176,0.0019276841776445508,0.00025820083101280034
0.000376550859073177,0.000607187335845083,0.03746296465396881,0.9597127437591553,0.0018405687296763062
0.00040184298995882273,0.3144642412662506,0.6838811039924622,0.0011376655893400311,0.0001151287360698916
0.0005778052727691829,0.0010848571546375751,0.010896491818130016,0.9774812459945679,0.009959639981389046
0.0003680811496451497,0.0004915111348964274,0.010231900960206985,0.5886462926864624,0.4002622067928314
0.9991356730461121,0.000668003223836422,0.0001291748631047085,4.99961206514854e-05,1.7236952771781944e-05
0.9986097812652588,0.0011683390475809574,0.00016416893049608916,3.946939978050068e-05,1.8155153156840242e-05
0.050283439457416534,0.8892936110496521,0.058461304754018784,0.0015197893371805549,0.00044181893463246524
0.00017988392210099846,0.0008940375992096961,0.2750953435897827,0.7236320376396179,0.00019874039571732283
0.0004418923344928771,0.0006023549358360469,0.015721993520855904,0.981549084186554,0.0016846837243065238
0.0004874689329881221,0.0010412376141175628,0.8302971124649048,0.16724474728107452,0.0009294049232266843
0.006440474186092615,0.6241708993911743,0.34491798281669617,0.021817753091454506,0.0026528930757194757
0.3486713171005249,0.547309398651123,0.10018586367368698,0.0033382661640644073,0.0004952120361849666
0.000579219195060432,0.001080073183402419,0.8507660627365112,0.14679020643234253,0.0007843923522159457
0.9725251197814941,0.025948097929358482,0.0010857669403776526,0.0002907873713411391,0.0001501886872574687
0.03240322321653366,0.9260556101799011,0.038223445415496826,0.003130796831101179,0.00018698611529543996
0.02205401100218296,0.9676614999771118,0.00878836028277874,0.0011003394611179829,0.00039582900353707373
0.6409057974815369,0.312247633934021,0.04500356689095497,0.001440496533177793,0.0004024884256068617
0.1958976536989212,0.7722581624984741,0.03079882636666298,0.0007534861797466874,0.0002918543468695134
0.9990090131759644,0.0007293858216144145,0.00020967412274330854,3.7077719753142446e-05,1.478718695580028e-05
2.3743719793856144e-05,4.611020631273277e-05,0.00018129254749510437,0.0012727509019896388,0.9984760880470276
1.8369108147453517e-05,3.8315076380968094e-05,0.00011052462650695816,0.0008915063226595521,0.9989412426948547
0.0011779895285144448,0.07295781373977661,0.892547070980072,0.033040136098861694,0.0002770071441773325
0.0004241768328938633,0.0015588566893711686,0.9805578589439392,0.017149001359939575,0.0003100483154412359
0.002156610833480954,0.1638977825641632,0.7732945680618286,0.05701318010687828,0.0036378460936248302
0.9464287757873535,0.05130891874432564,0.00198228657245636,0.00017597134865354747,0.0001041045761667192
0.9973115921020508,0.0019324271706864238,0.0005933996289968491,0.00011315124720567837,4.946229819324799e-05
0.9987950325012207,0.0009562200866639614,0.0001705107424641028,4.4046941184205934e-05,3.4135890018660575e-05
0.29842931032180786,0.47441694140434265,0.21777428686618805,0.006590603850781918,0.002788833575323224
0.0012385309673845768,0.6893105506896973,0.30786338448524475,0.0013972269371151924,0.00019030239491257817
0.09640635550022125,0.896909773349762,0.004814731888473034,0.00162036984693259,0.0002487842575646937
3.304747224319726e-05,6.992621638346463e-05,0.0003784431901294738,0.001953631639480591,0.9975649118423462
0.9991053938865662,0.0007714610546827316,8.038179657887667e-05,2.83358822343871e-05,1.4383074812940322e-05
0.0003438414423726499,0.0010570972226560116,0.22506718337535858,0.7715453505516052,0.0019865166395902634
0.0042204177007079124,0.799390971660614,0.18751157820224762,0.00849239807575941,0.0003846899198833853
0.0005867877043783665,0.004251259844750166,0.9486264586448669,0.046213261783123016,0.00032227818155661225
0.7705458402633667,0.21637697517871857,0.012367280200123787,0.0005052665947005153,0.00020467212016228586
4.160316530033015e-05,2.7091351512353867e-05,0.00012938347936142236,0.0006347353337332606,0.9991672039031982
0.0009826475288718939,0.7234779596328735,0.27141523361206055,0.003832561429589987,0.00029157352400943637
0.0005412717000581324,0.0015251414151862264,0.34369567036628723,0.6537182331085205,0.0005196391139179468
0.9990739822387695,0.0006802460411563516,0.00016452648560516536,5.170458825887181e-05,2.950571069959551e-05
0.9994344115257263,0.00045485340524464846,6.793661304982379e-05,2.8408512662281282e-05,1.4385355825652368e-05
0.9578468203544617,0.040785543620586395,0.0007192762568593025,0.0005340030766092241,0.00011439449735917151
0.0003997053427156061,0.0014882102841511369,0.9794977903366089,0.01843223348259926,0.00018210255075246096
0.998866081237793,0.0008627079077996314,0.00019713822985067964,3.949914753320627e-05,3.4629982110345736e-05
0.996877908706665,0.0025827186182141304,0.00033629292738623917,0.00014781311620026827,5.529322515940294e-05
0.9975565671920776,0.0015051158843562007,0.0007378701702691615,0.00014019319496583194,6.0254489653743804e-05
0.0005954907392151654,0.006189262960106134,0.9674184322357178,0.025488948449492455,0.0003078213194385171
0.005175333935767412,0.9778619408607483,0.016357265412807465,0.0005062544369138777,9.925885387929156e-05
0.00045057255192659795,0.049693092703819275,0.5397546291351318,0.4093513488769531,0.0007504083914682269
3.1479077733820304e-05,6.616095924982801e-05,0.00021762301912531257,0.017174221575260162,0.982510507106781
0.9351813197135925,0.06321144849061966,0.0012959426967427135,0.00021093070972710848,0.00010040523920906708
0.0006297281943261623,0.0020940713584423065,0.6649803519248962,0.32993239164352417,0.002363466890528798
0.0009269174770452082,0.005429327022284269,0.9684112668037415,0.02492416463792324,0.000308279471937567
0.9986600875854492,0.0008759102784097195,0.0003705236886162311,6.173136353027076e-05,3.178937186021358e-05
0.9379437565803528,0.05896647274494171,0.0027773557230830193,0.00018637749599292874,0.0001260059216292575
0.0004568183212541044,0.0010561799863353372,0.39577552676200867,0.6020742654800415,0.0006371958879753947
0.998897910118103,0.0006498009315691888,0.00030831340700387955,0.00011643712787190452,2.748153383436147e-05
0.9297266006469727,0.06860686093568802,0.0011350901331752539,0.0003261461097281426,0.00020531463087536395
0.9987812638282776,0.0010719542624428868,9.918046998791397e-05,2.8100914278184064e-05,1.9499753761920147e-05
0.009161101654171944,0.9770877361297607,0.011970032937824726,0.0015888180350884795,0.00019231365877203643
0.07393360882997513,0.6952074766159058,0.22880177199840546,0.0010929714189842343,0.0009641645010560751
0.9993755221366882,0.00044665089808404446,0.00012926601630169898,3.6381370591698214e-05,1.2207286090415437e-05
0.9888761639595032,0.01063540019094944,0.00031220566597767174,9.92369677987881e-05,7.69213293096982e-05
0.14942201972007751,0.8426287770271301,0.006999728735536337,0.0006286161951720715,0.0003208034613635391
0.0006829631165601313,0.0016228341264650226,0.9068130850791931,0.09045743197202682,0.0004236810782458633
0.0007576774805784225,0.0011879674857482314,0.9746096134185791,0.02326027862727642,0.00018453417578712106
0.021305227652192116,0.8804097771644592,0.09580426663160324,0.0016449058894068003,0.0008358262130059302
0.9975492358207703,0.0021217416506260633,0.0002297405299032107,6.136374577181414e-05,3.7931073165964335e-05
0.11928043514490128,0.8527607321739197,0.025595106184482574,0.00205038720741868,0.0003133959835395217
0.9929136633872986,0.0064796158112585545,0.0004016227612737566,0.00014874667976982892,5.6389642850263044e-05
0.14552132785320282,0.7840816974639893,0.06836185604333878,0.0016876459121704102,0.00034746009623631835
0.11084380000829697,0.6917765736579895,0.19267824292182922,0.0036186433862894773,0.0010827600490301847
0.9993452429771423,0.000526332703884691,8.433631592197344e-05,2.7908301490242593e-05,1.622477066121064e-05
0.05558932200074196,0.8798595070838928,0.06304885447025299,0.0009833060903474689,0.0005190383526496589
0.9755236506462097,0.023619158193469048,0.000537244079168886,0.00017266890790779144,0.00014720640319865197
0.9991441965103149,0.0006299269734881818,0.00015665900718886405,3.840364661300555e-05,3.083913179580122e-05
0.00030627590604126453,0.02038690261542797,0.9639477729797363,0.015141505748033524,0.00021752000611741096
0.012303050607442856,0.7035631537437439,0.28265929222106934,0.0012634140439331532,0.00021108209330122918
3.326240766909905e-05,4.090066431672312e-05,0.00013273154036141932,0.002886694623157382,0.9969064593315125
0.9991475343704224,0.0006342212436720729,0.00014785098028369248,4.986957355868071e-05,2.047517591563519e-05
0.9487521052360535,0.04816943034529686,0.0027854181826114655,0.0001911943982122466,0.00010191259207203984
0.34271833300590515,0.6312773823738098,0.024133672937750816,0.0011756917228922248,0.0006948943482711911
0.4314138889312744,0.5558006167411804,0.009931687265634537,0.0023122583515942097,0.0005415715859271586
0.0005040315445512533,0.0022619457449764013,0.4222116470336914,0.5737168788909912,0.0013054970186203718
0.9679474234580994,0.03172304853796959,0.00024289583961945027,5.496442099683918e-05,3.160847336403094e-05
0.8952946066856384,0.10042417794466019,0.0038098639342933893,0.00031754886731505394,0.0001538027572678402
0.9966638684272766,0.0020332259591668844,0.0011724205687642097,8.660957246320322e-05,4.3910727981710806e-05
0.9993441700935364,0.0004959481302648783,0.0001265831378987059,2.0046287318109535e-05,1.3251846212369855e-05
0.008450798690319061,0.9438815712928772,0.04652316868305206,0.0009436578257009387,0.00020075221254955977
0.0008258888847194612,0.13321168720722198,0.5387611985206604,0.32626697421073914,0.0009341934928670526
0.9905597567558289,0.00903409719467163,0.0002904018328990787,6.85222476022318e-05,4.71808307338506e-05
0.006925314664840698,0.959006667137146,0.03325604647397995,0.0006669804570265114,0.0001449642877560109
0.9008755683898926,0.0981004610657692,0.0006036260747350752,0.00025846713106147945,0.0001619010727154091
0.000496268505230546,0.0006514418055303395,0.18128815293312073,0.8129308819770813,0.004633234813809395
0.9966502785682678,0.0021390600595623255,0.0010550649603828788,0.00010165031562792137,5.3963733080308884e-05
0.7955579161643982,0.19957847893238068,0.004195083398371935,0.00045780930668115616,0.0002106841711793095
0.2651652693748474,0.6493332982063293,0.08274338394403458,0.001898759277537465,0.0008593326201662421
0.4667471945285797,0.5100264549255371,0.020332401618361473,0.0020648627541959286,0.0008290547411888838
0.4934777319431305,0.4832521378993988,0.021719375625252724,0.0010766640771180391,0.0004741315497085452
0.00029799711774103343,0.000708924257196486,0.0061683254316449165,0.8786503076553345,0.11417440325021744
0.00720447301864624,0.5931044220924377,0.39814382791519165,0.0013267922913655639,0.0002205072232754901
0.0003588399267755449,0.12255138903856277,0.8758186101913452,0.0011637323768809438,0.00010740314610302448
0.126466765999794,0.8577006459236145,0.014725486747920513,0.0008673024130985141,0.0002398402284597978
4.386554428492673e-05,9.299292287323624e-05,0.0005272087291814387,0.0037356095854192972,0.9956003427505493
0.0006825841264799237,0.004580619279295206,0.8486658334732056,0.1455458700656891,0.0005250621470622718
0.9991450309753418,0.0007368894293904305,8.022997644729912e-05,2.062467683572322e-05,1.7262909750570543e-05
0.5347896814346313,0.46211951971054077,0.002241266192868352,0.0005675388383679092,0.0002820411173161119
0.015255065634846687,0.8113235831260681,0.17102906107902527,0.0021532990504056215,0.0002389946603216231
0.998792290687561,0.0009667304111644626,0.00015159801114350557,5.24844836036209e-05,3.690477387863211e-05
0.9996935129165649,0.00015250933938659728,9.80627810349688e-05,4.1402148781344295e-05,1.4503862075798679e-05
0.564794659614563,0.42747655510902405,0.0063963341526687145,0.0008721262565813959,0.0004603676206897944
0.8941245079040527,0.10457409918308258,0.0008942399872466922,0.000268782110651955,0.00013839649909641594
0.0006061427993699908,0.001984685193747282,0.96241295337677,0.03474932163953781,0.0002468563034199178
0.0002814749605022371,0.0006737609510309994,0.008831914514303207,0.1737065464258194,0.8165063261985779
0.004968860186636448,0.9352043271064758,0.05853620544075966,0.0011425806442275643,0.00014803707017563283
0.9969614148139954,0.0025338244158774614,0.0003477426362223923,0.00010270487109664828,5.431530735222623e-05
0.00021813933562953025,0.0037417530547827482,0.9940643906593323,0.0018950819503515959,8.071625779848546e-05
0.020297154784202576,0.8939124941825867,0.08507618308067322,0.0005879601230844855,0.0001261661236640066
0.0007802014006301761,0.009561534970998764,0.9594679474830627,0.029781123623251915,0.00040922517655417323
0.7190717458724976,0.271253377199173,0.008209030143916607,0.001057030400261283,0.0004088481655344367
0.0014400368090718985,0.0034690657630562782,0.24994030594825745,0.7440360188484192,0.0011145424796268344
5.8484074543230236e-05,0.0001766136847436428,0.0012992749689146876,0.008416451513767242,0.9900491237640381
0.942499041557312,0.05677439644932747,0.0004367688379716128,0.0001776882418198511,0.00011210569209652022
0.00034844540641643107,0.011447902768850327,0.985637366771698,0.0024685433600097895,9.767915616976097e-05
0.04458087310194969,0.5676363706588745,0.384971022605896,0.0012667779810726643,0.0015449706697836518
0.0004899061750620604,0.32491767406463623,0.6705253720283508,0.0038215455133467913,0.0002455661306157708
9.629828127799556e-05,7.549302972620353e-05,0.00024662778014317155,0.003966372460126877,0.9956152439117432
0.02171407639980316,0.24422773718833923,0.7302165627479553,0.0029788087122142315,0.0008628001087345183
0.9975144863128662,0.002139146439731121,0.00022739431005902588,8.338805491803214e-05,3.55780211975798e-05
0.0002946097229141742,0.0007519859354943037,0.8479126691818237,0.15072016417980194,0.00032058029319159687
0.0004018104518763721,0.0020062271505594254,0.21376340091228485,0.783263087272644,0.0005654488923028111
0.0002869032323360443,0.0004692815418820828,0.03481444716453552,0.9623822569847107,0.0020470698364079
0.0011650384403765202,0.5555976033210754,0.4399147927761078,0.003091271035373211,0.00023125803272705525
0.8101271986961365,0.18464884161949158,0.004133534152060747,0.0007330127991735935,0.00035741893225349486
0.9060671329498291,0.08937089890241623,0.004122630693018436,0.00029662621091119945,0.00014273112174123526
0.43591153621673584,0.5214104652404785,0.04105830565094948,0.0010905731469392776,0.0005291529232636094
0.06520707160234451,0.46484375,0.46705132722854614,0.0024621535558253527,0.0004356553254183382
0.6937545537948608,0.301974892616272,0.0031466432847082615,0.0007854538853280246,0.00033848333987407386
0.0013231163611635566,0.0021775776986032724,0.282351016998291,0.7047229409217834,0.009425333701074123
0.9993517994880676,0.0005296675954014063,8.462441473966464e-05,2.0391760699567385e-05,1.3551454685511999e-05
5.2159219194436446e-05,2.443881930958014e-05,0.0001137397121055983,0.0008387680281884968,0.9989708662033081
0.00034825984039343894,0.0005855623749084771,0.023417888209223747,0.8540077209472656,0.12164056301116943
0.166259303689003,0.7726917862892151,0.05731112137436867,0.0032894343603402376,0.0004483571683522314
0.9832815527915955,0.015405074693262577,0.001144587411545217,0.00011735634325305,5.139931454323232e-05
0.0005040266551077366,0.0006006438634358346,0.014135736972093582,0.43143603205680847,0.5533235669136047
0.542490541934967,0.44515010714530945,0.011579014360904694,0.0005087791359983385,0.0002715917071327567
0.864901602268219,0.1288788914680481,0.005434062797576189,0.0004301141598261893,0.00035534758353605866
0.00030004605650901794,0.00046301152906380594,0.013127765618264675,0.5414457321166992,0.44466346502304077
0.26410597562789917,0.4875949025154114,0.23760761320590973,0.010202164761722088,0.0004893583245575428
0.007085692137479782,0.7471908926963806,0.24083426594734192,0.0042602973990142345,0.0006288920994848013
3.02507723972667e-05,5.159702050150372e-05,0.0003149672702420503,0.002262498950585723,0.997340738773346
0.00042654224671423435,0.000574030913412571,0.04317713528871536,0.9550774097442627,0.000744955032132566
0.000553499034140259,0.0015109535306692123,0.8640892505645752,0.13338983058929443,0.00045641709584742785
0.001107285963371396,0.33706337213516235,0.6597898602485657,0.0018312339670956135,0.000208260040380992
0.0006803206633776426,0.5861404538154602,0.39629581570625305,0.01659378409385681,0.0002896174555644393
6.367186142597347e-05,0.00010457347525516525,0.00027564214542508125,0.0052426476031541824,0.9943134784698486
0.0015456684632226825,0.5964555740356445,0.3955141007900238,0.005726139526814222,0.0007584661943838
0.0008302040514536202,0.009002674371004105,0.8180102109909058,0.17095333337783813,0.0012035327963531017
0.9991212487220764,0.0006870327633805573,0.00013219098036643118,3.670464502647519e-05,2.2876643924973905e-05
0.9480767846107483,0.049587320536375046,0.0018870353233069181,0.00031014959677122533,0.0001386922667734325
0.0004123881517443806,0.0028024131897836924,0.9599515795707703,0.036364685744047165,0.00046897606807760894
0.9328266978263855,0.06321306526660919,0.0031341814901679754,0.0005894405767321587,0.000236593623412773
0.9982427358627319,0.0015319340163841844,0.0001558357907924801,4.140266901231371e-05,2.8042273697792552e-05
0.9986128807067871,0.001171802869066596,0.00012482695456128567,6.212910375325009e-05,2.829942422977183e-05
0.0005365317920222878,0.000897137972060591,0.007083641365170479,0.9901546239852905,0.001327989622950554
0.000534155173227191,0.001378289540298283,0.021257752552628517,0.9323804378509521,0.04444942623376846
0.608305811882019,0.3784239888191223,0.011439915746450424,0.0014531953493133187,0.00037707958836108446
0.023823754861950874,0.8441338539123535,0.12900905311107635,0.0024038248229771852,0.0006295636994764209
0.000326504377881065,0.023048756644129753,0.9758220314979553,0.0007318647112697363,7.086375990184024e-05
0.0002986553299706429,0.015052391216158867,0.9694570302963257,0.0149933360517025,0.0001985985436476767
0.011454842053353786,0.23853826522827148,0.7067954540252686,0.04230618104338646,0.000905281922314316
0.00019522299407981336,0.00046818031114526093,0.007419693749397993,0.4447290003299713,0.547187864780426
0.9986236095428467,0.001089331111870706,0.00019345035252626985,5.864583363290876e-05,3.495383134577423e-05
0.9995689988136292,0.00033530459040775895,6.381805724231526e-05,2.1199422917561606e-05,1.0711374670790974e-05
0.0008135154494084418,0.013265098445117474,0.9702534079551697,0.015391298569738865,0.00027669561677612364
0.000299454404739663,0.0007160166860558093,0.005659765563905239,0.9929912090301514,0.0003335097280796617
0.9991405010223389,0.000606538902502507,0.00018512114183977246,4.448783511179499e-05,2.332193253096193e-05
0.9750381112098694,0.02436312474310398,0.0004251040518283844,0.00012350110046099871,5.013095506001264e-05
0.0008215277339331806,0.007418788969516754,0.9878026843070984,0.0038250507786870003,0.00013191610923968256
0.00023579060507472605,0.008050249889492989,0.9903738498687744,0.0012650033459067345,7.510935392929241e-05
0.0003224998072255403,0.0004729352076537907,0.1367689073085785,0.8613752722740173,0.001060368726029992
0.001331467879936099,0.0030434296932071447,0.5253029465675354,0.4652664363384247,0.0050557381473481655
0.0012115024728700519,0.11091256886720657,0.8847728371620178,0.002893756376579404,0.00020931576727889478
0.0010016924934461713,0.0021727385465055704,0.877211332321167,0.11935355514287949,0.00026068734587170184
0.0002665058127604425,0.0007975645130500197,0.06552216410636902,0.9331978559494019,0.00021594941790681332
0.0390750952064991,0.8089691996574402,0.14920054376125336,0.0024092444218695164,0.00034591148141771555
0.015912577509880066,0.9077969789505005,0.07380913943052292,0.0021126193460077047,0.0003687100834213197
0.9984729886054993,0.0009427997865714133,0.0004332654061727226,0.00011069165338994935,4.0194790926761925e-05
0.00029992053168825805,0.0006168612744659185,0.004567586816847324,0.9825003743171692,0.0120152048766613
0.00023378219339065254,0.0004381393373478204,0.04744338244199753,0.9497775435447693,0.0021071189548820257
0.9990272521972656,0.0007550994632765651,0.00017058145022019744,3.165358430123888e-05,1.5409697880386375e-05
0.9987596273422241,0.00098044506739825,0.00015447565237991512,8.29972414067015e-05,2.2422369511332363e-05
0.9416323304176331,0.057480067014694214,0.0005046413280069828,0.00027759032673202455,0.00010532021406106651
0.0005989737692289054,0.0064115580171346664,0.970252513885498,0.022548267617821693,0.00018874724628403783
0.7259882688522339,0.27123263478279114,0.001974144484847784,0.0005090897902846336,0.0002958044351544231
0.0007774995174258947,0.0011669864179566503,0.5777150988578796,0.41979432106018066,0.0005461069522425532
0.015712767839431763,0.9219406247138977,0.05916167050600052,0.002779013942927122,0.00040588853880763054
0.0509924590587616,0.9266306757926941,0.019287526607513428,0.0023713023401796818,0.0007180297398008406
0.0022348479833453894,0.5063281655311584,0.3876253366470337,0.10323614627122879,0.0005755191086791456
0.5354597568511963,0.4387521743774414,0.02467259392142296,0.0007327403873205185,0.00038277305429801345
0.0006147974054329097,0.0026380259077996016,0.04543032497167587,0.8737371563911438,0.07757968455553055
0.00030351520399563015,0.0007273927913047373,0.04399430379271507,0.9539934992790222,0.000981304794549942
0.8575812578201294,0.1400410681962967,0.0017972809728235006,0.00041350669926032424,0.0001668788172537461
0.0007451970013789833,0.0008251246181316674,0.011535116471350193,0.6267192363739014,0.36017534136772156
0.0004697514814324677,0.25183218717575073,0.7404366135597229,0.007060041651129723,0.00020135215891059488
0.09449657052755356,0.5894588828086853,0.31383928656578064,0.00146461371332407,0.0007406779914163053
0.0004979921504855156,0.000809128163382411,0.10067221522331238,0.897554874420166,0.00046580188791267574
0.0008262212504632771,0.07607035338878632,0.9183564186096191,0.004576308187097311,0.00017076024960260838
0.9992871880531311,0.000547492818441242,0.00011013290350092575,3.298833325970918e-05,2.2246280423132703e-05
0.8053126931190491,0.19246652722358704,0.0018710610456764698,0.00024690598365850747,0.00010284439485985786
0.00032315743737854064,0.00889632385224104,0.984589159488678,0.006080014631152153,0.0001113830367103219
0.0011380586074665189,0.7322591543197632,0.21515218913555145,0.05081770941615105,0.0006328420131467283
0.00036879422259517014,0.0009477920248173177,0.0038300962187349796,0.7829175591468811,0.21193572878837585
0.00035843299701809883,0.0025771097280085087,0.9815607070922852,0.015385638922452927,0.00011817296763183549
0.38852831721305847,0.5883914232254028,0.01911458931863308,0.003143051639199257,0.0008226588252000511
0.9990677237510681,0.0008218094008043408,4.906277172267437e-05,4.6807454054942355e-05,1.4677269973617513e-05
0.5924013257026672,0.4010978937149048,0.00577528215944767,0.0005777276237495244,0.00014776333409827203
0.9986982345581055,0.0011395455803722143,9.140547626884654e-05,4.329993680585176e-05,2.743283948802855e-05
0.0006494251429103315,0.027494341135025024,0.9681701064109802,0.003546594874933362,0.00013951848086435348
0.0006927157519385219,0.0013183212140575051,0.7764614820480347,0.22105704247951508,0.00047044106759130955
0.0007703792653046548,0.41577228903770447,0.5805578231811523,0.0026975085493177176,0.00020200785365886986
0.0006068382645025849,0.0008422647952102125,0.004330673720687628,0.10120732337236404,0.8930129408836365
0.0009701673407107592,0.15454885363578796,0.7587077021598816,0.08511699736118317,0.0006562965572811663
3.1309129553847015e-05,6.295605999184772e-05,0.00030392318149097264,0.0031828118953853846,0.9964189529418945
0.9560673832893372,0.04307590052485466,0.0005546762840822339,0.00019291846547275782,0.0001091650701710023
0.00019431418331805617,0.00022569901193492115,0.07072459161281586,0.9275363087654114,0.0013190185418352485
0.9787930846214294,0.015831680968403816,0.0044289021752774715,0.0007379877497442067,0.00020839556236751378
0.6859419345855713,0.302827388048172,0.010222994722425938,0.0005996108520776033,0.0004080957733094692
0.9980567097663879,0.0015907916240394115,0.00022443300986196846,8.748114487389103e-05,4.0570423152530566e-05
0.12905235588550568,0.6497775912284851,0.21920013427734375,0.0012442019069567323,0.0007257175166159868
0.0015905452892184258,0.848071277141571,0.14810417592525482,0.0019925199449062347,0.00024150453100446612
0.8726077079772949,0.12524418532848358,0.0014663272304460406,0.0004263201844878495,0.00025546984397806227
0.0005679823807440698,0.0026383348740637302,0.8157185912132263,0.18077415227890015,0.0003008785715792328
0.9992660880088806,0.0006413414375856519,5.4807551350677386e-05,2.4877919713617302e-05,1.2867719306086656e-05
0.00036579868174158037,0.11210214346647263,0.8851894736289978,0.0021768223959952593,0.00016575474001001567
0.1608787626028061,0.798162043094635,0.039337318390607834,0.001044028322212398,0.0005778982886113226
0.9981143474578857,0.0015445251483470201,0.00015674412134103477,0.0001577860239194706,2.660159589140676e-05
0.0007150092860683799,0.0011039084056392312,0.03290194272994995,0.8790572881698608,0.0862218365073204
7.26801881683059e-05,0.0001051715444191359,0.0005241854232735932,0.006989085581153631,0.9923088550567627
0.8420199155807495,0.15567277371883392,0.0018013669177889824,0.000339978258125484,0.00016603304538875818
0.9531044960021973,0.046122755855321884,0.0006185756647028029,9.215866884915158e-05,6.199147901497781e-05
0.014439523220062256,0.3367348313331604,0.6478928923606873,0.00067305495031178,0.0002596783742774278
0.00045327446423470974,0.00048470532055944204,0.003950722515583038,0.6938559412956238,0.30125534534454346
0.07788040488958359,0.9183955192565918,0.0025893503334373236,0.0007299514254555106,0.0004047940601594746
0.8961069583892822,0.09955103695392609,0.0031710253097116947,0.0007485843379981816,0.0004223681171424687
0.9900847673416138,0.009043191559612751,0.0007268934859894216,0.00011014288611477241,3.501673927530646e-05
0.12564389407634735,0.8616353869438171,0.012204673141241074,0.00029787770472466946,0.00021819246467202902
0.2008977085351944,0.77864009141922,0.018687285482883453,0.0014335380401462317,0.00034136162139475346
0.14754007756710052,0.7714093923568726,0.07913004606962204,0.0012561556650325656,0.000664380902890116
0.00018084673502016813,0.0001120705419452861,0.0016738594276830554,0.07889082282781601,0.9191423654556274
0.00038362800842151046,0.0010233309585601091,0.902245044708252,0.09605640172958374,0.0002915934019256383
0.000897068704944104,0.0021952264942228794,0.027750499546527863,0.7942523956298828,0.17490483820438385
0.000324354215990752,0.15591730177402496,0.8405262231826782,0.003091424237936735,0.00014074498903937638
4.665143205784261e-05,0.00011332348367432132,0.007039761170744896,0.9904406070709229,0.002359620528295636
0.9952400922775269,0.0028062493074685335,0.0015320329694077373,0.0003286944411229342,9.291229798691347e-05
0.9996504783630371,0.00026956142392009497,3.996140367235057e-05,3.074906999245286e-05,9.217184015142266e-06
0.006401808466762304,0.46121013164520264,0.5123161673545837,0.019334236159920692,0.0007376694120466709
0.9986275434494019,0.0012358998646959662,8.631263335701078e-05,3.389140692888759e-05,1.638831599848345e-05
0.9979515671730042,0.0016088158590719104,0.00029865410760976374,0.0001046655306708999,3.633563028415665e-05
0.0003773128555621952,0.0009338912204839289,0.007681170478463173,0.4010576903820038,0.589949905872345
0.0005470499745570123,0.0012242270167917013,0.20634186267852783,0.7860240936279297,0.005862805061042309
0.7637608051300049,0.23290801048278809,0.0025544273667037487,0.0006140306359156966,0.000162717595230788
0.9992560744285583,0.0006328590679913759,7.176725921453908e-05,2.563048474257812e-05,1.3690518244402483e-05
0.0018824874423444271,0.0022358738351613283,0.10780050605535507,0.8818251490592957,0.006255933549255133
0.9981583952903748,0.0014334513107314706,0.0002305473608430475,0.00013800289889331907,3.9551727240905166e-05
0.0035404828377068043,0.6093867421150208,0.37940725684165955,0.006911290809512138,0.0007542272214777768
0.0008313254220411181,0.0023009846918284893,0.1167345941066742,0.8749510645866394,0.0051820301450788975
0.9994921684265137,0.000395105715142563,7.430484401993454e-05,2.275069709867239e-05,1.5674831956857815e-05
0.43090400099754333,0.5522308349609375,0.01482551172375679,0.0015227998374029994,0.00051686487859115
0.00045910076005384326,0.0019752262160182,0.7284529805183411,0.26853147149086,0.0005811835872009397
0.0007228622562251985,0.007390027400106192,0.9788944721221924,0.012810053303837776,0.00018258894851896912
0.9848522543907166,0.01456616260111332,0.0004623625718522817,7.213066419353709e-05,4.71434868813958e-05
0.0005181775777600706,0.00027740729274228215,0.012005088850855827,0.08575527369976044,0.9014440774917603
0.0038952818140387535,0.37087029218673706,0.6203356385231018,0.004438630770891905,0.0004601708787959069
0.9981576800346375,0.0014732439303770661,0.0002815380285028368,5.517493264051154e-05,3.2374973670812324e-05
0.9438773393630981,0.05302926525473595,0.0023405642714351416,0.0006234885659068823,0.00012934028927702457
0.0004043677472509444,0.03640728071331978,0.9446486830711365,0.018174774944782257,0.0003648335987236351
0.011472634971141815,0.5372568368911743,0.4468899369239807,0.003949600737541914,0.00043097746674902737
0.0003172267461195588,0.0012989165261387825,0.9608345031738281,0.03739355504512787,0.00015578072634525597
0.0019332885276526213,0.46719688177108765,0.44787776470184326,0.07949651777744293,0.0034955674782395363
0.0008178612333722413,0.04259238392114639,0.9523704051971436,0.004102477803826332,0.0001169252282124944
0.9726134538650513,0.027056777849793434,0.00014724041102454066,0.00014006045239511877,4.249839184922166e-05
0.4470188021659851,0.5101028680801392,0.035505980253219604,0.005991654470562935,0.001380721922032535
8.765304664848372e-05,0.0001560425153002143,0.0008692876435816288,0.040054671466350555,0.9588322639465332
0.9970759153366089,0.0021853086072951555,0.0005749008851125836,0.00010102953820023686,6.286919233389199e-05
0.9990399479866028,0.000714262539986521,0.00015841703861951828,6.215171015355736e-05,2.523627881600987e-05
0.21374860405921936,0.7721274495124817,0.012850664556026459,0.0009873216040432453,0.00028596437186934054
0.0008285772055387497,0.5033636093139648,0.4936940670013428,0.0017898138612508774,0.00032394478330388665
0.9837205410003662,0.015255075879395008,0.0008597670821473002,0.00011020329839084297,5.4407653806265444e-05
0.00010533995373407379,0.00012866163160651922,0.0008216948481276631,0.02606811560690403,0.9728761315345764
0.0005460023530758917,0.0013807083014398813,0.396312415599823,0.5997052192687988,0.0020556559320539236
0.0001022224678308703,0.0001638646936044097,0.0016104084206745028,0.19770433008670807,0.8004191517829895
0.0004288496566005051,0.001155724050477147,0.6449905633926392,0.3531022369861603,0.00032260105945169926
0.00010132649185834453,0.0001422129716956988,0.0009550428367219865,0.08990298956632614,0.9088984131813049
0.00036321350489743054,0.00046895057312212884,0.013700217008590698,0.3126997947692871,0.6727678179740906
0.3242606818675995,0.6282175183296204,0.045903079211711884,0.0011748378165066242,0.0004438749747350812
0.00040074880234897137,0.003890424268320203,0.9849713444709778,0.010512975044548512,0.00022448381059803069
0.002908397000283003,0.5078734159469604,0.48731106519699097,0.0017149319173768163,0.0001921740040415898
0.9984983205795288,0.001269321539439261,0.00014610735524911433,5.542939106817357e-05,3.084383570239879e-05
0.0003370195918250829,0.0093207573518157,0.9856029748916626,0.0045861597172915936,0.00015303272812161595
0.4230246841907501,0.5435949563980103,0.03155398741364479,0.0012332616606727242,0.0005931576597504318
0.7397679090499878,0.2542843222618103,0.004305534530431032,0.0012121835025027394,0.00043001913581974804
3.2512645702809095e-05,4.259713023202494e-05,0.0005808292771689594,0.001747362781316042,0.9975966811180115
0.0006662547239102423,0.23955979943275452,0.7514634132385254,0.00811186246573925,0.00019869711832143366
0.0005665385397151113,0.0006426865584217012,0.4978404641151428,0.5005463361740112,0.00040400316356681287
0.9991568326950073,0.0007037817849777639,7.969824218889698e-05,4.254559462424368e-05,1.7125978047261015e-05
0.0005359497154131532,0.050144825130701065,0.946558952331543,0.0026261289604008198,0.00013413139095064253
0.0006736001814715564,0.0010806625941768289,0.6953538656234741,0.30211687088012695,0.0007749686483293772
0.3685065507888794,0.5622709393501282,0.0675446167588234,0.0010958063649013638,0.000582094129640609
0.0004174591158516705,0.01193728856742382,0.9250216484069824,0.06203080341219902,0.0005928321625106037
0.0003803451545536518,0.0005373259191401303,0.006695866119116545,0.23856964707374573,0.7538167834281921
6.870296783745289e-05,8.884374983608723e-05,0.001396815525367856,0.07992016524076462,0.9185254573822021
0.9949764013290405,0.004605023190379143,0.00023666510242037475,0.0001299019786529243,5.201490785111673e-05
0.00022970988356973976,0.019687047228217125,0.959882915019989,0.019987408071756363,0.00021294408361427486
0.0005007174331694841,0.04993169382214546,0.931875467300415,0.017503762617707253,0.00018837868992704898
0.7006478309631348,0.2822360098361969,0.01604309305548668,0.0008409505244344473,0.00023208452330436558
0.9987196922302246,0.0007633802597410977,0.0002876096696127206,0.00017138340626843274,5.7904184359358624e-05
0.0669243261218071,0.5580599904060364,0.37207791209220886,0.0022914879955351353,0.0006463038735091686
0.0006599032785743475,0.11684121936559677,0.877644419670105,0.004628156777471304,0.00022624805569648743
0.013595396652817726,0.9366547465324402,0.04786448925733566,0.0016004479257389903,0.00028494209982454777
0.00035491783637553453,0.002512383507564664,0.2300066351890564,0.7647638320922852,0.00236226012930274
0.0025685178115963936,0.11073591560125351,0.8830018043518066,0.0035464800894260406,0.0001473176816944033
0.17374062538146973,0.7783923149108887,0.03881939873099327,0.007898404262959957,0.0011492581106722355
0.9991117119789124,0.0007254467927850783,0.00011495219223434106,3.497808938845992e-05,1.2946238712174818e-05
0.00041896221227943897,0.0012339410604909062,0.015460972674190998,0.829118549823761,0.15376757085323334
0.18072989583015442,0.39433902502059937,0.42278504371643066,0.0012958452571183443,0.0008502515847794712
0.0001245054299943149,0.00025078837643377483,0.008257545530796051,0.7167037725448608,0.27466335892677307
0.8855156302452087,0.1102471873164177,0.0037081202026456594,0.0003221641236450523,0.0002068832836812362
0.5743569135665894,0.42119938135147095,0.0034607709385454655,0.0007868062239140272,0.00019609050650615245
0.9995806813240051,0.0003020119038410485,6.5604253904894e-05,3.982584166806191e-05,1.1850715964101255e-05
0.998434841632843,0.0012453107628971338,0.00024737222702242434,4.6321842091856524e-05,2.6160410925513133e-05
0.4079277515411377,0.5651826858520508,0.025511229410767555,0.0009372880449518561,0.0004410567635204643
0.5331451296806335,0.4206853210926056,0.04539923742413521,0.0005799517384730279,0.0001903603260871023
0.9996540546417236,0.0002788777637761086,3.479460428934544e-05,1.696347135293763e-05,1.5367750165751204e-05
0.8664482235908508,0.1298888921737671,0.002687663771212101,0.0006843921146355569,0.00029080643435008824
0.9987843632698059,0.0007912653964012861,0.0003511100076138973,4.4177348172524944e-05,2.907709131250158e-05
0.00018262416415382177,0.00033042830182239413,0.015172004699707031,0.982796311378479,0.0015185691881924868
0.9990074038505554,0.000726906640920788,0.0001846454688347876,5.903796409256756e-05,2.2060225091991015e-05
0.00034914989373646677,0.000757346220780164,0.005182968452572823,0.990908145904541,0.002802444389089942
3.9198912418214604e-05,5.480856270878576e-05,0.00016421453619841486,0.003221872728317976,0.996519923210144
0.0004584624257404357,0.0005390145815908909,0.34442320466041565,0.6540661454200745,0.0005132073420099914
0.0005672024562954903,0.0009818552061915398,0.6369503736495972,0.3606365919113159,0.0008639806183055043
0.9987881779670715,0.0009290645830333233,0.00016167247667908669,8.85491754161194e-05,3.250609370297752e-05
0.9989330172538757,0.0009138752357102931,9.149360994342715e-05,4.601333421305753e-05,1.554610389575828e-05
0.00033809777232818305,0.006573780905455351,0.9852437973022461,0.007736718747764826,0.00010758829739643261
0.002249953569844365,0.001590305706486106,0.09197652339935303,0.7700435519218445,0.13413962721824646
0.00047992204781621695,0.0008771873544901609,0.2251099795103073,0.7718716263771057,0.0016612692270427942
2.0529072571662255e-05,4.033801087643951e-05,0.00013762267190031707,0.0013250926276668906,0.9984764456748962
0.009958970360457897,0.8449788093566895,0.14340689778327942,0.0014004020486027002,0.0002549760974943638
0.0009575089788995683,0.0022109055425971746,0.93021559715271,0.06634922325611115,0.0002667946391738951
0.9990744590759277,0.0007294903043657541,0.00012063279427820817,5.3980893426341936e-05,2.137490446330048e-05
0.4644158184528351,0.528552770614624,0.006358160637319088,0.0005211344687268138,0.00015214385348372161
0.0017605196917429566,0.0022848614025861025,0.017048081383109093,0.1796732395887375,0.7992333173751831
0.00048689605318941176,0.03897576406598091,0.9502238035202026,0.009919993579387665,0.00039352994645014405
0.0004947757115587592,0.0025455153081566095,0.990882158279419,0.005963995587080717,0.00011352416913723573
0.0003582922799978405,0.0005397415952757001,0.027171986177563667,0.96775883436203,0.004171163775026798
0.9993867874145508,0.0004834463179577142,0.00010000960173783824,1.9391980458749458e-05,1.0349285730626434e-05
0.11290359497070312,0.8604180812835693,0.02571781724691391,0.0007094394532032311,0.00025110316346399486
0.0005950374761596322,0.290692001581192,0.7013953924179077,0.0070712873712182045,0.0002462940465193242
0.09211479872465134,0.9006934762001038,0.006584130227565765,0.0004587695875670761,0.00014878898218739778
0.9967722296714783,0.0029726619832217693,0.0001564502454129979,6.492692773463205e-05,3.365827433299273e-05
0.18770545721054077,0.18971571326255798,0.5868566632270813,0.034627627581357956,0.0010945640970021486
0.00033380044624209404,0.0007388861267827451,0.6571686267852783,0.34142982959747314,0.00032883224776014686
0.0002880062675103545,0.0006787452148273587,0.04065406322479248,0.9577682018280029,0.0006109691457822919
0.36534908413887024,0.6194667220115662,0.01403703261166811,0.0008241175091825426,0.00032304500928148627
0.0006084183696657419,0.2649209499359131,0.7303423881530762,0.003916838672012091,0.0002114416129188612
0.24784982204437256,0.7367055416107178,0.014148660004138947,0.0010288194753229618,0.00026715759304352105
0.9918645620346069,0.0073904963210225105,0.0004458695475477725,0.00020393799059092999,9.519110608380288e-05
0.0013287495821714401,0.28338760137557983,0.7140758633613586,0.0010620573302730918,0.00014576483226846904
0.00412594573572278,0.9101330637931824,0.08433682471513748,0.0012132039992138743,0.00019093486480414867
0.2744291424751282,0.7222275137901306,0.003029308747500181,0.00024202538770623505,7.204965368146077e-05
0.00025793665554374456,0.0006951138493604958,0.11770360171794891,0.880767285823822,0.0005760767380706966
0.0009517735452391207,0.002101997844874859,0.03796042129397392,0.9334372282028198,0.02554863691329956
0.0005018154624849558,0.023414313793182373,0.9714420437812805,0.004519861191511154,0.00012200378841953352
0.00831705704331398,0.019245564937591553,0.9698240756988525,0.002040874445810914,0.0005723724607378244
0.9990971088409424,0.0006800807896070182,0.00018675363389775157,2.0519726604106836e-05,1.5540459571639076e-05
0.0005466658039949834,0.9045360088348389,0.09384813159704208,0.0009803333086892962,8.887027070159093e-05
0.25029873847961426,0.7324341535568237,0.015881266444921494,0.0011208271607756615,0.000265036040218547
0.9972635507583618,0.002539894077926874,0.00011803670349763706,4.9897680582944304e-05,2.85701134998817e-05
0.0012266875710338354,0.0466156080365181,0.7866963744163513,0.1644914597272873,0.000969915185123682
6.712684262311086e-05,0.0002405030681984499,0.0005484272260218859,0.010883576236665249,0.9882603883743286
0.0005403842660598457,0.0008406079723499715,0.0698985904455185,0.9211979508399963,0.007522535044699907
0.0009795132791623473,0.002895212033763528,0.969021201133728,0.026800017803907394,0.0003041361051145941
0.32959485054016113,0.6510214805603027,0.01637975499033928,0.002470538020133972,0.0005333637818694115
0.0043737324886024,0.7158867120742798,0.26323390007019043,0.015690414234995842,0.0008152095833793283
0.0016096812905743718,0.21412530541419983,0.7719882726669312,0.011748837307095528,0.0005279039032757282
0.7331046462059021,0.2520761489868164,0.014251822605729103,0.0003506573848426342,0.00021669839043170214
0.0007568348082713783,0.009192295372486115,0.943710207939148,0.045797016471624374,0.000543603440746665
0.00043510616524145007,0.00069851940497756,0.11363322287797928,0.8833490610122681,0.001884052762761712
0.006655607372522354,0.639199435710907,0.35300564765930176,0.0008632360259070992,0.00027608172968029976
0.006727545987814665,0.6352636218070984,0.35186585783958435,0.005703058559447527,0.0004398722667247057
0.006798752583563328,0.6186000108718872,0.3707681894302368,0.0030247552786022425,0.0008082881686277688
0.0007348573999479413,0.007831194438040257,0.9620745778083801,0.02878928929567337,0.000570099160540849
0.000594901735894382,0.011372245848178864,0.9628130793571472,0.02504848502576351,0.00017125655722338706
0.00012177776079624891,0.0002913509088102728,0.0008700753096491098,0.02568219043314457,0.9730345606803894
0.002955552889034152,0.851570725440979,0.1419454962015152,0.0032760086469352245,0.00025216242647729814
0.026305336505174637,0.9011228084564209,0.0716923400759697,0.0006075346609577537,0.0002720013144426048
0.9285439252853394,0.07063756883144379,0.000505889009218663,0.00017495115753263235,0.00013770077202934772
0.7333743572235107,0.26184526085853577,0.004430650733411312,0.00023953306663315743,0.000110184533696156
0.9884817600250244,0.011134055443108082,0.00022034216090105474,9.69868415268138e-05,6.68409702484496e-05
0.9767648577690125,0.02209409326314926,0.0008224673802033067,0.0002019301609834656,0.00011670270760077983
0.00047651605564169586,0.0005188151844777167,0.008027395233511925,0.08088348805904388,0.9100937247276306
0.9989797472953796,0.000851562712341547,0.0001163216948043555,3.0889303161529824e-05,2.1435258531710133e-05
0.16266658902168274,0.8049502372741699,0.031192554160952568,0.0007320241420529783,0.0004585833812598139
0.9982560276985168,0.0015764290001243353,0.00010208700405200943,3.872100205626339e-05,2.6753248675959185e-05
0.9987095594406128,0.000995801528915763,0.00020458971266634762,5.891672117286362e-05,3.117058440693654e-05
0.0008797426125966012,0.002082608873024583,0.05175383761525154,0.815960168838501,0.12932364642620087
0.0008250647806562483,0.0017497014487162232,0.006130685564130545,0.6346685290336609,0.3566260039806366
0.36868324875831604,0.6256359219551086,0.004845846444368362,0.0006264221156015992,0.0002085522428387776
0.8405957221984863,0.15525749325752258,0.0033572413958609104,0.00044679921120405197,0.0003427450719755143
0.0003555096627678722,0.0016316197579726577,0.9782906174659729,0.01951489970088005,0.00020743579079862684
0.9979294538497925,0.0016640129033476114,0.0003269021399319172,5.285345105221495e-05,2.6721347239799798e-05
0.0006934785633347929,0.0009731524623930454,0.2524511218070984,0.7428656220436096,0.0030166401993483305
0.0005985777825117111,0.04563895985484123,0.9061467051506042,0.04735135659575462,0.0002643875195644796
0.880426824092865,0.11668369174003601,0.0023049390874803066,0.0003927554644178599,0.00019176994101144373
4.691836147685535e-05,5.5348540627164766e-05,0.00032763497438281775,0.0012589842081069946,0.9983111619949341
0.8670220375061035,0.13156013190746307,0.0008783693192526698,0.0003188353148289025,0.00022066001838538796
0.0006501222378574312,0.003716615028679371,0.9522690773010254,0.04316093400120735,0.000203226474695839
0.9545949101448059,0.043445974588394165,0.001381096662953496,0.0004156211216468364,0.00016235664952546358
0.00046410231152549386,0.0012623347574844956,0.14630194008350372,0.8494735956192017,0.0024980157613754272
0.5997689366340637,0.39619287848472595,0.0036850799806416035,0.00022445661306846887,0.00012863044685218483
0.20591025054454803,0.5518692135810852,0.2293001115322113,0.008386223576962948,0.004534230101853609
0.999325156211853,0.0005510537885129452,8.70868971105665e-05,2.319244231330231e-05,1.3486217540048528e-05
0.007517716381698847,0.965796709060669,0.02545025572180748,0.0010878037428483367,0.0001474856398999691
0.06035467982292175,0.9372977614402771,0.0019521021749824286,0.0003056220302823931,8.984089799923822e-05
0.9985061287879944,0.0011486450675874949,0.0002095685777021572,0.00010029419354395941,3.533597191562876e-05
0.0012552011758089066,0.036640066653490067,0.9584901332855225,0.0034901865292340517,0.0001244373561348766
0.01706450618803501,0.9773743748664856,0.005200490355491638,0.00019639240053948015,0.0001642133283894509
0.0004850742989219725,0.0009393632062710822,0.8934262990951538,0.10466530174016953,0.0004839726898353547
0.016255374997854233,0.977015495300293,0.006124530918896198,0.0004655917000491172,0.0001390268444083631
0.0011356419418007135,0.006330844480544329,0.07805386185646057,0.8056879639625549,0.10879166424274445
0.9991029500961304,0.0007717373082414269,8.428852743236348e-05,2.7753503673011437e-05,1.325243829342071e-05
0.9989400506019592,0.0009235059260390699,8.68780116434209e-05,3.562332858564332e-05,1.3946730177849531e-05
0.0018639980116859078,0.048297081142663956,0.9477409720420837,0.0018579141469672322,0.00023998810502234846
0.069722019135952,0.8842453360557556,0.0446314737200737,0.0007475288002751768,0.0006536831497214735
0.7356715798377991,0.23066727817058563,0.02484937012195587,0.006879821419715881,0.0019318852573633194
0.0004933882737532258,0.14252670109272003,0.8555874228477478,0.0012484705075621605,0.00014397728955373168
0.3917464017868042,0.5990378260612488,0.007582871243357658,0.0013633952476084232,0.0002694927097763866
0.9158908724784851,0.07937626540660858,0.004485595505684614,0.00018100134911946952,6.623504305025563e-05
0.00025406558415852487,0.0009096625144593418,0.005506711546331644,0.2906879484653473,0.7026415467262268
0.0005088842008262873,0.0015622548526152968,0.9673328399658203,0.030295399948954582,0.0003005955077242106
0.0006910665542818606,0.21446871757507324,0.7805706262588501,0.003970893565565348,0.0002987456682603806
0.4341326355934143,0.5329113006591797,0.03143230825662613,0.001175364712253213,0.00034836449776776135
0.0008370769792236388,0.046028923243284225,0.905505359172821,0.046950727701187134,0.0006778820534236729
0.05434427037835121,0.7393941879272461,0.19794125854969025,0.007265118882060051,0.001055174507200718
0.0005538651603274047,0.0019630638416856527,0.18454381823539734,0.8087038993835449,0.004235333297401667
0.0006459191208705306,0.0009483826579526067,0.07655620574951172,0.9145840406417847,0.0072654676623642445
0.0003303583653178066,0.001145753776654601,0.9868959784507751,0.01143916230648756,0.0001887221442302689
0.02218090184032917,0.9010819792747498,0.07363353669643402,0.002806286094710231,0.00029736425494775176
0.06184238940477371,0.2954666316509247,0.638168454170227,0.004119643475860357,0.0004028833063784987
0.00014200744044501334,0.00029314131825231016,0.0006997091113589704,0.026450281962752342,0.9724149107933044
0.12488804757595062,0.8719726800918579,0.0026255238335579634,0.0003799404948949814,0.00013382587349042296
0.9400573968887329,0.05852071940898895,0.0010154497576877475,0.00021227574325166643,0.00019418068404775113
0.0006619947962462902,0.0012070909142494202,0.6343736052513123,0.3630630075931549,0.0006943311891518533
0.8993313908576965,0.09391899406909943,0.006266354117542505,0.0002999753050971776,0.00018328485020902008
6.24798922217451e-05,0.00017041864339262247,0.0014281721087172627,0.018330268561840057,0.9800087213516235
0.0004027934046462178,0.0005568385822698474,0.0073486254550516605,0.11929288506507874,0.872398853302002
0.9200397729873657,0.07909367233514786,0.0004876247840002179,0.00027050264179706573,0.00010846042277989909
0.0007283581653609872,0.0022687974851578474,0.8793577551841736,0.11711440980434418,0.0005306503735482693
0.00038696572300978005,0.000603686785325408,0.01173379085958004,0.9749749898910522,0.012300543487071991
0.0007785126217640936,0.012141909450292587,0.8010150194168091,0.1836344599723816,0.002430105349048972
0.38362735509872437,0.6042999625205994,0.010765760205686092,0.0009311264147982001,0.0003758325183298439
0.7297245860099792,0.25286751985549927,0.016386108472943306,0.0005980622954666615,0.00042369449511170387
0.0002858837542589754,0.0005543216830119491,0.0038919157814234495,0.991614580154419,0.003653310937806964
0.0006291072349995375,0.0014477106742560863,0.9682958126068115,0.029343903064727783,0.0002834721526596695
0.6989025473594666,0.290285587310791,0.009965963661670685,0.000645069289021194,0.00020084891002625227
0.0006721117533743382,0.0015603003557771444,0.10508622229099274,0.3471577763557434,0.5455235838890076
0.328929603099823,0.6642870903015137,0.004535313695669174,0.0016158816870301962,0.0006321251858025789
0.0002496260858606547,0.0003239054640289396,0.054238662123680115,0.9443373084068298,0.000850482436362654
0.0001729556533973664,0.0005086948513053358,0.003446179209277034,0.17842373251914978,0.8174484968185425
0.9994702935218811,0.00038955631316639483,9.179738844977692e-05,3.0146187782520428e-05,1.8165044821216725e-05
0.0008312163408845663,0.01894395612180233,0.9769966006278992,0.003099936991930008,0.0001282727171201259
0.0038969877641648054,0.5699408054351807,0.4222351312637329,0.0035842338111251593,0.00034276946098543704
0.001221517100930214,0.02750300243496895,0.9348265528678894,0.0360916368663311,0.00035728851798921824
0.012459512799978256,0.8574796915054321,0.12690655887126923,0.002634459873661399,0.0005197765422053635
0.15178272128105164,0.8122239708900452,0.03503222018480301,0.0005998394917696714,0.00036120309960097075
0.10028214007616043,0.8875499367713928,0.00837189331650734,0.003134795930236578,0.000661222729831934
0.5832485556602478,0.39606526494026184,0.019683964550495148,0.0005937149398960173,0.0004085034888703376
0.0009329307940788567,0.0793706551194191,0.9121260643005371,0.0072818947955966,0.00028843467589467764
0.00038695920375175774,0.007906587794423103,0.9781539440155029,0.013362053781747818,0.00019050842092838138
0.000624774897005409,0.0010203601559624076,0.04984711483120918,0.8101702332496643,0.13833746314048767
0.9721329212188721,0.026986900717020035,0.0005612433888018131,0.00018494113464839756,0.00013403627963270992
0.9702308177947998,0.028067423030734062,0.001270165666937828,0.00028558389749377966,0.00014595632092095912
0.0005416812491603196,0.001384223927743733,0.06781917065382004,0.9243049621582031,0.005950010381639004
0.9979953765869141,0.0016878891037777066,0.00019151669403072447,0.00010059012856800109,2.4598371965112165e-05
0.0009863226441666484,0.0345090888440609,0.9622812867164612,0.0020546496380120516,0.00016867216618265957
0.0004331275122240186,0.0012089217780157924,0.11147454380989075,0.8821681141853333,0.004715317394584417
0.9983567595481873,0.001317656715400517,0.00023549198522232473,5.338642586139031e-05,3.6721885408042e-05
9.46398085943656e-06,1.3120316907588858e-05,5.508204412763007e-05,0.0003651152946986258,0.9995571970939636
0.873833179473877,0.1242239773273468,0.0015952872345224023,0.00023000863438937813,0.00011752980208257213
0.0009168270044028759,0.002919011516496539,0.7193318009376526,0.2764759659767151,0.00035636802203953266
0.002143214223906398,0.7230786085128784,0.2716122269630432,0.0028643650002777576,0.0003015936235897243
0.9993724226951599,0.0004589586751535535,0.00011702022311510518,3.220914732082747e-05,1.9384064216865227e-05
0.0005400116788223386,0.0014119925908744335,0.04623473435640335,0.8689586520195007,0.08285457640886307
0.9995311498641968,0.00033151492243632674,9.386429883306846e-05,3.1406438210979104e-05,1.2101299944333732e-05
0.01827278360724449,0.7668017148971558,0.21118557453155518,0.003385974559932947,0.00035396291059441864
0.0012658260529860854,0.13453590869903564,0.6996725797653198,0.16398738324642181,0.0005383073003031313
0.8535427451133728,0.14486651122570038,0.001045565470121801,0.00032006186665967107,0.0002250662655569613
0.9962444305419922,0.0026126380544155836,0.0006323501584120095,0.0004466469108592719,6.395408126991242e-05
0.0007710356148891151,0.007024406921118498,0.9570482969284058,0.03487226366996765,0.0002839396183844656
0.3589881658554077,0.631923258304596,0.008251026272773743,0.0006939818267710507,0.00014357529289554805
5.0573227781569585e-05,0.00014638328866567463,0.00018085906049236655,0.0031810319051146507,0.9964411854743958
0.00021555992134381086,0.0012310941237956285,0.9832443594932556,0.015216873958706856,9.211566066369414e-05
0.9706299304962158,0.027787651866674423,0.0012239518109709024,0.0002822323003783822,7.622310658916831e-05
0.9966939687728882,0.0029661222361028194,0.00021188451501075178,8.383740350836888e-05,4.424653889145702e-05
0.0006680167280137539,0.001668119803071022,0.0870659276843071,0.9086140990257263,0.001983839552849531
0.022961096838116646,0.7895968556404114,0.1853955239057541,0.0017146497266367078,0.0003319072420708835
0.2030327469110489,0.7825332283973694,0.013743579387664795,0.00039249277324415743,0.00029794860165566206
0.9066761136054993,0.09057124704122543,0.0017873594770208001,0.0006871250807307661,0.00027814143686555326
0.00045645845239050686,0.0006142208585515618,0.0038229040801525116,0.39158663153648376,0.6035197973251343
0.994347870349884,0.005202738102525473,0.0003156241727992892,9.235499601345509e-05,4.1454612073721364e-05
0.5887715220451355,0.3931662440299988,0.016954472288489342,0.0007192075718194246,0.0003885710029862821
0.00043656473280861974,0.001778542180545628,0.13921761512756348,0.8579476475715637,0.0006196427857503295
0.0003945118805859238,0.0012857093242928386,0.9948233366012573,0.003413040656596422,8.343796071130782e-05
0.8985950946807861,0.10019443929195404,0.0007000230834819376,0.0003624215896707028,0.00014797449694015086
0.17914991080760956,0.8097477555274963,0.009230488911271095,0.0016563148237764835,0.00021548999939113855
0.02121090702712536,0.9165996313095093,0.06025248393416405,0.0014473889023065567,0.0004896264290437102
0.9984751343727112,0.0011751595884561539,0.00022763349988963455,7.411633851006627e-05,4.79381596960593e-05
4.577968502417207e-05,5.095883534522727e-05,0.0006921870517544448,0.002945869928225875,0.9962652325630188
0.5661488771438599,0.4268814027309418,0.005753037985414267,0.0009520332096144557,0.00026461613015271723
0.1170821264386177,0.8670814633369446,0.01519074011594057,0.0004507336125243455,0.00019492798310238868
0.03468548133969307,0.23976655304431915,0.7202739119529724,0.004490955267101526,0.0007831217953935266
0.0010398339945822954,0.3645050823688507,0.6306485533714294,0.0034496677108108997,0.00035683909663930535
0.00017208918870892376,0.0007766227354295552,0.06435319781303406,0.9327186942100525,0.0019793608225882053
0.000957176205702126,0.003311684587970376,0.9545214176177979,0.041028305888175964,0.00018147208902519196
0.3272714912891388,0.6678252816200256,0.0036146664060652256,0.0008263974450528622,0.0004621392290573567
0.0007890703273005784,0.18401207029819489,0.7640351057052612,0.050553448498249054,0.0006103103514760733
0.9917860627174377,0.007810227572917938,0.00020471549942158163,0.00013949911226518452,5.943158612353727e-05
0.00030218655592761934,0.005771018099039793,0.9729686975479126,0.020603137090802193,0.0003549910325091332
0.08331044763326645,0.8656322360038757,0.04841955751180649,0.0020967735908925533,0.000541063433047384
0.6848335862159729,0.288176953792572,0.025593021884560585,0.0009863582672551274,0.0004101140075363219
0.9585956335067749,0.03883157670497894,0.0020029335282742977,0.00043518078746274114,0.0001346598146483302
0.14544792473316193,0.826233446598053,0.026405664160847664,0.001284530502744019,0.000628398556727916
0.998991072177887,0.0007621886325068772,0.00018229128909297287,4.406638981890865e-05,2.0351280909380876e-05
9.416940156370401e-05,0.00014175639080349356,0.0013725534081459045,0.007919679395854473,0.9904718399047852
0.08253689855337143,0.010441883467137814,0.6709165573120117,0.2122579962015152,0.023846620693802834
0.0003639989299699664,0.0005526955937966704,0.01798529550433159,0.34206005930900574,0.6390379071235657
0.9890885949134827,0.010636772029101849,0.00020701017638202757,4.5256962039275095e-05,2.236946784250904e-05
0.00038337972364388406,0.000499218120239675,0.03867456316947937,0.949164092540741,0.011278682388365269
0.986283004283905,0.012987771071493626,0.0004973069299012423,0.00014187514898367226,9.00884042493999e-05
0.29205426573753357,0.6774489879608154,0.026968929916620255,0.0028143643867224455,0.000713443267159164
0.0007255067466758192,0.0020264051854610443,0.9046557545661926,0.09216643869876862,0.0004258760600350797
0.43158313632011414,0.49750441312789917,0.06893512606620789,0.001376837375573814,0.0006005344912409782
0.00042863376438617706,0.0013146612327545881,0.5905190110206604,0.40724748373031616,0.0004902745713479817
0.9993738532066345,0.0004019004409201443,0.00016176265489775687,4.084009560756385e-05,2.163524550269358e-05
0.7927635312080383,0.195071280002594,0.011352243833243847,0.0005150845390744507,0.00029788725078105927
6.933612166903913e-05,6.372987991198897e-05,0.0004050410061609,0.005184459965676069,0.9942774176597595
0.9918584227561951,0.0071676080115139484,0.000641822291072458,0.00023419265926349908,9.79247924988158e-05
0.7640799880027771,0.23233231902122498,0.0029106494039297104,0.0004151166940573603,0.0002619267033878714
0.0003595479647628963,0.0010712265502661467,0.22152851521968842,0.7737693190574646,0.0032714137341827154
0.0002950065245386213,0.000515334599185735,0.005258026998490095,0.989940345287323,0.003991341218352318
0.9984682202339172,0.0012876054970547557,0.00016120568034239113,5.0901428039651364e-05,3.209112765034661e-05
0.9986250400543213,0.001143992180004716,0.00014931979239918292,4.773680484504439e-05,3.393149017938413e-05
0.0010405908105894923,0.001372465630993247,0.32192516326904297,0.674553394317627,0.0011083731660619378
0.00026935909409075975,0.0003894360561389476,0.0018180828774347901,0.13140074908733368,0.8661223649978638
0.00029831501888111234,0.0008853866602294147,0.09717940539121628,0.9010014533996582,0.0006355150253511965
0.9987086057662964,0.000985683873295784,0.00017053858027793467,0.00011175760300830007,2.3362661522696726e-05
0.001099193817935884,0.9184748530387878,0.0792291983962059,0.001080976566299796,0.0001157890583272092
0.0003853292146231979,0.001649430487304926,0.8787701725959778,0.11876281350851059,0.0004322571330703795
0.030761411413550377,0.3074626326560974,0.6565825939178467,0.004732006229460239,0.0004613948694895953
0.0016549726715311408,0.35970407724380493,0.6316027641296387,0.0062817297875881195,0.0007564710103906691
0.9985892176628113,0.0012643295340240002,6.218359339982271e-05,6.115096766734496e-05,2.313883487659041e-05
0.9359254240989685,0.05925632268190384,0.00417972169816494,0.0004504578246269375,0.00018803680723067373
0.0004575983912218362,0.0011472185142338276,0.006210261955857277,0.9905485510826111,0.0016363615868613124
0.0011540795676410198,0.0028486771043390036,0.020098350942134857,0.9749715924263,0.0009272706229239702
0.9954902529716492,0.004169057123363018,0.0001992673787754029,0.0001030071362038143,3.8440441130660474e-05
0.13129277527332306,0.8286289572715759,0.03754044324159622,0.001909289276227355,0.0006284925038926303
0.02546139992773533,0.8984972238540649,0.0717761367559433,0.0034915865398943424,0.0007736423285678029
0.8927573561668396,0.10596105456352234,0.0007505781832151115,0.00034748457255773246,0.00018350413301959634
0.0007936707115732133,0.008795814588665962,0.8221981525421143,0.16762471199035645,0.0005876581417396665
0.9987339377403259,0.000703083467669785,0.00035005685640498996,0.00016958569176495075,4.3390278733568266e-05
0.0006402515573427081,0.042050790041685104,0.955691397190094,0.0014982089633122087,0.00011929530592169613
0.0004822324845008552,0.0015154017601162195,0.9679555892944336,0.029498737305402756,0.0005479998071677983
0.0021019058767706156,0.002076140372082591,0.39597025513648987,0.5917781591415405,0.008073573000729084
0.0009484312613494694,0.1245197132229805,0.8702104687690735,0.004143285099416971,0.00017806464165914804
0.0004120732191950083,0.012016774155199528,0.5345549583435059,0.45159658789634705,0.001419633161276579
0.0002902458654716611,0.0007896983297541738,0.003079769667237997,0.7758513689041138,0.2199888974428177
0.0002818262146320194,0.0005295256851240993,0.0072983792051672935,0.9911852478981018,0.0007050353451631963
0.9993796348571777,0.0004212547792121768,0.00014537808601744473,3.765629298868589e-05,1.603902092028875e-05
0.000487893441459164,0.0011547028552740812,0.4906095564365387,0.5070784091949463,0.0006694506737403572
0.14105753600597382,0.8483877778053284,0.009605661034584045,0.0005583172896876931,0.00039072660729289055
0.00950134638696909,0.9516672492027283,0.037754207849502563,0.0009187716641463339,0.00015843332221265882
3.084184936597012e-05,5.207280264585279e-05,0.00024122718605212867,0.0038351560942828655,0.9958407282829285
0.962769091129303,0.03575802594423294,0.0009189943084493279,0.0004699039564002305,8.399615035159513e-05
0.9992395639419556,0.0006119037861935794,0.00010371219832450151,2.9698519938392565e-05,1.5103562873264309e-05
0.0013333366950973868,0.025120051577687263,0.9649462699890137,0.008410753682255745,0.00018955515406560153
0.9985705614089966,0.00124851253349334,0.000120914752187673,3.608679253375158e-05,2.393426257185638e-05
0.025958696380257607,0.926071047782898,0.0385005921125412,0.008932212367653847,0.0005374610773287714
0.9993882179260254,0.0004899756168015301,6.662530358880758e-05,4.329251169110648e-05,1.1901287507498637e-05
0.009244811721146107,0.6541396379470825,0.13124477863311768,0.20351994037628174,0.0018508880166336894
0.0003085853240918368,0.0010095592588186264,0.9952316880226135,0.0033617878798395395,8.837475616019219e-05
0.00040603886009193957,0.0011318586766719818,0.01392278354614973,0.9821289777755737,0.0024104167241603136
0.000762007781304419,0.04606592282652855,0.9484756588935852,0.004550931043922901,0.00014547792670782655
0.031278643757104874,0.9111976027488708,0.05455731600522995,0.0024491255171597004,0.0005173628451302648
0.6856420040130615,0.2900508940219879,0.022272882983088493,0.0016718902625143528,0.0003622758958954364
0.10634379833936691,0.6352859139442444,0.25287628173828125,0.004676517564803362,0.0008174707763828337
0.9977072477340698,0.0020358981564641,0.00015604881627950817,7.726797048235312e-05,2.3469428924727254e-05
0.9990610480308533,0.000829888042062521,7.718009874224663e-05,2.088987093884498e-05,1.0976362318615429e-05
0.0005217105499468744,0.0007697286200709641,0.009873087517917156,0.8002908825874329,0.1885446161031723
0.00073487643385306,0.001974707003682852,0.031933680176734924,0.9590489268302917,0.006307880859822035
0.9884413480758667,0.011187435127794743,0.00019644718850031495,0.00012048232019878924,5.4295796871883795e-05
0.0004507896665018052,0.0017017946811392903,0.361633837223053,0.6354492902755737,0.0007643293938599527
0.42081543803215027,0.5220518112182617,0.05307216942310333,0.0023090143222361803,0.0017515586223453283
0.3496643602848053,0.6015058755874634,0.046072740107774734,0.0022666133008897305,0.000490406178869307
0.0029386805836111307,0.3971211612224579,0.5961084365844727,0.0034919932950288057,0.0003397684486117214
0.07975474745035172,0.8894060850143433,0.030040636658668518,0.0005608873325400054,0.00023764610523357987
0.5106106400489807,0.39826029539108276,0.08856286108493805,0.0018345176940783858,0.0007317308918572962
0.04138852283358574,0.6049600839614868,0.2874073386192322,0.0652594044804573,0.0009846468456089497
0.05671331286430359,0.9254716038703918,0.016069820150732994,0.0015294234035536647,0.00021587288938462734
0.0005608298233710229,0.008310233242809772,0.959740400314331,0.031133390963077545,0.00025513238506391644
0.8110309839248657,0.18232904374599457,0.00606149435043335,0.00041652750223875046,0.00016188574954867363
2.3318450985243544e-05,3.9449554606107995e-05,7.966453267727047e-05,0.0009880417492240667,0.9988694787025452
0.9993865489959717,0.0004887994145974517,8.993118535727262e-05,1.6925681848078966e-05,1.773535586835351e-05
0.8945069909095764,0.09913551062345505,0.005718574393540621,0.0003733964404091239,0.0002654674754012376
0.03340999782085419,0.9072049856185913,0.05801188200712204,0.0011533689685165882,0.00021971901878714561
0.9889339208602905,0.010425901040434837,0.000401278433855623,0.00018357179942540824,5.5400352721335366e-05
0.0003452191303949803,0.0005573225789703429,0.01276484690606594,0.9806109666824341,0.005721691530197859
0.00027152395341545343,0.0007414763094857335,0.020582450553774834,0.9726693630218506,0.005735171027481556
0.9986913800239563,0.001136884791776538,0.00010366815695306286,4.898011320619844e-05,1.9124812752124853e-05
0.0002511882339604199,0.0003821800055447966,0.005883225705474615,0.5692172050476074,0.4242662191390991
0.006293516140431166,0.8654444217681885,0.11846664547920227,0.009406380355358124,0.0003891020896844566
0.004212559200823307,0.8022894859313965,0.19150415062904358,0.001703235786408186,0.00029058591462671757
0.00038706473424099386,0.00040247823926620185,0.006775637622922659,0.06384970247745514,0.9285851716995239
0.0010367322247475386,0.0010443036444485188,0.039332810789346695,0.9570223093032837,0.0015637582400813699
0.9991132616996765,0.0005309722619131207,0.00015743293624836951,0.00017880863742902875,1.956253436219413e-05
0.00019113419693894684,0.00031713853240944445,0.026407724246382713,0.9698495268821716,0.0032344674691557884
0.7452690005302429,0.25252917408943176,0.0019046261440962553,0.00020386559481266886,9.33312185225077e-05
0.32049909234046936,0.5542876720428467,0.12105878442525864,0.0034671437460929155,0.000687268387991935
0.001173746190033853,0.011912401765584946,0.97116619348526,0.015304910019040108,0.00044277208507992327
1.5840358173591085e-05,2.5744760932866484e-05,0.0001002842400339432,0.004550250247120857,0.9953078627586365
0.005688010714948177,0.28544819355010986,0.6784895062446594,0.029783809557557106,0.0005904957070015371
0.0005802433006465435,0.0012604972580447793,0.012857377529144287,0.9585915803909302,0.026710277423262596
0.0011248249793425202,0.0027322680689394474,0.31645917892456055,0.6771708726882935,0.002512835431843996
0.0005338155315257609,0.0017658198485150933,0.010576112195849419,0.9788630604743958,0.008261110633611679
0.004453910049051046,0.6466942429542542,0.3361116647720337,0.012268636375665665,0.0004715421237051487
0.010369847528636456,0.00971146672964096,0.06823965162038803,0.34772789478302,0.5639511346817017
0.0006166415405459702,0.0007811853429302573,0.02259821631014347,0.5219289064407349,0.45407506823539734
0.9994353652000427,0.0004283387097530067,8.557611727155745e-05,3.175445817760192e-05,1.896839967230335e-05
0.0005959903937764466,0.00139813800342381,0.074707992374897,0.7877144813537598,0.13558334112167358
0.0004104210820514709,0.000787725206464529,0.8455383777618408,0.15258875489234924,0.0006746994913555682
0.8961067199707031,0.10155562311410904,0.002059387043118477,0.00018520557205192745,9.303986735176295e-05
0.9991055130958557,0.0005057218950241804,0.0002787630073726177,7.437051681336015e-05,3.562977144611068e-05
0.03110566735267639,0.896642804145813,0.06928697973489761,0.002453604945912957,0.0005109006306156516
0.7605618834495544,0.2341318279504776,0.0044238753616809845,0.0005857181968167424,0.0002966619795188308
0.9657613635063171,0.03349528834223747,0.0005711067351512611,0.0001074290121323429,6.480328011093661e-05
0.9975638389587402,0.0020664038602262735,0.00028621687670238316,4.596617873176001e-05,3.761562766158022e-05
0.9983876943588257,0.0012508633080869913,0.00024782828404568136,8.289973629871383e-05,3.07098453049548e-05
1.9052815332543105e-05,2.8937653041793965e-05,0.00017083990678656846,0.0008906045113690197,0.9988905787467957
0.781749963760376,0.19980227947235107,0.01741049624979496,0.0005992875667288899,0.00043796104728244245
0.00025683146668598056,0.0002906595473177731,0.008766359649598598,0.43124768137931824,0.5594385266304016
0.000589609204325825,0.0024532563984394073,0.013088932260870934,0.9564933180809021,0.02737491950392723
0.9228653311729431,0.07475845515727997,0.0016961508663371205,0.0004040338972117752,0.0002759913622867316
0.00030937977135181427,0.0014028906589373946,0.09765195846557617,0.9002885818481445,0.0003471720847301185
0.0005029292078688741,0.0006645320099778473,0.010767108760774136,0.9799413681030273,0.008123991079628468
0.06670225411653519,0.7689689993858337,0.1620311588048935,0.0017905400600284338,0.0005070547922514379
0.00027754605980589986,0.0006267649587243795,0.0052006724290549755,0.7509064674377441,0.24298854172229767
0.0018250977154821157,0.9191344380378723,0.07818560302257538,0.0007426469237543643,0.00011227089999010786
0.00036888004979118705,0.0018388907192274928,0.9855756759643555,0.012063962407410145,0.00015264222747646272
0.00034585167304612696,0.06723521649837494,0.9188433289527893,0.01333940401673317,0.000236219959333539
0.0004357918514870107,0.11017195135354996,0.8840863108634949,0.005153938662260771,0.00015201581118162721
0.35184818506240845,0.5976647138595581,0.04915433004498482,0.0009050914668478072,0.0004276817198842764
0.0015439358539879322,0.8582503199577332,0.13871289789676666,0.001354409265331924,0.00013844607747159898
0.9986609220504761,0.0010921231005340815,0.00015221718058455735,6.478052819147706e-05,2.999095340783242e-05
0.0009388402686454356,0.003988250624388456,0.06587652862071991,0.8671041131019592,0.06209227070212364
0.00041514995973557234,0.0007760273292660713,0.07593938708305359,0.921069860458374,0.0017995324451476336
0.998626708984375,0.0009548069210723042,0.0002875645295716822,9.218749619321898e-05,3.8694248360116035e-05
0.00036730451392941177,0.0004934578319080174,0.00819646567106247,0.24047330021858215,0.750469446182251
0.00034316277015022933,0.0005687689990736544,0.04418133944272995,0.9502546787261963,0.004651993978768587
0.0004796326393261552,0.004386007785797119,0.9292891025543213,0.06551019102334976,0.0003350406768731773
0.00019120944489259273,0.00018989449017681181,0.06826523691415787,0.9303274154663086,0.001026265206746757
0.9991962313652039,0.0005820189253427088,0.0001274196692975238,6.319852400338277e-05,3.1182025850284845e-05
0.09917495399713516,0.16208739578723907,0.7373009920120239,0.0010428857058286667,0.0003937857400160283
0.0006054427358321846,0.7874139547348022,0.20712105929851532,0.0046114795841276646,0.0002481284027453512
3.077961810049601e-05,9.479677100898698e-05,0.00012086352217011154,0.0020011248998343945,0.9977524876594543
0.7999825477600098,0.19749359786510468,0.0021194536238908768,0.00024231767747551203,0.0001621217088541016
0.0002911470946855843,0.0006638497579842806,0.04002375528216362,0.9580789804458618,0.0009422645671293139
0.9991176724433899,0.0006796390516683459,0.00013845416833646595,4.8919635446509346e-05,1.529673500044737e-05
0.9852694869041443,0.013973579742014408,0.0005549100460484624,0.00010778160503832623,9.42051483434625e-05
0.0008953128708526492,0.260133296251297,0.7340441346168518,0.004673636984080076,0.0002536303363740444
0.0006569922552444041,0.0012466321932151914,0.9500222206115723,0.047807566821575165,0.0002666037471499294
0.0005335727473720908,0.0009387030149810016,0.4728356897830963,0.524867594242096,0.0008244287455454469
0.05054681375622749,0.9313510656356812,0.016964778304100037,0.0007850872934795916,0.0003523334162309766
0.004465604200959206,0.7278804779052734,0.2625192701816559,0.004813855048269033,0.00032079927041195333
0.998677670955658,0.0010002985363826156,0.00022117025218904018,6.707790453219786e-05,3.375305459485389e-05
0.9992043375968933,0.0006128338281996548,0.00011827994603663683,4.663467552745715e-05,1.795103344193194e-05
0.5727674961090088,0.4156509041786194,0.010445165447890759,0.000774416490457952,0.0003619735944084823
0.987504780292511,0.008991997689008713,0.002748689381405711,0.0006644410896115005,9.01331877685152e-05
0.9800717830657959,0.01860533095896244,0.0008987333276309073,0.00035432851291261613,6.97822033544071e-05
0.9979999661445618,0.0016514809103682637,0.0002724938385654241,4.4408538087736815e-05,3.162978100590408e-05
0.0009550711838528514,0.44324183464050293,0.5534108877182007,0.0022299308329820633,0.00016229359607677907
0.9990628361701965,0.0007880375487729907,9.575144940754399e-05,2.8692114938166924e-05,2.4664286684128456e-05
0.0004936158657073975,0.0014744737418368459,0.7069113254547119,0.2907913029193878,0.0003292657493147999
0.0005309153930284083,0.0016061157220974565,0.14525997638702393,0.8454870581626892,0.007115981075912714
0.00010664702131180093,0.00015848694602027535,0.0034233785700052977,0.04441480338573456,0.9518967270851135
3.303631456219591e-05,2.1760521121905185e-05,0.00031037424923852086,0.0013972336892038584,0.9982376098632812
0.025373946875333786,0.7733924984931946,0.18990981578826904,0.010662717744708061,0.0006610468262806535
0.0002130396169377491,0.00032525640563108027,0.007315876893699169,0.9708470702171326,0.021298812702298164
0.9990290403366089,0.000751086394302547,0.00017434741312172264,2.6501360480324365e-05,1.9077586330240592e-05
1.6682266505085863e-05,1.9808659999398515e-05,6.485972699010745e-05,0.000875605910550803,0.9990230798721313
0.9949885010719299,0.0038528835866600275,0.000933704199269414,0.0001350758975604549,8.984420128399506e-05
0.44879451394081116,0.5371628403663635,0.012885045260190964,0.0009241775260306895,0.00023343013890553266
0.05293988063931465,0.9334542751312256,0.012350689619779587,0.0009363844292238355,0.00031877445871941745
0.994728147983551,0.0048459297977387905,0.0002845569688361138,0.00010333684622310102,3.80297533411067e-05
0.00046441477024927735,0.0014061147812753916,0.958791971206665,0.039201099425554276,0.00013637059601023793
0.6138076186180115,0.36597368121147156,0.01912568509578705,0.0005978988483548164,0.000495090673211962
0.000449889077572152,0.006040971726179123,0.736029863357544,0.2564888298511505,0.000990439672023058
0.9447317719459534,0.053492411971092224,0.001443301560357213,0.00021322346583474427,0.00011930608161492273
0.5387642979621887,0.4418126344680786,0.017693303525447845,0.0014261298347264528,0.0003036570851691067
0.0007056178874336183,0.04894556105136871,0.9485031366348267,0.0017007109709084034,0.00014497923257295042
0.4364023804664612,0.5588348507881165,0.004154508002102375,0.00043176591861993074,0.00017648973152972758
0.9927173852920532,0.006519924383610487,0.0005964745068922639,0.00011726599768735468,4.89448502776213e-05
0.0012695961631834507,0.050860755145549774,0.9445457458496094,0.003154614008963108,0.0001693043450359255
0.954566240310669,0.04397602751851082,0.0010207901941612363,0.00033224187791347504,0.00010469520930200815
0.710586428642273,0.28210482001304626,0.006617616396397352,0.00048747449181973934,0.00020366902754176408
0.0008776866598054767,0.0015586259542033076,0.08313322067260742,0.8111374974250793,0.10329294949769974
0.12156794220209122,0.8674913048744202,0.009744332171976566,0.0009416146785952151,0.0002548431803006679
0.009463617578148842,0.6235688328742981,0.3642168939113617,0.0023361695930361748,0.00041443551890552044
0.5729696750640869,0.3973595201969147,0.026292307302355766,0.0027007011231034994,0.0006777929957024753
0.02103407122194767,0.8030003905296326,0.17266258597373962,0.002974707866087556,0.0003282481920905411
0.9532692432403564,0.045366134494543076,0.0009312607580795884,0.0002659074089024216,0.0001674415252637118
0.12477508932352066,0.8643118739128113,0.01005446258932352,0.0006595361628569663,0.0001990856690099463
0.00023803451040294021,0.0005278015742078424,0.6917753219604492,0.30680447816848755,0.0006543269264511764
0.9984815716743469,0.0011934501817449927,0.0002203008480137214,7.812432886566967e-05,2.659103847690858e-05
6.031176963006146e-05,7.116635970305651e-05,0.0004887287504971027,0.02913007326424122,0.9702497124671936
0.9105734825134277,0.08833577483892441,0.0007705384050495923,0.00019873677229043096,0.00012143449566792697
0.09831732511520386,0.47495731711387634,0.41592544317245483,0.010165688581764698,0.0006341527332551777
0.0018853112123906612,0.22196047008037567,0.7698043584823608,0.006008220370858908,0.0003416306572034955
0.05225814878940582,0.8740882873535156,0.07127773016691208,0.001596672460436821,0.0007791228126734495
0.007134112995117903,0.5949133038520813,0.3903249204158783,0.006759884767234325,0.0008678025915287435
0.0003641899675130844,0.0006770499749109149,0.8527042865753174,0.14576202630996704,0.0004924765089526772
0.35533997416496277,0.599148690700531,0.04381824657320976,0.0011983989970758557,0.000494674255605787
0.0007040937780402601,0.20394232869148254,0.7375133037567139,0.0574580542743206,0.0003822819562628865
0.00033267438993789256,0.000570325180888176,0.04616793617606163,0.9512494206428528,0.0016796618001535535
0.567548930644989,0.4277767539024353,0.003871368011459708,0.0006387208704836667,0.00016418640734627843
0.001392780221067369,0.0014369849814102054,0.08623229712247849,0.8785022497177124,0.03243570029735565
0.9982339143753052,0.001555755385197699,0.00012626791431102902,5.735874219681136e-05,2.672644222911913e-05
0.0001483316591475159,0.0004005917871836573,0.0011299841571599245,0.10588279366493225,0.8924383521080017
0.00038549487362615764,0.00042934127850458026,0.047368988394737244,0.9494336247444153,0.002382478443905711
0.0012921645538881421,0.7628077268600464,0.14637206494808197,0.08807804435491562,0.0014499702956527472
0.0005282951169647276,0.0009073987021110952,0.27872470021247864,0.7187674641609192,0.0010721288854256272
0.4687494933605194,0.43825197219848633,0.09151466190814972,0.0010982927633449435,0.00038553093327209353
0.03828643262386322,0.7862244248390198,0.17163486778736115,0.003194693475961685,0.0006595663144253194
6.206754187587649e-05,0.0001162204789579846,0.0006280495435930789,0.027299337089061737,0.9718942642211914
0.9985828399658203,0.0012612630380317569,0.00010329886572435498,3.446142000029795e-05,1.8122798792319372e-05
0.02304268255829811,0.9387415051460266,0.03724362701177597,0.0007879051845520735,0.0001843394129537046
0.8128763437271118,0.1848803162574768,0.0017689771484583616,0.0003003646561410278,0.0001740356965456158
0.6827676296234131,0.3142905831336975,0.002200403017923236,0.0005495473160408437,0.00019183929543942213
0.002485954901203513,0.10356254875659943,0.8861820101737976,0.007472348865121603,0.0002971109061036259
0.995658278465271,0.003984484355896711,0.00021624450164381415,9.745156421558931e-05,4.357339639682323e-05
0.066325843334198,0.1151689738035202,0.8112857937812805,0.0039680637419223785,0.0032513400074094534
0.0003112648846581578,0.017953431233763695,0.9631986618041992,0.018363570794463158,0.00017306928930338472
0.9927378296852112,0.006392184179276228,0.0006709366571158171,0.0001195860022562556,7.940114301163703e-05
0.002310636918991804,0.06403737515211105,0.8933111429214478,0.04003380239009857,0.0003070418897550553
0.9976940751075745,0.0018181951018050313,0.0003505284257698804,6.922169995959848e-05,6.790729821659625e-05
0.0006606490933336318,0.0019337611738592386,0.9480104446411133,0.049133624881505966,0.0002614995464682579
0.007968876510858536,0.8487329483032227,0.1405826359987259,0.002392612164840102,0.0003229173016734421
0.0018742851680144668,0.001509425463154912,0.818723738193512,0.17589424550533295,0.0019983539823442698
5.944649092270993e-05,7.502488733734936e-05,0.0003338494570925832,0.012922830879688263,0.9866088032722473
0.00041721633169800043,0.0025152561720460653,0.9811002016067505,0.015838436782360077,0.0001289067295147106
0.0004574074991978705,0.004239764995872974,0.4374808669090271,0.557171642780304,0.0006502963369712234
0.0004165933933109045,0.0006574382423423231,0.0085929399356246,0.5694547891616821,0.42087823152542114
0.0018419758416712284,0.265529602766037,0.7157997488975525,0.015903504565358162,0.0009251764276996255
0.008284436538815498,0.3627234399318695,0.6265628933906555,0.0021028537303209305,0.0003264140395913273
0.000242699432419613,0.00037888638325966895,0.025591308251023293,0.9726544618606567,0.0011326353996992111
0.001355441752821207,0.005220615305006504,0.95769864320755,0.03538406267762184,0.0003411828656680882
0.6560397744178772,0.3087562024593353,0.033624935895204544,0.0012754901545122266,0.0003035836562048644
0.9962581396102905,0.0032257388811558485,0.00031160644721239805,0.00012385005538817495,8.06275857030414e-05
0.8835858106613159,0.11003265529870987,0.005723659414798021,0.0005254348507151008,0.00013245358422864228
0.002218776848167181,0.26919159293174744,0.4325840175151825,0.2945528030395508,0.0014527931343764067
0.0003721852845046669,0.001966704847291112,0.9933857321739197,0.004191034007817507,8.435772178927436e-05
0.7248790860176086,0.2662159502506256,0.007495792582631111,0.0009474761318415403,0.00046167755499482155
0.49349305033683777,0.48591193556785583,0.011270256713032722,0.008954605087637901,0.0003701799432747066
0.4329668879508972,0.4508312940597534,0.1145411804318428,0.0009024603641591966,0.000758144655264914
0.6081005334854126,0.3811210095882416,0.009384683333337307,0.0009811932686716318,0.0004125607665628195
0.0005006226128898561,0.0020434334874153137,0.8860827088356018,0.11101435124874115,0.00035882205702364445
0.9988033771514893,0.00090313475811854,0.00021083210594952106,5.392549792304635e-05,2.8706228476949036e-05
0.17871354520320892,0.49823638796806335,0.31717097759246826,0.004524998366832733,0.001354061416350305
0.15444159507751465,0.826017439365387,0.01749090850353241,0.0012828739127144217,0.0007671016501262784
0.0005233734264038503,0.03216499090194702,0.955022931098938,0.011910676024854183,0.0003780554106924683
0.9989640712738037,0.0007997936918400228,0.0001708195632090792,3.722247856785543e-05,2.8130300051998347e-05
0.021937036886811256,0.9692935943603516,0.006776821333914995,0.0013111839070916176,0.0006813678774051368
0.6105062365531921,0.3824487328529358,0.006117195822298527,0.0007019261247478426,0.00022586339036934078
0.0007286651525646448,0.0010344012407585979,0.02207026816904545,0.9618422389030457,0.014324444346129894
0.9886956214904785,0.010520661249756813,0.0005750750424340367,0.00013386136561166495,7.471753633581102e-05
0.00017346123058814555,0.004028547089546919,0.9928690791130066,0.0028569113928824663,7.202645792858675e-05
0.00010661564010661095,3.910286250174977e-05,0.00032275187550112605,0.0018044780008494854,0.99772709608078
0.34265080094337463,0.6419180631637573,0.014409058727324009,0.0005972650251351297,0.00042482122080400586
0.09797460585832596,0.7621176242828369,0.13619184494018555,0.002335373545065522,0.00138054636772722
0.0009551766561344266,0.0012580484617501497,0.02913878671824932,0.8821316361427307,0.08651630580425262
0.00021620640472974628,0.013340076431632042,0.9850173592567444,0.0013514370657503605,7.489608105970547e-05
0.9836872220039368,0.015350819565355778,0.0006245934637263417,0.00018778340017888695,0.00014956798986531794
0.0015541552565991879,0.40266045928001404,0.5931605100631714,0.002474356908351183,0.00015050810179673135
0.9993569254875183,0.0004536381457000971,0.00014730739349033684,2.4401188056799583e-05,1.7756525267031975e-05
0.03139166161417961,0.9584643840789795,0.009198721498250961,0.0008402969688177109,0.00010491292778169736
0.167061910033226,0.8145961165428162,0.01752525195479393,0.00046040149754844606,0.0003563377831596881
0.908278226852417,0.08993719518184662,0.0013046945678070188,0.0003434546524658799,0.0001363801711704582
0.0006361049017868936,0.0020990793127566576,0.5630766749382019,0.431379109621048,0.0028089990373700857
0.9985284805297852,0.001087525044567883,0.0002655459102243185,8.805362449493259e-05,3.037762871826999e-05
0.0006884970935061574,0.002593807876110077,0.824469268321991,0.16970880329608917,0.002539654029533267
0.0017529100878164172,0.8151839971542358,0.18216150999069214,0.0007856582524254918,0.00011588509369175881
0.9995470643043518,0.0003252404276281595,8.845408592605963e-05,2.4432660211459734e-05,1.4800301869399846e-05
0.9988609552383423,0.0009631902212277055,0.0001092503807740286,4.958934005117044e-05,1.699050517345313e-05
0.00226887920871377,0.5622488260269165,0.4328669607639313,0.002322518965229392,0.00029282059404067695
0.9539958834648132,0.045036111027002335,0.0006637710612267256,0.00018669391283765435,0.00011754217121051624
0.9985769987106323,0.0009723033290356398,0.00029601078131236136,0.00011519226973177865,3.950531026930548e-05
0.9095739722251892,0.08779764175415039,0.002141847275197506,0.0002978793636430055,0.00018867256585508585
0.9989792108535767,0.0007624122081324458,0.0001758732250891626,5.577883712248877e-05,2.6744661226985045e-05
0.000460491341073066,0.0008777904440648854,0.1459864228963852,0.8522061109542847,0.00046917577856220305
0.0006541780312545598,0.0009420050773769617,0.11771305650472641,0.8716769218444824,0.009013878181576729
0.1249503493309021,0.8498460054397583,0.024622058495879173,0.0004384645726531744,0.00014310661936178803
0.0005499063991010189,0.022851508110761642,0.9763582944869995,0.00016947099356912076,7.083991658873856e-05
0.0017336277524009347,0.004790295846760273,0.7586519718170166,0.23050768673419952,0.00431643333286047
0.996727466583252,0.0023903350811451674,0.00039052157080732286,0.0004313959216233343,6.0249611124163494e-05
0.11090131103992462,0.8322950601577759,0.05514422059059143,0.0013143958058208227,0.0003449528303463012
0.8494065403938293,0.14842113852500916,0.001782282255589962,0.0002611220988910645,0.00012894492829218507
0.9983086585998535,0.0011044105049222708,0.00033801436075009406,0.00020463226246647537,4.427276871865615e-05
0.0002894942299462855,0.038781750947237015,0.9544568657875061,0.0063642836175858974,0.00010756441042758524
0.0033865126315504313,0.5410094261169434,0.4523801803588867,0.002860462060198188,0.0003633774758782238
0.9980072379112244,0.0012264316901564598,0.0005362064694054425,0.0001659945264691487,6.410813512047753e-05
0.6234666109085083,0.36302265524864197,0.01228663232177496,0.0009269319125451148,0.00029714268748648465
0.9698394536972046,0.029121290892362595,0.0006062594475224614,0.00032634861418046057,0.00010659853433026001
0.002265911316499114,0.023961763828992844,0.9622958302497864,0.011259603314101696,0.00021688317065127194
0.915557324886322,0.08283571153879166,0.0013096160255372524,0.0001700635621091351,0.00012731853348668665
0.14833804965019226,0.6308382749557495,0.2177763134241104,0.0021894497331231833,0.0008579305140301585
0.0007236807723529637,0.020807499065995216,0.9721904993057251,0.00616565253585577,0.00011270079994574189
0.45188742876052856,0.3914647400379181,0.15076826512813568,0.004884157795459032,0.0009953324915841222
0.9809027910232544,0.018615661188960075,0.0003170786367263645,0.00010136877244804054,6.314114580163732e-05
0.00028830525116063654,0.0010629006428644061,0.9816270470619202,0.01690121926367283,0.00012050209625158459
0.050645001232624054,0.9120615720748901,0.03521241992712021,0.0016394717385992408,0.00044157818774692714
0.9830495119094849,0.01650928147137165,0.0002726703241933137,9.411846258444712e-05,7.449652184732258e-05
0.007102838717401028,0.7127239108085632,0.2771967649459839,0.002676839241757989,0.0002996552793774754
0.06803935021162033,0.9254835844039917,0.005049076396971941,0.0008749588159844279,0.0005530582275241613
0.9984875917434692,0.0011891844915226102,0.00023632384545635432,5.0829748943215236e-05,3.608909173635766e-05
0.26605597138404846,0.7274501323699951,0.0057616764679551125,0.0005803685635328293,0.0001518428180133924
0.0004511413862928748,0.0030167114455252886,0.9894666075706482,0.006784820929169655,0.00028069541440345347
0.0013665722217410803,0.0023909753654152155,0.11076649278402328,0.8843501806259155,0.00112582603469491
0.9994439482688904,0.0004747905768454075,5.2019408030901104e-05,2.0358293113531545e-05,8.833575520839076e-06
0.6970660090446472,0.29355117678642273,0.008577329106628895,0.000524003931786865,0.0002815118932630867
0.00042465879232622683,0.06809155642986298,0.9294221997261047,0.0019333282252773643,0.00012820093252230436
0.0020612950902432203,0.004648772068321705,0.7915810942649841,0.20046815276145935,0.001240731100551784
0.43288809061050415,0.5597919225692749,0.006268657278269529,0.0006344316643662751,0.0004169079184066504
0.9992252588272095,0.0006276300409808755,9.328682790510356e-05,3.371569619048387e-05,2.0150195268797688e-05
0.001399861997924745,0.18880420923233032,0.8087413907051086,0.0009246140834875405,0.00012987465015612543
0.0009574783034622669,0.003482710337266326,0.9392725229263306,0.05449625477194786,0.001791104325093329
0.999350368976593,0.00044032427831552923,0.00012600772606674582,5.873918780707754e-05,2.450751344440505e-05
0.0009942902252078056,0.24142815172672272,0.6823973059654236,0.07430371642112732,0.0008765150560066104
0.0008376937475986779,0.0008275419822894037,0.12716785073280334,0.8676351308822632,0.003531745169311762
0.9996002316474915,0.00031857300200499594,5.649771628668532e-05,1.614702705410309e-05,8.565632924728561e-06
0.9980292916297913,0.001827252795919776,7.52079940866679e-05,4.472112050279975e-05,2.3508011508965865e-05
0.0002602084423415363,0.0003922239411622286,0.01515223365277052,0.7705118060112,0.21368356049060822
0.0410984568297863,0.8545423150062561,0.10317988693714142,0.0009541207109577954,0.00022516463650390506
0.00043920803000219166,0.9341506361961365,0.06347575783729553,0.0018178288592025638,0.00011656375863822177
0.0010431037517264485,0.0023160262499004602,0.06581123173236847,0.7526078224182129,0.17822182178497314
0.0004771183885168284,0.0015395351219922304,0.9232487082481384,0.07451139390468597,0.00022326354519464076
0.00023971909831743687,0.000424798607127741,0.012427086941897869,0.9721925258636475,0.01471590157598257
0.05529104918241501,0.593009352684021,0.3490060269832611,0.0017517098458483815,0.0009418253321200609
0.9531034231185913,0.04583292454481125,0.0007492753211408854,0.0002290251723024994,8.534580410923809e-05
0.984181821346283,0.014806202612817287,0.0008283552015200257,0.0001029816412483342,8.058975072344765e-05
0.11510840058326721,0.8084939122200012,0.07188320904970169,0.004002892412245274,0.0005115428357385099
0.9819652438163757,0.015410971827805042,0.002250025747343898,0.00028393298271112144,8.9778914116323e-05
0.00045614843838848174,0.0010404096683487296,0.028973719105124474,0.9126589298248291,0.056870803236961365
0.997798502445221,0.0015654764138162136,0.0004979761433787644,9.688995487522334e-05,4.109204019187018e-05
0.9991378784179688,0.0007443909998983145,6.439952267101035e-05,3.8692720409017056e-05,1.4583560187020339e-05
0.0049650175496935844,0.9320210814476013,0.061036914587020874,0.001626382814720273,0.000350605376297608
0.0005604032194241881,0.026630789041519165,0.9711930155754089,0.0015284452820196748,8.732925198273733e-05
0.0016610828461125493,0.001680620713159442,0.1200660765171051,0.8749160766601562,0.0016761021688580513
0.0002291334531037137,0.0005719452747143805,0.10182661563158035,0.8951876163482666,0.002184696728363633
0.00039741559885442257,0.0011639926815405488,0.8538996577262878,0.14391259849071503,0.0006263169925659895
0.00021905888570472598,0.0002906124573200941,0.0048230295069515705,0.9927559494972229,0.0019113627495244145
0.1848769634962082,0.773969292640686,0.03459674492478371,0.005580433644354343,0.0009765969589352608
0.024633832275867462,0.9505200982093811,0.02388354018330574,0.0007772195967845619,0.0001852605928434059
0.02946319617331028,0.23223505914211273,0.7316874861717224,0.005887788720428944,0.0007265242747962475
0.0002736067690420896,0.0006954439450055361,0.975679337978363,0.02326948754489422,8.212055399781093e-05
0.49397218227386475,0.47629880905151367,0.028556857258081436,0.0010056208120658994,0.00016649768804199994
0.00034337665420025587,0.001610620878636837,0.9917190074920654,0.006208149716258049,0.00011880430247401819
0.9993638396263123,0.00046885557821951807,0.00011424591502873227,3.1140894861891866e-05,2.1917085177847184e-05
0.027782227843999863,0.7340066432952881,0.23619282245635986,0.0014169857604429126,0.0006013669189997017
0.17618447542190552,0.5343917608261108,0.2847101390361786,0.0041506909765303135,0.0005629512015730143
0.0005349366110749543,0.0015387122984975576,0.9559838175773621,0.041794441640377045,0.00014810731227044016
0.0019939725752919912,0.004795164335519075,0.7929887771606445,0.19655826687812805,0.0036638586316257715
0.9955125451087952,0.004020554479211569,0.0003481549210846424,8.304121729452163e-05,3.562458368833177e-05
0.0031600133515894413,0.9062941670417786,0.08900473266839981,0.0013130588922649622,0.00022805359913036227
0.0023362995125353336,0.004703938495367765,0.21469427645206451,0.7778001427650452,0.00046531728003174067
0.999006450176239,0.0007312229718081653,0.0001989269512705505,4.002109926659614e-05,2.337785372219514e-05
0.9936347007751465,0.005719461478292942,0.0005299735930748284,7.161544635891914e-05,4.423340214998461e-05
0.0008353044395335019,0.08716702461242676,0.9106317758560181,0.0012205538805574179,0.00014536386879626662
0.003663250943645835,0.29075366258621216,0.6941671967506409,0.010664466768503189,0.0007514155586250126
0.7977821826934814,0.1870933175086975,0.010473615489900112,0.004303568042814732,0.00034730584593489766
1.8257202100357972e-05,3.0664352379972115e-05,0.00010301698057446629,0.0010769093642011285,0.9987711310386658
0.0005005738348700106,0.009544053114950657,0.8842229247093201,0.10512197017669678,0.000610437651630491
0.9770679473876953,0.022566821426153183,0.0002442670811433345,7.890736014815047e-05,4.2035266233142465e-05
0.019631948322057724,0.9606065154075623,0.01849084347486496,0.0010915591847151518,0.00017914650379680097
0.9996790885925293,0.00021675635071005672,6.670458969892934e-05,2.392753776803147e-05,1.3560236766352318e-05
0.00025148404529318213,0.0005460000247694552,0.5275798439979553,0.47135260701179504,0.00027006943128071725
0.00011690118117257953,0.00018815119983628392,0.002046234905719757,0.09312266111373901,0.9045260548591614
0.9996029734611511,0.00030956906266510487,4.571682075038552e-05,2.642875369929243e-05,1.5365338185802102e-05
0.01042942050844431,0.676171064376831,0.2924080193042755,0.020555783063173294,0.0004356837016530335
0.010579357855021954,0.9462578296661377,0.04232294112443924,0.0006816331297159195,0.00015825947048142552
0.0010730578796938062,0.09464473277330399,0.706655740737915,0.1967858076095581,0.0008406726992689073
0.0005205508205108345,0.0015304568223655224,0.06825326383113861,0.928478479385376,0.0012172646820545197
0.7948858141899109,0.2033359408378601,0.0010942592052742839,0.0004526697739493102,0.00023132460773922503
0.0002360847865929827,0.7454556822776794,0.25311294198036194,0.0011156137334182858,7.967903366079554e-05
0.3398100733757019,0.4793384075164795,0.17098069190979004,0.009331452660262585,0.0005393582978285849
0.600368857383728,0.3860546946525574,0.012552791275084019,0.0005408974830061197,0.0004827382508665323
0.003543015569448471,0.9323198199272156,0.06010783836245537,0.003875476075336337,0.0001538713404443115
0.0011887028813362122,0.0019031892297789454,0.21943116188049316,0.7742883563041687,0.003188625443726778
0.0017775880405679345,0.0037945499643683434,0.2957645058631897,0.6961228251457214,0.0025404959451407194
0.9962952733039856,0.003224299754947424,0.0003556516894605011,7.186522998381406e-05,5.2864917961414903e-05
0.0004956641932949424,0.0010902854846790433,0.9198873043060303,0.07762572914361954,0.0009009653003886342
0.001022243406623602,0.857476532459259,0.14077389240264893,0.0006024108733981848,0.00012496046838350594
0.0010345689952373505,0.011115332134068012,0.9689725041389465,0.01872343011200428,0.00015414269000757486
0.000939830846618861,0.011829456314444542,0.9684947729110718,0.0184389129281044,0.0002970149216707796
0.004288163501769304,0.7170155048370361,0.2772943079471588,0.0011665205238386989,0.0002355624019401148
0.000222221075091511,0.0006872618105262518,0.9546305537223816,0.044263649731874466,0.00019628473091870546
0.0015024080639705062,0.006947455462068319,0.08877769857645035,0.8680130243301392,0.03475942462682724
0.0005736565799452364,0.0026095735374838114,0.13804879784584045,0.8381468653678894,0.020621104165911674
9.493999095866457e-05,0.00011113410437246785,0.0020498912781476974,0.013639419339597225,0.984104573726654
0.0006869239150546491,0.001185231376439333,0.8047791123390198,0.19272616505622864,0.0006225496181286871
0.0006485136109404266,0.0031847539357841015,0.009784132242202759,0.7754108905792236,0.21097172796726227
0.9966065883636475,0.002835397142916918,0.00036362960236147046,0.00013294645759742707,6.149073306005448e-05
0.0034800819121301174,0.002907531801611185,0.06987352669239044,0.8770805597305298,0.04665827751159668
0.0004306408518459648,0.0008088350878097117,0.5695926547050476,0.4280186593532562,0.0011491753393784165
0.997191846370697,0.002433792455121875,0.00023561572015751153,8.756001625442877e-05,5.119829438626766e-05
0.028022317215800285,0.9527617692947388,0.018573937937617302,0.0004445314989425242,0.00019749173952732235
0.0005607849452644587,0.0011958351824432611,0.15702307224273682,0.8323957324028015,0.008824530988931656
0.9691469073295593,0.030200526118278503,0.0004118809010833502,0.00015885860193520784,8.184104808606207e-05
0.0010861806804314256,0.001975738676264882,0.3021561801433563,0.6824471354484558,0.012334784492850304
0.0007819336606189609,0.001701523084193468,0.310467928647995,0.6859428286552429,0.0011057824594900012
0.0006313785561360419,0.21648165583610535,0.7812238335609436,0.0014560085255652666,0.00020717066945508122
0.9982874989509583,0.0013920206110924482,0.00019498509936966002,8.625864575151354e-05,3.9189730159705505e-05
0.7097236514091492,0.26427140831947327,0.024642320349812508,0.0009438556153327227,0.0004187810409348458
0.9992603659629822,0.0006039771251380444,7.737607666058466e-05,4.322225140640512e-05,1.5100679775059689e-05
0.0005018318770453334,0.0017952413763850927,0.13864940404891968,0.8509711623191833,0.00808235164731741
0.010341059416532516,0.7296767234802246,0.2489052563905716,0.009398193098604679,0.0016787508502602577
0.0007167725125327706,0.000347128720022738,0.00575438654050231,0.13473576307296753,0.8584458827972412
0.44008347392082214,0.5330781936645508,0.023387882858514786,0.0028999822679907084,0.0005504965665750206
0.9989657402038574,0.0008205481572076678,0.00010671553172869608,8.42777662910521e-05,2.269690048706252e-05
0.0006891718367114663,0.0027527178172022104,0.7359201908111572,0.259807825088501,0.0008300838526338339
0.7482194900512695,0.2229619175195694,0.028201067820191383,0.0004279293061699718,0.00018963948241434991
0.05306225270032883,0.6596226692199707,0.2782667577266693,0.008679953403770924,0.0003683490795083344
0.09934130311012268,0.8734357357025146,0.02624647691845894,0.0007609836175106466,0.00021551128884311765
0.002610948868095875,0.759535014629364,0.23454995453357697,0.0029953268822282553,0.00030873934156261384
0.14111977815628052,0.663930356502533,0.18836477398872375,0.004777978174388409,0.0018071125959977508
0.0008318774052895606,0.5660679340362549,0.43102172017097473,0.001882170676253736,0.00019635329954326153
0.001070911530405283,0.10081807523965836,0.8941792249679565,0.003700478933751583,0.00023131610942073166
0.9986817240715027,0.000959207653068006,0.0002749586128629744,5.500782572198659e-05,2.9074879421386868e-05
0.005779499653726816,0.9298157691955566,0.06283997744321823,0.0012584971264004707,0.00030623096972703934
0.7977888584136963,0.18618957698345184,0.014794149436056614,0.0009588180109858513,0.00026854645693674684
0.000577593978960067,0.001064953627064824,0.26090678572654724,0.6347444653511047,0.10270614922046661
0.025860829278826714,0.958573579788208,0.01505819708108902,0.00038811861304566264,0.00011920370889129117
0.044237665832042694,0.951737105846405,0.0028451187536120415,0.000736642861738801,0.0004435051523614675
0.00023603181762155145,0.0005315565504133701,0.005333348177373409,0.13628831505775452,0.8576107621192932
0.9982940554618835,0.0012055207043886185,0.00030239560874179006,0.0001377581211272627,6.027178460499272e-05
0.1653236448764801,0.8281903862953186,0.005376432090997696,0.0007667408790439367,0.00034283610875718296
0.9872679114341736,0.01158157829195261,0.0008010306628420949,0.0002590007206890732,9.054331894731149e-05
0.02286164090037346,0.9634524583816528,0.012899587862193584,0.0006683378014713526,0.00011798590276157483
0.8987525701522827,0.09985601902008057,0.000940087076742202,0.00028105187811888754,0.00017029028094839305
0.9987905621528625,0.0009170951088890433,0.00017641832528170198,7.816423021722585e-05,3.774113065446727e-05
0.0005213978583924472,0.052033212035894394,0.9236910343170166,0.023312469944357872,0.0004419283359311521
0.0021830254700034857,0.1581943780183792,0.8316380381584167,0.007524929475039244,0.0004596134240273386
0.0027239485643804073,0.034284185618162155,0.42262282967567444,0.5398188829421997,0.0005501655978150666
0.996301531791687,0.003193689277395606,0.0003131247067358345,0.00012235961912665516,6.932160613359883e-05
0.00039858484524302185,0.03665566444396973,0.9619482159614563,0.0009035257971845567,9.393590153194964e-05
0.9990990161895752,0.000751064857468009,9.733038314152509e-05,2.8122725780121982e-05,2.4456900064251386e-05
0.9968180656433105,0.002500614384189248,0.0005570963257923722,8.497224189341068e-05,3.9172067772597075e-05
0.0004527837154455483,0.0017967765452340245,0.023519638925790787,0.8459303975105286,0.12830038368701935
0.9977937936782837,0.0018508144421502948,0.00025368068600073457,7.266105967573822e-05,2.908476017182693e-05
0.0006286208517849445,0.0008569667115807533,0.892703115940094,0.10382091999053955,0.0019903886131942272
0.0008038371452130377,0.006329281255602837,0.9847143292427063,0.008007647469639778,0.00014487191219814122
0.15663227438926697,0.675308883190155,0.16668477654457092,0.0008751334971748292,0.0004989561857655644
0.23500901460647583,0.7469220757484436,0.01664298214018345,0.0011209285585209727,0.0003049690567422658
0.01890142448246479,0.8298484683036804,0.14722535014152527,0.003623020136728883,0.00040171443833969533
0.0003022805612999946,0.00177391292527318,0.9915449619293213,0.00607885979115963,0.0003000626165885478
0.0002581703010946512,0.0004328314389567822,0.02252848818898201,0.9590997695922852,0.017680758610367775
0.002618636004626751,0.09895174950361252,0.8979668617248535,0.00027402571868151426,0.00018868190818466246
0.8213449716567993,0.17565320432186127,0.0026016458868980408,0.0002179754665121436,0.00018218110199086368
0.0031572107691317797,0.7679386734962463,0.22691084444522858,0.0016508487751707435,0.00034242658875882626
0.02331521362066269,0.8755605220794678,0.09690062701702118,0.003283481812104583,0.00094009650638327
0.9949709177017212,0.003567068139091134,0.0011794889578595757,0.00019656846416182816,8.590052311774343e-05
0.0006805348093621433,0.0013691234635189176,0.2781360149383545,0.7129944562911987,0.006819894537329674
0.9336570501327515,0.06536397337913513,0.000579617393668741,0.00026305197388865054,0.00013635521463584155
0.00029021158115938306,0.00037305578007362783,0.0037098790053278208,0.030078357085585594,0.9655485153198242
0.028296563774347305,0.26146411895751953,0.6594151854515076,0.047819383442401886,0.003004711354151368
0.00015983435150701553,0.00027875712839886546,0.0010586539283394814,0.04077107459306717,0.9577316641807556
0.0005035052308812737,0.0027702401857823133,0.9689277410507202,0.027659401297569275,0.00013911991845816374
0.0013515007449313998,0.3047191798686981,0.656373918056488,0.037092164158821106,0.00046321467380039394
0.9970171451568604,0.00238263257779181,0.0005016063805669546,6.810513150412589e-05,3.056467539863661e-05
0.9974387884140015,0.0019571755547076464,0.00038801576010882854,0.00014987756730988622,6.615788151975721e-05
0.0007353508844971657,0.05611077696084976,0.8466772437095642,0.09598720073699951,0.0004894780577160418
0.9974488615989685,0.002351384377107024,0.0001353769621346146,3.6210396501701325e-05,2.8127278710599057e-05
0.0007626425940543413,0.0015271169831976295,0.5760339498519897,0.42064592242240906,0.0010303901508450508
0.0004553894395940006,0.016582340002059937,0.9789798259735107,0.003884963458403945,9.743747068569064e-05
0.012688329443335533,0.023248769342899323,0.2935418486595154,0.6647767424583435,0.005744313821196556
0.6711622476577759,0.3059401214122772,0.02184242755174637,0.0007535946206189692,0.0003016198461409658
0.004874777048826218,0.9211196303367615,0.07292074710130692,0.0008976849494501948,0.00018715776968747377
0.9980157613754272,0.0015535727143287659,0.0002650883106980473,0.00013007655797991902,3.546943480614573e-05
0.9984873533248901,0.0011554548982530832,0.0002778635243885219,5.3560841479338706e-05,2.5689634640002623e-05
0.0008458365336991847,0.45139506459236145,0.5429392457008362,0.004557496402412653,0.0002624203043524176
0.0017761049093678594,0.44694966077804565,0.5434036254882812,0.007301737554371357,0.0005688193487003446
0.758854329586029,0.21955928206443787,0.021067006513476372,0.000296614394756034,0.00022280411212705076
0.9987955093383789,0.0009964003693312407,0.0001170741961686872,6.394161755451933e-05,2.7060852517024614e-05
0.0004908381379209459,0.0014935850631445646,0.4102138876914978,0.5874188542366028,0.0003828216576948762
0.00029459429788403213,0.0005788311827927828,0.05346536636352539,0.9432805180549622,0.0023806553799659014
0.9994469285011292,0.00035327416844666004,0.00011210344382561743,7.291565998457372e-05,1.476764737162739e-05
0.8214290142059326,0.1754124015569687,0.002786412136629224,0.00022905114747118205,0.00014309411926660687
0.8702756762504578,0.1253451555967331,0.00346334814094007,0.0006595490267500281,0.0002562985464464873
0.07432656735181808,0.9162048101425171,0.006888335570693016,0.001917135319672525,0.0006631985306739807
0.31927579641342163,0.6366276741027832,0.03961222618818283,0.003910326398909092,0.0005739757907576859
0.9983173608779907,0.0011170577490702271,0.0003956936707254499,0.0001358386070933193,3.408524935366586e-05
0.05259772762656212,0.7915343046188354,0.15375949442386627,0.0014140388229861856,0.0006944406195543706
0.039649058133363724,0.8951207399368286,0.06344079226255417,0.0012346799485385418,0.0005547511973418295
0.9862197637557983,0.011251414194703102,0.0022042333148419857,0.00023149866319727153,9.303030674345791e-05
0.9991577863693237,0.0006566852098330855,0.00013914860028307885,3.103433482465334e-05,1.5291792806237936e-05
0.7808749079704285,0.21091847121715546,0.007266142871230841,0.0005637802532874048,0.0003766554582398385
0.0031504840590059757,0.5527938008308411,0.42049428820610046,0.023037172853946686,0.0005242255865596235
0.994891881942749,0.004284004680812359,0.0006012858939357102,0.00015659339260309935,6.626680988119915e-05
0.00033480950514785945,0.0012985547073185444,0.24598510563373566,0.7515401244163513,0.0008414132171310484
6.350128387566656e-05,0.0001624344731681049,0.0010438470635563135,0.06209642067551613,0.9366337656974792
0.07346811890602112,0.858988344669342,0.06547635793685913,0.0017031821189448237,0.00036397131043486297
0.0006837187684141099,0.0011037344811484218,0.014375356025993824,0.6330805420875549,0.3507566452026367
0.00020567156025208533,0.0003262784448452294,0.009266349487006664,0.7202868461608887,0.2699148654937744
0.9988049268722534,0.0009814732475206256,0.0001305303449044004,5.0849590479629114e-05,3.223933890694752e-05
0.0004426366649568081,0.0008018471417017281,0.025812435895204544,0.9416463971138,0.031296633183956146
0.00041346822399646044,0.0009231888689100742,0.0030117614660412073,0.37354469299316406,0.6221069097518921
0.9887521862983704,0.010511869564652443,0.0005030639003962278,0.00015839333354961127,7.452311547240242e-05
0.00037217154749669135,0.2647700607776642,0.7325335144996643,0.002211049199104309,0.00011324209481244907
0.0005485530709847808,0.0008604552713222802,0.06599028408527374,0.90345299243927,0.029147682711482048
0.02911056950688362,0.8894457817077637,0.08041220903396606,0.0007658311515115201,0.0002655799617059529
0.0078046200796961784,0.9747786521911621,0.016467345878481865,0.0008405400440096855,0.00010886124800890684
0.9501584768295288,0.04841906577348709,0.0010484892409294844,0.00020188053895253688,0.00017207574273925275
0.0008020249661058187,0.3117258548736572,0.6832410097122192,0.003977855667471886,0.00025326080503873527
0.028413666412234306,0.9644672274589539,0.006272443104535341,0.0005467909504659474,0.00029982623527757823
0.00034448623773641884,0.0003368239267729223,0.729205846786499,0.2697611153125763,0.00035179927363060415
0.00046029570512473583,0.009129339829087257,0.9630590081214905,0.027147557586431503,0.00020383465744089335
0.01069298293441534,0.930789053440094,0.05580727756023407,0.002456419635564089,0.0002542533620726317
0.0006648852140642703,0.07888764142990112,0.9184608459472656,0.0018757283687591553,0.00011083528079325333
0.05559895560145378,0.7928656339645386,0.14603300392627716,0.004976753145456314,0.0005256170406937599
0.20369188487529755,0.6869430541992188,0.1074039414525032,0.0015534093836322427,0.00040767929749563336
0.0003133114078082144,0.01156759262084961,0.9860192537307739,0.0019661586266011,0.00013368079089559615
0.998672366142273,0.0011128522455692291,0.0001548026775708422,3.552653288352303e-05,2.444552410452161e-05
0.00022352284577209502,0.0001430909032933414,0.0036126228515058756,0.026668909937143326,0.9693518280982971
0.0007904131198301911,0.21973855793476105,0.7744997143745422,0.00477258488535881,0.00019869666721206158
0.00026124034775421023,0.0006811512866988778,0.0018202286446467042,0.08933962136507034,0.9078978300094604
0.02258126623928547,0.34609654545783997,0.6241470575332642,0.006440882105380297,0.000734238070435822
0.9992726445198059,0.000593470293097198,8.708182576810941e-05,2.9274990083649755e-05,1.7552494682604447e-05
0.0005827490822412074,0.1434592455625534,0.8511879444122314,0.004599532578140497,0.00017053338524419814
0.00013106157712172717,0.0001669583289185539,0.008233308792114258,0.9857562184333801,0.00571245513856411
0.01385816652327776,0.6330156922340393,0.35157477855682373,0.0012425241293385625,0.00030883480212651193
0.8784922957420349,0.117225781083107,0.0034483219496905804,0.0006286245188675821,0.00020497014338616282
9.801999112823978e-05,0.00011125980381621048,0.0012890913058072329,0.023977994918823242,0.974523663520813
0.00027300967485643923,0.000470176077215001,0.1379496306180954,0.860174834728241,0.00113235367462039
0.11244898289442062,0.4539588689804077,0.4305794835090637,0.001976747065782547,0.0010359236039221287
0.21161018311977386,0.7795466780662537,0.007903809659183025,0.0007508113048970699,0.00018854622612707317
0.999401330947876,0.0004473332373891026,9.383367432747036e-05,3.7329653423512354e-05,2.012936965911649e-05
0.0005880676908418536,0.012032574974000454,0.8823190927505493,0.10452111810445786,0.0005391368758864701
0.9893181920051575,0.007339672185480595,0.002274165628477931,0.0009102338226512074,0.00015776304644532502
0.00047791871475055814,0.001024073688313365,0.9531822204589844,0.04508518427610397,0.00023058705846779048
0.3336014747619629,0.6280145049095154,0.03618182986974716,0.0012374903308227658,0.0009647171245887876
0.0005110921338200569,0.0012165462831035256,0.46463730931282043,0.5332565903663635,0.00037842089659534395
0.000552200828678906,0.9555745720863342,0.043539904057979584,0.00028632438625209033,4.696359974332154e-05
0.9952132701873779,0.004217745270580053,0.00039941014256328344,9.81633784249425e-05,7.144739356590435e-05
0.9987210631370544,0.0011483741691336036,7.677362737013027e-05,3.04547374980757e-05,2.3278063963516615e-05
0.1452108472585678,0.8316516876220703,0.020457282662391663,0.0013716383837163448,0.0013085618847981095
0.00019397273717913777,0.00026679597795009613,0.004036758095026016,0.8600170612335205,0.13548541069030762
0.759905219078064,0.23474860191345215,0.004733980633318424,0.000379998586140573,0.00023221028095576912
0.0010591027094051242,0.0023142595309764147,0.41024500131607056,0.5812879204750061,0.005093685816973448
0.0007744617760181427,0.09996742755174637,0.8964097499847412,0.0026263846084475517,0.00022193101176526397
0.9673900008201599,0.030492644757032394,0.0012794542126357555,0.0006149846012704074,0.000222928385483101
0.00030788854928687215,0.014230996370315552,0.9789097905158997,0.006456298753619194,9.499199222773314e-05
1.5595995137118734e-05,4.999998782295734e-05,0.00010246296733384952,0.0016400401946157217,0.9981918931007385
0.762284517288208,0.1358926147222519,0.09918448328971863,0.0020926969591528177,0.0005456835497170687
0.9989269375801086,0.0009278606157749891,8.934856305131689e-05,3.547467349562794e-05,2.038991624431219e-05
0.0018574045971035957,0.9298238754272461,0.06691447645425797,0.0012412343639880419,0.00016304603195749223
0.014216157607734203,0.8650267124176025,0.1190379336476326,0.001382170245051384,0.0003369626647327095
0.0009282637620344758,0.00127388013061136,0.04934076592326164,0.7698844075202942,0.17857272922992706
0.0026660950388759375,0.11982422322034836,0.8722020387649536,0.004811614751815796,0.0004960264777764678
0.00022390397498384118,0.00024254669551737607,0.0032676176633685827,0.0884644165635109,0.9078015089035034
0.9686921834945679,0.02288598008453846,0.007924321107566357,0.0003092031693086028,0.00018830197222996503
0.999464213848114,0.0004342886386439204,6.681668310193345e-05,1.9270071788923815e-05,1.536263334855903e-05
0.0011796358739957213,0.37133893370628357,0.6234325766563416,0.0036957135889679193,0.0003531029506120831
0.18098194897174835,0.1509622037410736,0.6609471440315247,0.006631840951740742,0.00047685863683000207
0.6122244596481323,0.3651571273803711,0.020035717636346817,0.0016246624290943146,0.0009579983889125288
0.9990940093994141,0.0007437111926265061,0.00010083693632623181,3.674581239465624e-05,2.468056118232198e-05
0.16811434924602509,0.819264829158783,0.010045996867120266,0.0015998793533071876,0.0009749350138008595
0.0003221326624043286,0.00038661248981952667,0.003412393154576421,0.5278136134147644,0.4680652618408203
0.9979099631309509,0.0019047233508899808,0.00010125503467861563,5.545884050661698e-05,2.861323628167156e-05
2.120204226230271e-05,4.4686501496471465e-05,0.00027958196005783975,0.002169473562389612,0.9974850416183472
0.0001240847195731476,0.0002785820688586682,0.009101182222366333,0.9899427890777588,0.0005533612566068769
0.8275448083877563,0.17131398618221283,0.0006656129262410104,0.00026490396703593433,0.00021074233518447727
0.0007928286213427782,0.0012009363854303956,0.1059306412935257,0.8892514109611511,0.0028242082335054874
0.0020602447912096977,0.015526271425187588,0.8860687017440796,0.09572320431470871,0.0006216246401891112
0.0002445265417918563,0.0005371945444494486,0.09394029527902603,0.9040282368659973,0.001249814871698618
0.0006466568447649479,0.002631204901263118,0.7491282224655151,0.2463122308254242,0.0012816658709198236
0.5838701128959656,0.3854599595069885,0.02978646382689476,0.0006178337498567998,0.0002656279248185456
0.0022736883256584406,0.001442942302674055,0.027306726202368736,0.7504757642745972,0.21850088238716125
0.0007727010524831712,0.010912727564573288,0.9166104197502136,0.07133135199546814,0.0003727942530531436
0.6952958106994629,0.29191648960113525,0.0120399734005332,0.0005200787563808262,0.00022762066510040313
0.0005864104023203254,0.001415023929439485,0.7977406978607178,0.19901390373706818,0.0012439878191798925
0.0012408265611156821,0.3788911700248718,0.6097788214683533,0.009651975706219673,0.00043718976667150855
0.0014030628371983767,0.7085821032524109,0.28885212540626526,0.0010165813146159053,0.0001461422652937472
0.999157190322876,0.0006482121534645557,0.00013769838551525027,3.3935521059902385e-05,2.294360274390783e-05
0.0003646521654445678,0.00171051942743361,0.9801161289215088,0.01757766678929329,0.00023105097352527082
0.0004334621480666101,0.0032741648610681295,0.8167856335639954,0.1789645105600357,0.000542209658306092
0.997946560382843,0.0018130876123905182,0.0001558672811370343,5.8126268413616344e-05,2.63358870142838e-05
1.82363892236026e-05,6.181947537697852e-05,0.0001438818871974945,0.0014753967989236116,0.9983007311820984
0.0005365415709093213,0.0017261294415220618,0.34287363290786743,0.6532489061355591,0.001614816952496767
0.0007012351998127997,0.6477037072181702,0.34881094098091125,0.0024976227432489395,0.0002864774432964623
0.0005780470091849566,0.0017051103059202433,0.16070394217967987,0.833867609500885,0.003145322436466813
0.001147198723629117,0.01351551990956068,0.8755481243133545,0.10945431888103485,0.00033485557651147246
0.43904533982276917,0.44440728425979614,0.11489494144916534,0.001026873360387981,0.0006255136104300618
0.0006247667479328811,0.016490964218974113,0.9794989228248596,0.003290567547082901,9.47473308769986e-05
0.0006139730685390532,0.0010980486404150724,0.5507670044898987,0.44679853320121765,0.0007224105065688491
2.1840167391928844e-05,5.24309252796229e-05,0.00019772510859183967,0.0016427645459771156,0.9980852603912354
0.9989237189292908,0.0009478861466050148,7.117733912309632e-05,3.810480848187581e-05,1.9111537767457776e-05
0.0057435911148786545,0.7031057476997375,0.2689509987831116,0.021624397486448288,0.0005751966964453459
0.00019203350530005991,0.00044872614671476185,0.0013464108342304826,0.4566285014152527,0.5413842797279358
0.9963854551315308,0.0033956088591367006,0.00010977415513480082,7.2530958277639e-05,3.6582714528776705e-05
0.0023585367016494274,0.3555143177509308,0.6075543165206909,0.033275119960308075,0.0012977489968761802
0.0005318541079759598,0.03590534254908562,0.9623440504074097,0.00113431247882545,8.438265649601817e-05
0.4705784320831299,0.5214077234268188,0.007305016741156578,0.0005194697878323495,0.0001893334701890126
0.9086718559265137,0.08930741250514984,0.001630355603992939,0.0003193941665813327,7.092525629559532e-05
0.00025501640629954636,0.30210888385772705,0.6964425444602966,0.0011109638726338744,8.256061119027436e-05
0.002431096974760294,0.7649484276771545,0.23039808869361877,0.0020041419193148613,0.0002182493917644024
0.9277650713920593,0.07011100649833679,0.0017325321678072214,0.00024101139570120722,0.00015033369709271938
0.0002936244709417224,0.0008336017490364611,0.9885281324386597,0.010214569047093391,0.0001301450392929837
0.00021602839115075767,0.00037453905679285526,0.0011417611967772245,0.2660817801952362,0.7321858406066895
0.24474561214447021,0.6258634924888611,0.1198464184999466,0.008725637570023537,0.0008188742212951183
0.9949867725372314,0.0041354140266776085,0.0006420353311114013,0.00014868938887957484,8.704520587343723e-05
0.0004826572840102017,0.0019099682103842497,0.9865613579750061,0.01090261060744524,0.0001433536526747048
0.0009413929074071348,0.0014279711758717895,0.09687237441539764,0.8458114266395569,0.05494681000709534
0.0055990638211369514,0.9631150960922241,0.030657095834612846,0.0004802781331818551,0.00014851082232780755
0.0009069482912309468,0.005871229339390993,0.7001649737358093,0.29181334376335144,0.0012434887466952205
0.001099081477150321,0.005387549288570881,0.474920392036438,0.5169271230697632,0.001665813266299665
0.0007739341235719621,0.5362304449081421,0.44179099798202515,0.020914634689688683,0.0002899790706578642
0.9807699918746948,0.01823023147881031,0.0007905627135187387,0.00012678506027441472,8.239722228609025e-05
0.4424411356449127,0.5387084484100342,0.016869647428393364,0.0015510370722040534,0.00042973546078428626
0.9994164705276489,0.0004354070406407118,0.00010390323586761951,2.0441504602786154e-05,2.3743741621728987e-05
0.9691980481147766,0.029160909354686737,0.0014222741592675447,0.00016265659360215068,5.6054799642879516e-05
2.2576396077056415e-05,5.371754014049657e-05,0.0001711172517389059,0.0012801988050341606,0.9984723925590515
0.0013353119138628244,0.007458287291228771,0.09582025557756424,0.8722308874130249,0.02315528318285942
0.0011152313090860844,0.012602674774825573,0.5781265497207642,0.40737268328666687,0.000782855146098882
0.9994720816612244,0.0003337102825753391,0.00014492003538180143,3.31765586452093e-05,1.6073854567366652e-05
0.00023457354109268636,0.0011710862163454294,0.9826279282569885,0.01587647572159767,8.998869452625513e-05
0.12856291234493256,0.819706380367279,0.0491618886590004,0.0021157837472856045,0.00045300961937755346
0.0004800994647666812,0.2698255181312561,0.7265360951423645,0.00296353199519217,0.00019474640430416912
0.9955175518989563,0.003420623019337654,0.0008239009184762836,0.0001422014756826684,9.572409180691466e-05
0.9986099004745483,0.0009893792448565364,0.00024847136228345335,0.00010939587809843943,4.284543319954537e-05
0.0007378028240054846,0.001455668592825532,0.9787686467170715,0.01885887421667576,0.0001790727546904236
0.5969558954238892,0.3744162917137146,0.0272994227707386,0.0009621950448490679,0.0003662395756691694
0.0003098340821452439,0.000744447170291096,0.11029799282550812,0.8883276581764221,0.00032006565015763044
0.007923886179924011,0.7902823686599731,0.19263005256652832,0.008435294963419437,0.0007284258608706295
0.6844136714935303,0.3114803433418274,0.003298612544313073,0.0005037204828113317,0.0003036494890693575
0.0028983240481466055,0.002887456677854061,0.020522737875580788,0.7693873643875122,0.20430412888526917
0.006972585339099169,0.3541041612625122,0.6207717657089233,0.016715554520487785,0.001435967511497438
0.0006928505608811975,0.016654331237077713,0.9213812947273254,0.060902904719114304,0.00036861642729490995
0.9981661438941956,0.0009614518494345248,0.0007385291391983628,8.874003833625466e-05,4.5212291297502816e-05
0.0008348145638592541,0.8142786026000977,0.1836346983909607,0.0011323702055960894,0.00011951769556617364
0.9767476916313171,0.022472817450761795,0.0006351773045025766,9.977671288652346e-05,4.457442264538258e-05
0.985343873500824,0.013947832398116589,0.0005042669945396483,0.00013102038064971566,7.299389108084142e-05
0.9996929168701172,0.0002576762926764786,3.411649595363997e-05,9.28930239751935e-06,6.080481853132369e-06
0.01946883462369442,0.9759397506713867,0.003154788399115205,0.0009963273769244552,0.00044036118197254837
0.00047038611955940723,0.0028658269438892603,0.9517030119895935,0.04446592926979065,0.0004948445130139589
0.0013358674477785826,0.6393832564353943,0.3574408292770386,0.001453182427212596,0.00038684162427671254
0.0004475490713957697,0.0019583741668611765,0.9707270860671997,0.02662949450314045,0.00023755327856633812
0.9979017972946167,0.0016444186912849545,0.0003412262012716383,8.313349826494232e-05,2.937473436759319e-05
0.2152515947818756,0.7733756899833679,0.010295849293470383,0.0006616628379561007,0.00041524076368659735
0.9992117881774902,0.0005915486253798008,0.00013647331797983497,3.605208621593192e-05,2.4111886887112632e-05
3.0236373277148232e-05,4.662001447286457e-05,0.00030404358403757215,0.001934225670993328,0.9976848363876343
0.0011271737748757005,0.0028458498418331146,0.9847426414489746,0.01114423293620348,0.00014004771946929395
0.9980054497718811,0.0014661860186606646,0.0004023830115329474,9.388311445945874e-05,3.213593299733475e-05
0.7853439450263977,0.21229766309261322,0.0020225949119776487,0.000219574139919132,0.00011622801685007289
0.9990276098251343,0.0008344867383129895,9.319066884927452e-05,2.7293925086269155e-05,1.7394035239703953e-05
0.9639310240745544,0.03522498905658722,0.000623891712166369,0.00013660572585649788,8.345866808667779e-05
0.00045814356417395175,0.039579425007104874,0.9574881196022034,0.0023190267384052277,0.0001553020119899884
0.0006199293420650065,0.012025847099721432,0.969325840473175,0.017817096784710884,0.00021130005188751966
0.003974103834480047,0.9569105505943298,0.03849896788597107,0.0004991343594156206,0.00011726783122867346
0.9985414743423462,0.0008788735140115023,0.0004435120499692857,0.00010220280091743916,3.3985194022534415e-05
0.9980949759483337,0.0016677064122632146,0.00014825095422565937,5.953545405645855e-05,2.9480172088369727e-05
0.01567154936492443,0.7666829228401184,0.216048002243042,0.0013325688196346164,0.0002649461093824357
0.00040744137368164957,0.09985704720020294,0.8936376571655273,0.005823340732604265,0.00027448852779343724
0.0005169399082660675,0.0034766097087413073,0.2983575761318207,0.6971558928489685,0.00049293675692752
0.004748692736029625,0.11057611554861069,0.8822309970855713,0.002238381654024124,0.00020578534167725593
0.00047736955457367003,0.003115832805633545,0.949325680732727,0.04693402349948883,0.00014705433568451554
0.006774177309125662,0.17556293308734894,0.8163032531738281,0.0009584865183569491,0.00040112962597049773
0.5701311230659485,0.4259355962276459,0.0031642368994653225,0.00043471736717037857,0.0003343501011840999
0.0003755398211069405,0.046234190464019775,0.9435774087905884,0.009438810870051384,0.0003740490064956248
0.9989499449729919,0.0009277827921323478,8.498391980538145e-05,2.066354500129819e-05,1.6654181308695115e-05
0.0008180930744856596,0.0022746101021766663,0.9717037677764893,0.02470085769891739,0.0005026914877817035
0.00044510449515655637,0.0016451756237074733,0.802442193031311,0.19485928118228912,0.0006082424079068005
0.9971662163734436,0.0025609175208956003,0.0001921552757266909,5.4612686653854325e-05,2.6098658054252155e-05
0.9955072402954102,0.003532686270773411,0.0007592463516630232,0.0001232202776009217,7.75511798565276e-05
0.0012432977091521025,0.04949229583144188,0.9486320614814758,0.0004511421429924667,0.00018122344044968486
0.09847504645586014,0.5002715587615967,0.12157890200614929,0.2488149255514145,0.03085959143936634
0.39443689584732056,0.5981320142745972,0.006061101797968149,0.0008740642224438488,0.0004959707148373127
0.00885743647813797,0.569301962852478,0.41149434447288513,0.009471319615840912,0.0008749102707952261
0.00021291068696882576,0.0005563442828133702,0.04405505210161209,0.9495096206665039,0.005666039884090424
0.00036271658609621227,0.0004726211482193321,0.10424838960170746,0.8729491233825684,0.021967174485325813
0.0002313164877705276,0.0005113703664392233,0.002763617318123579,0.9022179841995239,0.09427577257156372
0.008576308377087116,0.1292569637298584,0.8579044938087463,0.003954473417252302,0.0003078242007177323
0.0005980537971481681,0.04233730211853981,0.9558782577514648,0.0011016747448593378,8.465364953735843e-05
0.5577072501182556,0.40271010994911194,0.022720711305737495,0.015266618691384792,0.001595284673385322
0.00026456458726897836,0.010205940343439579,0.9821779727935791,0.007218612357974052,0.00013291160576045513
0.0007521311054006219,0.002922615734860301,0.8301623463630676,0.164795383810997,0.0013674707151949406
0.0014354820596054196,0.07375896722078323,0.9195216298103333,0.005016903858631849,0.0002670174580998719
0.9075965285301208,0.07983247190713882,0.011196653358638287,0.0010141331003978848,0.0003602362412493676
0.9967918992042542,0.0024096474517136812,0.0006333604687824845,8.614765829406679e-05,7.888777327025309e-05
0.0002783031086437404,0.0003446651389822364,0.007468091323971748,0.3011963963508606,0.690712571144104
0.999174177646637,0.0006252943421714008,0.00014353693404700607,3.54435142071452e-05,2.1538477085414343e-05
0.1677258014678955,0.8102022409439087,0.020478663966059685,0.0008521741256117821,0.0007411587866954505
0.03608127683401108,0.8225699067115784,0.1333005726337433,0.007014367263764143,0.0010339337168261409
0.8989560008049011,0.09991700947284698,0.0006719141965731978,0.0002879645035136491,0.00016711802163627
0.9994238615036011,0.0004216960514895618,0.00010588887380436063,3.6718174669658765e-05,1.187509042210877e-05
0.011035739444196224,0.7690944671630859,0.21772320568561554,0.0016907785320654511,0.0004557770153041929
0.00035806093364953995,0.000737204565666616,0.006793652661144733,0.3554844856262207,0.6366265416145325
0.0002924706495832652,0.0003511033719405532,0.9629449248313904,0.036118242889642715,0.0002932400966528803
0.0002203150070272386,0.09612851589918137,0.9008324146270752,0.0027079328428953886,0.00011083343270001933
0.005195934325456619,0.0016252717468887568,0.3166152536869049,0.6704502701759338,0.006113274954259396
0.5947638154029846,0.40251415967941284,0.0019829683005809784,0.0004751362430397421,0.00026392267318442464
0.9957731366157532,0.0028540424536913633,0.0011309745023027062,0.00018434596131555736,5.748496187152341e-05
0.0005214601405896246,0.0007203444838523865,0.47746774554252625,0.5208131074905396,0.0004773530235979706
0.000702659017406404,0.0021433865185827017,0.6180334091186523,0.37637096643447876,0.0027495839167386293
0.9990259408950806,0.0007372792460955679,0.00015738405636511743,4.5418903027893975e-05,3.400187779334374e-05
0.027102885767817497,0.117038294672966,0.8489738702774048,0.005097076762467623,0.0017878895159810781
0.5930399298667908,0.4022214710712433,0.0025824480690062046,0.001706077833659947,0.000450102670583874
0.0002934236836154014,0.04329768940806389,0.9537763595581055,0.0025078824255615473,0.00012460508150979877
0.9992727637290955,0.0006479101139120758,4.8264926590491086e-05,1.857293136708904e-05,1.2467682608985342e-05
0.9976561069488525,0.0022129134740680456,6.202791701070964e-05,4.616686055669561e-05,2.2720905690221116e-05
0.0002804944524541497,0.0005993808154016733,0.22710324823856354,0.7716240286827087,0.00039288264815695584
0.9989408850669861,0.0008620873559266329,0.00012758030788972974,4.395915675559081e-05,2.5504625227767974e-05
0.0006495514535345137,0.035082705318927765,0.9604533314704895,0.003622146788984537,0.0001922358787851408
0.9993368983268738,0.0005380098591558635,8.404071559198201e-05,2.6668391001294367e-05,1.4365773495228495e-05
2.697385752981063e-05,4.464830635697581e-05,0.00037964346120133996,0.0025151646696031094,0.9970335960388184
0.0008016538340598345,0.0012576342560350895,0.018116679042577744,0.5808607339859009,0.3989632725715637
0.15907739102840424,0.6502050161361694,0.18213431537151337,0.007518178783357143,0.0010650717886164784
0.00020331554696895182,0.0018020516727119684,0.9776981472969055,0.01980942115187645,0.00048712154966779053
0.9994311928749084,0.0004611469921655953,5.7411714806221426e-05,3.340184048283845e-05,1.684620656305924e-05
0.0001995361380977556,0.00044532978790812194,0.001492511946707964,0.1584475189447403,0.8394151329994202
0.999298095703125,0.0006027380004525185,7.307004852918908e-05,1.4046853721083608e-05,1.2080182386853267e-05
0.0002714252332225442,0.0006331562763080001,0.02044396474957466,0.9764164090156555,0.0022350656799972057
0.01552647352218628,0.502406895160675,0.47341829538345337,0.007923516444861889,0.000724803889170289
0.029675764963030815,0.43524429202079773,0.530261218547821,0.004131711088120937,0.0006870303186587989
0.9994351267814636,0.00036033245851285756,0.0001445380039513111,4.2246119846822694e-05,1.7741429473971948e-05
2.0880255760857835e-05,4.076293043908663e-05,0.0003583389043342322,0.0021601205226033926,0.9974199533462524
0.0007176304934546351,0.0010794114787131548,0.6361526846885681,0.3615560829639435,0.0004942151135765016
0.9519384503364563,0.046940725296735764,0.0007931680884212255,0.0002153755776816979,0.00011234988051000983
0.04300904646515846,0.9436377882957458,0.010721443220973015,0.0019306117901578546,0.0007011266425251961
0.9670560956001282,0.03250240162014961,0.0002659197198227048,0.0001086282791220583,6.694041076116264e-05
0.00040590937715023756,0.0009470675140619278,0.008393470197916031,0.9823889136314392,0.007864695973694324
0.006183438468724489,0.6824706792831421,0.3022664487361908,0.008526084013283253,0.0005533933290280402
0.0003851204237435013,0.0006170445121824741,0.038749199360609055,0.9595677256584167,0.0006809098413214087
0.0009063872275874019,0.001259640441276133,0.7124000787734985,0.2844647765159607,0.0009690908482298255
0.9987095594406128,0.0009593720315024257,0.00025373342214152217,4.788050500792451e-05,2.9514812922570854e-05
0.0002532114740461111,0.00915207527577877,0.9887179136276245,0.001758230966515839,0.00011862814426422119
0.0019963569939136505,0.1347106546163559,0.8265820741653442,0.036136824637651443,0.0005740610067732632
0.0004650904156733304,0.0009531384566798806,0.003907198552042246,0.7505742907524109,0.24410033226013184
0.0006432788213714957,0.001983440248295665,0.9065381288528442,0.09048016369342804,0.00035494769690558314
0.9994785189628601,0.00038926335400901735,7.780486339470372e-05,4.112175520276651e-05,1.330274699284928e-05
0.00036334776086732745,0.0008750649285502732,0.19213499128818512,0.8062676191329956,0.0003589742409531027
0.465576171875,0.5138515830039978,0.01971776783466339,0.000496750115416944,0.00035768121597357094
0.998890221118927,0.0010095107136294246,5.482650158228353e-05,3.2252144592348486e-05,1.3235811820777599e-05
0.0019925953820347786,0.7500084042549133,0.24329611659049988,0.004432020243257284,0.00027083238819614053
0.3724514842033386,0.598706066608429,0.027910156175494194,0.0006327547016553581,0.0002995340619236231
0.0002845479757525027,0.000672479800414294,0.006991366855800152,0.986753523349762,0.005298091098666191
0.9961330890655518,0.0022563342936336994,0.0011175614781677723,0.00033597758738324046,0.00015704195539001375
0.9988386034965515,0.0009400653652846813,0.00016410666285082698,3.421791552682407e-05,2.3065333152771927e-05
0.0005775497411377728,0.0016316247638314962,0.8196907639503479,0.17732907831668854,0.0007709639030508697
0.03251504898071289,0.3384716510772705,0.6014584898948669,0.026496997103095055,0.0010578089859336615
0.9991045594215393,0.0006808961625210941,0.00015009667549747974,4.595080463332124e-05,1.8428068869980052e-05
0.0003960126778110862,0.00095934426644817,0.99155592918396,0.00686526857316494,0.00022343819728121161
0.0005011097528040409,0.0006394131924025714,0.7784412503242493,0.22008168697357178,0.00033659281325526536
0.0007559386431239545,0.20320461690425873,0.7913104891777039,0.004597288090735674,0.0001316765119554475
0.0006522060139104724,0.02465756982564926,0.9721388220787048,0.0020862980745732784,0.0004650869232136756
0.001614081091247499,0.6120728850364685,0.3843962252140045,0.0014698309823870659,0.0004470103303901851
0.9996101260185242,0.0003466466732788831,2.5802637537708506e-05,1.1265867215115577e-05,6.159407803352224e-06
0.006073127966374159,0.21737253665924072,0.7353782057762146,0.04068909212946892,0.00048702757339924574
0.9060181975364685,0.08579335361719131,0.00709254527464509,0.0007163561531342566,0.000379481673007831
0.7244003415107727,0.27085959911346436,0.004104218445718288,0.0005008295993320644,0.0001349976664641872
0.4616990387439728,0.3398836851119995,0.19243504106998444,0.004751611966639757,0.0012305974960327148
0.001301450072787702,0.0021912858355790377,0.6564726829528809,0.33593422174453735,0.00410039396956563
0.9991355538368225,0.0007186609436757863,0.00010011794074671343,2.726092134253122e-05,1.8485283362679183e-05
0.0005320526543073356,0.0005997538100928068,0.19213250279426575,0.8060728311538696,0.0006629087729379535
0.0006792982458136976,0.09197863191366196,0.9012978672981262,0.005543181672692299,0.0005010474706068635
0.00048673388664610684,0.05631673336029053,0.9384265542030334,0.004418035037815571,0.00035196077078580856
0.44892480969429016,0.5401329398155212,0.008907478302717209,0.0017073772614821792,0.00032734719570726156
0.0006782930577173829,0.22654086351394653,0.7708364725112915,0.0016659762477502227,0.00027842557756230235
0.39787065982818604,0.579026460647583,0.021751252934336662,0.0010169680463150144,0.0003346344456076622
7.495965110138059e-05,0.00011710233229678124,0.0007044064113870263,0.07545587420463562,0.9236477017402649
0.08543206751346588,0.8821414709091187,0.030934857204556465,0.0009031025692820549,0.0005885246209800243
0.07130541652441025,0.7061219215393066,0.21376004815101624,0.005574030801653862,0.0032385303638875484
0.0005007287254557014,0.0007789268274791539,0.02154766395688057,0.9766815900802612,0.0004910816787742078
0.0026240237057209015,0.824847936630249,0.17152690887451172,0.0008303565555252135,0.00017076352378353477
0.000985287013463676,0.0025447772350162268,0.8078290224075317,0.18685820698738098,0.001782738952897489
0.0005392747116275132,0.0010847970843315125,0.03940499573945999,0.9532482028007507,0.005722688976675272
0.00024039504933170974,0.0025504417717456818,0.9686429500579834,0.0284366887062788,0.00012944258924107999
0.8391634821891785,0.15771017968654633,0.0026475624181330204,0.00031268838210962713,0.00016604727716185153
0.022559434175491333,0.3681398630142212,0.607659637928009,0.0007388273370452225,0.0009021637379191816
0.9702340960502625,0.028398578986525536,0.0010636650258675218,0.0001829511165851727,0.0001207192472065799
4.2626903450582176e-05,0.00016466964734718204,0.0003790301561821252,0.003681245958432555,0.9957324862480164
0.0019134554313495755,0.8846151232719421,0.10769110172986984,0.005537902005016804,0.0002423811674816534
0.9987718462944031,0.001052955281920731,0.00010904402006417513,4.5138713176129386e-05,2.0964964278391562e-05
0.00038117673830129206,0.04824822023510933,0.94083172082901,0.010197496972978115,0.0003414289094507694
0.9965105652809143,0.0026087607257068157,0.0006532854749821126,0.00013778400898445398,8.958835678640753e-05
0.0005502398125827312,0.001166088622994721,0.5943387150764465,0.4031764566898346,0.0007685385062359273
0.003954479470849037,0.7874609231948853,0.20472705364227295,0.0035137401428073645,0.00034379595308564603
0.008739770390093327,0.24137195944786072,0.7377062439918518,0.011575769633054733,0.0006062872125767171
0.08035793900489807,0.8734057545661926,0.04179120436310768,0.0038805571384727955,0.00056452676653862
2.342678817512933e-05,5.132520163897425e-05,0.00030464603332802653,0.0016087382100522518,0.9980118274688721
0.0003553839342202991,0.0005552402581088245,0.0019266237504780293,0.8021500706672668,0.19501268863677979
0.0006672439631074667,0.0011874326737597585,0.015686968341469765,0.42887330055236816,0.5535850524902344
0.0013800687156617641,0.8901318907737732,0.10749754309654236,0.0008185023325495422,0.0001720634027151391
0.24567899107933044,0.7006869912147522,0.051504552364349365,0.0014807309489697218,0.0006487012724392116
0.8583862781524658,0.13916291296482086,0.0015279806684702635,0.0006134459981694818,0.0003094181593041867
0.9994736313819885,0.00042462069541215897,6.644329550908878e-05,2.4594502974650823e-05,1.0689637747418601e-05
0.003425935748964548,0.8639785647392273,0.12507030367851257,0.007317464333027601,0.00020774049335159361
0.6573424935340881,0.33915236592292786,0.002515915548428893,0.0006515216664411128,0.00033771790913306177
0.99951171875,0.00039312156150117517,6.601984205190092e-05,1.5955822163959965e-05,1.3136157576809637e-05
0.011857363395392895,0.8039599061012268,0.18120849132537842,0.0023350135888904333,0.0006391972419805825
0.99722820520401,0.0022098273038864136,0.0004315358819440007,8.242088370025158e-05,4.801954491995275e-05
0.0002292467834195122,0.0003601649950724095,0.03370771184563637,0.9571077227592468,0.008595103397965431
0.001849264488555491,0.8859133124351501,0.11144939064979553,0.0006733597838319838,0.00011464427370810881
0.012841586954891682,0.9700769782066345,0.01631735824048519,0.0005464163259603083,0.00021765452402178198
0.0003099242167081684,0.002695751842111349,0.6735894083976746,0.3226390480995178,0.0007658363902010024
0.999267041683197,0.0005467387964017689,0.0001047834157361649,6.089231465011835e-05,2.048500937235076e-05
0.0007189214811660349,0.003654722822830081,0.9357374906539917,0.05961437523365021,0.0002745070669334382
0.0012506690109148622,0.0014764349907636642,0.12661144137382507,0.8681297898292542,0.0025316353421658278
0.001478992635384202,0.3109916150569916,0.6862888336181641,0.0009869781788438559,0.0002535727107897401
0.0032580087427049875,0.911479651927948,0.08060850203037262,0.004382764920592308,0.0002710837870836258
0.00021541918977163732,0.0022700708359479904,0.9949836730957031,0.002452538348734379,7.825170177966356e-05
0.0003944567870348692,0.001169782830402255,0.9274864792823792,0.07043082267045975,0.0005184230394661427
0.022912587970495224,0.8853415846824646,0.09020774066448212,0.0013413253473117948,0.00019679678371176124
0.9958133101463318,0.003565392689779401,0.0004955834592692554,7.842450577300042e-05,4.7299970901804045e-05
0.00040811291546560824,0.006630485877394676,0.9756645560264587,0.017094425857067108,0.00020244425104465336
0.9996781349182129,0.00024262507213279605,5.137442713021301e-05,1.7143722288892604e-05,1.072087343345629e-05
0.8080005645751953,0.1867789328098297,0.004432217683643103,0.0005736087914556265,0.00021466566249728203
0.002605781424790621,0.037829022854566574,0.8880191445350647,0.07065929472446442,0.0008867348078638315
0.00040234049083665013,0.0012531279353424907,0.09273988753557205,0.9032164216041565,0.002388180233538151
0.9987449645996094,0.0010647042654454708,0.00013033942377660424,3.464081237325445e-05,2.5292354621342383e-05
0.005417637526988983,0.031632885336875916,0.9568328261375427,0.005508789326995611,0.000607806199695915
0.23392899334430695,0.707439124584198,0.05466605722904205,0.003381898161023855,0.0005839557270519435
0.721922755241394,0.2719188630580902,0.0053260973654687405,0.0006209066486917436,0.00021134171402081847
0.0002449280582368374,0.0005442550173029304,0.0728093683719635,0.9257627129554749,0.0006387061439454556
0.0006594931473955512,0.0010167706059291959,0.05472137778997421,0.7879096865653992,0.1556926965713501
0.00023220450384542346,0.00031946180388331413,0.9524385333061218,0.04675674811005592,0.00025303824804723263
0.0018326945137232542,0.4306389093399048,0.5657562613487244,0.0016207247972488403,0.00015138184244278818
0.0008294288418255746,0.5527541041374207,0.44424620270729065,0.0018931664526462555,0.00027713688905350864
0.8809247016906738,0.11586938053369522,0.0028041163459420204,0.00022248455206863582,0.00017934649076778442
0.00038311650860123336,0.000888500944711268,0.0043898290023207664,0.9115337133407593,0.0828048437833786
0.000725884921848774,0.0011152171064168215,0.050513532012701035,0.9464684724807739,0.0011769080301746726
0.8398492336273193,0.1547994613647461,0.004333426710218191,0.0007658397080376744,0.0002520149282645434
0.9947252869606018,0.0038787315133959055,0.0011547254398465157,0.00015011294453870505,9.117792797042057e-05
0.9994266033172607,0.0004598085070028901,8.033129415707663e-05,2.2125221221358515e-05,1.120181696023792e-05
0.0003538915188983083,0.0004493271990213543,0.06596758216619492,0.9264039397239685,0.006825305987149477
0.9990744590759277,0.0006678709760308266,0.0001875048183137551,4.8543090088060126e-05,2.162717646569945e-05
0.9953464865684509,0.004209189210087061,0.00032744143391028047,8.092865027720109e-05,3.597658724174835e-05
4.391207767184824e-05,0.00010143596591660753,0.00044114625779911876,0.007537775672972202,0.9918756484985352
0.0007632526103407145,0.02697497047483921,0.9405356049537659,0.030659303069114685,0.0010669063776731491
0.9993659853935242,0.00047966267447918653,0.0001157808510470204,2.882420267269481e-05,9.78551815933315e-06
0.0014381140936166048,0.003306995378807187,0.20304282009601593,0.7878438830375671,0.004368211608380079
0.0005608813371509314,0.0025147446431219578,0.7418791651725769,0.25438788533210754,0.0006573245627805591
0.9977748990058899,0.0012748334556818008,0.0008479641983285546,5.39397842658218e-05,4.834356514038518e-05
0.002782439813017845,0.16059350967407227,0.8308143019676208,0.00543768797069788,0.00037207530112937093
0.0011674551060423255,0.5155742168426514,0.4802955687046051,0.00269840145483613,0.0002643875195644796
0.00022703591093886644,0.0038000247441232204,0.9926784038543701,0.003209769492968917,8.473799243802205e-05
0.00038890104042366147,0.0012965260539203882,0.01397121511399746,0.981153666973114,0.0031896287109702826
0.09641074389219284,0.8284890055656433,0.07309653609991074,0.0015033705858513713,0.0005003153346478939
0.19911648333072662,0.7613529562950134,0.03847654163837433,0.0006987449596635997,0.0003552947018761188
0.04091578349471092,0.6943291425704956,0.2624468207359314,0.001729132840409875,0.0005791850271634758
0.0009389108163304627,0.2666115462779999,0.7301079630851746,0.0021849439945071936,0.00015669749700464308
0.0008289982215501368,0.007042900659143925,0.9664577841758728,0.025356873869895935,0.0003134304715786129
0.9989199638366699,0.0008765585953369737,0.00013836710422765464,3.5193763324059546e-05,2.9932833058410324e-05
2.4276399926748127e-05,0.00010514479072298855,0.00047046426334418356,0.001115904888138175,0.9982841610908508
0.5199359059333801,0.47093793749809265,0.007353510241955519,0.0011931605404242873,0.000579477462451905
0.003498291363939643,0.778256356716156,0.2010008692741394,0.016879547387361526,0.00036492940853349864
0.03683444857597351,0.9400315880775452,0.022351600229740143,0.0005818461650051177,0.00020053239131812006
0.15348844230175018,0.8310921788215637,0.013497297652065754,0.001461729989387095,0.00046036491403356194
0.9991946816444397,0.0006066137575544417,0.00014316091255750507,4.005330993095413e-05,1.5451250874320976e-05
0.0007827344234101474,0.0013981255469843745,0.013386557810008526,0.6789366006851196,0.3054959774017334
0.08820531517267227,0.8625639081001282,0.04582824930548668,0.0027151715476065874,0.0006873525562696159
0.9977537989616394,0.0017311230767518282,0.00038511742604896426,6.35333126410842e-05,6.649571878369898e-05
0.0003378242254257202,0.0012218491174280643,0.9768284559249878,0.021364327520132065,0.0002475283108651638
0.00580074917525053,0.8101774454116821,0.18188169598579407,0.001835782895796001,0.0003043727483600378
0.0819956511259079,0.9137252569198608,0.003832822432741523,0.00025433252449147403,0.00019201064424123615
0.02464279718697071,0.9492693543434143,0.023893725126981735,0.0018033243250101805,0.00039079596172086895
0.7198954224586487,0.277211457490921,0.0024063691962510347,0.00027674814919009805,0.00020997885440010577
0.0014086454175412655,0.004269120749086142,0.8132269978523254,0.1796659380197525,0.0014293062267825007
0.996250331401825,0.0030967306811362505,0.00047832916607148945,0.00011781920329667628,5.682333721779287e-05
0.2998921871185303,0.6872860193252563,0.012049785815179348,0.000544187962077558,0.00022784397879149765
0.34459415078163147,0.5636648535728455,0.0847492441534996,0.005906717386096716,0.001085017342120409
0.00045335086178965867,0.006636760663241148,0.9785634279251099,0.014085555449128151,0.0002609293151181191
0.0004918462364003062,0.0018832318019121885,0.6977823972702026,0.2993038594722748,0.0005386582924984396
0.9949053525924683,0.003168515395373106,0.0015495551051571965,0.0002700765326153487,0.0001065343531081453
0.15032804012298584,0.7817632555961609,0.0662008598446846,0.0013580933446064591,0.0003498112200759351
0.00029864226235076785,0.00023786166275385767,0.03903507441282272,0.9554625749588013,0.004965845495462418
0.18872866034507751,0.8037764430046082,0.006786657962948084,0.0005865540006197989,0.00012173708819318563
0.098844014108181,0.8490397930145264,0.04913865029811859,0.002241734182462096,0.0007358523434959352
0.2036619782447815,0.77232825756073,0.022886013612151146,0.0009089820086956024,0.00021472903608810157
0.9972767233848572,0.002377152442932129,0.00024323973048012704,6.166772800497711e-05,4.124144106754102e-05
0.00030099268769845366,0.00038035816396586597,0.01673218421638012,0.9259313344955444,0.056655142456293106
0.0006076838471926749,0.011363033205270767,0.27665185928344727,0.7099941968917847,0.0013832264812663198
0.9844169020652771,0.014865221455693245,0.0004494144523050636,0.00017992175708059222,8.858623186824843e-05
0.11489588767290115,0.6653950810432434,0.20127083361148834,0.01721171662211418,0.0012264519464224577
0.9170346856117249,0.06748387217521667,0.014196952804923058,0.0009806463494896889,0.0003038028080482036
0.9990956783294678,0.0007813231786713004,7.051699503790587e-05,3.512939656502567e-05,1.7343752915621735e-05
0.8377887010574341,0.15051935613155365,0.011026006191968918,0.0005178458523005247,0.00014812864537816495
0.8862979412078857,0.11204400658607483,0.0013088375562801957,0.00023457503993995488,0.00011466888099675998
0.0005655596614815295,0.00158672162797302,0.01021096482872963,0.9843618869781494,0.0032748582307249308
0.9979821443557739,0.0017668040236458182,0.00017207131895702332,5.0129121518693864e-05,2.8802083761547692e-05
0.9110159277915955,0.08654890954494476,0.0019859541207551956,0.0003075149143114686,0.00014169717906042933
0.9991427659988403,0.0006618264014832675,0.00012159617472207174,5.0866401579696685e-05,2.2952879589865915e-05
0.0017016322817653418,0.6725364923477173,0.31629014015197754,0.009235724806785583,0.00023603554291184992
0.005399723537266254,0.9468039274215698,0.04679707810282707,0.0008394999313168228,0.00015974335838109255
0.49874281883239746,0.45908308029174805,0.03576736897230148,0.005537436809390783,0.0008692643605172634
0.12599621713161469,0.8567257523536682,0.016188476234674454,0.0009109397069551051,0.00017863292305264622
7.496646867366508e-05,8.063563291216269e-05,0.0008337078033946455,0.006024457514286041,0.992986261844635
0.5666283965110779,0.3834148645401001,0.04844972863793373,0.0010152849135920405,0.0004917237674817443
0.0002611276286188513,0.0006468236679211259,0.04645395651459694,0.9484241604804993,0.00421395618468523
0.006369446404278278,0.8627474308013916,0.12989570200443268,0.0008094646036624908,0.0001779268786776811
0.16809873282909393,0.820812463760376,0.010133307427167892,0.0006907544448040426,0.0002647599030751735
0.0006819418631494045,0.0019370144000276923,0.006608640309423208,0.5620797872543335,0.42869260907173157
0.0004986104322597384,0.0012128980597481132,0.004722315818071365,0.6370714902877808,0.3564947247505188
0.998611330986023,0.001125919632613659,0.00017212200327776372,6.51472873869352e-05,2.540909372328315e-05
0.0007462795474566519,0.005687545984983444,0.9591960906982422,0.03417826071381569,0.00019181989773642272
0.998248815536499,0.0015202586073428392,0.00014574550732504576,5.914585563004948e-05,2.610201045172289e-05
3.613324588513933e-05,7.449788972735405e-05,0.00010017571185017005,0.002376990392804146,0.9974122643470764
0.0004597210790961981,0.009788839146494865,0.9830207824707031,0.006416412070393562,0.0003142436617054045
0.9996055960655212,0.00026696291752159595,9.864730964181945e-05,1.5711571904830635e-05,1.3100445357849821e-05
0.0010567179415374994,0.42614510655403137,0.5683830380439758,0.0041624195873737335,0.00025276694213971496
0.9590595364570618,0.03962264955043793,0.0008698668680153787,0.0002942512510344386,0.00015366851584985852
0.0008880781242623925,0.0017801268259063363,0.029842156916856766,0.6428055763244629,0.3246840238571167
0.9995918869972229,0.0002490584447514266,0.00012325125862844288,1.9130195141769946e-05,1.671483005338814e-05
0.00046611862489953637,0.07740216702222824,0.9204270243644714,0.0015570380492135882,0.00014763609215151519
0.0005180758889764547,0.001767246169038117,0.9622827172279358,0.03509077802300453,0.0003412129881326109
0.0003969527024310082,0.0008590892539359629,0.012332924641668797,0.7875203490257263,0.19889062643051147
0.0002610574883874506,0.0010558817302808166,0.9891527891159058,0.009420710615813732,0.00010963351087411866
0.9257025122642517,0.07128256559371948,0.0022621701937168837,0.0006276924395933747,0.00012505537597462535
0.9991576671600342,0.0005877588409930468,0.0001616279041627422,6.809439946664497e-05,2.4826351364026777e-05
0.866800844669342,0.13195155560970306,0.0007438329048454762,0.00030019565019756556,0.00020353595027700067
0.0006270021549426019,0.0013896959135308862,0.6578064560890198,0.339631050825119,0.0005457467632368207
0.9591813683509827,0.040173932909965515,0.00038934743497520685,0.00017585618479643017,7.948101119836792e-05
0.00032593554351478815,0.0024733589962124825,0.9840773344039917,0.012982575222849846,0.000140826974529773
1.597327718627639e-05,2.5377479687449522e-05,0.00016196676006074995,0.001599951647222042,0.9981967806816101
0.00019229082681704313,0.0003904128388967365,0.0408296212553978,0.9582664370536804,0.00032119383104145527
0.0003986244846601039,0.0008214960689656436,0.11386626958847046,0.8840881586074829,0.0008254328276962042
0.6579388380050659,0.3384268283843994,0.0030966047197580338,0.00035708537325263023,0.00018064324103761464
0.001273848582059145,0.4023599624633789,0.5949154496192932,0.0012918657157570124,0.00015891938528511673
0.9993009567260742,0.0006161988712847233,5.424442861112766e-05,1.7981763448915444e-05,1.0642357665346935e-05
0.007849064655601978,0.06576430052518845,0.9261185526847839,0.00013235225924290717,0.0001357464789180085
3.7744463043054566e-05,7.139235094655305e-05,0.0002078925317618996,0.002683839527890086,0.9969991445541382
0.9991058707237244,0.000766330340411514,9.509234951110557e-05,2.1314306650310755e-05,1.1356425602571107e-05
0.9592394828796387,0.03997976705431938,0.0004809143138118088,0.00017656073032412678,0.00012325278657954186
0.0009101941250264645,0.18943050503730774,0.806479275226593,0.0029909464064985514,0.00018909249047283083
0.9985985159873962,0.0011527069145813584,0.000131692475406453,8.973575313575566e-05,2.740374293352943e-05
0.0018289569998160005,0.4360205829143524,0.5599972009658813,0.001946732634678483,0.00020654642139561474
0.10620083659887314,0.8329769968986511,0.05861322954297066,0.0017324532382190228,0.00047644556616432965
0.0006589872646145523,0.001494680531322956,0.8310669660568237,0.16616185009479523,0.0006174848531372845
0.5691893696784973,0.2877451479434967,0.1413552165031433,0.0011882567778229713,0.0005220552557148039
0.12477637082338333,0.8681800961494446,0.006369356065988541,0.0005542366998270154,0.00011993332736892626
0.0009522435138933361,0.0009994646534323692,0.8531091809272766,0.14444267749786377,0.0004964047693647444
0.0006830578204244375,0.41091999411582947,0.5792599320411682,0.008749136701226234,0.00038786756340414286
0.00032588429166935384,0.0008969312766566873,0.018165238201618195,0.9796838760375977,0.0009280525264330208
0.9993237257003784,0.0005374096799641848,8.776746108196676e-05,3.569095497368835e-05,1.5425948731717654e-05
0.0031946306116878986,0.003379371017217636,0.8220346570014954,0.17018020153045654,0.0012111859396100044
0.10617148131132126,0.8701321482658386,0.02265181951224804,0.0008435648051090539,0.00020098981622140855
0.9988258481025696,0.0009336473885923624,0.00016367583884857595,4.5602886530105025e-05,3.117579035460949e-05
0.0005576650146394968,0.0013665667502209544,0.8969470858573914,0.10074117034673691,0.000387493462767452
0.9989159107208252,0.0008803924429230392,0.00012891572259832174,5.0720347644528374e-05,2.4024146114243194e-05
0.0005961833521723747,0.0013945902464911342,0.013135423883795738,0.1395244151353836,0.8453493714332581
0.9977588653564453,0.0020044553093612194,0.00014813107554800808,5.550451896851882e-05,3.303023549960926e-05
0.25187399983406067,0.6986880302429199,0.0472014881670475,0.0017872872995212674,0.00044919969514012337
0.9857453107833862,0.013153696432709694,0.000873291923198849,0.00015589504619129002,7.174000347731635e-05
0.9985162615776062,0.0013183588162064552,0.00011601551523199305,2.9966828151373193e-05,1.9430341126280837e-05
0.9983571171760559,0.0013421050971373916,0.00015928494394756854,0.00011600310972426087,2.552513797127176e-05
0.0004523255047388375,0.05896070599555969,0.9269233345985413,0.01324293203651905,0.0004207124002277851
0.000926859793253243,0.9836786389350891,0.014985738322138786,0.00035395630402490497,5.482660708366893e-05
1.4663436559203546e-05,3.088999437750317e-05,5.390419755713083e-05,0.000683991180267185,0.9992165565490723
0.19582286477088928,0.7948288917541504,0.00835660845041275,0.0006053160177543759,0.00038635145756416023
0.0007848312379792333,0.09827709943056107,0.8942508101463318,0.00642351433634758,0.0002637287543620914
0.4313203692436218,0.5566754341125488,0.010540928691625595,0.000976620358414948,0.00048665929352864623
0.00025506006204523146,0.000566860951948911,0.0048566642217338085,0.9933542013168335,0.0009672594605945051
0.0010984978871420026,0.0020448598079383373,0.7745401263237,0.20986340939998627,0.012453091330826283
0.06610314548015594,0.8997287750244141,0.03292744234204292,0.0009357880335301161,0.0003047786303795874
0.00301362038590014,0.7456602454185486,0.24874277412891388,0.0023574591614305973,0.00022589127183891833
0.053194914013147354,0.8383745551109314,0.10697410255670547,0.0009906612103804946,0.00046581888454966247
0.00926855020225048,0.6745509505271912,0.308824360370636,0.0065784817561507225,0.0007776549318805337
0.6093381643295288,0.3777913451194763,0.01179819367825985,0.0007496133912354708,0.00032270277733914554
0.4751487672328949,0.5191900730133057,0.00444097351282835,0.0008177140261977911,0.00040250271558761597
0.029625847935676575,0.8098252415657043,0.14576005935668945,0.014172904193401337,0.0006158901378512383
0.02853343077003956,0.8254328370094299,0.14322613179683685,0.00223889690823853,0.0005686777294613421
0.0003184631932526827,0.0034792348742485046,0.9928996562957764,0.0032016714103519917,0.00010097932681674138
0.07957949489355087,0.8894065022468567,0.029773548245429993,0.0009369273902848363,0.0003035214904230088
0.036953721195459366,0.9282808899879456,0.032214581966400146,0.0018826194573193789,0.0006681856466457248
0.13032467663288116,0.8122713565826416,0.052183475345373154,0.004021238069981337,0.0011993164662271738
0.9906783103942871,0.00870141014456749,0.0004220015835016966,0.00014296914741862565,5.532358409254812e-05
0.9995692372322083,0.00027282809605821967,9.143634815700352e-05,5.1184819312766194e-05,1.53501005115686e-05
0.0006894666003063321,0.002054685726761818,0.4989205002784729,0.4965171813964844,0.0018181090708822012
0.0006565643125213683,0.5745202898979187,0.42263683676719666,0.002027034992352128,0.0001592711778357625
0.6138308048248291,0.3770517110824585,0.008181050419807434,0.0006678755162283778,0.0002685740764718503
1.255760889762314e-05,1.6640413377899677e-05,6.302291149040684e-05,0.00041204103035852313,0.9994957447052002
0.5747193098068237,0.4174271523952484,0.006311123725026846,0.001119338208809495,0.00042308453703299165
0.9979932308197021,0.0011547575704753399,0.000558706815354526,0.0001931933220475912,0.00010009488323703408
0.9919834733009338,0.004762653261423111,0.001656999229453504,0.0012154770083725452,0.0003813788644038141
0.0006816501845605671,0.000983801088295877,0.6781210899353027,0.3197298049926758,0.0004836802836507559
2.172878521378152e-05,3.902116804965772e-05,0.0002451440959703177,0.0010845722863450646,0.9986095428466797
0.9989245533943176,0.0008922730921767652,0.00012689227878581733,3.518063749652356e-05,2.1124320483068004e-05
0.0006172267603687942,0.0015890003414824605,0.09432820975780487,0.795693039894104,0.10777254402637482
0.0016026153462007642,0.9425590634346008,0.055196162313222885,0.000547445029951632,9.472177043789998e-05
0.9388659000396729,0.054225970059633255,0.006695456337183714,0.00011283227649983019,9.982238407246768e-05
0.019580446183681488,0.9429570436477661,0.03497721999883652,0.0019914149306714535,0.0004938885103911161
0.000376320123905316,0.00044273611274547875,0.2954016923904419,0.7032030820846558,0.0005761435022577643
0.00037472479743883014,0.0016039808979257941,0.9697988629341125,0.02803712710738182,0.00018524516781326383
0.36075425148010254,0.62203049659729,0.015849996358156204,0.0011005561100319028,0.00026474249898456037
0.8168760538101196,0.1805465817451477,0.002084704115986824,0.00026761964545585215,0.00022504647495225072
0.00037523856735788286,0.000742644420824945,0.5756690502166748,0.423012912273407,0.00020014678011648357
1.6843003322719596e-05,3.6970370274502784e-05,8.301643538288772e-05,0.0007535014301538467,0.99910968542099
0.9995517134666443,0.0003714840277098119,3.944097625208087e-05,2.847149153240025e-05,8.829372745822184e-06
0.2663392722606659,0.5045492649078369,0.21959394216537476,0.00787343829870224,0.001644121017307043
0.00048724908265285194,0.0016930783167481422,0.9943081736564636,0.0034255050122737885,8.595897816121578e-05
0.252713143825531,0.7104256749153137,0.03353914991021156,0.0025790270883589983,0.0007430279511027038
0.00040577640174888074,0.0012537138536572456,0.6862553358078003,0.3116801381111145,0.0004050650168210268
0.7772409319877625,0.21881838142871857,0.003453471465036273,0.0003411104262340814,0.00014612777158617973
0.045459046959877014,0.7547162771224976,0.19737128913402557,0.0018411128548905253,0.000612263276707381
0.0003952138067688793,0.0009154852596111596,0.0028873623814433813,0.8331261277198792,0.16267581284046173
0.0009809831390157342,0.21583697199821472,0.46233534812927246,0.31997960805892944,0.0008670445531606674
0.0020613318774849176,0.32378023862838745,0.6695526242256165,0.004139233846217394,0.00046657261555083096
0.9993647933006287,0.0005358805065043271,5.9997313655912876e-05,2.7305635740049183e-05,1.1991089195362292e-05
0.9975749850273132,0.0021481416188180447,0.00017078941164072603,7.053332956274971e-05,3.552067937562242e-05
0.0007849703542888165,0.005320239812135696,0.9896801114082336,0.004076715093106031,0.0001379629538860172
0.3234950304031372,0.6498315334320068,0.025929173454642296,0.00045722490176558495,0.0002870315220206976
0.9465875625610352,0.04923804849386215,0.003664874006062746,0.00034725110162980855,0.00016219186363741755
0.0014175818068906665,0.5950034260749817,0.3861675560474396,0.016411783173680305,0.0009996850276365876
1.913490632432513e-05,2.3216520276037045e-05,6.861242582090199e-05,0.000514310144353658,0.9993748068809509
0.0004427993262652308,0.004167362581938505,0.9741117358207703,0.021105201914906502,0.00017293971905019134
0.08320730924606323,0.7979978919029236,0.11566680669784546,0.002703449921682477,0.00042458431562408805
0.9884907007217407,0.010616320185363293,0.0006380814593285322,0.00017312173440586776,8.174783579306677e-05
0.9649869203567505,0.03343360126018524,0.001301064738072455,0.00019203264673706144,8.637143764644861e-05
0.4026695489883423,0.557026207447052,0.03770856186747551,0.0019146159756928682,0.0006810539634898305
0.006229017395526171,0.9125670194625854,0.0802544504404068,0.0007568039582110941,0.00019271786732133478
0.11310992389917374,0.8727876543998718,0.01216393057256937,0.0012238977942615747,0.0007145812269300222
0.9704813361167908,0.028911778703331947,0.00034784161834977567,0.00016958793275989592,8.939281542552635e-05
0.00019866254297085106,0.0003746805596165359,0.029323037713766098,0.969745397567749,0.00035820010816678405
0.9796687960624695,0.01978997513651848,0.00032940570963546634,0.00012100200547138229,9.080392919713631e-05
0.8555560111999512,0.14089788496494293,0.0031211674213409424,0.0002892072079703212,0.00013574823969975114
0.0009262844687327743,0.0014888535952195525,0.026110220700502396,0.9693562388420105,0.0021183944772928953
0.0009399320115335286,0.0025077909231185913,0.6752973198890686,0.3180904984474182,0.0031644946429878473
0.5289440155029297,0.46716153621673584,0.00337477819994092,0.0002815927437040955,0.00023808212426956743
0.0015152485575526953,0.32119613885879517,0.6736542582511902,0.0033766990527510643,0.0002576396509539336
0.001391718746162951,0.7707818746566772,0.2260691076517105,0.0015860062558203936,0.00017126687453128397
0.2345075011253357,0.7509874701499939,0.01210144441574812,0.0014287468511611223,0.0009748783777467906
0.0007054641610011458,0.008326142095029354,0.9689413905143738,0.02186504565179348,0.00016200334357563406
0.0012915557017549872,0.0028133587911725044,0.6107519865036011,0.3808210790157318,0.004322000779211521
0.00047685293247923255,0.04372987523674965,0.9536349773406982,0.0019976142793893814,0.00016067737306002527
0.0007876922027207911,0.0015122052282094955,0.769659698009491,0.22750842571258545,0.0005319828633219004
0.0006789287435822189,0.0012978061567991972,0.7747505307197571,0.2227982133626938,0.000474561849841848
0.9989953637123108,0.0008674340206198394,7.739296415820718e-05,3.839477358269505e-05,2.146980114048347e-05
0.00035084522096440196,0.0006223665550351143,0.0027140656020492315,0.9158710837364197,0.08044160157442093
0.0002789574209600687,0.02234560064971447,0.9759473204612732,0.0013080363860353827,0.00012006966426270083
0.0006351910997182131,0.0006299372762441635,0.03558525815606117,0.9001660943031311,0.06298355013132095
0.030324939638376236,0.34342384338378906,0.6009657382965088,0.024513933807611465,0.0007715150713920593
0.0008042709669098258,0.033504191786050797,0.9617445468902588,0.0038434939924627542,0.00010347820352762938
0.0006163239595480263,0.050552863627672195,0.9467490315437317,0.0019874009303748608,9.444961324334145e-05
0.6296326518058777,0.3590225577354431,0.01002565398812294,0.0008664622437208891,0.0004526710254140198
0.998969316482544,0.000798667490016669,0.0001802851038519293,3.665799886221066e-05,1.5063376849866472e-05
0.8700348734855652,0.12455642223358154,0.004796474240720272,0.0004346541245467961,0.00017762763309292495
0.0006959100719541311,0.0009588631801307201,0.7742044925689697,0.22348783910274506,0.0006528958911076188
0.0005810778238810599,0.039811234921216965,0.9558774828910828,0.0035889700520783663,0.00014118547551333904
0.6132180094718933,0.37481456995010376,0.01135310623794794,0.00038366662920452654,0.00023060294915921986
0.0016126774717122316,0.7695514559745789,0.2248636931180954,0.003711916506290436,0.0002602999738883227
0.0023737738374620676,0.9324485063552856,0.0642201155424118,0.0007843665662221611,0.0001732374366838485
0.08326877653598785,0.8828471302986145,0.03240710124373436,0.0011842066887766123,0.00029279699083417654
0.998956561088562,0.0007897269679233432,0.000181880037416704,5.099348709336482e-05,2.0847290215897374e-05
0.000898432161193341,0.0013245027512311935,0.15167900919914246,0.7946671843528748,0.051430843770504
0.0007289274362847209,0.015402281656861305,0.9823750853538513,0.0011692350963130593,0.0003245155094191432
0.0016206474974751472,0.029480161145329475,0.7786456346511841,0.18930569291114807,0.0009478235733695328
0.001226666383445263,0.1281476765871048,0.8638755083084106,0.006488127633929253,0.00026204768801108
0.203303724527359,0.790148138999939,0.005885407794266939,0.00047878146870061755,0.00018392581841908395
0.07279907166957855,0.43627166748046875,0.4802249073982239,0.010152075439691544,0.000552296987734735
0.0005521445418708026,0.0012160225305706263,0.33831217885017395,0.6593514680862427,0.000568193499930203
0.9984747767448425,0.0011961846612393856,0.0002545755705796182,4.415557123138569e-05,3.0282368243206292e-05
0.9976794123649597,0.001831945264711976,0.00036589146475307643,8.596998668508604e-05,3.6798672226723284e-05
0.0008367949048988521,0.1463163048028946,0.8152755498886108,0.036737482994794846,0.0008339062333106995
0.00048469219473190606,0.00082465197192505,0.062474753707647324,0.933769941329956,0.0024459543637931347
0.8815315365791321,0.11620166152715683,0.0017740604234859347,0.0003099211025983095,0.0001828100357670337
0.9959771037101746,0.0032038185745477676,0.0006368209724314511,0.00013007553934585303,5.223437983659096e-05
0.0009050249354913831,0.0015826895833015442,0.09893131256103516,0.8984488844871521,0.00013207588926889002
0.00038649264024570584,0.11180917173624039,0.8861652612686157,0.001526176929473877,0.00011287077359156683
0.7735989093780518,0.2237125039100647,0.0015670517459511757,0.0008505689329467714,0.0002709710970520973
0.9979966282844543,0.0018183293286710978,0.00011606589396251366,4.3734038627007976e-05,2.5189208827214316e-05
0.97786545753479,0.021303465589880943,0.0005417940556071699,0.0001883928634924814,0.00010085597750730813
0.9124733209609985,0.08465845137834549,0.0018720546504482627,0.0007202912238426507,0.00027584831696003675
0.21710094809532166,0.7731017470359802,0.007709180470556021,0.001546051469631493,0.0005420349771156907
0.9986274242401123,0.0011361989891156554,0.00015406962484121323,5.722767673432827e-05,2.5129475034191273e-05
0.9987370371818542,0.001092048129066825,9.862581646302715e-05,4.7763653128640726e-05,2.459614370309282e-05
0.000518458429723978,0.000699753756634891,0.004588545765727758,0.7907516360282898,0.20344160497188568
0.0010353432735428214,0.05590982362627983,0.8604381680488586,0.08188697695732117,0.0007296905387192965
0.008073970675468445,0.39467164874076843,0.5953509211540222,0.0014916440704837441,0.0004118001670576632
0.0002608208160381764,0.0004339574370533228,0.03667575120925903,0.962069034576416,0.0005604587495326996
0.0006135516450740397,0.0018626408418640494,0.5896717309951782,0.40708598494529724,0.0007661216077394783
4.510118378675543e-05,0.00012700796651188284,0.00045397126814350486,0.004525418393313885,0.9948484897613525
0.0002347885019844398,0.0005294955335557461,0.5225116610527039,0.4762182831764221,0.0005057521630078554
0.18884442746639252,0.7711417078971863,0.038115520030260086,0.0016131066950038075,0.0002852284233085811
0.0021989161614328623,0.003450836753472686,0.04139702767133713,0.7787282466888428,0.17422491312026978
0.0018748685251921415,0.6518779397010803,0.34486985206604004,0.0012048195349052548,0.00017253609257750213
0.418704092502594,0.5585477352142334,0.020873727276921272,0.0014930356992408633,0.00038140255492180586
0.3199425935745239,0.6149584054946899,0.06242328882217407,0.0016184868291020393,0.0010572087485343218
0.0015435413224622607,0.7223454117774963,0.2744617760181427,0.0014401278458535671,0.0002091433561872691
0.00016207975568249822,0.011171756312251091,0.9871963262557983,0.0014003263786435127,6.95365306455642e-05
0.24604502320289612,0.7273889183998108,0.024633098393678665,0.001634860527701676,0.0002981224679388106
0.9993224143981934,0.0005039605312049389,0.00012349142343737185,2.6082805561600253e-05,2.4062750526354648e-05
0.9996929168701172,0.0002611270174384117,2.718323958106339e-05,1.247023647010792e-05,6.269902314670617e-06
0.028862444683909416,0.5973910689353943,0.3712616264820099,0.002023633336648345,0.0004612310731317848
0.0021853731013834476,0.9282868504524231,0.0654984712600708,0.0038186623714864254,0.00021065831242594868
0.0001893199369078502,0.0010287999175488949,0.08176399022340775,0.9153753519058228,0.0016425210051238537
0.0018570597749203444,0.33041271567344666,0.6434147357940674,0.023939743638038635,0.0003757328959181905
0.8691951632499695,0.1274961680173874,0.0030266670510172844,0.00017102259153034538,0.0001109725926653482
0.0005086148157715797,0.0007658358663320541,0.0037130392156541348,0.9937471151351929,0.0012653368758037686
0.0002658558951225132,0.00047981744864955544,0.005500030238181353,0.3853459060192108,0.6084083914756775
0.008677037432789803,0.9554468989372253,0.03362899273633957,0.002056257566437125,0.00019077843171544373
0.0017291564727202058,0.949871838092804,0.04731306806206703,0.0009184377850033343,0.0001675191888352856
0.9974542260169983,0.002329527633264661,0.00016039959155023098,3.734828351298347e-05,1.8454986275173724e-05
0.0006180861964821815,0.14116418361663818,0.8566522598266602,0.00140256411395967,0.00016289255290757865
0.9972655773162842,0.002556600607931614,0.00011261853069299832,4.105662083020434e-05,2.4141052563209087e-05
0.0004569284792523831,0.2573937475681305,0.7289403080940247,0.01265639066696167,0.0005526405293494463
0.022430337965488434,0.6509386301040649,0.3183184564113617,0.007680416572839022,0.0006321233813650906
0.00032655391260050237,0.000528362113982439,0.013044535182416439,0.12433678656816483,0.8617637157440186
0.999516487121582,0.0004243480507284403,3.5499033401720226e-05,1.724381945678033e-05,6.454713457060279e-06
0.0003691081947181374,0.0007726615876890719,0.03154989331960678,0.959139347076416,0.008168910630047321
0.5593563318252563,0.4228527843952179,0.015067453496158123,0.0021417138632386923,0.0005817480268888175
0.0012628596741706133,0.0018597095040604472,0.22452539205551147,0.7697964310646057,0.0025556329637765884
0.8905627131462097,0.10554651916027069,0.0036024386063218117,0.00019969287677668035,8.868579607224092e-05
0.10551304370164871,0.7138124704360962,0.1636495441198349,0.01552090048789978,0.0015040513826534152
0.17647019028663635,0.8133851885795593,0.008707511238753796,0.0012090305099263787,0.00022809077927377075
0.0014216493582352996,0.4692549407482147,0.5270377397537231,0.0020372208673506975,0.00024847511667758226
0.0006023496389389038,0.001178552396595478,0.0657973438501358,0.9310749173164368,0.0013468440156430006
5.266580046736635e-05,1.8499196812626906e-05,0.00028174396720714867,0.0005697564338333905,0.999077320098877
0.06561567634344101,0.471492201089859,0.46119093894958496,0.0010478083277121186,0.0006534082349389791
0.0007267350447364151,0.0008897178922779858,0.8227121829986572,0.17512108385562897,0.0005503106513060629
0.0006388569017872214,0.0005760043859481812,0.005959207192063332,0.1564750224351883,0.8363509178161621
0.00030187537777237594,0.0003338334208820015,0.00668750237673521,0.9444562196731567,0.04822061210870743
0.0009441626025363803,0.00525975925847888,0.9544047713279724,0.03917625546455383,0.0002151020016754046
0.0011979993432760239,0.0017439468065276742,0.020302992314100266,0.9129871129989624,0.06376788765192032
9.507797949481755e-05,0.0001298122515436262,0.0018007641192525625,0.020450064912438393,0.9775242805480957
0.0002285166410729289,0.00032669067149981856,0.06528908759355545,0.9330257773399353,0.0011299235047772527
0.1772959977388382,0.8014256358146667,0.019990496337413788,0.0009506772621534765,0.0003371965722180903
0.0003098342567682266,0.012027799151837826,0.9667642116546631,0.020751258358359337,0.0001469195995014161
0.06852930039167404,0.9111517667770386,0.0193030945956707,0.0008238893351517618,0.00019196992798242718
0.9632141590118408,0.03254639357328415,0.003100772388279438,0.0009719279478304088,0.00016672171477694064
0.0003238068020436913,0.34828174114227295,0.6469352841377258,0.004162004683166742,0.0002972041838802397
0.999065101146698,0.000682264450006187,0.00018830696353688836,3.995175575255416e-05,2.4361585019505583e-05
0.006009046919643879,0.9273167848587036,0.06575138121843338,0.000781033537350595,0.0001417171151842922
0.016061630100011826,0.8878546357154846,0.09486919641494751,0.0009911684319376945,0.00022330220963340253
0.7458137273788452,0.2325155884027481,0.019966263324022293,0.0012417254038155079,0.0004626589361578226
0.9993182420730591,0.0005694697611033916,8.342054206877947e-05,1.7446318452130072e-05,1.1444783012848347e-05
0.0003814400697592646,0.0007297702832147479,0.44406968355178833,0.5542339086532593,0.0005852605681866407
0.07478085905313492,0.9178137183189392,0.0066344416700303555,0.0006041911547072232,0.00016684965521562845
0.009210669435560703,0.9441206455230713,0.04578780755400658,0.0007406346849165857,0.0001403135247528553
0.9993100166320801,0.00046005708281882107,0.00018027987971436232,2.877899896702729e-05,2.081897582684178e-05
0.0005589522770605981,0.0021110456436872482,0.9677259922027588,0.02918962761759758,0.00041442899964749813
0.13740548491477966,0.4746388792991638,0.3846080005168915,0.002840473083779216,0.0005072104977443814
0.0006871144869364798,0.0008198797004297376,0.7880584001541138,0.20925374329090118,0.001180891995318234
0.11901862919330597,0.8335784673690796,0.04619917273521423,0.0007391401450149715,0.0004645200679078698
0.0009750693570822477,0.001574173802509904,0.6540784239768982,0.3428668677806854,0.0005054460489191115
0.0004562092653941363,0.001035155146382749,0.6833516955375671,0.3145911395549774,0.0005658528534695506
0.0014106548624113202,0.3230765163898468,0.5877039432525635,0.08689696341753006,0.000911907060071826
0.0004166366998106241,0.9802960753440857,0.018983690068125725,0.00025586195988580585,4.7802695917198434e-05
0.9990744590759277,0.0007564231636933982,0.00011457918299129233,3.479788574622944e-05,1.9747527403524145e-05
0.0004971165326423943,0.0012015927350148559,0.041758663952350616,0.8622293472290039,0.09431328624486923
0.9974604845046997,0.0022440452594310045,0.00019018111925106496,7.891855057096109e-05,2.6399133275845088e-05
0.0013059817720204592,0.002290046075358987,0.28122466802597046,0.5951614379882812,0.1200179010629654
0.0004562801623251289,0.007198099046945572,0.9868862628936768,0.0053498391062021255,0.00010954943718388677
0.7631053328514099,0.22605223953723907,0.008106930181384087,0.0024016685783863068,0.00033386104041710496
0.9360640048980713,0.061651844531297684,0.002107802778482437,0.00012535300629679114,5.100184353068471e-05
0.13409903645515442,0.8311129212379456,0.02893177419900894,0.005259379278868437,0.0005968737532384694
0.996894121170044,0.0024658367037773132,0.0004747314378619194,0.00010738486162154004,5.793796663056128e-05
0.0005970281199552119,0.004213721491396427,0.9700602889060974,0.024980846792459488,0.00014815240865573287
0.00022233881463762373,0.0006125305080786347,0.003845159662887454,0.21000279486179352,0.7853171825408936
0.00037404909380711615,0.0010403023334220052,0.26996949315071106,0.7281365394592285,0.00047959512448869646
0.00025955933961085975,0.002141569973900914,0.9924657344818115,0.005044034216552973,8.911688200896606e-05
0.001023916294798255,0.0021971240639686584,0.010347966104745865,0.45590779185295105,0.5305231809616089
0.026274848729372025,0.8561668395996094,0.11616590619087219,0.000999493757262826,0.00039286044193431735
0.0004267824988346547,0.0009910232620313764,0.18411104381084442,0.8121048808097839,0.0023663006722927094
0.8123890161514282,0.18068093061447144,0.004798144102096558,0.001397456624545157,0.0007344167679548264
0.0011508282041177154,0.002612447366118431,0.024892181158065796,0.3927188813686371,0.5786256790161133
0.00045332242734730244,0.0010103083914145827,0.18854305148124695,0.8088224530220032,0.0011709226528182626
0.9964185953140259,0.002639329992234707,0.000760537339374423,0.0001371894177282229,4.438648829818703e-05
0.0004566279239952564,0.2672857344150543,0.731541097164154,0.0006280856323428452,8.843630348565057e-05
0.00021222613577265292,0.0005322938086465001,0.02293073944747448,0.9747346043586731,0.0015901530859991908
0.0006716795614920557,0.002195273293182254,0.043530579656362534,0.95257169008255,0.0010308435885235667
0.00025175936752930284,0.0008722158963792026,0.007206639274954796,0.5229548811912537,0.46871450543403625
0.00021170100080780685,0.01051074918359518,0.9878324270248413,0.001356053166091442,8.900234388420358e-05
0.0016371943056583405,0.10775046050548553,0.8902629613876343,0.00017243241018150002,0.0001769099908415228
0.9994828701019287,0.0003829516645055264,9.390981722390279e-05,2.4296488845720887e-05,1.5972656910889782e-05
0.0008059952524490654,0.0016081595094874501,0.8958027958869934,0.10111800581216812,0.0006650291616097093
0.962832510471344,0.03620143234729767,0.0007924973615445197,0.00011974166409345344,5.3789382945979014e-05
0.4717523455619812,0.5200064182281494,0.0077790385112166405,0.0003227941633667797,0.00013946635590400547
0.742422342300415,0.22957584261894226,0.026863623410463333,0.0006524440832436085,0.00048574546235613525
0.7614195346832275,0.2364187240600586,0.0016810547094792128,0.00027260251226834953,0.00020809510897379369
0.850040853023529,0.14725036919116974,0.0022389646619558334,0.00033443100983276963,0.00013539638894144446
0.0026025166735053062,0.04346524178981781,0.7214292883872986,0.23157086968421936,0.0009321116958744824
0.0020906797144562006,0.003326751757413149,0.18336868286132812,0.7690539956092834,0.042159855365753174
0.9684699773788452,0.029803190380334854,0.0013636256335303187,0.000287846865830943,7.53143904148601e-05
9.804494038689882e-05,8.988164336187765e-05,0.0005018606316298246,0.0055990624241530895,0.9937111139297485
0.38879525661468506,0.5639593601226807,0.044355157762765884,0.0024208028335124254,0.00046946658403612673
0.0014569186605513096,0.21986475586891174,0.7729355096817017,0.0054931254126131535,0.00024968941579572856
0.002295191865414381,0.8975925445556641,0.09622454643249512,0.0037121896166354418,0.0001755697012413293
0.028001312166452408,0.9005212783813477,0.07052627205848694,0.0007138166693039238,0.00023730845714453608
0.9973391890525818,0.0021983981132507324,0.0003007228660862893,0.00011143430310767144,5.0230057240696624e-05
0.0007103297393769026,0.0012042811140418053,0.47045889496803284,0.5269834995269775,0.0006429785280488431
0.0005690050893463194,0.0018197703175246716,0.08542554080486298,0.8041499257087708,0.10803575813770294
0.00019176900968886912,0.00025927447131834924,0.026954084634780884,0.972140371799469,0.00045446972944773734
0.9990445971488953,0.0008418030920438468,6.490721716545522e-05,3.219127393094823e-05,1.649304795137141e-05
0.005500940605998039,0.7937654852867126,0.19316090643405914,0.007102467119693756,0.00047022115904837847
0.023154130205512047,0.6502880454063416,0.3231455087661743,0.0029272912070155144,0.00048504307051189244
0.9994137287139893,0.00047639088006690145,7.713094964856282e-05,2.2336624169838615e-05,1.040988809108967e-05
0.000767354154959321,0.0014873144682496786,0.048274822533130646,0.8477264046669006,0.10174409300088882
0.0008759156917221844,0.3252604901790619,0.6719765067100525,0.001760105020366609,0.00012698960199486464
0.6715638637542725,0.2869243025779724,0.039882294833660126,0.001115887425839901,0.0005136933759786189
0.000765187491197139,0.0014132512733340263,0.96375972032547,0.03368121013045311,0.00038066718843765557
0.990047037601471,0.009652677923440933,0.00017606338951736689,6.831170321675017e-05,5.598531060968526e-05
0.0005174391553737223,0.002205103635787964,0.006464449688792229,0.6445938944816589,0.34621909260749817
0.0005433716578409076,0.0020860147196799517,0.23569177091121674,0.759589672088623,0.002089163288474083
0.005098912864923477,0.48973146080970764,0.5019538998603821,0.0027511438820511103,0.00046463735634461045
0.22754254937171936,0.2840973138809204,0.483463317155838,0.0040616197511553764,0.0008351815631613135
0.10968498885631561,0.874890148639679,0.014465166255831718,0.000701652024872601,0.0002579919237177819
7.085587276378646e-05,0.00017536027007736266,0.0005908416351303458,0.02920081652700901,0.9699621200561523
0.0009529136586934328,0.11411762982606888,0.8562682271003723,0.027898140251636505,0.000763057149015367
0.000616785662714392,0.000707071740180254,0.018818454816937447,0.564384400844574,0.4154732823371887
0.00020940054673701525,0.0004051016876474023,0.17896242439746857,0.820047914981842,0.00037513801362365484
0.13507626950740814,0.8591009378433228,0.005468819290399551,0.00022389549121726304,0.0001300060685025528
0.0004417533928062767,0.033083293586969376,0.9338849782943726,0.03211077302694321,0.0004791333922185004
0.9994816184043884,0.0004382650076877326,4.6421599108725786e-05,2.3124244762584567e-05,1.0556744200584944e-05
0.7893504500389099,0.20896637439727783,0.0012918268330395222,0.000284089328488335,0.00010730384383350611
0.0009690543520264328,0.004682656843215227,0.6188822388648987,0.3747427463531494,0.0007232864736579359
0.0001309892104472965,0.00019541602523531765,0.0007297822739928961,0.36354896426200867,0.6353948712348938
7.19208037480712e-05,5.8203211665386334e-05,0.0014065083814784884,0.007612099405378103,0.9908512234687805
0.0008522348362021148,0.15061165392398834,0.840164840221405,0.007795422803610563,0.0005758263287134469
0.9008247256278992,0.09801259636878967,0.0008335454622283578,0.00023910042364150286,9.000053978525102e-05
0.016099466010928154,0.27591997385025024,0.7010470628738403,0.00602456321939826,0.0009089330560527742
0.0001307767815887928,0.0001797815493773669,0.000769732752814889,0.010643774643540382,0.988275945186615
0.0003835309762507677,0.00114721548743546,0.9776967763900757,0.020637959241867065,0.00013450204278342426
0.0004934089374728501,0.001667069736868143,0.7395796775817871,0.2577844560146332,0.00047535571502521634
0.00034033862175419927,0.041972797363996506,0.9558145403862,0.0017725691432133317,9.972260886570439e-05
0.9980847835540771,0.0012895158724859357,0.0004977950593456626,9.700188820715994e-05,3.088733137701638e-05
0.0013087623519822955,0.8799823522567749,0.10439418256282806,0.013814028352499008,0.0005006411811336875
0.5702720880508423,0.4268258512020111,0.0025484401267021894,0.00027361337561160326,7.998892397154123e-05
9.660414070822299e-05,0.00014552233915310353,0.0019816893618553877,0.029461927711963654,0.9683142304420471
0.0033706340473145247,0.543286919593811,0.45117488503456116,0.0018891231156885624,0.0002784294483717531
0.835797905921936,0.1629907190799713,0.0007934223976917565,0.00025607264251448214,0.00016184804553631693
0.9905937314033508,0.008839541114866734,0.00034884028718806803,0.00014956362429074943,6.840172136435285e-05
0.0008531817002221942,0.001356304856017232,0.035104334354400635,0.9521975517272949,0.010488656349480152
0.9995203018188477,0.00029956866637803614,0.00011201805318705738,5.219706872594543e-05,1.5915866242721677e-05
0.000496168271638453,0.07178503274917603,0.9062433242797852,0.021227173507213593,0.0002483185671735555
0.0015720183728262782,0.8202782273292542,0.17704030871391296,0.0009393917862325907,0.00017007160931825638
0.9996627569198608,0.0002429007727187127,6.449021748267114e-05,1.7466287317802198e-05,1.2350444194453303e-05
0.0032765150535851717,0.8458205461502075,0.14921730756759644,0.0015476548578590155,0.00013801221211906523
0.0028294790536165237,0.5616151690483093,0.4344107210636139,0.0008073201752267778,0.00033731211442500353
0.0002954831870738417,0.05621540546417236,0.939373791217804,0.0038458951748907566,0.00026937760412693024
0.003553875954821706,0.650172233581543,0.3436489701271057,0.0023252416867762804,0.0002996790281031281
0.9993900060653687,0.00048385237460024655,6.907614442752674e-05,3.850071152555756e-05,1.8601082047098316e-05
0.7491363883018494,0.24602913856506348,0.003878385294228792,0.0006176255992613733,0.00033846512087620795
0.9990209341049194,0.0007990219164639711,0.00012607939424924552,4.029267074656673e-05,1.3640749784826767e-05
0.0011526126181706786,0.0015752589097246528,0.8215921521186829,0.17499768733978271,0.0006822634022682905
1.5658641132176854e-05,2.5432242182432674e-05,0.00017733931599650532,0.000763637013733387,0.9990179538726807
0.9996042847633362,0.0002756234316620976,8.670576062286273e-05,1.8101207388099283e-05,1.5284347682609223e-05
0.0022362919989973307,0.11691300570964813,0.8679981827735901,0.012401153333485126,0.00045137584675103426
0.000848467752803117,0.0064025092869997025,0.8200192451477051,0.17173685133457184,0.0009929141961038113
0.6261059045791626,0.3641292452812195,0.009176328778266907,0.0004084738320671022,0.00018004739831667393
0.0008525482844561338,0.0031153352465480566,0.05217694863677025,0.9185552000999451,0.0252999160438776
0.9992699027061462,0.0005041643162257969,0.00016231571498792619,4.456115857465193e-05,1.908318699861411e-05
0.05024351924657822,0.875806450843811,0.06978011876344681,0.0035276906564831734,0.0006422705482691526
0.6696866750717163,0.32106855511665344,0.008218931965529919,0.0007427573436871171,0.0002830827434081584
0.9986095428466797,0.0010113626485690475,0.000278374704066664,7.056460162857547e-05,3.0125800549285486e-05
0.9192137718200684,0.0784103274345398,0.0018784148851409554,0.00033989717485383153,0.00015762867406010628
0.696090817451477,0.2963590919971466,0.006711544003337622,0.00046642092638649046,0.0003721104294527322
0.09653197973966599,0.8718933463096619,0.029877472668886185,0.0012114809360355139,0.000485664582811296
0.0007735672988928854,0.0012372898636385798,0.9347819685935974,0.06292864680290222,0.000278585561318323
0.06596871465444565,0.057365816086530685,0.38462263345718384,0.4564938545227051,0.03554901108145714
0.5119391083717346,0.4865519106388092,0.001222096150740981,0.00016071413119789213,0.00012614727893378586
0.00010841039329534397,0.0002289643744006753,0.0003724384878296405,0.016101209446787834,0.9831889867782593
0.17418935894966125,0.81464022397995,0.010006518103182316,0.0008177093113772571,0.00034612632589414716
0.00017524376744404435,8.568894554628059e-05,0.0021609917748719454,0.011223364621400833,0.9863547682762146
0.879642128944397,0.11280491948127747,0.006699192803353071,0.000631699978839606,0.00022203396656550467
0.7076866626739502,0.2835766673088074,0.008158084005117416,0.0003911411913577467,0.00018745848501566797
0.2609270513057709,0.6582257747650146,0.0787084549665451,0.0011629071086645126,0.0009758226806297898
0.3617906868457794,0.557207465171814,0.07761230319738388,0.0026516516227275133,0.0007378849550150335
0.35481083393096924,0.4070529341697693,0.23666059970855713,0.0007454119040630758,0.0007301718578673899
0.0002115696988767013,0.0004974129260517657,0.0020156209357082844,0.371888667345047,0.6253867149353027
0.00019525572133716196,0.0002579109277576208,0.006180200260132551,0.0661136582493782,0.9272529482841492
0.0008398098289035261,0.0017392754089087248,0.926082193851471,0.07092714309692383,0.0004115894844289869
0.9991618394851685,0.0006378679536283016,0.00014451294555328786,4.182057818979956e-05,1.3961206605017651e-05
0.0006591608398593962,0.0012024261523038149,0.04505407065153122,0.8909936547279358,0.06209069490432739
0.001382482354529202,0.0022525012027472258,0.28581222891807556,0.6874859929084778,0.023066772148013115
0.0005345915560610592,0.001085364376194775,0.01632905937731266,0.1501457840204239,0.8319052457809448
0.0009139399626292288,0.001620095339603722,0.9490543603897095,0.04806722328066826,0.00034436414716765285
0.9995337724685669,0.00033396075014024973,7.328759966185316e-05,3.995231963926926e-05,1.8988403098774143e-05
0.21847805380821228,0.7502605319023132,0.030448250472545624,0.0005783131346106529,0.00023487544967792928
0.9991214871406555,0.0005423393449746072,0.0002330440329387784,6.143865903140977e-05,4.174748028162867e-05
0.9986257553100586,0.0010374818230047822,0.00025004587951116264,6.109740934334695e-05,2.559563836257439e-05
0.00031620488152839243,0.001412237179465592,0.9742578864097595,0.023886460810899734,0.00012719459482468665
0.0004565316194202751,0.0005557359545491636,0.04302999749779701,0.9332383275032043,0.022719383239746094
0.1738051027059555,0.6960837841033936,0.11851297318935394,0.007934589870274067,0.003663556883111596
0.0006083090556785464,0.09577502310276031,0.9024779796600342,0.0010455362498760223,9.31401809793897e-05
0.0005499291582964361,0.011966222897171974,0.20121458172798157,0.7854177355766296,0.0008515426306985319
0.00023620958381798118,0.0014166778419166803,0.03850264102220535,0.9507230520248413,0.009121415205299854
0.9839475154876709,0.015524061396718025,0.00033586827339604497,0.00013497188047040254,5.763255467172712e-05
0.00025827722856774926,0.001234341529197991,0.9153191447257996,0.08263452351093292,0.0005537126562558115
0.00023842236259952188,0.0007408332312479615,0.7455084919929504,0.25326037406921387,0.0002518506080377847
0.05340227484703064,0.5190706253051758,0.41336825489997864,0.013363844715058804,0.0007949963910505176
0.9995443224906921,0.00039769685827195644,3.296914292150177e-05,1.6670146578690037e-05,8.334147423738614e-06
0.0008772460278123617,0.04189988970756531,0.9438689351081848,0.013182669878005981,0.0001712533994577825
0.017244450747966766,0.9433553218841553,0.038519639521837234,0.0006792015046812594,0.00020134625083301216
0.9995434880256653,0.00027284814859740436,0.00014805409591645002,2.66941606241744e-05,8.936079211707693e-06
0.19624483585357666,0.7731107473373413,0.02986004389822483,0.0005639605806209147,0.00022040828480385244
3.4959608456119895e-05,6.876426050439477e-05,0.00023551142658106983,0.005572116002440453,0.9940886497497559
1.0981160812661983e-05,1.590816282259766e-05,7.187449227785692e-05,0.0005902128759771585,0.9993109703063965
0.00030733749736100435,0.00038403633516281843,0.28449514508247375,0.7143579721450806,0.0004554646147880703
0.000951494206674397,0.019944461062550545,0.4109078049659729,0.5625913143157959,0.005604919977486134
0.01255885511636734,0.9555275440216064,0.02954947203397751,0.002013003220781684,0.0003511066606733948
0.998884379863739,0.0008305468945764005,0.00020701272296719253,5.095130472909659e-05,2.7060910724685527e-05
0.0035514929331839085,0.7309536933898926,0.2636033594608307,0.001670729136094451,0.00022071476269047707
0.988387405872345,0.010692775249481201,0.0007163992850109935,0.00014426361303776503,5.919528484810144e-05
0.0007089582504704595,0.000970523280557245,0.4965030550956726,0.49941232800483704,0.0024051626678556204
0.9989851117134094,0.0007624985300935805,0.00019194262858945876,3.983431452070363e-05,2.0556362869683653e-05
0.0058372728526592255,0.5997211933135986,0.39227068424224854,0.0019179367227479815,0.0002529300400055945
0.0003427704214118421,0.0004066906403750181,0.5926471948623657,0.4061053395271301,0.000498009379953146
0.0022256041411310434,0.4378197193145752,0.5583516359329224,0.0013785716146230698,0.00022448573145084083
0.9980959296226501,0.001683058449998498,0.0001319337316090241,5.437670188257471e-05,3.46509950759355e-05
0.001136834267526865,0.06493662297725677,0.9285497665405273,0.005088265519589186,0.00028849291265942156
0.999014139175415,0.0006800470873713493,0.00020266811770852655,8.284835348604247e-05,2.0329616745584644e-05
0.003655215259641409,0.1402311474084854,0.7816235423088074,0.07380883395671844,0.0006812930223532021
0.9829215407371521,0.016175225377082825,0.000606297398917377,0.0001898617047118023,0.00010712015500757843
0.9992533326148987,0.000490531965624541,0.00015809312753845006,7.989978621480986e-05,1.8156149963033386e-05
0.0010578897781670094,0.26808807253837585,0.7148728966712952,0.015418599359691143,0.0005625240737572312
2.727622450038325e-05,4.717279807664454e-05,0.0005229247035458684,0.0037840877193957567,0.9956185221672058
0.7506266236305237,0.2384480983018875,0.009067163802683353,0.001450742012821138,0.00040739498217590153
0.022412847727537155,0.9194476008415222,0.05640551447868347,0.0012997419107705355,0.00043422411545179784
0.003711199853569269,0.00515638617798686,0.34177151322364807,0.6477959156036377,0.0015649667475372553
0.999424934387207,0.0004534823528956622,7.674849621253088e-05,3.305422796984203e-05,1.1832755262730643e-05
4.212311250739731e-05,4.86395692860242e-05,0.00017424015095457435,0.0022219105158001184,0.9975130558013916
0.24634182453155518,0.7442914843559265,0.005591630004346371,0.0028408814687281847,0.0009341530967503786
0.9918506741523743,0.004311191383749247,0.0020347796380519867,0.0016216280637308955,0.00018168578390032053
0.0019445554353296757,0.5054892897605896,0.48842814564704895,0.0038154402282088995,0.0003225643595214933
0.001292012631893158,0.0010176114737987518,0.4270085096359253,0.5692483186721802,0.001433541881851852
0.9930347204208374,0.006777015049010515,0.00010617080260999501,6.062072134227492e-05,2.148440216842573e-05
0.0009127467055805027,0.0034157910849899054,0.8732866048812866,0.12116263061761856,0.0012221578508615494
0.0004004361107945442,0.006688794121146202,0.9920246601104736,0.0008118697442114353,7.424727664329112e-05
0.9988967180252075,0.0008436707430519164,0.00020194861281197518,3.512890179990791e-05,2.2550049834535457e-05
0.017990535125136375,0.6900613307952881,0.26139891147613525,0.029740341007709503,0.0008088677423074841
0.0006390109192579985,0.001422008965164423,0.004023810848593712,0.9930840730667114,0.0008310502744279802
0.0011237584985792637,0.17832051217556,0.7780815958976746,0.04162602126598358,0.0008481396362185478
0.08576592057943344,0.8635933995246887,0.04976067319512367,0.0006302119581960142,0.00024972844403237104
0.0002895620418712497,0.0006999517208896577,0.015555736608803272,0.9826199412345886,0.0008347451221197844
0.9990461468696594,0.0006616999744437635,0.0002255272411275655,4.863374124397524e-05,1.8013974113273434e-05
0.017189495265483856,0.6007038950920105,0.3741256296634674,0.0075545241124928,0.00042645403300412
0.9994841814041138,0.00034062712802551687,0.00011200674634892493,4.8649217205820605e-05,1.4481008292932529e-05
0.0005625149351544678,0.007899864576756954,0.9790363907814026,0.01233159750699997,0.0001696036197245121
0.999488115310669,0.00037649698788300157,8.284300565719604e-05,4.0636397898197174e-05,1.186721601698082e-05
0.000685873965267092,0.3041328191757202,0.6939416527748108,0.0011146292090415955,0.0001250735076609999
0.9544210433959961,0.044607747346162796,0.0007221403066068888,0.00015069374057929963,9.831729403231293e-05
0.909605085849762,0.08851974457502365,0.0016716137761250138,0.00011098024697275832,9.255341865355149e-05
0.0015472315717488527,0.617687463760376,0.37824004888534546,0.002257087267935276,0.0002681486075744033
0.9985717535018921,0.0011620142031461,0.00017381565703544766,5.506196612259373e-05,3.730599564732984e-05
0.00031199981458485126,0.0004683337174355984,0.0018054901156574488,0.274198055267334,0.72321617603302
0.998812198638916,0.0009366158628836274,0.0001922735827974975,3.274333357694559e-05,2.612919888633769e-05
0.00021400762489065528,0.0009385521989315748,0.8955484628677368,0.10301721841096878,0.0002817173954099417
0.0005084144650027156,0.03600721433758736,0.8038354516029358,0.15871624648571014,0.0009326525614596903
0.0005241780891083181,0.0016602202085778117,0.009053216315805912,0.9673793911933899,0.021382968872785568
4.8426620196551085e-05,3.750465111806989e-05,0.0005307793035171926,0.0016331325750797987,0.9977501034736633
0.19474060833454132,0.7899419069290161,0.013300561346113682,0.001755629782564938,0.0002613290853332728
0.0004137452633585781,0.002039615996181965,0.9820262789726257,0.015402079559862614,0.00011824694956885651
0.6202243566513062,0.35929074883461,0.019855672493577003,0.0004125865234527737,0.00021663536608684808
0.9973894953727722,0.0013864584034308791,0.0008785715326666832,0.00027962555759586394,6.592329009436071e-05
0.23828504979610443,0.6946772336959839,0.06354700773954391,0.002184410812333226,0.0013063543010503054
0.931028425693512,0.06701517105102539,0.0016527142142876983,0.00023020898515824229,7.34813220333308e-05
0.00018358734087087214,0.000647475419100374,0.9740455746650696,0.024888332933187485,0.0002349974965909496
0.10614876449108124,0.7272284626960754,0.16119764745235443,0.0045179883018136024,0.0009071212261915207
0.001430111238732934,0.006558091379702091,0.02819366194307804,0.6277167201042175,0.3361014127731323
0.9985395669937134,0.0011789296986535192,0.00019784529285971075,4.922185689792968e-05,3.4466629585949704e-05
0.9992710947990417,0.0005813546595163643,0.00010328472126275301,2.5823570467764512e-05,1.849202271841932e-05
0.9991422891616821,0.0007271517533808947,8.936075028032064e-05,2.8332848160061985e-05,1.2828548278775997e-05
0.0005912918713875115,0.0015584774082526565,0.008471178822219372,0.8622422218322754,0.12713682651519775
0.40112850069999695,0.5815228819847107,0.016785457730293274,0.0003580591583158821,0.000205073447432369
0.03470970690250397,0.3222811818122864,0.641539454460144,0.0008922152337618172,0.0005774774472229183
0.0006387807661667466,0.004367978777736425,0.3598146140575409,0.6347004771232605,0.00047821004409343004
0.001988256350159645,0.6644545793533325,0.32988449931144714,0.0033952912781387568,0.00027735959156416357
0.001647686935029924,0.014042035676538944,0.964957058429718,0.019075235351920128,0.00027804530691355467
0.9983394145965576,0.0010703965090215206,0.0004460480995476246,0.00011154988897033036,3.2557742088101804e-05
0.0002908374008256942,0.0012655535247176886,0.9418582916259766,0.05632159858942032,0.0002637574798427522
0.00021481921430677176,0.0002830401936080307,0.001138121820986271,0.030173618346452713,0.9681904315948486
0.029962750151753426,0.7737761735916138,0.18865704536437988,0.006766431033611298,0.0008375999168492854
0.9878177046775818,0.011387920007109642,0.0004906764370389283,0.00022212461044546217,8.164878818206489e-05
0.3293267786502838,0.551513671875,0.11476121842861176,0.0036658039316534996,0.0007325687329284847
0.000407367100706324,0.007575199473649263,0.9856734275817871,0.006197325885295868,0.00014668403309769928
4.207890015095472e-05,0.00011189398355782032,0.000321785279083997,0.0066476003266870975,0.9928765892982483
0.001175189157947898,0.003928494639694691,0.5509136319160461,0.4187566041946411,0.025226101279258728
0.9574624300003052,0.04183309152722359,0.0003650789149105549,0.0002542371512390673,8.51457953103818e-05
0.06523226201534271,0.8933007121086121,0.0392623133957386,0.001577224931679666,0.0006275586783885956
0.007876750081777573,0.7932976484298706,0.1954711526632309,0.0030504984315484762,0.0003038909926544875
0.0017499026143923402,0.009245259687304497,0.7741127014160156,0.21331848204135895,0.0015736354980617762
0.0002915251534432173,0.0004943924723193049,0.09120902419090271,0.9060567021369934,0.0019483258947730064
0.8544777631759644,0.14283868670463562,0.0019526061369106174,0.00046512935659848154,0.0002658527810126543
9.453831444261596e-05,0.00017571862554177642,0.00048180087469518185,0.007838877849280834,0.9914091229438782
0.05554061383008957,0.9003567099571228,0.04219691455364227,0.001445631729438901,0.00046012477832846344
4.748771243612282e-05,8.964115841081366e-05,0.0006944552878849208,0.009176908992230892,0.9899915456771851
0.9969136714935303,0.0026035550981760025,0.0003376796958036721,9.32223119889386e-05,5.180429798201658e-05
0.9706135392189026,0.028183545917272568,0.0008582252776250243,0.00024107967328745872,0.00010366601782152429
0.0007321537123061717,0.15036727488040924,0.8455479741096497,0.003076824126765132,0.0002757399051915854
0.008374440483748913,0.9359638690948486,0.053563717752695084,0.001478736405260861,0.0006192440050654113
0.9991839528083801,0.0006899176514707506,8.027220610529184e-05,3.0423381758737378e-05,1.547862120787613e-05
0.8034209609031677,0.19523705542087555,0.0007744345348328352,0.0003486906934995204,0.00021884172747377306
0.0007045838865451515,0.0021146053913980722,0.6463165879249573,0.35027238726615906,0.0005918674869462848
4.579588130582124e-05,7.123700197553262e-05,0.0008310824050568044,0.03430653363466263,0.964745283126831
0.013667006976902485,0.7254770398139954,0.2546182870864868,0.005624843295663595,0.0006128464010544121
0.0013803526526317,0.10719256103038788,0.8529582619667053,0.03808888792991638,0.0003799704136326909
0.00039247635868377984,0.0805106908082962,0.9181457161903381,0.0008275940781459212,0.00012354174396023154
0.0021850147750228643,0.4537510573863983,0.5366631746292114,0.007222886197268963,0.0001778797450242564
0.17291958630084991,0.8159239292144775,0.010505675338208675,0.0004840583133045584,0.00016672314086463302
0.9990200996398926,0.0007641631527803838,0.0001681869471212849,3.485208435449749e-05,1.269435688300291e-05
0.005333276931196451,0.7373151183128357,0.24557623267173767,0.011270945891737938,0.0005044477875344455
2.753327862592414e-05,6.662186933681369e-05,0.00038794783176854253,0.0018314298940822482,0.997686505317688
0.0030925157479941845,0.05528820678591728,0.9364104270935059,0.004357851576060057,0.0008510211482644081
0.03842876851558685,0.8557931780815125,0.10496712476015091,0.0006021707085892558,0.00020878548093605787
0.725890040397644,0.2667969763278961,0.0068100267089903355,0.00037334038643166423,0.000129637322970666
0.9982372522354126,0.0015294672921299934,0.0001235902454936877,6.774099165340886e-05,4.188912134850398e-05
0.9978705644607544,0.0017520221881568432,0.0002712772402446717,7.323713361984119e-05,3.283210753579624e-05
0.00041710783261805773,0.00633598305284977,0.9802400469779968,0.012847562320530415,0.00015929173969198018
0.00208105007186532,0.07558490335941315,0.8586695194244385,0.06288061290979385,0.0007839538156986237
0.9777588844299316,0.021792294457554817,0.00033875086228363216,5.749712363467552e-05,5.25861578353215e-05
0.8711497783660889,0.11127147078514099,0.008753912523388863,0.007403095718473196,0.0014217806747183204
0.0016711594071239233,0.6171581745147705,0.17787808179855347,0.20282678306102753,0.00046581364586018026
0.0007920426432974637,0.0019282683497294784,0.9349671006202698,0.0617409385740757,0.0005716486484743655
0.0006409469060599804,0.19759956002235413,0.7861873507499695,0.014977133832871914,0.0005950230406597257
0.0007932065054774284,0.0013762779999524355,0.017599137499928474,0.7239319086074829,0.25629952549934387
0.36542049050331116,0.5564725399017334,0.0750187486410141,0.0024539222940802574,0.000634258845821023
0.0004315098049119115,0.0007447428070008755,0.5563503503799438,0.4417857229709625,0.000687639054376632
0.9984298348426819,0.0013659109827131033,0.00012726573913823813,5.3559189836960286e-05,2.345377106394153e-05
0.09869033098220825,0.8516174554824829,0.04286346212029457,0.006150518078356981,0.0006782495183870196
0.8972526788711548,0.1016954854130745,0.0006605041562579572,0.00023393479932565242,0.00015739360242150724
0.12436463683843613,0.8723503947257996,0.0025831570383161306,0.0004167185688856989,0.0002850593882612884
0.031576525419950485,0.9462701082229614,0.020834624767303467,0.0011090826010331511,0.00020960708206985146
0.9907638430595398,0.008522305637598038,0.0005081146955490112,0.00013997027417644858,6.573989958269522e-05
0.9988565444946289,0.0009682444506324828,0.00012140064791310579,3.161469430779107e-05,2.2160966182127595e-05
0.0013233944773674011,0.6854032874107361,0.31157538294792175,0.001480931998230517,0.0002170087245758623
0.0027592084370553493,0.0024160894099622965,0.9492403864860535,0.04544709995388985,0.00013723802112508565
0.0006022417801432312,0.009165889583528042,0.9877862930297852,0.0023426394909620285,0.00010299561108695343
0.00016427265654783696,0.00028658623341470957,0.003884938545525074,0.2634304165840149,0.7322338223457336
0.00022099520720075816,0.0003924167831428349,0.005025296937674284,0.9933411478996277,0.0010202074190601707
0.00042669696267694235,0.0016345098847523332,0.9912646412849426,0.006569853983819485,0.00010427928646095097
0.008021470159292221,0.8174408078193665,0.17315898835659027,0.0012175970477983356,0.00016109761781990528
0.0011145775206387043,0.025563353672623634,0.8150618076324463,0.15740042924880981,0.00085987284546718
0.00025705882580950856,0.00814617145806551,0.9888513684272766,0.0026416208129376173,0.00010382846812717617
0.9104183912277222,0.08386903256177902,0.004468129016458988,0.0010431414702907205,0.00020130495249759406
0.015247234143316746,0.9506806135177612,0.03207945078611374,0.001742878695949912,0.0002498144458513707
0.00025200514937750995,0.001271921442821622,0.9493127465248108,0.048931580036878586,0.00023170612985268235
0.95363450050354,0.04504605382680893,0.0008622553432360291,0.00035421986831352115,0.00010298480628989637
0.0005499873077496886,0.0022843237966299057,0.025552088394761086,0.9678263664245605,0.003787251189351082
0.0017649453366175294,0.004479780327528715,0.8845252990722656,0.10752890259027481,0.0017010723240673542
0.01723053865134716,0.6440218687057495,0.33747467398643494,0.0008909798925742507,0.00038190686609596014
0.0006611976423300803,0.0017307212110608816,0.9586318731307983,0.038669705390930176,0.00030649840482510626
0.00029297833680175245,0.031208273023366928,0.967197597026825,0.0011960517149418592,0.00010508705599932
0.0012728688307106495,0.003168537514284253,0.2713603377342224,0.7224076390266418,0.0017906574066728354
0.00038011546712368727,0.0007781958556734025,0.9846446514129639,0.013965829275548458,0.00023123054415918887
0.9987665414810181,0.0010609251912683249,0.000118925170681905,3.308352461317554e-05,2.0598428818630055e-05
0.9977269768714905,0.0020617295522242785,0.00012066095951013267,5.944521035416983e-05,3.116436710115522e-05
0.7984390258789062,0.18317751586437225,0.016951126977801323,0.001154487719759345,0.000277799234027043
0.0019098649499937892,0.0018846876919269562,0.03213493525981903,0.8839362263679504,0.08013427257537842
0.06968086212873459,0.9224799275398254,0.007033736445009708,0.0006950179813429713,0.00011052310583181679
0.0003974828287027776,0.0013290760107338428,0.1071796640753746,0.8872925043106079,0.0038012759760022163
0.8636767268180847,0.13254764676094055,0.002791255945339799,0.0005710016121156514,0.000413403264246881
0.9990434050559998,0.0007898268522694707,0.00010909780394285917,3.8018912164261565e-05,1.9684583094203845e-05
0.0005671259132213891,0.0009053515386767685,0.028394026681780815,0.3071020841598511,0.6630313992500305
0.9690724611282349,0.030069323256611824,0.0006145323277451098,0.00018609747348818928,5.7567725889384747e-05
3.097081571468152e-05,4.957271085004322e-05,0.00011429750884417444,0.0012212017318233848,0.9985840320587158
0.0015075134579092264,0.711675763130188,0.2719373404979706,0.014592314139008522,0.00028705730801448226
0.0004624436260201037,0.0011588758789002895,0.10333619266748428,0.8835737109184265,0.01146874763071537
0.9988905787467957,0.0008686301880516112,0.00013927958207204938,8.183256431948394e-05,1.9689774489961565e-05
0.997819185256958,0.0015630652196705341,0.0005195678677409887,5.8904966863337904e-05,3.9291291614063084e-05
0.48515409231185913,0.5119600296020508,0.0022540304344147444,0.0003875864786095917,0.0002442855329718441
0.0011689773527905345,0.23397596180438995,0.7506451606750488,0.013411137275397778,0.0007987408898770809
0.8041183948516846,0.1861613541841507,0.005379407200962305,0.003573233960196376,0.0007675910601392388
0.000511998136062175,0.943850040435791,0.05498126149177551,0.0005917233065702021,6.501502502942458e-05
0.0006148484535515308,0.0024841518606990576,0.9411740303039551,0.05511103570461273,0.0006159171462059021
0.0035633258521556854,0.044888101518154144,0.8724464774131775,0.0784563347697258,0.000645777559839189
0.0016884395154193044,0.004953755531460047,0.014738929457962513,0.1618044078350067,0.8168144822120667
0.06567069888114929,0.9134145379066467,0.019628791138529778,0.0010465633822605014,0.00023947701265569776
0.04592321813106537,0.9297616481781006,0.0218946672976017,0.0022467917297035456,0.00017370264686178416
0.0008711721166037023,0.003969221375882626,0.013334978371858597,0.6120375990867615,0.3697870075702667
0.7681854963302612,0.22204245626926422,0.008485891856253147,0.0010159038938581944,0.00027022932772524655
0.0013817892177030444,0.0024878743570297956,0.02927045337855816,0.8536867499351501,0.11317307502031326
0.00037785174208693206,0.020973844453692436,0.9770441651344299,0.001514051342383027,9.008456981973723e-05
0.0044197081588208675,0.565883457660675,0.4262358844280243,0.0030854728538542986,0.00037547494866885245
0.17583516240119934,0.555290699005127,0.23635825514793396,0.03136478364467621,0.0011511343764141202
0.0005414229235611856,0.013308927416801453,0.6358630061149597,0.3491322994232178,0.0011543467408046126
0.0005138243432156742,0.0016466905362904072,0.39725250005722046,0.5991795659065247,0.001407412812113762
0.7058145999908447,0.28995728492736816,0.0031454493291676044,0.0007529797730967402,0.00032969540916383266
0.9678410291671753,0.031557995826005936,0.000358378398232162,0.00014866836136206985,9.400499402545393e-05
0.9987754225730896,0.0009396214154548943,0.00019515276653692126,6.335006037261337e-05,2.6422643713885918e-05
4.815932334167883e-05,0.00012050542136421427,0.0005567241460084915,0.022957997396588326,0.9763166308403015
0.008491979911923409,0.8635014295578003,0.11713473498821259,0.010154582560062408,0.0007172621553763747
0.0008827217388898134,0.39397457242012024,0.6034708023071289,0.0014328076504170895,0.0002391058369539678
0.9991894364356995,0.0006449516513384879,0.0001057997505995445,4.213310603518039e-05,1.7689497326500714e-05
0.6613573431968689,0.3276439607143402,0.010091512463986874,0.000630099093541503,0.0002771131694316864
0.000448818551376462,0.0007083599339239299,0.7749293446540833,0.22350609302520752,0.0004073799937032163
0.988269567489624,0.011210068129003048,0.0004016511084046215,6.712049798807129e-05,5.160549335414544e-05
0.04533214494585991,0.927486777305603,0.02569408155977726,0.0011699957540258765,0.00031702578417025506
0.0004151895991526544,0.0010825091740116477,0.15645292401313782,0.840240478515625,0.0018089482327923179
0.0012673016171902418,0.001864116289652884,0.16082797944545746,0.8350757956504822,0.0009648287668824196
0.00035901216324418783,0.05834197998046875,0.8892143368721008,0.05166220664978027,0.00042247201781719923
0.000255611288594082,0.0002730010892264545,0.005305769853293896,0.07384630292654037,0.9203192591667175
0.0002809616271406412,0.0009661046206019819,0.007111929822713137,0.9884856939315796,0.0031553430017083883
0.761286199092865,0.2352578490972519,0.002743619028478861,0.0005059621180407703,0.00020642417075578123
0.0005619196454063058,0.0388549380004406,0.943505585193634,0.016880547627806664,0.00019700794655364007
0.0024993789847940207,0.0463671050965786,0.9409652352333069,0.009846043772995472,0.000322220177622512
0.0002877080114558339,0.0002743078221101314,0.18288244307041168,0.8163178563117981,0.0002377228083787486
0.983363151550293,0.015921302139759064,0.0004874018195550889,0.00015863207227084786,6.944750202819705e-05
0.9995183944702148,0.0003861714212689549,6.210086576174945e-05,1.955494371941313e-05,1.3726930774282664e-05
0.008694219402968884,0.5658240914344788,0.4187859892845154,0.006206161808222532,0.0004895685124211013
0.0012027372140437365,0.004581804852932692,0.4952780306339264,0.48728424310684204,0.011653197929263115
0.0004545162373688072,0.0006270535523071885,0.7661876678466797,0.23197926580905914,0.0007514610188081861
0.00289411679841578,0.003323920303955674,0.510221004486084,0.47937506437301636,0.004185893107205629
0.5557924509048462,0.44024285674095154,0.0032739336602389812,0.00035978565574623644,0.0003309828753117472
0.0003764046705327928,0.0008490863256156445,0.2819273769855499,0.7154846787452698,0.0013624700950458646
0.2734653651714325,0.7199525237083435,0.006121443118900061,0.00035794213181361556,0.00010271578503306955
0.0004090878355782479,0.019984902814030647,0.9740672707557678,0.005315787624567747,0.0002229304809588939
0.013747181743383408,0.9659630060195923,0.018672645092010498,0.0014062607660889626,0.00021097481658216566
0.0002827066055033356,0.0004064533277414739,0.005753565579652786,0.3975754380226135,0.5959818363189697
0.09939038753509521,0.8404160737991333,0.05808484926819801,0.0015980486059561372,0.0005106905591674149
0.0007245889864861965,0.001556431408971548,0.3247705399990082,0.6681098937988281,0.004838571883738041
0.0007038951735012233,0.0009328324813395739,0.9652611613273621,0.03274752199649811,0.00035461204242892563
0.00023891667660791427,0.00038443354424089193,0.009930645115673542,0.8472898006439209,0.1421562284231186
9.922916069626808e-05,0.0005840693484060466,0.012873887084424496,0.9846335053443909,0.0018092597601935267
0.002208448713645339,0.0019508290570229292,0.239731103181839,0.724955141544342,0.031154459342360497
0.001833428512327373,0.22093123197555542,0.7381850481033325,0.03845985233783722,0.0005904018762521446
0.997584342956543,0.002140366705134511,0.00017113210924435407,6.862353620817885e-05,3.547740925569087e-05
0.00048757914919406176,0.041065651923418045,0.9557955861091614,0.002477506874129176,0.00017369673878420144
0.7959483861923218,0.20153573155403137,0.001646957010962069,0.0005420842207968235,0.00032685609767213464
0.9985608458518982,0.0011647973442450166,0.00021669710986316204,3.397940599825233e-05,2.3724591301288456e-05
0.9970964193344116,0.0023899476509541273,0.0003537296433933079,0.00011689587699947879,4.301228909753263e-05
0.0006763692945241928,0.001342247356660664,0.25168898701667786,0.7405896186828613,0.0057028294540941715
0.9964817762374878,0.0026725204661488533,0.0006239732028916478,0.00017825435497798026,4.340790110290982e-05
0.9989792108535767,0.0007782505708746612,0.00018153426935896277,3.976658990723081e-05,2.126531398971565e-05
0.00093397794989869,0.005757985636591911,0.9342604875564575,0.05854449421167374,0.0005030165775679052
0.11354173719882965,0.8802409172058105,0.004706963896751404,0.0009756353101693094,0.0005347830592654645
0.00410323403775692,0.8420096635818481,0.15082137286663055,0.0028577069751918316,0.00020805462554562837
5.858551958226599e-05,9.022026642924175e-05,0.00044827989768236876,0.005926839541643858,0.9934760928153992
0.3984057903289795,0.5791080594062805,0.020759370177984238,0.0014087364543229342,0.00031804529135115445
0.0006874702521599829,0.0011302727507427335,0.08698788285255432,0.910352885723114,0.0008415193296968937
0.00021485768957063556,0.00032299529993906617,0.05354214832186699,0.9443507194519043,0.001569315674714744
0.000823569018393755,0.35274580121040344,0.6456606388092041,0.0006268517463468015,0.00014311169798020273
0.07622386515140533,0.8777661323547363,0.04486902058124542,0.0009101020987145603,0.0002308577240910381
0.009486336261034012,0.9423858523368835,0.04693350940942764,0.0009508468210697174,0.00024345217389054596
0.0006796013913117349,0.0014964804286137223,0.010409887880086899,0.9734911322593689,0.01392296887934208
0.0016772323288023472,0.2887685000896454,0.7000752091407776,0.008966929279267788,0.0005121427238918841
0.0010331178782507777,0.20578590035438538,0.7919332385063171,0.00110650435090065,0.0001413026184309274
0.0004475651076063514,0.017746074125170708,0.9627165198326111,0.01890379749238491,0.00018604012439027429
0.0007019216427579522,0.0015447234036400914,0.00899176299571991,0.9811685085296631,0.007593050599098206
0.00020258747099433094,0.0005613014218397439,0.010514641180634499,0.9882605075836182,0.0004609660245478153
0.0004515961045399308,0.0013496152823790908,0.19879043102264404,0.7779049277305603,0.021503370255231857
0.0005526986788026989,0.0020392206497490406,0.16445516049861908,0.8321829438209534,0.0007699799607507885
0.996654748916626,0.0023946829605847597,0.0007684686570428312,9.421686263522133e-05,8.78444843692705e-05
0.006563836708664894,0.5735280513763428,0.41873496770858765,0.0008725784136913717,0.0003006226907018572
0.9979370832443237,0.0017097961390390992,0.00025007533258758485,6.126431981101632e-05,4.181227632216178e-05
0.0012466927291825414,0.057418741285800934,0.9343756437301636,0.0066900248639285564,0.0002688227395992726
0.011698051355779171,0.93165123462677,0.05365069955587387,0.0023312922567129135,0.0006687830900773406
0.0010168829467147589,0.003212165320292115,0.26417455077171326,0.6954547762870789,0.03614165261387825
0.999392032623291,0.000285764952423051,0.00021862769790459424,7.938031922094524e-05,2.417935866105836e-05
0.00032910212757997215,0.0005702237249352038,0.02561809867620468,0.9045572280883789,0.06892528384923935
0.0004836112493649125,0.001020626979880035,0.004046557936817408,0.8227866888046265,0.17166255414485931
0.0006742876139469445,0.2628914713859558,0.7280397415161133,0.008247634395956993,0.00014684438065160066
2.5672166884760372e-05,4.859049658989534e-05,0.0003519046294968575,0.002067920984700322,0.9975059628486633
0.00040905081550590694,0.0012307071592658758,0.6545937061309814,0.34273070096969604,0.0010358375729992986
0.00044220470590516925,0.0009341118857264519,0.025088168680667877,0.11489725857973099,0.8586382269859314
0.8323054909706116,0.1603912115097046,0.006570726633071899,0.0004549918230623007,0.0002775809552986175
0.0005265185609459877,0.12542375922203064,0.8717023730278015,0.002136928727850318,0.00021039211424067616
0.9897348880767822,0.009876021184027195,0.00027628702810034156,7.563618419226259e-05,3.7170026189414784e-05
0.00033247098326683044,0.0005174880498088896,0.007053906563669443,0.1165725588798523,0.8755235075950623
0.11303739994764328,0.8517652750015259,0.03383804112672806,0.0011460896348580718,0.0002131874643964693
0.0003031156084034592,0.0007385270437225699,0.007411185652017593,0.988498866558075,0.003048245096579194
0.0004577761865220964,0.0006547142984345555,0.002978346310555935,0.16776219010353088,0.8281469941139221
0.0003921519382856786,0.4562435746192932,0.5372761487960815,0.005685676820576191,0.0004024612717330456
0.9991558790206909,0.0007300856523215771,7.365556666627526e-05,2.7849284379044548e-05,1.2479725228331517e-05
0.6361508965492249,0.3526512384414673,0.009732727892696857,0.00116073084063828,0.0003043882898055017
0.8480234146118164,0.14760637283325195,0.002809755736961961,0.0011757800821214914,0.00038467449485324323
0.00024210325500462204,0.0005264658248052001,0.0037322959396988153,0.9285995364189148,0.06689963489770889
0.22852762043476105,0.7626078128814697,0.0077196587808430195,0.0008005871204659343,0.000344308209605515
0.11692854762077332,0.8208824992179871,0.06028620898723602,0.001463088090531528,0.00043962246854789555
0.0010563990799710155,0.07546643167734146,0.9163632392883301,0.006863472051918507,0.0002504462900105864
0.9991928935050964,0.0006059911102056503,0.00013692310312762856,4.0267219446832314e-05,2.3979117031558417e-05
0.0003900678129866719,0.0005220555467531085,0.7693259119987488,0.22949087619781494,0.00027113602845929563
0.13345377147197723,0.8471536636352539,0.018395908176898956,0.0007857573800720274,0.0002108829648932442
0.00042319955537095666,0.0007830364629626274,0.05327345058321953,0.9432923197746277,0.002227992983534932
0.9996172189712524,0.0002860548556782305,6.650692375842482e-05,1.864113255578559e-05,1.155687277787365e-05
0.9640035033226013,0.03537529706954956,0.00038172112544998527,0.00016434132703579962,7.520378130720928e-05
0.34575212001800537,0.6512765288352966,0.0024570936802774668,0.00027540617156773806,0.00023880525259301066
0.38902008533477783,0.603123664855957,0.0072903987020254135,0.0003742967383004725,0.00019152098684571683
0.000959529250394553,0.7184004187583923,0.2776581943035126,0.0027600862085819244,0.00022175017511472106
0.999128520488739,0.0006512252730317414,0.0001595514186192304,3.4603188396431506e-05,2.6087294827448204e-05
0.0002340017817914486,0.00048795746988616884,0.0041350554674863815,0.0753834918141365,0.9197595119476318
0.8379056453704834,0.15898671746253967,0.0025960546918213367,0.0003060984890908003,0.00020547598251141608
0.9868453741073608,0.01237055566161871,0.0005469624302349985,0.00015824820729903877,7.885167724452913e-05
0.9986067414283752,0.0010778576834127307,0.00022461065964307636,5.821511149406433e-05,3.256919080740772e-05
0.003215065458789468,0.2963052988052368,0.6949086785316467,0.005062771495431662,0.000508165336214006
0.6820235848426819,0.3059997856616974,0.010553751140832901,0.001028805854730308,0.00039409304736182094
0.00023078689991962165,0.000222895439947024,0.023245390504598618,0.9754172563552856,0.0008836585911922157
0.0005649261293001473,0.0041025434620678425,0.9430088400840759,0.051801249384880066,0.0005224324413575232
0.006092772353440523,0.6274537444114685,0.16085177659988403,0.2049158364534378,0.0006858605775050819
0.9810854196548462,0.018434198573231697,0.00027436346863396466,0.00013091239088680595,7.514928438467905e-05
0.5162597298622131,0.48181602358818054,0.0010344560723751783,0.0005696401349268854,0.00032013561576604843
0.7351945042610168,0.23247873783111572,0.0313107892870903,0.0006212735315784812,0.0003947317018173635
0.10965029895305634,0.8392831087112427,0.04888984188437462,0.0018645558739081025,0.00031217766809277236
0.7439960837364197,0.24796397984027863,0.006588102784007788,0.0009298673248849809,0.0005219342419877648
0.9979766011238098,0.0015548767987638712,0.00035910590668208897,7.428952812915668e-05,3.517012009979226e-05
0.0011099986732006073,0.4485434889793396,0.5464631915092468,0.0036589177325367928,0.00022444099886342883
0.1573328673839569,0.8268946409225464,0.01481697242707014,0.0007462291396223009,0.00020926128490827978
0.0002485608565621078,0.0003441317821852863,0.0020621910225600004,0.34719130396842957,0.6501538157463074
0.0002960354904644191,0.001846185652539134,0.9889674782752991,0.008799497969448566,9.085882629733533e-05
0.0008737014723010361,0.09749303013086319,0.8896558880805969,0.011474614962935448,0.0005027334555052221
0.40261003375053406,0.5861974358558655,0.010434303432703018,0.0004212634521536529,0.00033699048799462616
0.9993574023246765,0.0005212643882259727,8.136022370308638e-05,2.3267450160346925e-05,1.667136893956922e-05
0.007848506793379784,0.9076460003852844,0.0831102803349495,0.0011690141400322318,0.00022620052914135158
0.01277283113449812,0.8977532386779785,0.08585146069526672,0.0033581266179680824,0.0002643209300003946
0.9981409311294556,0.0015163002535700798,0.0002644707856234163,5.095501182950102e-05,2.7324369511916302e-05
0.03193250671029091,0.9618588089942932,0.005233776289969683,0.0007794927805662155,0.00019541876099538058
0.5250007510185242,0.46813592314720154,0.0060188123025000095,0.0005677463486790657,0.00027679800405167043
0.9895333647727966,0.009278255514800549,0.0006348271854221821,0.0004773522960022092,7.616753282491118e-05
0.9989669322967529,0.0009276265045627952,6.270672020036727e-05,2.9152688512112945e-05,1.36352782647009e-05
0.00025127886328846216,0.001149468356743455,0.9272012710571289,0.07117429375648499,0.00022366389748640358
0.0011519220424816012,0.004624826833605766,0.016621936112642288,0.7341784834861755,0.24342280626296997
0.24166978895664215,0.7513155341148376,0.006507472135126591,0.00036681987694464624,0.00014033797197043896
0.9030340313911438,0.09223393350839615,0.0041173300705850124,0.00045872374903410673,0.00015604484360665083
0.8288774490356445,0.16478627920150757,0.005328346509486437,0.0007148876320570707,0.0002930347400251776
0.7639806270599365,0.2317783087491989,0.003516152733936906,0.00043921757605858147,0.00028571480652317405
0.0013218780513852835,0.0024166530929505825,0.020831851288676262,0.9333503842353821,0.04207920655608177
0.9970042109489441,0.0021881982684135437,0.0006966050714254379,6.855557148810476e-05,4.239478221279569e-05
0.99892657995224,0.0008367738919332623,0.00018576550064608455,3.3315511245746166e-05,1.7536380255478434e-05
0.0011073342757299542,0.6328917741775513,0.35790008306503296,0.007841748185455799,0.00025912997080013156
0.0003732768527697772,0.0006642193766310811,0.6088727712631226,0.3898167610168457,0.00027298086206428707
0.9993093013763428,0.0005295942537486553,0.00010615741484798491,3.375695087015629e-05,2.1186700905673206e-05
0.0008731476264074445,0.03654133155941963,0.5582291483879089,0.4033815860748291,0.0009747686563059688
0.03547116741538048,0.8254611492156982,0.13551455736160278,0.0030670054256916046,0.0004861202323809266
0.6151752471923828,0.382943332195282,0.0009251657756976783,0.0006487266509793699,0.0003074974229093641
0.001743019325658679,0.48453930020332336,0.5105041861534119,0.0028264920692890882,0.00038702983874827623
0.0007736304542049766,0.05704302340745926,0.9409355521202087,0.0011216335697099566,0.00012615072773769498
0.023935755714774132,0.9725039601325989,0.002503619296476245,0.0006968054221943021,0.0003598709008656442
0.00060200848383829,0.0016073045553639531,0.19760280847549438,0.7826694250106812,0.017518436536192894
0.9992114305496216,0.000661526049952954,8.770338899921626e-05,2.6558604076853953e-05,1.2717438039544504e-05
0.0005574787501245737,0.0015625664964318275,0.9839813113212585,0.013791358098387718,0.0001073257953976281
0.1171516627073288,0.8633193969726562,0.016853347420692444,0.0018769137095659971,0.0007986287237145007
0.0004636462253984064,0.001168663497082889,0.0033300810027867556,0.6502012610435486,0.3448363244533539
0.41099753975868225,0.5715737342834473,0.015850359573960304,0.0008885918650776148,0.0006897881394252181
0.9995299577713013,0.00037077622255310416,6.455690163420513e-05,2.038598177023232e-05,1.4377115803654306e-05
0.06738243997097015,0.8806343674659729,0.05074905604124069,0.0008882168913260102,0.00034589823917485774
0.000681479403283447,0.0019183544209226966,0.21169383823871613,0.7813174724578857,0.004388860426843166
0.002155451336875558,0.006247983779758215,0.39797672629356384,0.5531264543533325,0.040493354201316833
0.9296209812164307,0.06908725202083588,0.0008634873083792627,0.0003353542706463486,9.29152884054929e-05
0.9162912368774414,0.0736289992928505,0.009396329522132874,0.0004849473189096898,0.00019841895846184343
0.0820494294166565,0.6414283514022827,0.2731112539768219,0.003021645825356245,0.0003893317189067602
0.377076655626297,0.6115424633026123,0.01027654204517603,0.0005843807011842728,0.0005199523293413222
0.0004573973419610411,0.2201814204454422,0.7756310701370239,0.003583447076380253,0.00014667407958768308
0.995364785194397,0.0040740519762039185,0.00025974196614697576,0.00024477296392433345,5.663979391101748e-05
0.9966932535171509,0.0027500756550580263,0.00042077156831510365,8.861644164426252e-05,4.730836735689081e-05
0.9985464215278625,0.0012644525850191712,0.00013207235315348953,3.572951027308591e-05,2.1344261767808348e-05
0.004359343554824591,0.4779435098171234,0.5091583132743835,0.007595036644488573,0.0009437587577849627
0.0021889577619731426,0.004432977642863989,0.9371771216392517,0.055787064135074615,0.00041383682400919497
0.00016177668294403702,0.00022476025333162397,0.0013383796904236078,0.07102307677268982,0.9272520542144775
0.9990266561508179,0.0007956654881127179,0.00010436800221214071,5.327785765985027e-05,2.0086756194359623e-05
0.0006671475130133331,0.008184175938367844,0.988445520401001,0.002586498623713851,0.00011662560427794233
0.8464524745941162,0.1507149189710617,0.002037850208580494,0.0004208659811411053,0.00037391134537756443
0.0005419374792836607,0.0014448730507865548,0.23342129588127136,0.761555552482605,0.003036408219486475
0.9479679465293884,0.04890171065926552,0.002578157465904951,0.00038126998697407544,0.00017093781207222492
0.12055893987417221,0.8263611793518066,0.04671797901391983,0.005986970849335194,0.00037493061972782016
0.0012854530941694975,0.0023017283529043198,0.34750425815582275,0.6450941562652588,0.003814336843788624
0.0006311815814115107,0.0007337477873079479,0.811451256275177,0.18443475663661957,0.0027490730863064528
0.6906465291976929,0.3052094578742981,0.003578906413167715,0.0003828715125564486,0.00018223845108877867
0.3322932720184326,0.6227389574050903,0.042677491903305054,0.001707486342638731,0.0005828050198033452
0.3375251293182373,0.6498680114746094,0.010148365050554276,0.0017266010399907827,0.0007319044088944793
0.000542815076187253,0.0009027806227095425,0.01820787414908409,0.9230321049690247,0.057314470410346985
0.7216247916221619,0.27486732602119446,0.0028111727442592382,0.00045449298340827227,0.0002422750403638929
0.00023475871421396732,0.0015882797306403518,0.99290931224823,0.005102730356156826,0.00016494780720677227
0.9036232233047485,0.09445493668317795,0.0014870830345898867,0.0002722524222917855,0.00016250269254669547
0.003416778752580285,0.0014692951226606965,0.04651753976941109,0.7012326717376709,0.24736376106739044
0.0008185822516679764,0.0018794257193803787,0.06903979927301407,0.9272436499595642,0.00101860414724797
0.8011350035667419,0.19315309822559357,0.004850217141211033,0.0005984773160889745,0.0002631960669532418
0.001379391411319375,0.004253340885043144,0.5678078532218933,0.41873955726623535,0.00781989935785532
0.00045767449773848057,0.0014641534071415663,0.7034152150154114,0.2941576838493347,0.0005052203196100891
0.9142813086509705,0.0826398953795433,0.0027061733417212963,0.00025229001767002046,0.00012032540689688176
0.9978479146957397,0.0018610729603096843,0.00018709272262640297,5.490898547577672e-05,4.901039210380986e-05
0.9952797889709473,0.0038872703444212675,0.00047892617294564843,0.0002981466823257506,5.5854943639133126e-05
0.9983848333358765,0.0013382701436057687,0.0001859917101683095,5.8024768804898486e-05,3.285303682787344e-05
0.026620646938681602,0.962561309337616,0.00984055083245039,0.0007043145014904439,0.0002732191060204059
0.9478226900100708,0.05076608061790466,0.001200292375870049,0.00013178277004044503,7.920222560642287e-05
0.07732129096984863,0.9140625596046448,0.007139550521969795,0.001206376706250012,0.000270185642875731
0.06156235560774803,0.9166134595870972,0.02109958790242672,0.00047063693637028337,0.0002539857232477516
0.0009570701513439417,0.38162967562675476,0.612359344959259,0.0046222819946706295,0.0004316738049965352
0.0004273938830010593,0.0012922398746013641,0.027395186945796013,0.7927038073539734,0.17818140983581543
0.008863859809935093,0.7112317085266113,0.26701849699020386,0.012287919409573078,0.0005980042042210698
0.35098305344581604,0.5643148422241211,0.08208491653203964,0.001983184600248933,0.0006340155960060656
0.9266607165336609,0.07224675267934799,0.000641789345536381,0.00033804879058152437,0.00011270873073954135
0.0003376488166395575,0.000829007534775883,0.9279806017875671,0.07055482268333435,0.000297939230222255
0.00036900388658978045,0.0014190005604177713,0.11430726200342178,0.8813465237617493,0.0025581615045666695
2.295319973200094e-05,3.5342309274710715e-05,0.00015141759649850428,0.005371495150029659,0.9944188594818115
0.0013601086102426052,0.0516589879989624,0.9401052594184875,0.006662924308329821,0.00021277095947880298
0.002065434353426099,0.19773165881633759,0.7890140414237976,0.010679320432245731,0.0005095376982353628
0.8957721590995789,0.1018599197268486,0.0018483257154002786,0.0003609639825299382,0.00015864067245274782
6.299845699686557e-05,7.721912697888911e-05,0.0012694636825472116,0.009064503945410252,0.9895257949829102
0.00014764803927391768,0.00015315660857595503,0.0788189098238945,0.9206849336624146,0.00019539863569661975
0.01704546809196472,0.18759512901306152,0.7944040894508362,0.0006184314843267202,0.00033683006768114865
0.0005834157927893102,0.0013955753529444337,0.008545691147446632,0.9664734601974487,0.023001885041594505
0.996702253818512,0.002818793524056673,0.00034597484045661986,9.799479448702186e-05,3.498513251543045e-05
0.9993492960929871,0.00042031059274449944,0.00012234431051183492,8.337048348039389e-05,2.4681052309460938e-05
0.00019763364980462939,0.000249354139668867,0.01962447166442871,0.9778203368186951,0.0021082470193505287
0.998401939868927,0.001341613824479282,0.00017529049364384264,5.572311420110054e-05,2.541498361097183e-05
0.00021376291988417506,0.0014355388702824712,0.9896092414855957,0.008606028743088245,0.00013535541074816138
0.0013589721638709307,0.28063955903053284,0.7154707312583923,0.002323026768863201,0.00020776544988621026
0.0007771668606437743,0.6648320555686951,0.3322221040725708,0.0019820930901914835,0.0001865652302512899
0.99847012758255,0.0011865331325680017,0.00023768917890265584,5.135851461091079e-05,5.4214113333728164e-05
0.9758298397064209,0.021519260480999947,0.0017307117814198136,0.0007747903000563383,0.00014541317068506032
5.4658743465552106e-05,0.00020663101167883724,0.0020023249089717865,0.016130022704601288,0.9816064238548279
0.9993696808815002,0.0005185855552554131,6.918378494447097e-05,2.8424339689081535e-05,1.415373117197305e-05
0.9972953200340271,0.0023731207475066185,0.0002278520551044494,7.062297663651407e-05,3.311194450361654e-05
0.9997559189796448,0.00019929483823943883,2.7950860385317355e-05,1.2093025361537002e-05,4.706296749645844e-06
0.9825893640518188,0.016167454421520233,0.0009695214102976024,0.00021252851001918316,6.114379357313737e-05
0.0024888196494430304,0.9284519553184509,0.06814354658126831,0.0007978301728144288,0.00011788196570705622
0.00048525939928367734,0.04823404923081398,0.9401981830596924,0.010750442743301392,0.000332115771016106
0.001961474772542715,0.16309642791748047,0.8246257901191711,0.009910430759191513,0.00040586848626844585
0.9993476271629333,0.0005424944683909416,7.618653762619942e-05,2.109086562995799e-05,1.2593811334227212e-05
0.3851233422756195,0.6116932034492493,0.0025490811094641685,0.000385006598662585,0.000249385426286608
0.9986695051193237,0.0008121606661006808,0.00040186563273891807,8.820962102618068e-05,2.8243490305612795e-05
0.00045164761831983924,0.06665349006652832,0.9113515019416809,0.021250354126095772,0.0002929771726485342
0.0026325369253754616,0.005083783064037561,0.22326326370239258,0.7638288736343384,0.005191492848098278
0.0008276972221210599,0.02268334850668907,0.9592006802558899,0.016966335475444794,0.00032195416861213744
0.0009852931834757328,0.06848672032356262,0.9277320504188538,0.0026390706188976765,0.00015689143037889153
0.9967678785324097,0.0027110555674880743,0.0003267832798883319,0.00014484874554909766,4.9499729357194155e-05
0.9991604089736938,0.0005986472242511809,0.00018516772252041847,3.8704591133864596e-05,1.7078347809729166e-05
0.7221996784210205,0.2711653709411621,0.006042956840246916,0.0004042157670482993,0.00018777148216031492
0.9989732503890991,0.0006342249107547104,0.00028295020456425846,7.764814654365182e-05,3.191594805684872e-05
0.0006997585296630859,0.5372765064239502,0.45998069643974304,0.0018846584716811776,0.0001583980192663148
0.9710955619812012,0.028214268386363983,0.0004323867033235729,0.00016910962585825473,8.87013302417472e-05
0.00028999699861742556,0.008087120950222015,0.8895367383956909,0.10140930116176605,0.0006768300081603229
0.000340626371325925,0.0007482767687179148,0.026102406904101372,0.9705519080162048,0.002256775740534067
0.0008098361431621015,0.0008721030317246914,0.009981676004827023,0.27136775851249695,0.7169685959815979
0.0002551254292484373,0.0004458144248928875,0.9896737337112427,0.009498217143118382,0.00012709805741906166
0.007203700020909309,0.4912264049053192,0.4991387724876404,0.0019397169817239046,0.0004914464661851525
0.9989506006240845,0.0008352941949851811,0.00016414698620792478,3.026535159733612e-05,1.962601709237788e-05
0.0007259660051204264,0.07938488572835922,0.9169350862503052,0.002775546396151185,0.00017849532014224678
0.9996194839477539,0.00028789162752218544,6.665101682301611e-05,1.7622131053940393e-05,8.356670150533319e-06
0.0009674043394625187,0.15013717114925385,0.8467588424682617,0.0018722679233178496,0.00026435116888023913
0.0004166940925642848,0.0007977859349921346,0.39067623019218445,0.607696533203125,0.00041276979027315974
0.00043544176151044667,0.00066610355861485,0.04631166160106659,0.8861127495765686,0.06647399067878723
0.0007773502147756517,0.7218764424324036,0.27233701944351196,0.004775345325469971,0.00023386675457004458
0.00028269863105379045,0.0004420588375069201,0.0009675640030764043,0.09888376295566559,0.8994239568710327
0.16114069521427155,0.8317722678184509,0.005586348008364439,0.0009262383682653308,0.0005744413356296718
0.0004419937322381884,0.2172974944114685,0.7808781266212463,0.0012092635734006763,0.00017317019228357822
0.0988665297627449,0.8338193893432617,0.06483560055494308,0.0015523796901106834,0.0009261500090360641
0.998336911201477,0.0011021322570741177,0.0004639995167963207,6.376718374667689e-05,3.312067929073237e-05
0.9910987019538879,0.008390722796320915,0.00038475196924991906,7.706944597885013e-05,4.877541505265981e-05
0.0005986960604786873,0.4019317030906677,0.5959392786026001,0.0014127056347206235,0.00011764909868361428
0.4500729739665985,0.5081176161766052,0.03991224616765976,0.0015659639611840248,0.00033119460567831993
0.0002786322729662061,0.0005578683922067285,0.008171129040420055,0.9897199273109436,0.0012723867548629642
0.0003369591722730547,0.006251841317862272,0.9621212482452393,0.03111872635781765,0.00017128860054071993
0.9986624717712402,0.0009359558462165296,0.0003389637859072536,3.618416303652339e-05,2.644224150571972e-05
0.006993184797465801,0.9338943362236023,0.0583951361477375,0.0005810674629174173,0.0001362038601655513
0.00014966836897656322,0.0002657454169820994,0.004326721653342247,0.15257464349269867,0.8426831960678101
0.9369906187057495,0.06090886890888214,0.0014850142179057002,0.0004663984873332083,0.00014907182776369154
0.0006835339008830488,0.3789609968662262,0.6184105277061462,0.0017450305167585611,0.00019993264868389815
0.0009671489824540913,0.48227614164352417,0.5143300890922546,0.0022427961230278015,0.0001838156022131443
0.9143756031990051,0.08319650590419769,0.0014769831905141473,0.000634088006336242,0.0003168053808622062
0.9980415105819702,0.0012017141561955214,0.0006273649632930756,8.176301344064996e-05,4.7617322707083076e-05
0.5569939613342285,0.4360612630844116,0.00649096816778183,0.00029327889205887914,0.00016050200792960823
0.9989026784896851,0.0009121435577981174,0.00010259227565256879,5.3700117859989405e-05,2.8822079912060872e-05
0.0013852360425516963,0.3297031819820404,0.6665284037590027,0.0022250479087233543,0.00015809973410796374
0.6636536717414856,0.33136826753616333,0.003787223482504487,0.0008228911319747567,0.0003679331566672772
0.9972274899482727,0.002300244988873601,0.00038511253660544753,6.13653173786588e-05,2.572282937762793e-05
0.20409753918647766,0.7774845361709595,0.017576830461621284,0.0005933467764407396,0.00024777118233032525
0.99928879737854,0.0005985500174574554,6.910051160957664e-05,2.6102530682692304e-05,1.7385216779075563e-05
0.00039224070496857166,0.0343690887093544,0.9588477611541748,0.0061163888312876225,0.0002745040110312402
0.0009697086061351001,0.5071402788162231,0.49096089601516724,0.0007645610021427274,0.00016461331688333303
0.04607591778039932,0.5613792538642883,0.38597017526626587,0.006135170813649893,0.00043947246740572155
0.0013791369274258614,0.001061821822077036,0.009446173906326294,0.49110695719718933,0.4970059096813202
0.00043848538189195096,0.0006266958662308753,0.047675974667072296,0.8927925229072571,0.058466341346502304
0.3939398229122162,0.5975955128669739,0.00684440229088068,0.0011662935139611363,0.00045395034248940647
0.9984014630317688,0.001239601755514741,0.0002602220047265291,6.535286229336634e-05,3.33459502144251e-05
2.9859193091397174e-05,4.55160261481069e-05,0.0007960359798744321,0.0027042401488870382,0.9964243769645691
0.00025868171360343695,0.0002807639539241791,0.002743831602856517,0.21315070986747742,0.7835660576820374
0.0004580153326969594,0.001095007173717022,0.04633517935872078,0.9048019647598267,0.047309815883636475
0.8142368197441101,0.17747657001018524,0.005260513164103031,0.0025198247749358416,0.0005062478012405336
0.0029674016404896975,0.7982865571975708,0.19139015674591064,0.0070739202201366425,0.0002819938526954502
0.999413013458252,0.0003986268420703709,0.00011844576511066407,5.631146996165626e-05,1.362480270472588e-05
0.0008555735694244504,0.07682199031114578,0.9147989749908447,0.007267986424267292,0.0002554503153078258
0.000150314619531855,0.00028013830888085067,0.0009827713947743177,0.05197898671030998,0.946607768535614
0.0017409772844985127,0.23862607777118683,0.6776312589645386,0.08118177205324173,0.0008199161384254694
0.030881648883223534,0.6384413242340088,0.32867470383644104,0.0016510668210685253,0.0003512138791847974
0.9856998324394226,0.013598739169538021,0.00046007908531464636,0.00014469280722551048,9.665386460255831e-05
6.932656106073409e-05,0.00014973065117374063,0.0006016487604938447,0.0912601575255394,0.9079191088676453
0.9956307411193848,0.0030436369124799967,0.0010258447146043181,0.00020088999008294195,9.889863576972857e-05
0.02332218550145626,0.7840799689292908,0.18920063972473145,0.003050233004614711,0.0003469629737082869
0.0004652899515349418,0.000977752381004393,0.005785802379250526,0.6975201368331909,0.2952510714530945
0.9993415474891663,0.0005820882506668568,4.273639206076041e-05,1.9818318833131343e-05,1.3841829968441743e-05
3.442690285737626e-05,4.240105772623792e-05,0.00038931966992095113,0.002080542966723442,0.9974532723426819
0.0011016123462468386,0.0011196744162589312,0.019111832603812218,0.9761146306991577,0.002552242483943701
0.9989782571792603,0.0008112922077998519,0.0001469176058890298,3.896587440976873e-05,2.456743095535785e-05
0.0009750074241310358,0.0005141820292919874,0.00823289342224598,0.44206076860427856,0.5482171773910522
0.0003038441645912826,0.0010430624242872,0.9933357238769531,0.0052375695668160915,7.978927897056565e-05
0.9953931570053101,0.004321714863181114,0.0001742102758726105,7.303545862669125e-05,3.786576780839823e-05
0.0003833534719888121,0.0009375627269037068,0.02513023465871811,0.9580512046813965,0.015497702173888683
0.9989495873451233,0.0009538194281049073,4.672534123528749e-05,3.491143070277758e-05,1.4940869732527062e-05
0.0015942592872306705,0.0036461076233536005,0.7368459701538086,0.2558530867099762,0.002060564700514078
0.00015148636884987354,0.00045445284922607243,0.001588427578099072,0.02386222966015339,0.9739434719085693
0.0007286591571755707,0.1267300248146057,0.868582010269165,0.003483981592580676,0.000475302484119311
0.9986138343811035,0.0010604707058519125,0.00027218859759159386,2.9963583074277267e-05,2.34904855460627e-05
0.9976673126220703,0.002139278221875429,0.00013228922034613788,4.4410164264263585e-05,1.6753388990764506e-05
0.42154186964035034,0.5075231194496155,0.06938616931438446,0.0010668843751773238,0.00048193518887273967
0.998082160949707,0.0013547319686040282,0.0001859835465438664,0.0003466189082246274,3.046214442292694e-05
0.0010356010170653462,0.8124081492424011,0.18542400002479553,0.0009851070353761315,0.00014713825657963753
0.0024629654362797737,0.0019617837388068438,0.269472599029541,0.7168862223625183,0.009216454811394215
0.0007075183093547821,0.11558625102043152,0.8666592240333557,0.016687097027897835,0.0003598621115088463
0.05063265934586525,0.9201119542121887,0.02356455847620964,0.00526507617905736,0.00042581462184898555
0.4861127734184265,0.5050429701805115,0.007732283789664507,0.0007284894236363471,0.0003834520757663995
0.9954245686531067,0.003404581919312477,0.000988203682936728,0.00010922364890575409,7.34122731955722e-05
0.864837646484375,0.13232935965061188,0.0023148723412305117,0.00042252670391462743,9.552788105793297e-05
0.003412744030356407,0.04431524500250816,0.9481382966041565,0.0033961632288992405,0.0007375507266260684
0.0007276167743839324,0.0009141915943473577,0.016477635130286217,0.8915130496025085,0.09036756306886673
0.0004407430824358016,0.0028098751790821552,0.9922174215316772,0.004398086108267307,0.00013387967192102224
0.001711299060843885,0.19310487806797028,0.288008451461792,0.5154971480369568,0.0016782243037596345
0.004959625191986561,0.18783527612686157,0.8014875054359436,0.005413906183093786,0.000303636712487787
0.9988157749176025,0.0010229572653770447,0.00010517449845792726,3.73419898096472e-05,1.8758420992526226e-05
0.9929599165916443,0.006062396336346865,0.0007458201725967228,0.00014605632168240845,8.576878462918103e-05
0.08353474736213684,0.8883630633354187,0.025766491889953613,0.0020493967458605766,0.0002863593108486384
0.00048360071377828717,0.045236509293317795,0.9531009197235107,0.001061110757291317,0.00011787263065343723
0.9525191783905029,0.04588647186756134,0.0013230303302407265,0.00017258324078284204,9.868067718343809e-05
0.00021592470875475556,0.0009800309780985117,0.07647567242383957,0.9193856716156006,0.002942700171843171
0.9984221458435059,0.001366521930322051,0.00014164100866764784,3.6659133911598474e-05,3.309470776002854e-05
0.15662002563476562,0.8223958611488342,0.01838468201458454,0.0018823023419827223,0.0007171688484959304
0.0005973321967758238,0.001045522978529334,0.6710996031761169,0.32680365443229675,0.0004539254296105355
0.5118995308876038,0.4822269678115845,0.005003760103136301,0.0006455707480199635,0.00022416238789446652
0.998275876045227,0.0013533469755202532,0.0002844970440492034,5.8689074649009854e-05,2.754108572844416e-05
0.24896180629730225,0.34936681389808655,0.39626169204711914,0.0047309244982898235,0.0006787505117245018
0.006222764030098915,0.8806502819061279,0.09993851184844971,0.012836317531764507,0.00035214924719184637
0.002571272663772106,0.9555733799934387,0.03993002325296402,0.001663832226768136,0.00026147012249566615
0.0007270577480085194,0.07944298535585403,0.9185495972633362,0.001149660092778504,0.00013076551840640604
0.0017971411580219865,0.0025906204245984554,0.040006522089242935,0.9544636011123657,0.001142148277722299
0.9994964599609375,0.00040832394734025,4.923502274323255e-05,2.7336960556567647e-05,1.8580632968223654e-05
0.0007864681538194418,0.0013422946212813258,0.3277016282081604,0.6695602536201477,0.0006093839765526354
0.0010264612501487136,0.0017523590940982103,0.06715738773345947,0.23092833161354065,0.6991354823112488
0.00031621730886399746,0.0011154322419315577,0.30529704689979553,0.6926058530807495,0.000665453088004142
0.003192533738911152,0.836523711681366,0.1585216522216797,0.001429981435649097,0.0003320984251331538
0.9986553192138672,0.0011862327810376883,7.72032217355445e-05,6.63416794850491e-05,1.4932266822142992e-05
0.999174177646637,0.000721022835932672,6.73665344947949e-05,2.427636536594946e-05,1.308413175138412e-05
0.15690773725509644,0.8017126321792603,0.03407515585422516,0.0067342850379645824,0.0005702198250219226
0.24480615556240082,0.6847294569015503,0.06893610954284668,0.0012767553562298417,0.000251509714871645
0.9402312636375427,0.055818721652030945,0.0025707015302032232,0.001011048094369471,0.0003682607493828982
0.0001450645795557648,0.00023740170581731945,0.0032348905224353075,0.06044307351112366,0.9359395503997803
0.0018159336177632213,0.06724631786346436,0.9259728789329529,0.004714966285973787,0.00024992015096358955
0.9246556162834167,0.0731872022151947,0.0016660148976370692,0.0004082935629412532,8.286946103908122e-05
0.3420892059803009,0.6477486491203308,0.009296834468841553,0.0006495852139778435,0.00021571593242697418
0.9656857848167419,0.0325053445994854,0.0013097901828587055,0.00040171301225200295,9.739272354636341e-05
0.00044212606735527515,0.0028897516895085573,0.9595794677734375,0.03692854940891266,0.00016008499369490892
2.6860421712626703e-05,4.2916199163300917e-05,0.00016809167573228478,0.0015839808620512486,0.9981781244277954
0.0014031220925971866,0.0022350274957716465,0.824285626411438,0.17110513150691986,0.0009710632730275393
0.000717738876119256,0.0011690284591168165,0.011234013363718987,0.38849732279777527,0.5983819365501404
0.00015699464711360633,0.001036870526149869,0.9931849837303162,0.005552091170102358,6.911497621331364e-05
0.0011481385445222259,0.0018605929799377918,0.21533839404582977,0.7698794603347778,0.011773393489420414
0.0006030928925611079,0.009454233571887016,0.7085105776786804,0.27999353408813477,0.0014385441318154335
0.0014646976487711072,0.15454182028770447,0.8392734527587891,0.00442942650988698,0.0002905628352891654
0.0005986599717289209,0.0007261271821334958,0.9039992690086365,0.09404095262289047,0.0006349728791974485
0.000975175469648093,0.02573801763355732,0.9680375456809998,0.005059565883129835,0.00018962364993058145
0.0008324942318722606,0.5310920476913452,0.46425479650497437,0.0034297204110771418,0.0003909170627593994
0.5390629172325134,0.40563055872917175,0.053953081369400024,0.000682882615365088,0.000670526351314038
0.0003836977411992848,0.3376535177230835,0.6599848866462708,0.001865269965492189,0.00011258628364885226
0.0006162340869195759,0.0014881233219057322,0.04093633592128754,0.9138771295547485,0.04308218136429787
0.056042447686195374,0.7120097279548645,0.22994700074195862,0.0014108397299423814,0.0005900271353311837
0.2880537509918213,0.5677623152732849,0.14178557693958282,0.0018145802896469831,0.0005837867502123117
0.10713750869035721,0.8712598085403442,0.019769228994846344,0.0015713657485321164,0.0002620456798467785
0.0016948056872934103,0.003286765655502677,0.016904078423976898,0.35202571749687195,0.6260886192321777
0.9493026733398438,0.0491185188293457,0.0012988910311833024,0.00019261465058661997,8.72970194905065e-05
0.00024343532277271152,0.00040473949047736824,0.005396449472755194,0.07686597853899002,0.9170893430709839
0.7584797739982605,0.2300676852464676,0.010525588877499104,0.0007715490064583719,0.00015543635527137667
0.28405895829200745,0.6992313265800476,0.015733670443296432,0.0007854833384044468,0.00019056678866036236
0.0011520006228238344,0.004547490738332272,0.9833968281745911,0.010742799378931522,0.00016086007235571742
0.0011373755987733603,0.3421977162361145,0.646562933921814,0.009660743176937103,0.00044129512389190495
0.0001311420346610248,0.00020713472622446716,0.0008280681795440614,0.05839834362268448,0.9404353499412537
0.9992369413375854,0.0006375121301971376,7.580182864330709e-05,3.411944635445252e-05,1.5603704014210962e-05
0.005850709974765778,0.019759278744459152,0.9718254804611206,0.002155979862436652,0.0004085721739102155
0.0002903489803429693,0.0009175197337754071,0.655762791633606,0.3420813977718353,0.0009479701984673738
0.022678682580590248,0.9487426280975342,0.026815198361873627,0.0013880146434530616,0.00037540533230639994
0.0005494696670211852,0.09939700365066528,0.8987185955047607,0.0011833739699795842,0.00015153203275986016
0.0006326991715468466,0.0009759770473465323,0.004230753518640995,0.2299719750881195,0.7641885876655579
0.09952914714813232,0.30249151587486267,0.5966161489486694,0.000784927629865706,0.0005782554508186877
4.7203364374581724e-05,9.439722634851933e-05,0.00024198506434913725,0.00539149297401309,0.9942249655723572
0.9996228218078613,0.00029113813070580363,5.5435117246815935e-05,1.702374720480293e-05,1.3549106370192021e-05
0.9986255168914795,0.0010044550290331244,0.00022834948322270066,0.00010267311881761998,3.904826007783413e-05
0.0030388811137527227,0.9338662028312683,0.060371510684490204,0.002405545674264431,0.0003179215418640524
0.38598257303237915,0.6009692549705505,0.011363604106009007,0.0010668024187907577,0.0006177668110467494
0.0010103603126481175,0.0014731489354744554,0.39296314120292664,0.6026322841644287,0.0019210671307519078
0.0003708477597683668,0.5546689629554749,0.4427185356616974,0.0021179395262151957,0.00012366361625026911
0.29303279519081116,0.6751224994659424,0.02813403494656086,0.0028839774895459414,0.0008267183438874781
0.000604809436481446,0.0031560242641717196,0.9757965803146362,0.02025921829044819,0.00018337235087528825
0.03057745285332203,0.15175172686576843,0.8146694302558899,0.002609256189316511,0.0003921715833712369
0.9971029162406921,0.00253116013482213,0.00021180554176680744,9.955653513316065e-05,5.450287426356226e-05
0.008624453097581863,0.43329083919525146,0.5549511313438416,0.0028444183990359306,0.0002891743497457355
0.00047152055776678026,0.049800947308540344,0.9472325444221497,0.0023700783494859934,0.0001249222841579467
0.000527207157574594,0.0012503121979534626,0.9516950845718384,0.046321894973516464,0.0002054600918199867
0.00043643341632559896,0.0007858331082388759,0.6934593319892883,0.30473950505256653,0.0005789340357296169
0.0009739607921801507,0.22190308570861816,0.7755043506622314,0.0014666297938674688,0.00015196108142845333
0.9995827078819275,0.0002702112833503634,0.00011548965267138556,1.7985907106776722e-05,1.3573911019193474e-05
0.0012576585868373513,0.4161616563796997,0.5809016823768616,0.0015151506522670388,0.00016386543575208634
0.0007935534813441336,0.040274977684020996,0.9447216987609863,0.013944435864686966,0.000265308452071622
0.0021182175260037184,0.8255313038825989,0.1655885875225067,0.006517302710562944,0.0002445888821966946
0.9980241060256958,0.001611226936802268,0.00028295727679505944,5.2057035645702854e-05,2.9705621273024008e-05
0.00020201758889015764,0.0010338615393266082,0.977163553237915,0.021481838077306747,0.00011877519136760384
0.003224592888727784,0.003451565746217966,0.14487604796886444,0.7406823635101318,0.10776536166667938
0.0008812165469862521,0.002435703296214342,0.20762832462787628,0.7866754531860352,0.002379304962232709
0.9995691180229187,0.00034394513932056725,5.041077747591771e-05,2.5447099687880836e-05,1.1122475370939355e-05
0.00136469304561615,0.0023079500533640385,0.9301682710647583,0.06593185663223267,0.00022722399444319308
0.9817560911178589,0.01775224693119526,0.0003227319393772632,0.00011370629363227636,5.522920037037693e-05
0.001120204571634531,0.0016751517541706562,0.19380371272563934,0.7067903280258179,0.09661062806844711
0.0003070973325520754,0.001488615176640451,0.8886500000953674,0.10900247097015381,0.0005518455291166902
0.00034666035207919776,0.0018561012111604214,0.9033764004707336,0.09422527998685837,0.00019559133215807378
0.991895854473114,0.007762322202324867,0.0002434755297144875,6.994495925027877e-05,2.8358888812363148e-05
0.31023237109184265,0.6677046418190002,0.019071703776717186,0.002554550999775529,0.00043668635771609843
0.001900663715787232,0.42973875999450684,0.5632748603820801,0.004861301742494106,0.0002244272327516228
0.002180648036301136,0.04517107084393501,0.9290966987609863,0.022937364876270294,0.0006142350612208247
0.990260660648346,0.009027989581227303,0.0004232425126247108,0.00019808167417068034,9.004634921438992e-05
0.5828056931495667,0.40963029861450195,0.006762527860701084,0.00041827678796835244,0.000383202190278098
0.00022937345784157515,0.00040282486588694155,0.04355858266353607,0.9552485942840576,0.0005606329068541527
0.0006580287590622902,0.000825765891931951,0.006680834107100964,0.9695420861244202,0.02229331061244011
0.0006912052049301565,0.06437329947948456,0.9270272850990295,0.007604116573929787,0.00030402516131289303
0.0007986014243215322,0.03045470640063286,0.9303683638572693,0.03787205368280411,0.0005062187556177378
0.03358219936490059,0.8727939128875732,0.09186634421348572,0.0014880814123898745,0.00026947830338031054
0.00040061736945062876,0.01642517000436783,0.980535089969635,0.0025288232136517763,0.00011029772576875985
0.00014494368224404752,0.00037071536644361913,0.0031773110385984182,0.9957559704780579,0.000551055243704468
0.9979161620140076,0.0014239737065508962,0.0005376972840167582,8.992630318971351e-05,3.2273161195917055e-05
0.0016210508765652776,0.0019132624147459865,0.5420049428939819,0.4086765944957733,0.04578414186835289
0.0006093187257647514,0.004081817343831062,0.9528145790100098,0.04223410040140152,0.0002601702872198075
0.01397029496729374,0.9146312475204468,0.06801676005125046,0.0027191373519599438,0.0006626150570809841
0.0005680684116668999,0.023967651650309563,0.9658817052841187,0.009235772304236889,0.0003468722861725837
0.0007617159280925989,0.0014986100140959024,0.10204798728227615,0.8804008364677429,0.015290888957679272
0.9275949001312256,0.07175220549106598,0.00038248312193900347,0.00017000286607071757,0.00010041606583399698
0.9983495473861694,0.0010878590401262045,0.00041277246782556176,0.00010625732102198526,4.3604257371043786e-05
0.7286171913146973,0.2187424749135971,0.051094554364681244,0.0010081555228680372,0.0005376232438720763
3.7052966945338994e-05,0.00010490419663256034,0.0003277445212006569,0.004098279867321253,0.9954320192337036
0.9170032143592834,0.08214809000492096,0.00046701639075763524,0.00024873061920516193,0.00013298666453920305
0.11659551411867142,0.3725489377975464,0.5038549304008484,0.0062212347984313965,0.0007793972617946565
0.01374536007642746,0.920933187007904,0.06413472443819046,0.0009058338473550975,0.0002809607540257275
0.0009154367726296186,0.004331289324909449,0.3015303611755371,0.6594144105911255,0.03380851075053215
0.9962945580482483,0.003195633413270116,0.0003510724345687777,0.0001165927606052719,4.213469583191909e-05
0.0008862373069860041,0.0015391259221360087,0.09573400765657425,0.9008647203445435,0.0009759456152096391
0.6900875568389893,0.3056868612766266,0.0035270736552774906,0.0005249911337159574,0.00017345389642287046
0.937627375125885,0.06036436930298805,0.0016926057869568467,0.0002206369099440053,9.505906200502068e-05
0.8546218872070312,0.13786032795906067,0.006287080701440573,0.0010171020403504372,0.00021361440303735435
0.9735683798789978,0.025794507935643196,0.0004919274360872805,8.816771151032299e-05,5.703212445951067e-05
0.8991721272468567,0.09080229699611664,0.007476839702576399,0.0022103877272456884,0.0003383699804544449
0.9956022500991821,0.0030864046420902014,0.0011155878892168403,0.00012455059913918376,7.119781366782263e-05
0.0555039681494236,0.9065542817115784,0.0336967296898365,0.003916497342288494,0.00032849988201633096
0.0007769853109493852,0.002379591576755047,0.012295147404074669,0.9157356023788452,0.06881263852119446
0.9994762539863586,0.00044350067037157714,4.54883229394909e-05,2.5900848413584754e-05,8.91573745320784e-06
0.999397873878479,0.00041347494698129594,0.00015860713028814644,1.8631746570463292e-05,1.1449942576291505e-05
0.35794225335121155,0.6135377287864685,0.026932483538985252,0.0010911044664680958,0.0004964200779795647
0.66841059923172,0.3273448050022125,0.003716697683557868,0.00033485720632597804,0.00019306049216538668
0.00047859904589131474,0.0010026138043031096,0.03167402371764183,0.963385820388794,0.0034589117858558893
0.0003922242613043636,0.0027437268290668726,0.9862380027770996,0.010523699223995209,0.0001023065487970598
0.0004205060249660164,0.07637340575456619,0.9184420704841614,0.004543490242213011,0.00022052078566048294
0.8903367519378662,0.10854766517877579,0.0006275533232837915,0.0002990557695738971,0.0001889096893137321
0.0005088103353045881,0.000780011061578989,0.39633816480636597,0.6014530062675476,0.0009199518826790154
0.0010259111877530813,0.20083068311214447,0.7966268062591553,0.0013365036575123668,0.0001800469181034714
0.0005756088066846132,0.0025821030139923096,0.9790109992027283,0.017681773751974106,0.00014952669152989984
0.9052024483680725,0.09274212270975113,0.0017500969115644693,0.00021859390835743397,8.668711234349757e-05
0.0009182540816254914,0.0012634822633117437,0.018075434491038322,0.46817222237586975,0.5115706324577332
0.9961185455322266,0.003609653329476714,0.00015289649309124798,7.430050754919648e-05,4.462162178242579e-05
0.8073517084121704,0.18454483151435852,0.007309663575142622,0.0005420573870651424,0.00025172694586217403
0.4308595359325409,0.5465677976608276,0.02112487144768238,0.001080540707334876,0.0003672629245556891
0.13941165804862976,0.8543239831924438,0.004617403261363506,0.0010478716576471925,0.0005990666104480624
0.03243180736899376,0.8611581921577454,0.09483329206705093,0.010864537209272385,0.0007121988455764949
0.04611533507704735,0.8864343762397766,0.06624164432287216,0.0008656185818836093,0.00034304283326491714
0.004388988949358463,0.9464278221130371,0.04820544645190239,0.0008573205559514463,0.00012042609159834683
0.0006056208512745798,0.06367138773202896,0.9212598204612732,0.014093143865466118,0.00037002115277573466
0.07325561344623566,0.7951624393463135,0.12915995717048645,0.0016799010336399078,0.0007420841138809919
0.9975842237472534,0.0021647082176059484,0.0001396283769281581,6.973776908125728e-05,4.172540866420604e-05
0.0030023353174328804,0.7702051997184753,0.2238238900899887,0.0026830818969756365,0.000285536574665457
0.255875825881958,0.732131838798523,0.011068880558013916,0.0007273940718732774,0.00019601720850914717
0.00017284009663853794,0.0002456691290717572,0.010338899679481983,0.95905601978302,0.03018653579056263
2.116050382028334e-05,4.151691609877162e-05,0.0001983742549782619,0.0023683595936745405,0.9973706007003784
0.0016013123095035553,0.9511968493461609,0.04473229870200157,0.0022310339845716953,0.0002384635736234486
0.00014306562661658973,0.0002468746097292751,0.11240676045417786,0.8868699073791504,0.0003334078937768936
0.04581703990697861,0.9509103894233704,0.002441841410472989,0.0004835711151827127,0.00034711905755102634
0.9429159164428711,0.05154457315802574,0.004784347489476204,0.0005261700716800988,0.00022903690114617348
0.0022417805157601833,0.04492780566215515,0.9523274898529053,0.0003822428116109222,0.00012070148659404367
0.9897986650466919,0.009796320460736752,0.00026073239860124886,0.00010088778799399734,4.335340781835839e-05
0.14219698309898376,0.8492688536643982,0.007664543576538563,0.0005962660652585328,0.00027331794262863696
0.0013004342326894403,0.9434159994125366,0.05428585410118103,0.0008800508221611381,0.00011759928020182997
0.0007605343125760555,0.005971338599920273,0.7274555563926697,0.2649575471878052,0.0008550248458050191
0.9836761355400085,0.015186862088739872,0.0008815979235805571,0.00016875503933988512,8.671874820720404e-05
0.020187271758913994,0.9684481620788574,0.010244255885481834,0.0009532759431749582,0.00016699708066880703
0.0005098058027215302,0.001007190439850092,0.24340179562568665,0.7542533874511719,0.0008278438472189009
0.28863272070884705,0.6746703386306763,0.03503720462322235,0.0012497665593400598,0.00040997419273480773
0.0005978369154036045,0.0008220928139053285,0.130656898021698,0.8180253505706787,0.04989784583449364
0.9993345141410828,0.0004375852004159242,0.0001760097948135808,3.582887802622281e-05,1.606935984455049e-05
2.890103314712178e-05,3.1024563213577494e-05,0.00021378691599238664,0.004667151253670454,0.9950591325759888
0.00037167133996263146,0.0007706786273047328,0.7095983028411865,0.2890610694885254,0.00019828294171020389
0.000426757411332801,0.002159704687073827,0.976294994354248,0.020973090082406998,0.00014543061843141913
0.03358786180615425,0.7779974937438965,0.18459804356098175,0.0032684658654034138,0.0005480908439494669
0.0013781103771179914,0.00930448155850172,0.028509471565485,0.9353712797164917,0.025436662137508392
0.3583356440067291,0.634761393070221,0.0063139935955405235,0.00036209591780789196,0.00022688588069286197
0.0001396998850395903,0.00031980976928025484,0.002429664134979248,0.03790277615189552,0.9592080116271973
0.012300747446715832,0.5736186504364014,0.41006967425346375,0.003656098386272788,0.00035486338310875
0.0007142024696804583,0.01823277398943901,0.9732292294502258,0.007602972444146872,0.00022083464136812836
0.49213698506355286,0.4860221743583679,0.020767683163285255,0.0007274370873346925,0.00034568746923469007
0.0001970223820535466,0.00029850879218429327,0.0011526684975251555,0.11465561389923096,0.8836961984634399
0.04787803813815117,0.9356657862663269,0.014795794151723385,0.001367996446788311,0.00029237728449516
0.1915125548839569,0.61644446849823,0.19080716371536255,0.0007188801537267864,0.000516954401973635
0.49476051330566406,0.5032126903533936,0.001587022328749299,0.0002382498059887439,0.00020154973026365042
0.0003214569005649537,0.0005477035883814096,0.04336201027035713,0.9549657106399536,0.0008031607721932232
0.00022246543085202575,0.0006439019343815744,0.9012244343757629,0.09763980656862259,0.0002693799033295363
0.9989558458328247,0.0007687773904763162,0.00017390241555403918,7.433675637003034e-05,2.717068673518952e-05
0.9879612326622009,0.01121415663510561,0.000521804962772876,0.00022242993873078376,8.031607285374776e-05
0.0004204851284157485,0.0006725147250108421,0.06285934150218964,0.9336627721786499,0.0023849017452448606
0.0005194557015784085,0.005018000490963459,0.9597352147102356,0.034408893436193466,0.00031840719748288393
0.08223547786474228,0.8857325315475464,0.03033050149679184,0.001252865418791771,0.000448633887572214
3.512077819323167e-05,6.255900370888412e-05,0.00012778829841408879,0.0023651302326470613,0.9974094033241272
0.00021494693646673113,0.00044740704470314085,0.0055574895814061165,0.9915128350257874,0.002267303178086877
0.999125063419342,0.0007509497809223831,7.080384966684505e-05,3.580026168492623e-05,1.737313505145721e-05
0.057284172624349594,0.6346310973167419,0.3036854565143585,0.003629263024777174,0.0007700329297222197
0.012300585396587849,0.8134806156158447,0.16889934241771698,0.00488264998421073,0.00043681974057108164
0.9990500807762146,0.0008248020894825459,8.30537683214061e-05,2.7453994334791787e-05,1.4610411199100781e-05
0.9381241798400879,0.06070442870259285,0.0006612223805859685,0.00038413668517023325,0.00012597032764460891
0.9739457964897156,0.024089956656098366,0.0014954357175156474,0.0003608233528211713,0.00010796132119139656
0.9939174056053162,0.003311925334855914,0.0014984927838668227,0.001154078054241836,0.00011809331044787541
0.0020086420699954033,0.822300910949707,0.16857823729515076,0.0068412465043365955,0.00027099295402877033
0.0002092645736411214,0.0006569462711922824,0.039157934486866,0.9541340470314026,0.005841822363436222
0.000378650234779343,0.0007409929530695081,0.019642973318696022,0.8364924192428589,0.14274492859840393
0.0019528177799656987,0.5516347885131836,0.4402908384799957,0.005877034738659859,0.0002445011923555285
0.3748050630092621,0.5537971258163452,0.06932885944843292,0.0012373181525617838,0.0008316016755998135
0.00025243195705115795,0.010204189456999302,0.986283540725708,0.003144067944958806,0.00011579429701669142
0.00028549571288749576,0.0018052576342597604,0.9880121946334839,0.009806688874959946,9.033470269059762e-05
0.9982061386108398,0.0014622467570006847,0.00018467288464307785,0.00011026375432265922,3.6660920159192756e-05
0.0002733127912506461,0.0007483694353140891,0.0161565113812685,0.96466064453125,0.018161101266741753
0.996480405330658,0.0028858198784291744,0.000486293836729601,9.495341510046273e-05,5.2595420129364356e-05
0.7807837128639221,0.20807909965515137,0.010626750998198986,0.00032832709257490933,0.00018211817950941622
0.0034823499154299498,0.3001076281070709,0.6924476027488708,0.0034145081881433725,0.0005479487008415163
0.008895392529666424,0.9110459089279175,0.07377096265554428,0.00572942104190588,0.0005582896992564201
0.6719102263450623,0.3038879632949829,0.021877124905586243,0.0011552571086212993,0.0011694864369928837
0.9689016342163086,0.02586914412677288,0.0030016188975423574,0.0020137899555265903,0.00021385888976510614
0.0015068629290908575,0.0031834552064538,0.033664241433143616,0.7157953977584839,0.24585002660751343
0.9988225102424622,0.0007713253726251423,0.0002864037232939154,7.453133002854884e-05,4.524323230725713e-05
0.0022770841605961323,0.9013140201568604,0.09496050328016281,0.001236670883372426,0.00021174224093556404
0.0006302374531514943,0.0007755078258924186,0.9125040769577026,0.0858921930193901,0.0001979762892005965
0.0006415815441869199,0.001683322712779045,0.033886123448610306,0.9411272406578064,0.02266167476773262
0.9942177534103394,0.0054505267180502415,0.00022620035451836884,6.661405495833606e-05,3.891210872097872e-05
0.00021577630832325667,0.0003962984774261713,0.006821040529757738,0.9921485185623169,0.000418318435549736
0.9990010857582092,0.0008371842559427023,0.00012216760660521686,2.131556539097801e-05,1.8301641830476e-05
0.0021494708489626646,0.0033995427656918764,0.8730028867721558,0.12099269032478333,0.00045542718726210296
0.0007126692798919976,0.0016857889713719487,0.030589312314987183,0.679104208946228,0.28790804743766785
0.5295112729072571,0.44842395186424255,0.011039781384170055,0.008525008335709572,0.0024999799206852913
0.7579568028450012,0.2371436357498169,0.003260547062382102,0.00112786958925426,0.0005111487116664648
0.00023829436395317316,0.00041870612767525017,0.01502870861440897,0.978413462638855,0.005900855176150799
0.9991740584373474,0.0007010664558038116,7.007535896264017e-05,3.348792961332947e-05,2.12829345400678e-05
0.9842459559440613,0.01545457448810339,0.00018749410810414702,7.244607695611194e-05,3.954542989959009e-05
0.041808970272541046,0.9086069464683533,0.04758761078119278,0.0017136846436187625,0.00028276213561184704
0.09132471680641174,0.8985381126403809,0.008764511905610561,0.0007416308508254588,0.0006310415337793529
0.00016849390522111207,0.0004908783594146371,0.032650116831064224,0.965511679649353,0.001178812817670405
0.9969841837882996,0.002493180800229311,0.0003668931021820754,0.00010067583207273856,5.5087468354031444e-05
0.14751532673835754,0.8371372818946838,0.013327841646969318,0.0017503744456917048,0.00026920231175608933
3.6338675272418186e-05,8.285426156362519e-05,0.00018838535470422357,0.003344422671943903,0.9963480830192566
0.0006132490234449506,0.00120601209346205,0.5185933113098145,0.47723495960235596,0.0023524833377450705
0.028417736291885376,0.9142728447914124,0.056176505982875824,0.0009032287634909153,0.00022962555522099137
0.1602146476507187,0.6099398136138916,0.2280537188053131,0.001403455506078899,0.00038837926695123315
0.006984164472669363,0.7469592094421387,0.1650073379278183,0.07851650565862656,0.002532830461859703
0.0003509627713356167,0.05843333527445793,0.9384744167327881,0.0025937140453606844,0.00014759908663108945
0.0008165418985299766,0.0013863694621250033,0.023080071434378624,0.9727922081947327,0.0019248401513323188
0.8738963603973389,0.12482485175132751,0.0009387469035573304,0.00020374541054479778,0.0001362541370326653
0.011242462322115898,0.8708962202072144,0.1141279935836792,0.003466510446742177,0.00026683369651436806
0.0008339667692780495,0.5285453200340271,0.46813732385635376,0.0022488883696496487,0.000234494567848742
0.0009212101576849818,0.03661680221557617,0.9215235114097595,0.040252022445201874,0.0006864281604066491
0.0003653072053566575,0.0009110293467529118,0.9866405129432678,0.011907258071005344,0.00017587660113349557
0.0729076936841011,0.8277007341384888,0.09282252937555313,0.005825457163155079,0.0007436008309014142
0.15005187690258026,0.8152289390563965,0.032032813876867294,0.001927561010234058,0.0007588524604216218
0.9988700747489929,0.0009287745342589915,0.00011194774560863152,6.786769517930225e-05,2.1334286429919302e-05
0.9970924854278564,0.002417720388621092,0.00033642613561823964,8.384101238334551e-05,6.951147952349856e-05
0.0007270519272424281,0.015034877695143223,0.9509365558624268,0.03281990438699722,0.0004815762222278863
0.27234384417533875,0.513964831829071,0.20666126906871796,0.005725034046918154,0.0013050505658611655
0.0008798410999588668,0.3502243757247925,0.6457003951072693,0.0029766743537038565,0.00021871567878406495
0.5027281045913696,0.4869178235530853,0.00963970273733139,0.0005439279484562576,0.0001704420574242249
0.0011949763866141438,0.3761286735534668,0.6180931329727173,0.004212350584566593,0.00037086132215335965
0.000332460505887866,0.0004133505281060934,0.0162951722741127,0.5104780197143555,0.47248101234436035
0.007727059070020914,0.5210959911346436,0.46611350774765015,0.004419631790369749,0.0006437972187995911
0.7185250520706177,0.24768678843975067,0.03206362575292587,0.001421521999873221,0.0003030015795957297
0.000519102846737951,0.037770070135593414,0.9585365653038025,0.0030753437895327806,9.891457011690363e-05
0.0010959395440295339,0.004260570276528597,0.9098791480064392,0.08346271514892578,0.0013015809236094356
0.007554346229881048,0.8772681951522827,0.11449255049228668,0.0005063252174295485,0.00017854008183348924
0.6104282140731812,0.3811521530151367,0.007379183545708656,0.0006526247598230839,0.00038775891880504787
0.8621749877929688,0.1306888610124588,0.004596628248691559,0.0017371929716318846,0.0008023460977710783
0.022873148322105408,0.2832576334476471,0.6894795894622803,0.004011708311736584,0.00037790954229421914
0.0008874248014762998,0.0014036353677511215,0.8661751747131348,0.12988491356372833,0.0016488430555909872
0.8186569809913635,0.1795148253440857,0.001619323855265975,0.00015680848446208984,5.205362685956061e-05
0.9901330471038818,0.009514794684946537,0.00021999554883223027,8.558839908801019e-05,4.656912278733216e-05
0.9990010857582092,0.0008318186737596989,0.00010172618203796446,4.322410313761793e-05,2.2199395971256308e-05
0.9756733179092407,0.022861482575535774,0.0009646223043091595,0.0003846194304060191,0.00011592893861234188
0.000682117766700685,0.002420934149995446,0.5502367615699768,0.44507211446762085,0.0015880207065492868
0.00039502207073383033,0.0009296348434872925,0.9674766659736633,0.030971696600317955,0.0002270299446536228
0.9980870485305786,0.0015310458838939667,0.00029506164719350636,6.344843131955713e-05,2.347590088902507e-05
0.7271931171417236,0.2679879367351532,0.0038238682318478823,0.0007595822680741549,0.00023556177620775998
0.03033282235264778,0.5843465924263,0.38212937116622925,0.0025426961947232485,0.0006485012709163129
0.0006280131638050079,0.0028079496696591377,0.32471293210983276,0.668637752532959,0.003213354852050543
9.588320972397923e-05,0.00018655745952855796,0.0006291656754910946,0.015541906468570232,0.9835464954376221
0.14995168149471283,0.5650089383125305,0.26409995555877686,0.01921563409268856,0.0017238043947145343
0.9944834113121033,0.003990639932453632,0.0012572933919727802,0.00015906641783658415,0.0001095944971893914
0.9792065620422363,0.020322812721133232,0.0002894773206207901,0.00010245195153402165,7.866891974117607e-05
0.00022951321443542838,0.0006937457364983857,0.03977597504854202,0.9589742422103882,0.00032649131026118994
0.0005828355788253248,0.0011730061378329992,0.016385868191719055,0.9690249562263489,0.01283330749720335
0.0005651015671901405,0.01451125182211399,0.879959762096405,0.10371042788028717,0.0012535072164610028
0.0006333309574984014,0.0017108941683545709,0.03149103745818138,0.8662608861923218,0.09990379959344864
0.0011180422734469175,0.7552174925804138,0.2364727407693863,0.00698376027867198,0.0002079677360597998
0.995019793510437,0.0030849301256239414,0.0007154105696827173,0.0009255041368305683,0.0002543798182159662
0.9994032382965088,0.0003649112768471241,0.00018246425315737724,2.7127409339300357e-05,2.226839387731161e-05
0.0006179248448461294,0.012388150207698345,0.7834769487380981,0.2027442455291748,0.0007726664771325886
0.7526127099990845,0.243672713637352,0.002732200315222144,0.0006997051532380283,0.0002826541312970221
0.9972941279411316,0.002190560568124056,0.0003875852271448821,9.037648851517588e-05,3.732918412424624e-05
0.8992040753364563,0.09856612980365753,0.0015058264834806323,0.00044304184848442674,0.00028094672597944736
0.0007709169876761734,0.08883192390203476,0.9030197262763977,0.007069958373904228,0.00030749154393561184
0.000247625051997602,0.043391186743974686,0.9513586759567261,0.0048065828159451485,0.00019597348000388592
0.00018278570496477187,0.0003125671355519444,0.1256479173898697,0.8735963702201843,0.00026031467132270336
0.0004570039745885879,0.001045128214173019,0.008735300973057747,0.5795469880104065,0.4102156162261963
0.06739061325788498,0.9097143411636353,0.020788289606571198,0.0007944864337332547,0.0013121997471898794
0.0024562235921621323,0.17578989267349243,0.8209946155548096,0.0005209797527641058,0.00023828372650314122
0.0008777366601862013,0.002405882813036442,0.059702858328819275,0.9047742486000061,0.03223929554224014
0.0006155944429337978,0.0012274807086214423,0.02498602122068405,0.8518491983413696,0.12132169306278229
0.005140075460076332,0.7766717672348022,0.216914102435112,0.0011115344241261482,0.00016251325723715127
0.0016765763284638524,0.00041611556662246585,0.002189135178923607,0.024126198142766953,0.9715920090675354
0.9994438290596008,0.00036350288428366184,0.0001516970369266346,2.2399333829525858e-05,1.850916123657953e-05
0.0005126146133989096,0.00079957558773458,0.015310408547520638,0.7021485567092896,0.28122881054878235
0.0005105440504848957,0.0013059149496257305,0.01640063151717186,0.9734811782836914,0.00830173585563898
0.3495352268218994,0.6151512265205383,0.03240181878209114,0.0022488583344966173,0.0006629076087847352
0.0003806276072282344,0.0007650335901416838,0.005700268782675266,0.27944284677505493,0.7137112617492676
0.9908780455589294,0.007016838062554598,0.0016582668758928776,0.00028184097027406096,0.00016504137602169067
0.9989418387413025,0.0008745566010475159,0.0001271321380045265,3.161232598358765e-05,2.4847917302395217e-05
0.0007135433843359351,0.3922778367996216,0.603939414024353,0.0028221162501722574,0.0002470558392815292
0.02680230513215065,0.26287075877189636,0.7066193222999573,0.0033365932758897543,0.0003710090240929276
0.0001857314200606197,0.00048587130731903017,0.25085338950157166,0.7479442954063416,0.0005306832608766854
0.0006430885405279696,0.0032874736934900284,0.9188501834869385,0.07638570666313171,0.0008335135062225163
0.23470020294189453,0.7411063313484192,0.012560411356389523,0.008197707124054432,0.0034353663213551044
0.03778728097677231,0.2942672073841095,0.6161835193634033,0.050895560532808304,0.0008664398919790983
0.998167872428894,0.0012816354865208268,0.0004043948429170996,9.70827168202959e-05,4.8984795284923166e-05
0.0005663936026394367,0.004718216601759195,0.29033637046813965,0.701239824295044,0.0031391740776598454
0.5731973648071289,0.31995469331741333,0.10540905594825745,0.0011457038344815373,0.00029318229644559324
0.00013845304783899337,0.0007816090947017074,0.990832507610321,0.008170630782842636,7.679455302422866e-05
0.0015932287788018584,0.002122474368661642,0.2586069405078888,0.7213024497032166,0.016374947503209114
0.0002734882873483002,0.0006637205369770527,0.9017260074615479,0.09674116969108582,0.0005956467357464135
0.00037524616345763206,0.0012900889851152897,0.2789998948574066,0.7187734246253967,0.0005613206303678453
0.9994334578514099,0.0004886647220700979,5.1479204557836056e-05,1.7363108781864867e-05,8.988185982161667e-06
0.007380645722150803,0.8894060254096985,0.10086268186569214,0.0019512015860527754,0.00039950257632881403
0.99842369556427,0.0009453564998693764,0.000497623288538307,9.633204899728298e-05,3.699582885019481e-05
0.7900878190994263,0.20254775881767273,0.006113213486969471,0.0008436829666607082,0.0004075017059221864
0.0005341776995919645,0.0006055260892026126,0.3605533540248871,0.6376200318336487,0.0006869523203931749
0.001025567064061761,0.0009549568640068173,0.015532968565821648,0.97446209192276,0.008024444803595543
0.9975402355194092,0.002084677806124091,0.00024039742129389197,9.341434633824974e-05,4.127304055145942e-05
0.9983898401260376,0.0014786762185394764,7.71303748479113e-05,3.259243749198504e-05,2.1840916815563105e-05
0.0011264783097431064,0.4595016539096832,0.5379688739776611,0.001215583411976695,0.00018740782979875803
0.0002237776352558285,0.003609711304306984,0.993034839630127,0.0030354566406458616,9.628062980482355e-05
0.9990907907485962,0.0006783101707696915,0.00014463173283729702,6.965802458580583e-05,1.663957300479524e-05
0.9990323781967163,0.0007949236896820366,0.0001345737837255001,2.1361634935601614e-05,1.676214196777437e-05
0.9980870485305786,0.001685929368250072,0.00014311067934613675,5.0961443776031956e-05,3.302377081126906e-05
0.0003397063701413572,0.0018309616716578603,0.5416781902313232,0.4558089077472687,0.0003422221925575286
0.9995150566101074,0.00035742478212341666,8.75138575793244e-05,2.464685167069547e-05,1.5370742403320037e-05
0.023431498557329178,0.15931646525859833,0.8111587762832642,0.004410302732139826,0.0016830014064908028
0.14223062992095947,0.8305585384368896,0.02329859882593155,0.0028853346593677998,0.0010269313352182508
0.00047838117461651564,0.0008332877769134939,0.6967209577560425,0.3014608919620514,0.0005065115983597934
0.9990708827972412,0.0008071998017840087,8.744093793211505e-05,1.7760978153091855e-05,1.6726429748814553e-05
0.9988210797309875,0.0010139252990484238,0.00010889455006690696,3.8072488678153604e-05,1.7996351743931882e-05
0.9976358413696289,0.0020226300694048405,0.0002388636494288221,6.033805766492151e-05,4.2272375139873475e-05
0.0005054947687312961,0.00120043836068362,0.01491653360426426,0.07810066640377045,0.905276894569397
0.0006494576227851212,0.002233547857031226,0.05141133815050125,0.9349225759506226,0.01078304648399353
0.7639371752738953,0.22731995582580566,0.008104425854980946,0.00045326550025492907,0.00018517319404054433
0.9984910488128662,0.001334870932623744,0.00011724014620995149,3.37601377395913e-05,2.3070944735081866e-05
0.919533371925354,0.07946058362722397,0.0008118506520986557,0.00012829138722736388,6.589725671801716e-05
0.9989036321640015,0.0009607382817193866,9.70298278843984e-05,2.4266621039714664e-05,1.4359943634190131e-05
0.998643696308136,0.001213206211104989,7.906281825853512e-05,4.6336655941559e-05,1.7653248505666852e-05
0.2621261477470398,0.6809069514274597,0.05568228289484978,0.0007850149413570762,0.0004996363422833383
0.9994542002677917,0.000429614563472569,7.009058754192665e-05,2.823852264555171e-05,1.781497849151492e-05
0.0004879902699030936,0.0030291439034044743,0.9160754084587097,0.08018148690462112,0.0002259052562294528
0.0006994095747359097,0.06786400079727173,0.92793208360672,0.003262215992435813,0.00024225638480857015
0.00042171168024651706,0.0008928572642616928,0.5734546184539795,0.4242030680179596,0.0010277371620759368
5.6903263612184674e-05,0.00011453805927885696,0.0003366473538335413,0.004481787793338299,0.9950101375579834
0.0014648609794676304,0.0010652070632204413,0.027839604765176773,0.8917399048805237,0.07789044827222824
0.0006941782194189727,0.0020180700812488794,0.01447933167219162,0.8640007972717285,0.11880756914615631
0.9773728251457214,0.021410008892416954,0.001005614292807877,0.0001585543213877827,5.3046172979520634e-05
0.9992024302482605,0.0006430999492295086,9.858298290055245e-05,3.853605448966846e-05,1.7314172509941272e-05
1.989695920201484e-05,3.050693885597866e-05,0.00013131718151271343,0.000948790111579001,0.9988694787025452
0.0006396623211912811,0.001232400070875883,0.015148425474762917,0.9761130213737488,0.006866443436592817
0.14608658850193024,0.5453610420227051,0.3062010109424591,0.002022750908508897,0.0003286097780801356
1.7981594282900915e-05,3.7039819289930165e-05,0.00011621737940004095,0.0011431302409619093,0.9986856579780579
0.3915226459503174,0.5998717546463013,0.007405473850667477,0.0008663942571729422,0.0003337270172778517
0.00010324427421437576,0.00012721518578473479,0.019789675250649452,0.9785176515579224,0.0014621628215536475
0.5742828249931335,0.414963036775589,0.009092874825000763,0.0012883354211226106,0.0003729619784280658
0.33753350377082825,0.5096026062965393,0.1393338441848755,0.01210037525743246,0.0014296526787802577
0.00031863138428889215,0.0005226020002737641,0.2429989129304886,0.7551922798156738,0.0009675304754637182
0.7212076783180237,0.26743948459625244,0.00900726206600666,0.0016778024146333337,0.0006677571218460798
0.9994015693664551,0.0004132466565351933,0.0001456682657590136,2.321415377082303e-05,1.6254802176263183e-05
0.9987363219261169,0.0009961369214579463,0.00020815410243812948,3.151667260681279e-05,2.7831061743199825e-05
0.9990488886833191,0.0007306510815396905,0.00014098362589720637,5.409200821304694e-05,2.5318708139820956e-05
0.0008791835862211883,0.0013736524851992726,0.7759801149368286,0.22097568213939667,0.000791381869930774
0.6116059422492981,0.37407028675079346,0.013385182246565819,0.000630525522865355,0.00030803875415585935
0.03268742933869362,0.962401807308197,0.004469618666917086,0.0002971838985104114,0.00014393505989573896
0.00040923748747445643,0.06035492569208145,0.9301065802574158,0.00885619968175888,0.00027308089192956686
0.1379651427268982,0.8576106429100037,0.0031630771700292826,0.0009839419508352876,0.00027714783209376037
0.9989987015724182,0.0008287428645417094,0.00011837216152343899,3.64470251952298e-05,1.7789427147363313e-05
0.9968672394752502,0.0018446044996380806,0.0011338010663166642,9.365718142362311e-05,6.074642442399636e-05
0.0014787717955186963,0.9294102787971497,0.06629674136638641,0.002687405562028289,0.00012682384112849832
0.05968227609992027,0.9252256155014038,0.014233484864234924,0.0006536421715281904,0.00020497174409683794
0.8193243145942688,0.1794363111257553,0.0010177355725318193,0.00011897723015863448,0.00010259227565256879
0.9956319332122803,0.0038222982548177242,0.00036647633532993495,0.00013252416101749986,4.684383384301327e-05
0.0009251301526091993,0.002076712902635336,0.2860264778137207,0.7057064175605774,0.0052652545273303986
0.0036560245789587498,0.8620019555091858,0.1336023211479187,0.0006314439233392477,0.00010825740173459053
0.00013496138853952289,0.0003552601847331971,0.0010314276441931725,0.13715852797031403,0.8613197803497314
0.6315348744392395,0.35983967781066895,0.007566162850707769,0.0008162043523043394,0.00024311627203132957
0.9980984330177307,0.0016537652118131518,0.00017848805873654783,3.972470949520357e-05,2.9554024877143092e-05
0.00014370532881002873,0.00028005658532492816,0.004113388247787952,0.04298342391848564,0.9524794220924377
0.0009698843350633979,0.0008125323802232742,0.9730143547058105,0.0249264407902956,0.0002767641271930188
0.9988195300102234,0.0007997413049452007,0.0002543215232435614,8.086557500064373e-05,4.553389226202853e-05
0.001403116388246417,0.2003433108329773,0.797098696231842,0.0009950329549610615,0.00015977717703208327
0.00017500760441180319,0.0002823740360327065,0.0027354371268302202,0.12609316408634186,0.8707140684127808
0.4272576868534088,0.5268380045890808,0.04496084898710251,0.0005973416264168918,0.0003461180895101279
0.002007859293371439,0.0022599331568926573,0.15737450122833252,0.8294997215270996,0.008857937529683113
0.4060395658016205,0.5653894543647766,0.02649579755961895,0.00134028191678226,0.0007348812068812549
0.9964972138404846,0.0031447976361960173,0.0002544494054745883,6.87094870954752e-05,3.484465923975222e-05
0.00014584897144231945,0.00032706448109820485,0.0037213361356407404,0.9954046010971069,0.00040110116242431104
0.00039993564132601023,0.0004988113651052117,0.02996762841939926,0.9669688940048218,0.0021647405810654163
0.0020042185205966234,0.583920955657959,0.40397676825523376,0.009700950235128403,0.0003970879770349711
0.0008936638478189707,0.003432817989960313,0.9791423082351685,0.016047682613134384,0.0004834578139707446
0.9898204803466797,0.008727914653718472,0.0008672701078467071,0.00045376550406217575,0.00013053212023805827
0.9996354579925537,0.0002650438982527703,6.661052611889318e-05,2.294152000104077e-05,9.966344805434346e-06
0.3275279700756073,0.6533248424530029,0.017878122627735138,0.0007955235778354108,0.00047351044486276805
0.9982836246490479,0.0012688585557043552,0.0003890828520525247,3.393102088011801e-05,2.4535554985050112e-05
0.0005457390216179192,0.0012710819719359279,0.8364384770393372,0.1610206663608551,0.000724015524610877
0.00124817481264472,0.0024157280568033457,0.6443244218826294,0.3514631390571594,0.0005485447472892702
0.001701628789305687,0.4340989887714386,0.5447113513946533,0.019033314660191536,0.0004546949057839811
0.00029290563543327153,0.0004070705035701394,0.07594966143369675,0.9193642139434814,0.003986163530498743
0.0007645609439350665,0.0019833396654576063,0.8438990712165833,0.15239444375038147,0.0009586469386704266
0.10352719575166702,0.8855549693107605,0.010153692215681076,0.0004922464140690863,0.00027185233193449676
0.9978911280632019,0.001944445539265871,0.00010495864989934489,3.197372279828414e-05,2.7561365641304292e-05
0.7779397368431091,0.21441985666751862,0.007194813806563616,0.0002757806796580553,0.00016985672118607908
0.0003763442800845951,0.000602817046456039,0.8126103281974792,0.18619489669799805,0.00021564587950706482
0.9972286820411682,0.0022475121077150106,0.00037577093462459743,8.991956565296277e-05,5.8104513300349936e-05
0.9929365515708923,0.00679244939237833,0.0001668838522164151,7.257670949911699e-05,3.149644908262417e-05
0.07134979218244553,0.8231886029243469,0.10274253785610199,0.0019667588640004396,0.0007523149834014475
0.040360964834690094,0.9264116287231445,0.02845960482954979,0.0044237463735044,0.0003441123990342021
2.2498807084048167e-05,3.1107359973248094e-05,8.680322935106233e-05,0.0007393923006020486,0.9991201758384705
0.002709832973778248,0.6681900024414062,0.30507150292396545,0.023614652454853058,0.00041401645285077393
0.9848056435585022,0.01456700824201107,0.0003243982791900635,0.00022415790590457618,7.873929280322045e-05
0.7990593314170837,0.19246609508991241,0.007309278007596731,0.0007428309763781726,0.00042243232019245625
0.0005067847669124603,0.08178350329399109,0.9158942699432373,0.0017191393999382854,9.62599806371145e-05
0.0019309470662847161,0.6148839592933655,0.2828291058540344,0.09788944572210312,0.0024665389209985733
0.9982296824455261,0.0016100893262773752,0.00010369694064138457,3.169480260112323e-05,2.4814129574224353e-05
0.00531019875779748,0.005473114550113678,0.0538114570081234,0.7588326334953308,0.17657256126403809
0.0013183113187551498,0.0019670543260872364,0.05367955565452576,0.7898494005203247,0.1531856656074524
0.13557115197181702,0.8170811533927917,0.04572482034564018,0.0011053388006985188,0.0005175438709557056
0.1384633332490921,0.8581514358520508,0.0028152477461844683,0.0003529079840518534,0.00021702193771488965
0.0013153497129678726,0.1353791356086731,0.8609365224838257,0.002227953402325511,0.0001410169352311641
0.9945703148841858,0.004659748170524836,0.0006166896782815456,9.878586570266634e-05,5.449966556625441e-05
0.02583274431526661,0.9184726476669312,0.05171723663806915,0.0036923428997397423,0.00028499052859842777
0.0003314849454909563,0.0007152274483814836,0.8826538324356079,0.11591164022684097,0.000387836538720876
0.001260764547623694,0.0013631517067551613,0.0186066385358572,0.9035038948059082,0.07526557147502899
0.0003796507662627846,0.0007208189344964921,0.002299353014677763,0.6738892793655396,0.32271093130111694
0.00042239660979248583,0.0008878583903424442,0.4098358750343323,0.5878280401229858,0.0010257960529997945
0.9992886781692505,0.0005513440701179206,8.242185867857188e-05,4.899753912468441e-05,2.8470109100453556e-05
0.00083881028695032,0.026418300345540047,0.9191367030143738,0.05305194854736328,0.0005541837308555841
0.0009141119662672281,0.8298392295837402,0.16273847222328186,0.006257935892790556,0.0002502763527445495
0.0005470706382766366,0.6651394963264465,0.3310600817203522,0.00307179382070899,0.00018153396376874298
0.9840606451034546,0.015231997705996037,0.00046897653373889625,0.00017986522288993,5.8553399867378175e-05
0.0004419913166202605,0.061348915100097656,0.9187811613082886,0.019039256498217583,0.00038871465949341655
0.0005618393770419061,0.0012895645340904593,0.16186198592185974,0.8283035159111023,0.00798312108963728
4.624086432158947e-05,0.00012823303404729813,0.0004106083360966295,0.02599758841097355,0.973417341709137
0.9673238396644592,0.03126000612974167,0.0010902294889092445,0.00022065528901293874,0.00010525384277570993
0.0006892938399687409,0.002114617731422186,0.8280768990516663,0.16866807639598846,0.000451055821031332
0.0004764462064485997,0.002253820188343525,0.9756911396980286,0.021425921469926834,0.00015266065020114183
0.0005005390266887844,0.0019523586379364133,0.7954111695289612,0.20145027339458466,0.0006856989930383861
0.3613402843475342,0.6265074014663696,0.010374763049185276,0.0014255269197747111,0.000352060014847666
0.00023847169359214604,0.0019656408112496138,0.9836733341217041,0.014000950381159782,0.00012157347373431548
0.0006250541773624718,0.051563359797000885,0.9376587271690369,0.009921969845890999,0.00023085292195901275
0.7278350591659546,0.2698979377746582,0.0019458825699985027,0.0002250024554086849,9.611820860300213e-05
0.1493082195520401,0.8385205864906311,0.011575082316994667,0.0004253522492945194,0.00017072440823540092
0.008707310073077679,0.6378219127655029,0.35157740116119385,0.0015112628461793065,0.0003820575075224042
0.9991025924682617,0.0007526170229539275,7.43652562960051e-05,5.00535243190825e-05,2.0404042516020127e-05
0.000685422623064369,0.0013277370017021894,0.053489264100790024,0.618181049823761,0.3263165354728699
0.9441049695014954,0.05337335169315338,0.0021515418775379658,0.00022391452512238175,0.0001461786887375638
0.00044794028508476913,0.0006217107875272632,0.012768831104040146,0.28296399116516113,0.7031975388526917
0.07933568954467773,0.9046745896339417,0.015153945423662663,0.0005488842143677175,0.0002868854207918048
0.0009670528233982623,0.0030283425003290176,0.8849249482154846,0.10950429737567902,0.0015753669431433082
0.16967658698558807,0.7838441729545593,0.044618159532547,0.0013189140008762479,0.0005421703681349754
0.000648119836114347,0.0009299354860559106,0.9738125205039978,0.024213584139943123,0.0003958508023060858
4.338888902566396e-05,1.7890681192511693e-05,0.00031767901964485645,0.0015132228145375848,0.9981077909469604
0.9995379447937012,0.0003681134548969567,5.089884507469833e-05,3.195321187376976e-05,1.1172742233611643e-05
0.00033167682704515755,0.0005999860586598516,0.02279449626803398,0.9255367517471313,0.05073707178235054
0.0006079397862777114,0.02440512180328369,0.9291532039642334,0.04446917772293091,0.001364516094326973
0.0004328064969740808,0.002129602711647749,0.9916875958442688,0.005620963871479034,0.0001289913197979331
0.9993258714675903,0.0005247840308584273,8.594588143751025e-05,4.461000207811594e-05,1.8802469639922492e-05
0.00017881546227727085,0.0002642307954374701,0.03211762011051178,0.9659444093704224,0.0014949748292565346
0.03516555204987526,0.873274564743042,0.08942871540784836,0.0016446779482066631,0.0004865415394306183
0.0018388151656836271,0.2848559319972992,0.7113357186317444,0.0016674268990755081,0.0003020676376763731
0.000967898522503674,0.0027291965670883656,0.012602641247212887,0.9729400277137756,0.01076024491339922
0.0012111180694773793,0.06566840410232544,0.6991622447967529,0.23299017548561096,0.0009680225630290806
0.340676873922348,0.6517550349235535,0.006615683436393738,0.0007810240495018661,0.0001714046811684966
0.08690454065799713,0.8978993892669678,0.014455921947956085,0.0005629420629702508,0.00017724267672747374
0.0008929732139222324,0.0018425893504172564,0.7143619656562805,0.28217998147010803,0.0007225010194815695
0.005941656418144703,0.23470915853977203,0.6289006471633911,0.12979289889335632,0.0006555870058946311
0.0005575569230131805,0.044819869101047516,0.9438440203666687,0.01048258040100336,0.0002960216370411217
0.0001831989357015118,0.00021491621737368405,0.0011354634771123528,0.08083003014326096,0.9176363945007324
0.0027367384172976017,0.004401433747261763,0.01460991334170103,0.5767102241516113,0.40154170989990234
0.00806929636746645,0.9168090224266052,0.07356641441583633,0.0013619872042909265,0.00019328732741996646
0.7004237174987793,0.29611682891845703,0.0025205202400684357,0.0005761305219493806,0.00036277752951718867
0.0032699438743293285,0.7001657485961914,0.294712632894516,0.001611914485692978,0.0002397656935499981
0.0002603768080007285,0.0005395287298597395,0.04302951693534851,0.9544761180877686,0.0016944326926022768
0.23183603584766388,0.6411377787590027,0.11610779166221619,0.010080545209348202,0.0008378623751923442
0.0007921197102405131,0.4972679018974304,0.5005025863647461,0.0013177648652344942,0.00011961516429437324
0.00045863541890867054,0.0008534279186278582,0.1526695191860199,0.8450641632080078,0.0009542555781081319
0.00035396291059441864,0.1408688873052597,0.8556967377662659,0.0028677613008767366,0.00021263249800540507
0.998630166053772,0.0011459202505648136,0.00015679642092436552,4.606329821399413e-05,2.1068408386781812e-05
0.00039260441553778946,0.00036051429924555123,0.0203861016780138,0.9716821908950806,0.007178557105362415
2.6000132493209094e-05,3.935859422199428e-05,0.00011044961865991354,0.0016989759169518948,0.9981252551078796
0.001573976594954729,0.7178722620010376,0.2790723443031311,0.0013494467129930854,0.0001319664006587118
0.001957967644557357,0.0053783864714205265,0.47425997257232666,0.3400433361530304,0.17836038768291473
0.9981766939163208,0.0015454849926754832,0.0001997740619117394,4.831941987504251e-05,2.976969517476391e-05
0.0006518437876366079,0.0006937934085726738,0.01199018582701683,0.6682077646255493,0.3184564411640167
0.4125107526779175,0.5803130269050598,0.006712385453283787,0.0003382025461178273,0.0001256247633136809
0.9977292418479919,0.0019161560339853168,0.000252988567808643,6.76113340887241e-05,3.40618280461058e-05
0.0003616429166868329,0.00036382902180776,0.05172666162252426,0.9458370804786682,0.001710803247988224
0.0003642374067567289,0.002291138516739011,0.9832104444503784,0.01398787647485733,0.00014633956016041338
0.09590419381856918,0.8733904957771301,0.029143959283828735,0.001264070742763579,0.0002972765651065856
0.998449444770813,0.0011599132558330894,0.0002167008351534605,9.796232188818976e-05,7.595889474032447e-05
0.0007442341302521527,0.0009784457506611943,0.02195310778915882,0.9746173024177551,0.0017068905290216208
0.300515741109848,0.6771469712257385,0.020726634189486504,0.0010782338213175535,0.0005324017256498337
0.002032271819189191,0.9007241725921631,0.09264890849590302,0.004319178871810436,0.00027546045021153986
0.0010962153319269419,0.001377491164021194,0.026933444663882256,0.9673680067062378,0.0032248010393232107
0.9989125728607178,0.0009464226313866675,9.469588985666633e-05,2.8389293220243417e-05,1.7952092093764804e-05
0.9886013865470886,0.011025888845324516,0.0002203833282692358,0.00010555216431384906,4.679544872487895e-05
0.22705230116844177,0.760439932346344,0.010565855540335178,0.001364456140436232,0.0005774689489044249
0.00048447647714056075,0.0016342834569513798,0.27317941188812256,0.7240052223205566,0.0006966209621168673
0.9989456534385681,0.0008156091789714992,0.00016879462054930627,3.778149402933195e-05,3.213750460417941e-05
0.9985879063606262,0.0011506305309012532,0.000177420413820073,5.848757427884266e-05,2.5520694180158898e-05
0.8063781261444092,0.19024349749088287,0.002947174711152911,0.00022773511591367424,0.00020348365069366992
0.9992939233779907,0.0005553796072490513,0.00010481161734787747,3.011162334587425e-05,1.5807972886250354e-05
0.10055263340473175,0.5328854322433472,0.36471009254455566,0.0011434563202783465,0.0007083974196575582
0.9994534850120544,0.00028942571952939034,0.00019375629199203104,4.547735443338752e-05,1.782288381946273e-05
0.00026699804584495723,0.0007987724966369569,0.44520604610443115,0.5534753799438477,0.00025279592955484986
0.49226197600364685,0.4897119998931885,0.016471803188323975,0.0009423478622920811,0.0006117926677688956
0.9987260699272156,0.0008392921299673617,0.00032132817432284355,8.444055129075423e-05,2.8831607778556645e-05
0.9992992877960205,0.00045529770432040095,0.00017013978504110128,5.690008038072847e-05,1.8305918274563737e-05
0.000623357598669827,0.002142807934433222,0.6230883598327637,0.3732931315898895,0.0008523224969394505
0.0005486407899297774,0.014677152968943119,0.9370999932289124,0.047322094440460205,0.0003521275066304952
0.003871794091537595,0.7635377049446106,0.2222410887479782,0.01013016514480114,0.00021921801089774817
0.0025642334949225187,0.6910369992256165,0.30501243472099304,0.0011814436875283718,0.00020489416783675551
0.00047689591883681715,0.00128699850756675,0.0049774968065321445,0.5537415742874146,0.43951699137687683
0.7691170573234558,0.22779206931591034,0.0026600994169712067,0.0002604376641102135,0.0001703271409496665
0.9994902610778809,0.0004262086295057088,5.328595943865366e-05,1.661152782617137e-05,1.3591152310254984e-05
0.11319492757320404,0.8544373512268066,0.03084646165370941,0.0013165957061573863,0.00020461261738091707
0.07094026356935501,0.8745579719543457,0.053332772105932236,0.0009090486564673483,0.00025992063456214964
0.0010138078359887004,0.0028601449448615313,0.7514896392822266,0.24246764183044434,0.0021687981206923723
0.0017106706509366632,0.00322435749694705,0.28993481397628784,0.6977043747901917,0.007425766903907061
0.8984977602958679,0.10027580708265305,0.0007328971987590194,0.00035920614027418196,0.00013429236423689872
0.9987629652023315,0.0009333802736364305,0.0002069766924250871,6.035192927811295e-05,3.631900835898705e-05
0.055446211248636246,0.9408441781997681,0.0028897947631776333,0.00047787066432647407,0.0003419248096179217
0.8592383861541748,0.1381351500749588,0.002388810273259878,0.00014985895541030914,8.781377255218104e-05
0.05712079256772995,0.9369462132453918,0.004355092067271471,0.000997125287540257,0.0005807484267279506
0.6750867962837219,0.30817458033561707,0.014987654983997345,0.0012191776186227798,0.0005317919421941042
0.00047832835116423666,0.0022809000220149755,0.9439058899879456,0.05288108065724373,0.00045376751222647727
0.9718353748321533,0.027222933247685432,0.0008066057343967259,7.377246220130473e-05,6.130510155344382e-05
0.4587068557739258,0.3814917206764221,0.15816877782344818,0.0008787119295448065,0.0007539388607256114
0.005152140744030476,0.12184834480285645,0.7480039000511169,0.12276940047740936,0.0022261685226112604
0.9158750772476196,0.08185584098100662,0.0016475676093250513,0.00043680286034941673,0.0001847484236350283
0.3636494576931,0.6289275288581848,0.006639048457145691,0.0005870066815987229,0.00019698294636327773
0.9972864389419556,0.002025099005550146,0.0004929809365421534,0.0001289981446461752,6.644955283263698e-05
0.0004954061005264521,0.0009686975390650332,0.3674144148826599,0.6303955912590027,0.0007258998812176287
0.3761101961135864,0.6013513803482056,0.020450767129659653,0.001531736459583044,0.0005558952107094228
0.986542820930481,0.012478058226406574,0.0007592658512294292,0.00015403120778501034,6.584708171430975e-05
0.9877545237541199,0.011859577149152756,0.00022748345509171486,0.00011926927254535258,3.9112801459850743e-05
0.9673467874526978,0.031055735424160957,0.0008828349527902901,0.0005467325681820512,0.00016790827794466168
0.0023849629797041416,0.25743696093559265,0.7368635535240173,0.002980143530294299,0.0003344006254337728
0.963528573513031,0.03579157590866089,0.0004976183990947902,0.0001296192203881219,5.263888670015149e-05
0.43363603949546814,0.5601083040237427,0.005230134353041649,0.0009155662264674902,0.00010995740740327165
0.0014766859821975231,0.0024889649357646704,0.6253871917724609,0.36794885993003845,0.002698322292417288
0.9994741082191467,0.0004616485966835171,3.6958572309231386e-05,1.7534164726384915e-05,9.786847840587143e-06
0.0006869767676107585,0.0007387615623883903,0.31971293687820435,0.6739025115966797,0.004958829376846552
0.9962577819824219,0.00199671252630651,0.0014987416798248887,0.00016918734763748944,7.758507126709446e-05
0.0006651350413449109,0.03730251267552376,0.9577479958534241,0.004100949037820101,0.00018344924319535494
0.9992550015449524,0.0006013389793224633,0.00010125506378244609,2.172483982576523e-05,2.06550357688684e-05
0.00046482146717607975,0.0009917127899825573,0.4223804175853729,0.57536780834198,0.0007952264277264476
0.0006283302209340036,0.001873041852377355,0.3194408714771271,0.6203896403312683,0.05766811594367027
0.979193389415741,0.018557274714112282,0.002125121420249343,5.763774606748484e-05,6.659424980171025e-05
0.8943172097206116,0.1042131781578064,0.0008494663634337485,0.00039167620707303286,0.00022850127425044775
0.0005354753811843693,0.0012484631733968854,0.8874219655990601,0.11029855906963348,0.0004955370677635074
0.00040029583033174276,0.0003137032617814839,0.016065353527665138,0.1268024742603302,0.8564181327819824
0.10935825109481812,0.8826718926429749,0.007227789144963026,0.00046977182500995696,0.00027236161986365914
0.004021618515253067,0.07305699586868286,0.9053834676742554,0.017082054167985916,0.0004557970678433776
0.00028475039289332926,0.0004917303449474275,0.045179449021816254,0.9529179334640503,0.0011261128820478916
0.9995146989822388,0.00032193417428061366,0.00011530198389664292,2.6868852728512138e-05,2.120585304510314e-05
0.0029373022262007,0.27391424775123596,0.7205418348312378,0.0023417610209435225,0.000264861126197502
0.9417311549186707,0.05704616755247116,0.0009558071033097804,0.0001923530944623053,7.447858661180362e-05
0.0002939398982562125,0.003814209019765258,0.07459871470928192,0.9206127524375916,0.0006803944706916809
0.0015456631081178784,0.1611197143793106,0.8327240943908691,0.0044091008603572845,0.000201375616597943
0.9991123080253601,0.0008015794446691871,5.944333315710537e-05,1.532129681436345e-05,1.1388667189748958e-05
0.13356366753578186,0.8546966314315796,0.010890279896557331,0.0006625287351198494,0.00018686028488446027
0.9973019361495972,0.0016886824741959572,0.0004801735049113631,0.00047310569789260626,5.6031021813396364e-05
0.0018721680389717221,0.11881601065397263,0.874593198299408,0.0044961306266486645,0.00022250604524742812
0.05645071342587471,0.8563786149024963,0.08435557037591934,0.0018614315195009112,0.0009536570287309587
0.8846478462219238,0.11408935487270355,0.0007571951136924326,0.00031600764486938715,0.0001896196772577241
0.9688168168067932,0.029871618375182152,0.000867558061145246,0.0003348439640831202,0.00010916648898273706
0.9596055746078491,0.039479319006204605,0.000597947568167001,0.00019105448154732585,0.0001260711287613958
0.00016010974650271237,0.00021881693101022393,0.003620566800236702,0.2714073061943054,0.7245931625366211
0.0009158309549093246,0.08309067040681839,0.9149515628814697,0.0009412384824827313,0.00010070937423733994
0.8575020432472229,0.1394856870174408,0.002226148499175906,0.0005117992986924946,0.000274350109975785
0.9988866448402405,0.0008001947426237166,0.0002043138083536178,7.522910891566426e-05,3.3571846870472655e-05
0.025142399594187737,0.9556359648704529,0.01788516528904438,0.001084065530449152,0.0002524208393879235
0.00022444255591835827,0.00021159803145565093,0.015902919694781303,0.983023464679718,0.0006376084638759494
0.9556766152381897,0.039049819111824036,0.0046425131149590015,0.0004482039075810462,0.0001828649255912751
0.0008081401465460658,0.0018035148968920112,0.270628422498703,0.7254599332809448,0.0013000138569623232
0.9994574189186096,0.0004599634849000722,5.475111902342178e-05,1.830581277317833e-05,9.553732525091618e-06
0.0006880678702145815,0.00432296609506011,0.6955366134643555,0.29841166734695435,0.0010406987275928259
0.0005376634653657675,0.005661021918058395,0.9570242166519165,0.03636918589472771,0.0004079739155713469
0.0011474427301436663,0.0019499206682667136,0.18221944570541382,0.7167565822601318,0.09792658686637878
0.8695024251937866,0.12879732251167297,0.0011146540055051446,0.0003741036634892225,0.0002115301031153649
0.00013007335655856878,0.0003298703522887081,0.0016423662891611457,0.04745229706168175,0.9504453539848328
1.9722707293112762e-05,3.050520535907708e-05,0.0001258762931684032,0.0007691318169236183,0.9990547299385071
0.000967912666965276,0.039777036756277084,0.8324190378189087,0.12448244541883469,0.002353525487706065
0.0004160625976510346,0.0015026506735011935,0.9838430881500244,0.014034169726073742,0.00020409275020938367
0.9960260391235352,0.003627668134868145,0.00022736075334250927,8.328077819896862e-05,3.567455132724717e-05
0.000540549517609179,0.0011649075895547867,0.9690826535224915,0.028653785586357117,0.0005581553559750319
0.9987905621528625,0.0010131384478881955,0.00014010594168212265,3.3478328987257555e-05,2.276801023981534e-05
0.00047163767158053815,0.002089881803840399,0.8257275819778442,0.1713937371969223,0.0003171851858496666
0.0896865576505661,0.8591330051422119,0.04969233274459839,0.0011077439412474632,0.0003804234438575804
0.009387304075062275,0.25089332461357117,0.7382398247718811,0.0008304892689920962,0.0006490957457572222
0.0003175577730871737,0.0007822630577720702,0.021961864084005356,0.9091271758079529,0.06781116127967834
0.9992947578430176,0.00047452555736526847,0.0001600432733539492,5.2600102208089083e-05,1.810463254514616e-05
0.0008567607728764415,0.0027314641047269106,0.9798265695571899,0.016378136351704597,0.0002070877089863643
0.9989668130874634,0.0007109842263162136,0.0002475245564710349,5.096853419672698e-05,2.375507028773427e-05
0.0006260491209104657,0.0012174242874607444,0.751325249671936,0.24623854458332062,0.0005927031161263585
0.9980291724205017,0.0017202625749632716,0.00016606626741122454,5.3754771215608343e-05,3.068971273023635e-05
0.751502275466919,0.24416682124137878,0.0033840120304375887,0.0006142201600596309,0.00033267171238549054
0.0008697060984559357,0.005360825918614864,0.8873820304870605,0.1052897721529007,0.0010976175544783473
0.9973401427268982,0.0020837767515331507,0.0003333018976263702,0.00017790566198527813,6.482028402388096e-05
0.0005070673068985343,0.010446791537106037,0.9783803820610046,0.010322945192456245,0.0003428473719395697
0.26274406909942627,0.7077063322067261,0.027812538668513298,0.0012988864909857512,0.00043820764403790236
0.0006852673250250518,0.0018689456628635526,0.014230228029191494,0.9730339050292969,0.010181652382016182
0.6649304032325745,0.3306333124637604,0.0037977711763232946,0.00048684448120184243,0.00015171307313721627
0.004748918116092682,0.8344807624816895,0.14393280446529388,0.01629561372101307,0.0005419301451183856
0.01596144214272499,0.41385266184806824,0.5635506510734558,0.00601055845618248,0.0006246574339456856
0.6015315055847168,0.38846060633659363,0.00871996022760868,0.0007702852599322796,0.0005176127888262272
0.17365701496601105,0.6861080527305603,0.13379095494747162,0.005225137807428837,0.0012188643449917436
0.11566445976495743,0.8617005944252014,0.021679172292351723,0.0007149834418669343,0.00024077086709439754
0.00047470181016251445,0.01315777376294136,0.9709084033966064,0.015222021378576756,0.00023703208717051893
0.0009037614217959344,0.9705756902694702,0.028114449232816696,0.00033632779377512634,6.982398190302774e-05
0.9499232769012451,0.04569587856531143,0.0033553075045347214,0.0008409839938394725,0.00018454701057635248
0.0002666465879883617,0.0044136252254247665,0.9825297594070435,0.012585263699293137,0.00020477361977100372
0.5507566332817078,0.4438874423503876,0.004350362345576286,0.0005849927547387779,0.00042056082747876644
0.9283271431922913,0.07066357135772705,0.0006394201773218811,0.0002225647767772898,0.00014730989641975611
0.9562669396400452,0.0419735461473465,0.0013111248845234513,0.0003159563639201224,0.0001324243494309485
6.680613296339288e-05,0.00012584139767568558,0.00029323945636861026,0.005395680665969849,0.9941184520721436
0.0007028114632703364,0.0009301012614741921,0.08228955417871475,0.9129883050918579,0.003089172299951315
0.19247888028621674,0.29496076703071594,0.5083720684051514,0.0033345127012580633,0.0008537793764844537
0.9907388687133789,0.00865832157433033,0.0004615593934431672,9.536214201943949e-05,4.580777749652043e-05
0.9869612455368042,0.01217150129377842,0.0007037706673145294,9.317308285972103e-05,7.02943216310814e-05
0.0005253160488791764,0.0013481912901625037,0.009786511771380901,0.9741545915603638,0.014185345731675625
0.0030143538024276495,0.7999359965324402,0.19432508945465088,0.0024686178658157587,0.00025595654733479023
0.01103141251951456,0.13482990860939026,0.8524504899978638,0.001386890304274857,0.00030133003019727767
0.0007473143632523715,0.0016603724798187613,0.769446074962616,0.22722816467285156,0.0009181111236102879
0.0010261873248964548,0.2799502909183502,0.6068399548530579,0.1112009733915329,0.0009825979359447956
0.998561441898346,0.0012448973720893264,0.0001371494581690058,3.236469638068229e-05,2.417574251012411e-05
0.4989340901374817,0.4139285385608673,0.07094094902276993,0.006637014448642731,0.00955945160239935
0.8840624690055847,0.10679394751787186,0.008188140578567982,0.000774029700551182,0.00018143068882636726
0.0010361908935010433,0.0010447002714499831,0.1659415364265442,0.8304078578948975,0.0015697823837399483
0.004715920891612768,0.7945184111595154,0.19949884712696075,0.0010140147060155869,0.0002528349868953228
0.9978684186935425,0.0018332379404455423,0.0001965939736692235,6.320947431959212e-05,3.854223541566171e-05
0.14442841708660126,0.3327520489692688,0.5149568319320679,0.006750928703695536,0.0011117627145722508
0.32720622420310974,0.6635876893997192,0.007277486380189657,0.0011305722873657942,0.0007980290101841092
0.0015906250337138772,0.0022588709834963083,0.1754530817270279,0.818829357624054,0.0018680740613490343
0.6798368692398071,0.30496764183044434,0.014106637798249722,0.0006271679303608835,0.0004616682417690754
0.9988254904747009,0.0008150818757712841,0.0002678103628568351,7.022702629910782e-05,2.1395986550487578e-05
0.0002288043178850785,0.0008806344703771174,0.12661294639110565,0.8716253638267517,0.000652207643724978
0.0011333153815940022,0.06160730496048927,0.9308584928512573,0.00612232880666852,0.0002786138793453574
0.0008686190703883767,0.022198116406798363,0.9674906134605408,0.009032481350004673,0.00041018842603079975
0.0004795296408701688,0.0007253495277836919,0.06059366464614868,0.9343658685684204,0.003835529088973999
0.2968677580356598,0.7005429267883301,0.0020111375488340855,0.00040408302447758615,0.00017404519894625992
0.9502509236335754,0.04745151475071907,0.0019628226291388273,0.000219244189793244,0.00011549314513104036
0.013167639262974262,0.895173192024231,0.0868283212184906,0.004414130933582783,0.00041675372631289065
0.9869005084037781,0.012525475583970547,0.0004149248416069895,0.0001079705252777785,5.1160473958589137e-05
0.9861591458320618,0.012728555127978325,0.0009397364337928593,0.00011616270057857037,5.635526031255722e-05
0.046964678913354874,0.9185338616371155,0.015201500616967678,0.01862524077296257,0.0006747104343958199
0.6128296256065369,0.37951451539993286,0.00707603432238102,0.00044683669693768024,0.00013299487181939185
0.5013629198074341,0.49615156650543213,0.0019524412928149104,0.00033941984293051064,0.00019362867169547826
0.0003021417651325464,0.0004993037437088788,0.010659114457666874,0.8556565642356873,0.13288290798664093
0.0011075614020228386,0.0370679646730423,0.9587088823318481,0.002866312861442566,0.0002492625208105892
0.9579720497131348,0.04132939130067825,0.00025957415346056223,0.00033367445576004684,0.00010531543375691399
0.0003004454483743757,0.0005345711251720786,0.30054497718811035,0.6981121301651001,0.0005078536341898143
0.9951504468917847,0.003923207055777311,0.0007432513521052897,0.00011649075167952105,6.66122286929749e-05
0.00024036000831983984,0.00045448620221577585,0.009831808507442474,0.6966084241867065,0.29286497831344604
0.0007851010304875672,0.004813355393707752,0.9781094789505005,0.016087617725133896,0.00020444071560632437
0.8620015978813171,0.13652558624744415,0.0009742809343151748,0.0003466010093688965,0.00015200386405922472
0.0008846215787343681,0.017303649336099625,0.9214164018630981,0.05977925658226013,0.0006160695338621736
0.9976053237915039,0.0021677797194570303,0.00013557251077145338,5.7503417338011786e-05,3.379239569767378e-05
0.8502233624458313,0.14885683357715607,0.000582514563575387,0.00020531623158603907,0.0001319803559454158
0.0006513185799121857,0.001250477391295135,0.037594087421894073,0.8983029723167419,0.06220119819045067
0.996742308139801,0.0027154029812663794,0.0003415846440475434,0.00013423009659163654,6.647851114394143e-05
0.0005593186942860484,0.0014785312814638019,0.9588543176651001,0.038699571043252945,0.00040830759098753333
0.0010660765692591667,0.00196220469661057,0.5439539551734924,0.4411811828613281,0.011836576275527477
0.0005958189140073955,0.0008961677085608244,0.8503592014312744,0.14782874286174774,0.00032005718094296753
0.015613642521202564,0.48446694016456604,0.4835470914840698,0.015598119236528873,0.0007742068846710026
0.005316269584000111,0.836304783821106,0.15709125995635986,0.0009977343725040555,0.00028989603742957115
0.0005178390420041978,0.0008217016002163291,0.03877456486225128,0.7973230481147766,0.16256287693977356
0.0004420069744810462,0.0005494992947205901,0.021839914843440056,0.31883153319358826,0.6583369970321655
0.004613679368048906,0.20545560121536255,0.7457269430160522,0.04371719807386398,0.00048658138257451355
0.0011374227469787002,0.7066504955291748,0.28655216097831726,0.0052793798968195915,0.0003805235610343516
0.0003428080235607922,0.0012589278630912304,0.9621586203575134,0.03598812595009804,0.00025145660038106143
0.9460463523864746,0.05278246849775314,0.0007368788938038051,0.00034849412622861564,8.579563291277736e-05
0.017374245449900627,0.4099424481391907,0.5081018209457397,0.06378243863582611,0.0007990197627805173
0.0007649629842489958,0.11341044306755066,0.8836315870285034,0.0019694732036441565,0.00022348406491801143
0.0018411597702652216,0.20068232715129852,0.7224616408348083,0.07406392693519592,0.0009509705123491585
0.0002755977329798043,0.006674397271126509,0.9885922074317932,0.004321768414229155,0.00013607603614218533
0.00027497485280036926,0.0006229039863683283,0.12311764061450958,0.8756072521209717,0.0003772454510908574
0.0010339056607335806,0.21816237270832062,0.7739148736000061,0.006405014544725418,0.00048380056978203356
0.00888014305382967,0.853428840637207,0.13522638380527496,0.002004092326387763,0.00046052969992160797
0.0006416593096219003,0.024131696671247482,0.9690268635749817,0.0058680130168795586,0.0003317871014587581
0.000599898339714855,0.0010116571793332696,0.9451826810836792,0.05301017314195633,0.00019562256056815386
0.06072826683521271,0.9082388877868652,0.0283760167658329,0.0022711320780217648,0.000385657069273293
0.0013126375852152705,0.0028359326533973217,0.059793706983327866,0.9305731654167175,0.005484535824507475
0.9799511432647705,0.019485805183649063,0.000382475380320102,9.303294064011425e-05,8.750687266001478e-05
0.5208634734153748,0.39580845832824707,0.07090134173631668,0.008592763915657997,0.0038339842576533556
0.9853616952896118,0.012981525622308254,0.0014349300181493163,0.0001582796685397625,6.355623918352649e-05
0.002846433548256755,0.007013998925685883,0.9749383926391602,0.014918739907443523,0.00028235645731911063
0.31571435928344727,0.6396435499191284,0.035333238542079926,0.007497213315218687,0.0018116604769602418
0.04202902689576149,0.8687919974327087,0.084014393389225,0.0046648685820400715,0.0004996937932446599
0.0007782225729897618,0.011573723517358303,0.7917238473892212,0.195198655128479,0.0007255367818288505
0.9983035326004028,0.001435934565961361,0.00017525449220556766,5.743105793953873e-05,2.786512231978122e-05
0.00022170942975208163,0.00025804806500673294,0.0016147904098033905,0.14065684378147125,0.8572486042976379
0.0005789697752334177,0.0016316435066983104,0.9384492039680481,0.05894463509321213,0.00039557612035423517
0.0022038996685296297,0.2814985513687134,0.6064742803573608,0.1075374186038971,0.002285851864144206
0.26507729291915894,0.35661017894744873,0.3762299120426178,0.001200299127958715,0.0008823107928037643
0.0009858420817181468,0.47066640853881836,0.526896059513092,0.0013120697112753987,0.0001396473089698702
0.9984012246131897,0.0013042852515354753,0.0002041319530690089,5.242651968728751e-05,3.7931262340862304e-05
0.693112313747406,0.2802280783653259,0.025362171232700348,0.0008160430588759482,0.00048138166312128305
1.5567589798592962e-05,3.089540405198932e-05,0.00023017953208182007,0.0010815756395459175,0.9986417889595032
0.9614375233650208,0.037143923342227936,0.0012463402235880494,0.0001138410298153758,5.83005603402853e-05
0.9253855347633362,0.06791123002767563,0.006183661986142397,0.00036278623156249523,0.00015682181401643902
0.855950117111206,0.14151030778884888,0.0020342464558780193,0.000382291036657989,0.00012304667325224727
0.009862035512924194,0.20622801780700684,0.7825155258178711,0.0009774435311555862,0.00041698251152411103
0.9984667897224426,0.0011997235706076026,0.00023594553931616247,5.858268923475407e-05,3.8883947127033025e-05
0.0013601043028756976,0.04929811507463455,0.9041440486907959,0.04363550990819931,0.0015621506609022617
0.003750308183953166,0.3078157603740692,0.663974940776825,0.024111993610858917,0.00034705919097177684
0.004861169494688511,0.773739218711853,0.21964223682880402,0.0016156226629391313,0.0001417882740497589
0.42872679233551025,0.40833187103271484,0.14912590384483337,0.008417705073952675,0.005397730506956577
0.0009241668158210814,0.00918859988451004,0.23513934016227722,0.7524261474609375,0.0023217578418552876
0.8976520895957947,0.09689950942993164,0.005000600125640631,0.0003036370035260916,0.0001441775675630197
0.00032578976242803037,0.004386364482343197,0.9850369095802307,0.010120535269379616,0.00013039105397183448
0.00031580013455823064,0.01599503867328167,0.9811398983001709,0.002356582088395953,0.00019260525004938245
0.29150596261024475,0.6287045478820801,0.07509592920541763,0.0036943191662430763,0.0009992122650146484
0.0003301649121567607,0.0006384904263541102,0.03318832442164421,0.9184644818305969,0.047378577291965485
0.0004189200990367681,0.0010338439606130123,0.9530301094055176,0.04525592923164368,0.0002611901145428419
0.6429869532585144,0.35316070914268494,0.0027016224339604378,0.0008100892300717533,0.0003405664174351841
0.000642462691757828,0.4822976887226105,0.5155907869338989,0.0013271275674924254,0.0001419957698090002
0.1231122612953186,0.8625893592834473,0.013263416476547718,0.0007504908135160804,0.00028452431433834136
0.0003896854177583009,0.0018552454421296716,0.7147634029388428,0.28236377239227295,0.0006279042572714388
0.9990719556808472,0.0007793884142301977,9.865776519291103e-05,3.399416891625151e-05,1.5948862710502e-05
0.0012838010443374515,0.0014659315347671509,0.012457220815122128,0.9733583927154541,0.011434616521000862
0.00400185864418745,0.8726595044136047,0.12265169620513916,0.0005242096958681941,0.00016267345927190036
0.0002837609499692917,0.000495153886731714,0.018537575379014015,0.9702644944190979,0.010418997146189213
0.002902613952755928,0.728441596031189,0.26044872403144836,0.007751391734927893,0.0004556951462291181
0.0014584795571863651,0.0022033413406461477,0.03444663807749748,0.9192978143692017,0.042593732476234436
0.055752772837877274,0.8887929320335388,0.050954822450876236,0.003983682487159967,0.0005158474668860435
0.0007756393752060831,0.11851987987756729,0.8783532381057739,0.002225774573162198,0.00012551363033708185
0.9993175268173218,0.0005016990471631289,0.0001026447644107975,5.808955756947398e-05,2.0029221559525467e-05
0.0008964313310571015,0.0011498042149469256,0.6843937635421753,0.31275928020477295,0.0008007597643882036
0.0001715100515866652,0.00015481776790693402,0.001722528482787311,0.027113674208521843,0.9708375334739685
0.09496119618415833,0.8947850465774536,0.009107247926294804,0.0009881394216790795,0.0001583730918355286
0.9975074529647827,0.0018202359788119793,0.0004403326893225312,0.00017516952357254922,5.673466148437001e-05
0.0002752482832875103,0.00044672368676401675,0.24357472360134125,0.7549319863319397,0.0007712942897342145
0.006124912761151791,0.554736316204071,0.4376824200153351,0.0012830179184675217,0.0001733351673465222
0.2795364260673523,0.7158619165420532,0.003799010533839464,0.0005354396416805685,0.00026720864116214216
0.9291034936904907,0.0665402039885521,0.0036900024861097336,0.0003938166773878038,0.00027251566643826663
0.005475242156535387,0.015228193253278732,0.6184634566307068,0.3601429760456085,0.0006901149754412472
0.45833688974380493,0.42259377241134644,0.11575650423765182,0.0028680155519396067,0.000444830278865993
0.0001806395302992314,0.00035444117384031415,0.04277897998690605,0.9559363126754761,0.0007496638572774827
0.003667563898488879,0.12156181782484055,0.8740232586860657,0.000539339380338788,0.00020799356570933014
0.004175487905740738,0.0030176383443176746,0.1704086810350418,0.7824263572692871,0.03997183218598366
0.3681959807872772,0.5179474353790283,0.11261197924613953,0.0008791139116510749,0.00036552990786731243
0.0001039146663970314,0.0001842355850385502,0.0009164580260403454,0.008553764782845974,0.9902415871620178
0.9982170462608337,0.0012406264431774616,0.0004526454140432179,4.511566294240765e-05,4.4488446292234585e-05
0.9993144273757935,0.0005917191156186163,6.324549758573994e-05,1.9600574887590483e-05,1.0981409104715567e-05
0.1697995662689209,0.7965676188468933,0.03212626650929451,0.0010573274921625853,0.0004492122679948807
0.0005699852481484413,0.03766467422246933,0.9498432278633118,0.0113323163241148,0.0005898152012377977
0.031128743663430214,0.7286370992660522,0.2362786829471588,0.0024708276614546776,0.0014846647391095757
5.7803634263109416e-05,0.00010350567754358053,0.0008241504547186196,0.007636337075382471,0.9913781881332397
0.03825090453028679,0.9137570858001709,0.045779094099998474,0.0018290979787707329,0.00038381811464205384
0.0006347531452775002,0.031859736889600754,0.9566183090209961,0.0105279004201293,0.0003592451976146549
0.005987416487187147,0.89145827293396,0.10132883489131927,0.0009647794649936259,0.0002606966008897871
0.9887856245040894,0.01081886887550354,0.00027349533047527075,7.805692439433187e-05,4.4007250835420564e-05
0.00036128127248957753,0.0005622835597023368,0.20333389937877655,0.7948864102363586,0.0008561625727452338
0.9957442879676819,0.003928489983081818,0.00018290660227648914,9.9787357612513e-05,4.452652865438722e-05
0.0005397457862272859,0.0010342863388359547,0.02065482921898365,0.9676777720451355,0.010093357414007187
0.9953728318214417,0.004297347739338875,0.00024024002777878195,5.0895760068669915e-05,3.874760295730084e-05
0.9992271661758423,0.0005739840562455356,0.00014763139188289642,2.5483070203335956e-05,2.578306339273695e-05
0.9991878867149353,0.000673519098199904,9.673955355538055e-05,2.6709971280070022e-05,1.5106945284060203e-05
0.9980296492576599,0.001721477834507823,0.00015324361447710544,6.631757423747331e-05,2.9313290724530816e-05
7.036703027551994e-05,9.16444550966844e-05,0.00139661377761513,0.013150418177247047,0.9852910041809082
0.5005779266357422,0.4919503629207611,0.004652726463973522,0.0018298489740118384,0.0009891240624710917
0.00015014760720077902,0.0002367514098295942,0.002973237307742238,0.07792749255895615,0.918712317943573
0.8481591939926147,0.14523865282535553,0.005907855462282896,0.0005320209311321378,0.00016234003123827279
0.00032453061430715024,0.0006367455935105681,0.03937617316842079,0.9573431015014648,0.0023194749373942614
0.7825981974601746,0.20426948368549347,0.011147333309054375,0.0016820336459204555,0.0003029631916433573
0.0006464367615990341,0.18215246498584747,0.8141339421272278,0.0028522834181785583,0.0002148537605535239
0.9819203019142151,0.017027396708726883,0.0007785895140841603,0.00016213569324463606,0.00011152332444908097
0.5473107695579529,0.4506732225418091,0.0012577790766954422,0.00046808496699668467,0.00029018649365752935
0.058332521468400955,0.8970056176185608,0.04320024326443672,0.0012044793693348765,0.00025719829136505723
0.9070562124252319,0.08344793319702148,0.009004420600831509,0.0003574100264813751,0.0001340478047495708
0.9979541301727295,0.0017112576169893146,0.00021516332344617695,9.168909309664741e-05,2.7778172807302326e-05
0.9989834427833557,0.000861086358781904,0.00011282995546935126,2.436254362692125e-05,1.8304881450603716e-05
0.019567420706152916,0.926470160484314,0.05148742347955704,0.0019678149838000536,0.000507171789649874
0.0010712704388424754,0.7344154119491577,0.2628023028373718,0.0014642348978668451,0.00024676418979652226
0.87086021900177,0.12755723297595978,0.001116157160140574,0.0002781383809633553,0.00018828058091457933
0.8191907405853271,0.17528383433818817,0.004559256602078676,0.0007506255060434341,0.00021555008424911648
0.10754227638244629,0.8802377581596375,0.010908255353569984,0.0009824950248003006,0.0003292362089268863
0.3013187646865845,0.6920657157897949,0.0060513997450470924,0.00038538966327905655,0.00017872716125566512
0.0005797838675789535,0.0012951152166351676,0.4793962240219116,0.517364501953125,0.0013643522979691625
0.0003334101929794997,0.0016588004073128104,0.9744757413864136,0.02342584915459156,0.00010621502588037401
0.00030065784812904894,0.0005717880558222532,0.02260916493833065,0.9758493900299072,0.0006690396694466472
0.0006238573114387691,0.001287616672925651,0.7650781869888306,0.23242221772670746,0.0005880892858840525
0.0013355928240343928,0.0012476774863898754,0.9389902949333191,0.05766186863183975,0.0007645794539712369
0.4973091781139374,0.4869942367076874,0.014265444129705429,0.0010784593177959323,0.00035272736568003893
0.00024519889848306775,0.0004122417594771832,0.044808197766542435,0.9444862008094788,0.01004820317029953
0.0007900585769675672,0.0032996113877743483,0.012739097699522972,0.8597514033317566,0.1234198585152626
0.0002821304078679532,0.00036507012555375695,0.011847860179841518,0.18473342061042786,0.8027715086936951
0.9419572949409485,0.05446554347872734,0.0029458010103553534,0.00037902468466199934,0.00025239159003831446
0.3153288960456848,0.6664761900901794,0.01593603566288948,0.0015041710576042533,0.000754681823309511
0.002059867372736335,0.19360701739788055,0.7949809432029724,0.009119413793087006,0.00023276777938008308
0.006452981848269701,0.8266692757606506,0.15963740646839142,0.006795590277761221,0.0004448075487744063
0.00021542905597016215,0.0004541012167464942,0.05967780575156212,0.9379314184188843,0.0017212774837389588
0.999268114566803,0.0005134392995387316,0.00014100366388447583,6.132064299890772e-05,1.6065303498180583e-05
0.9979806542396545,0.0018463187152519822,0.00011568432819331065,3.3588385122129694e-05,2.381537160545122e-05
0.9902244210243225,0.007540327496826649,0.0017262236215174198,0.0003722931141965091,0.00013673424837179482
0.06311284005641937,0.7862574458122253,0.14883822202682495,0.0010738621931523085,0.000717625895049423
0.9989732503890991,0.0006201495998539031,0.0002825597475748509,8.738812175579369e-05,3.6644334613811225e-05
0.857485294342041,0.14074096083641052,0.0014099960681051016,0.00024668750120326877,0.00011703679047059268
0.0010037118336185813,0.0014314219588413835,0.025788690894842148,0.9694361686706543,0.0023399509955197573
0.9984667301177979,0.001271070446819067,0.0001773263211362064,4.5753782615065575e-05,3.9125283365137875e-05
0.9990414977073669,0.0006227957783266902,0.0002887498994823545,2.786886579997372e-05,1.911277104227338e-05
0.0015331918839365244,0.0034666266292333603,0.012200539000332355,0.5686780214309692,0.4141215682029724
0.9400157928466797,0.059207264333963394,0.0005441298708319664,0.00013479750487022102,9.799910912988707e-05
0.0004999020020477474,0.0010399529710412025,0.6077845692634583,0.3900756537914276,0.0005999135319143534
0.0003916383138857782,0.0014390423893928528,0.9353764057159424,0.06260035187005997,0.00019258387328591198
0.999289870262146,0.0005525074666365981,0.00011403478856664151,2.3495227651437744e-05,2.003012014029082e-05
2.242230220872443e-05,3.1869822123553604e-05,0.00038249423960223794,0.001292318687774241,0.9982708692550659
0.00010894497972913086,0.0001592024345882237,0.002118464093655348,0.06005243584513664,0.9375609159469604
0.5593130588531494,0.43642064929008484,0.0031546142417937517,0.0006165826926007867,0.0004950687289237976
0.0002497251844033599,0.000801239802967757,0.9810879230499268,0.01778894104063511,7.218457903945819e-05
0.9794543385505676,0.019873574376106262,0.0004096328921150416,0.00016928034892771393,9.323441190645099e-05
0.0053742919117212296,0.1234922781586647,0.8706092238426208,0.00028425068012438715,0.00023995479568839073
0.9994274377822876,0.0005051395273767412,3.522407132550143e-05,2.3649765353184193e-05,8.585348041378893e-06
0.89579838514328,0.10146335512399673,0.002224564552307129,0.00028931174892932177,0.00022442644694820046
0.999267041683197,0.0005661129835061729,0.00010523165838094428,3.7383204471552745e-05,2.4215814846684225e-05
0.0009473071550019085,0.002777696121484041,0.7299292087554932,0.2644701302051544,0.0018756549106910825
0.021428978070616722,0.4571353495121002,0.5181811451911926,0.002830756828188896,0.00042378928628750145
0.0005137964035384357,0.0009779924293980002,0.013784639537334442,0.2427987903356552,0.7419247627258301
0.0005077112000435591,0.0005605807527899742,0.018899017944931984,0.8816491961479187,0.09838356822729111
0.9987632036209106,0.0010243576252833009,0.00015021963918115944,4.411956979311071e-05,1.81266095751198e-05
0.00048506518942303956,0.0010695867240428925,0.015732301399111748,0.9577163457870483,0.02499670349061489
0.0008764280937612057,0.0008267061202786863,0.9831821918487549,0.014788879081606865,0.0003257471544202417
0.8900017142295837,0.10802201181650162,0.0017859257059171796,0.000115720416943077,7.4576040788088e-05
0.9978405237197876,0.0014864185359328985,0.0005219504237174988,0.00010094774916069582,5.009701635572128e-05
0.5285792350769043,0.45207101106643677,0.01830366440117359,0.0008010887540876865,0.00024496932746842504
0.9573864936828613,0.04154080152511597,0.0006404028972610831,0.00027797106304205954,0.00015431515930686146
0.9992352724075317,0.0006375763914547861,9.32780749280937e-05,2.210797174484469e-05,1.1772951438615564e-05
0.001517866156063974,0.9425405263900757,0.055040393024683,0.0007534504402428865,0.00014775518502574414
0.10074746608734131,0.8728804588317871,0.02495592087507248,0.0010701650753617287,0.0003459863073658198
0.9992967844009399,0.0005777333863079548,7.372590334853157e-05,3.286254286649637e-05,1.885511119326111e-05
0.0004348174261394888,0.0009382030111737549,0.48724043369293213,0.5107388496398926,0.0006477389251813293
0.05004725232720375,0.9241861701011658,0.02514016255736351,0.00044721225276589394,0.00017918292724061757
0.0004747868806589395,0.0015872912481427193,0.938546359539032,0.058993928134441376,0.000397644704207778
0.0005718288011848927,0.0012511800741776824,0.7879025936126709,0.20805469155311584,0.002219740767031908
0.9972561001777649,0.002155270893126726,0.0005149347125552595,4.552821701508947e-05,2.816378946590703e-05
0.019561143592000008,0.9112715125083923,0.06777647882699966,0.0011841277591884136,0.00020672658865805715
4.710345092462376e-05,0.00011483538401080295,0.0005292457062751055,0.004765042569488287,0.9945437908172607
0.9941605925559998,0.0029256921261548996,0.0023929777089506388,0.0003951517282985151,0.00012556153524201363
0.0002912583586294204,0.0005749151459895074,0.007757662329822779,0.780180037021637,0.2111961543560028
0.0004805400676559657,0.0007580156088806689,0.0027412576600909233,0.843180775642395,0.15283939242362976
0.9989271759986877,0.0008204042096622288,0.00014560078852809966,7.699245179537684e-05,2.9861656003049575e-05
0.0009885492036119103,0.002115436363965273,0.08319082856178284,0.9112268686294556,0.0024783476255834103
0.0008897086954675615,0.0009383091237396002,0.1245652437210083,0.8709966540336609,0.0026100920513272285
0.6137270331382751,0.2097218930721283,0.1680915504693985,0.007347627077251673,0.0011118926340714097
0.4505007863044739,0.5315156579017639,0.01673801615834236,0.0007608691230416298,0.00048467860324308276
0.0005808639689348638,0.017192699015140533,0.9784793257713318,0.003635240253061056,0.00011186151823494583
0.0006230847211554646,0.000563146430067718,0.005337748676538467,0.8010106682777405,0.1924653798341751
0.028414323925971985,0.8982986807823181,0.07145000994205475,0.0014430296141654253,0.0003938764566555619
0.00033113034442067146,0.0010092214215546846,0.011880017817020416,0.7857339978218079,0.20104558765888214
0.00030262823565863073,0.000627478992100805,0.0352187342941761,0.9553830623626709,0.00846816785633564
0.0003292552719358355,0.0009524082997813821,0.01048193871974945,0.9858545660972595,0.002381782978773117
0.717363178730011,0.27473267912864685,0.007370902691036463,0.00033502726000733674,0.00019826419884338975
0.014048522338271141,0.9750282764434814,0.010275599546730518,0.0005410170997492969,0.00010653766366885975
0.9015390276908875,0.09548202157020569,0.0016980805667117238,0.0008428975124843419,0.0004379440797492862
0.006524177268147469,0.5832889676094055,0.4056396186351776,0.004158603958785534,0.0003885921905748546
0.00035834478330798447,0.0004873298457823694,0.9853487610816956,0.013681437820196152,0.0001241006248164922
0.0016968896379694343,0.1858615130186081,0.8091791868209839,0.002982592210173607,0.00027980501181446016
0.7415930032730103,0.24518755078315735,0.012343309819698334,0.0005538218538276851,0.00032231275690719485
0.9989219903945923,0.0008517278474755585,0.00013753237726632506,6.840777496108785e-05,2.0398527340148576e-05
0.9397634863853455,0.05866670981049538,0.000989024294540286,0.00044515516492538154,0.00013558169302996248
0.004546426236629486,0.5771991014480591,0.40210118889808655,0.015777960419654846,0.0003753417113330215
0.02404749020934105,0.487209290266037,0.4501442313194275,0.03786410018801689,0.0007348948274739087
0.015020245686173439,0.9331995248794556,0.0510302409529686,0.0005559349083341658,0.0001940326765179634
0.9332005381584167,0.0642235279083252,0.001747867208905518,0.0006496211281046271,0.00017838533676695079
0.9997749924659729,0.00018090639787260443,2.7939533538301475e-05,1.0243640645057894e-05,5.905360922042746e-06
0.9365905523300171,0.06123227998614311,0.0016292568761855364,0.00043766002636402845,0.00011027368600480258
0.0003228591231163591,0.0016343340976163745,0.956490159034729,0.04138733819127083,0.00016529344429727644
0.11377907544374466,0.8168977499008179,0.06363429129123688,0.0049510980024933815,0.0007377307629212737
0.03717510402202606,0.9359355568885803,0.025422483682632446,0.0011325619416311383,0.0003342764684930444
0.00032258505234494805,0.0006689315196126699,0.056998543441295624,0.9409990906715393,0.001010865904390812
0.00041527574649080634,0.0008930737967602909,0.23856820166110992,0.7583522796630859,0.0017711360706016421
0.00036419989191927016,0.1935216784477234,0.8051824569702148,0.0008124712621793151,0.00011918460222659633
0.510019838809967,0.48508214950561523,0.004542365670204163,0.00021174809080548584,0.0001439153857063502
0.05280440300703049,0.07474444061517715,0.8682765960693359,0.002770236460492015,0.0014042650582268834
0.0006428519263863564,0.196737140417099,0.8012023568153381,0.001289770589210093,0.000127820938359946
0.0074304076842963696,0.8378005027770996,0.1537235528230667,0.0008108976180665195,0.00023470354790333658
0.5774696469306946,0.37586984038352966,0.04419431462883949,0.002028828486800194,0.00043730615288950503
0.05679298937320709,0.7093652486801147,0.23238343000411987,0.0009942747419700027,0.00046404433669522405
0.00028167341952212155,0.0004570201563183218,0.004000288899987936,0.8604821562767029,0.1347789168357849
0.0010493714362382889,0.0012220151256769896,0.011914324946701527,0.2813170254230499,0.7044972777366638
0.13827362656593323,0.8571486473083496,0.0036743339151144028,0.0006483642500825226,0.0002550494100432843
0.9984022974967957,0.0012357219820842147,0.0002587724884506315,6.665949331363663e-05,3.661186565295793e-05
0.0005916874506510794,0.01681259647011757,0.9702253341674805,0.012121803127229214,0.0002485626901034266
0.019661741331219673,0.9433294534683228,0.036081645637750626,0.000760837341658771,0.00016633635095786303
0.0006697519565932453,0.042531825602054596,0.9564398527145386,0.00021998418378643692,0.0001386153162457049
0.8866012692451477,0.11196223646402359,0.0009434990352019668,0.00025810240185819566,0.00023494574998039752
0.86057049036026,0.12416494637727737,0.014894785359501839,0.00025931023992598057,0.00011040925892302766
0.0005378145724534988,0.002351105911657214,0.9395127892494202,0.05709294229745865,0.0005053533823229373
0.9507547616958618,0.0470980666577816,0.0018275600159540772,0.00023166935716290027,8.79046056070365e-05
0.0038813725113868713,0.053722988814115524,0.9307990670204163,0.01125976350158453,0.0003367945901118219
0.0008773680892772973,0.0994853675365448,0.8951151967048645,0.0043830289505422115,0.00013906067761126906
0.2145950347185135,0.7754233479499817,0.008623101748526096,0.0011147033656015992,0.00024381876573897898
0.08493946492671967,0.9039965271949768,0.010375437326729298,0.00046751578338444233,0.000221001377212815
0.00031436479184776545,0.0030243168585002422,0.9861278533935547,0.010266141965985298,0.00026734857237897813
0.0005789059796370566,0.0009249246213585138,0.06509401649236679,0.6948078274726868,0.23859433829784393
0.0007054340094327927,0.001957136206328869,0.10672660171985626,0.8777644634246826,0.012846319936215878
0.9978679418563843,0.0016072365688160062,0.00034614073229022324,0.0001294412068091333,4.9237703933613375e-05
0.00026110370527021587,0.0005524961743503809,0.025202492251992226,0.9734780192375183,0.0005059204413555562
0.2259034812450409,0.744797945022583,0.026433276012539864,0.0019219914684072137,0.0009433115483261645
0.0004335475678090006,0.7493956685066223,0.2481883317232132,0.0018160756444558501,0.0001663605944486335
0.0005424864939413965,0.0010579954832792282,0.048906922340393066,0.9448328614234924,0.004659677390009165
0.0003052190877497196,0.0008587357588112354,0.5541801452636719,0.44422292709350586,0.0004330118536017835
0.0004293673555366695,0.0007634292705915868,0.44129323959350586,0.5562261343002319,0.0012878152774646878
0.0002870025928132236,0.000520869973115623,0.004595289472490549,0.9935945868492126,0.0010022887727245688
0.2594534158706665,0.49258092045783997,0.24091657996177673,0.0053392257541418076,0.0017098081298172474
0.564440906047821,0.4221029281616211,0.012299750000238419,0.0007590885506942868,0.0003973027050960809
0.99852055311203,0.0012711244635283947,0.00013994923210702837,3.660971196950413e-05,3.1786446925252676e-05
0.0004002032510470599,0.03253145515918732,0.9291380643844604,0.03767015412449837,0.000260063330642879
0.9994431138038635,0.0004064315289724618,9.733745537232608e-05,3.5230805224273354e-05,1.7850868971436284e-05
5.272715134196915e-05,7.651326450286433e-05,0.00023147040337789804,0.0021443504374474287,0.9974949359893799
0.9228965044021606,0.07438243925571442,0.0021708139684051275,0.0003737506049219519,0.00017642694001551718
0.695103108882904,0.28424790501594543,0.01900053769350052,0.001106289098970592,0.0005421300302259624
0.0004550229641608894,0.0006679887883365154,0.019927052780985832,0.6689534187316895,0.3099965453147888
0.0015860864659771323,0.0019175219349563122,0.058939311653375626,0.42635735869407654,0.5111997723579407
0.0024278564378619194,0.4079693853855133,0.5851014256477356,0.00410179328173399,0.00039956383989192545
0.0003838402044493705,0.1308964490890503,0.8658808469772339,0.002708572894334793,0.00013021612539887428
0.23391228914260864,0.7612082958221436,0.003719880012795329,0.000809675024356693,0.00034988971310667694
0.0003809027257375419,0.09266149252653122,0.9059106111526489,0.0009528023656457663,9.417920955456793e-05
0.0005983724840916693,0.0015501800226047635,0.6568245887756348,0.34015944600105286,0.000867426919285208
0.3748665153980255,0.6124415397644043,0.011567693203687668,0.0006367581663653255,0.00048748086555860937
0.012119235470890999,0.09398092329502106,0.8114160895347595,0.08094838261604309,0.0015353643102571368
0.00037168918061070144,0.0008445975254289806,0.043906230479478836,0.6206543445587158,0.3342231214046478
0.9996979236602783,0.0002596017438918352,2.637058605614584e-05,1.0898510481638368e-05,5.2453947319008876e-06
0.9987056255340576,0.0009114085114561021,0.00024370070605073124,9.740998211782426e-05,4.179478492005728e-05
0.9617060422897339,0.03670947626233101,0.0008543130825273693,0.0005087099270895123,0.00022148228890728205
3.75791423721239e-05,7.854770228732377e-05,0.00046156730968505144,0.0040372093208134174,0.9953851103782654
0.0003106508811470121,0.0011048956075683236,0.9697218537330627,0.028751369565725327,0.00011126739264000207
0.004611855838447809,0.9357762336730957,0.05863330885767937,0.0008378820493817329,0.00014076106890570372
0.005159832537174225,0.9596670269966125,0.03465154767036438,0.0004148116277065128,0.00010672747885109857
0.9996529817581177,0.00028433933039195836,3.8701742596458644e-05,1.7201593436766416e-05,6.736960131092928e-06
0.9945038557052612,0.004517151042819023,0.0006531541584990919,0.0002459102252032608,7.99675690359436e-05
0.00958831887692213,0.9028614163398743,0.08574280887842178,0.0015071205561980605,0.00030036852695047855
6.127564120106399e-05,0.00011062133853556588,0.0006379468250088394,0.02192806638777256,0.9772621393203735
0.896753191947937,0.10018118470907211,0.002241643611341715,0.0005377858760766685,0.0002862148394342512
7.383298361673951e-05,0.00011938464740524068,0.00029566927696578205,0.006689923815429211,0.9928211569786072
0.7743512392044067,0.21803651750087738,0.0068284496665000916,0.0005683692288585007,0.0002154225076083094
0.000395803595893085,0.035265617072582245,0.120209239423275,0.843426525592804,0.0007028382970020175
0.000489933998323977,0.004257164429873228,0.9836022853851318,0.011502809822559357,0.00014777478645555675
0.0006029544165357947,0.0008672195253893733,0.454213410615921,0.5430962443351746,0.0012201819336041808
0.0029665506444871426,0.004898446146398783,0.6747708320617676,0.3145979642868042,0.0027661866042762995
0.009447608143091202,0.22022965550422668,0.7627186179161072,0.007254454772919416,0.00034968837280757725
0.1529320925474167,0.7993247509002686,0.04551733657717705,0.0017992329085245728,0.00042654620483517647
0.0955459475517273,0.8694303035736084,0.033425163477659225,0.0012107199290767312,0.0003878764109686017
0.9989431500434875,0.0008307109819725156,0.0001377835578750819,7.303462189156562e-05,1.5362711565103382e-05
0.5657797455787659,0.4075728952884674,0.021062152460217476,0.004734155256301165,0.0008510596817359328
0.26285064220428467,0.6380873322486877,0.09709363430738449,0.0012389998883008957,0.0007293859962373972
0.010879590176045895,0.350809782743454,0.6258634924888611,0.011570543982088566,0.0008765755919739604
0.9996277093887329,0.0002812270540744066,6.198057235451415e-05,1.80361694219755e-05,1.105377850763034e-05
0.0811026468873024,0.9162969589233398,0.0017615529941394925,0.0005706740194000304,0.00026817002799361944
0.9848229885101318,0.01412520557641983,0.000722641998436302,0.00024746995768509805,8.165791950887069e-05
0.002135226968675852,0.6690796613693237,0.3258458375930786,0.002572364639490843,0.00036691746208816767
0.0007457954925484955,0.030355850234627724,0.8334662914276123,0.134012833237648,0.001419254345819354
0.004940464626997709,0.8743593692779541,0.11826395988464355,0.002144705969840288,0.00029154453659430146
0.0003279527008999139,0.006695312447845936,0.9867863059043884,0.006070462521165609,0.0001199393518618308
0.8831899762153625,0.11192502826452255,0.004279075190424919,0.0003647450066637248,0.00024124134506564587
0.0006473600515164435,0.020325642079114914,0.810173511505127,0.16801899671554565,0.0008344546076841652
0.44204363226890564,0.5548567175865173,0.002135653980076313,0.000758415088057518,0.00020558811957016587
0.23907433450222015,0.7108694911003113,0.04678544029593468,0.0026226325426250696,0.0006481653545051813
2.6166804673266597e-05,5.278515163809061e-05,0.0011538538383319974,0.008860413916409016,0.9899068474769592
0.001490505295805633,0.0016775709809735417,0.16989244520664215,0.6267600655555725,0.20017938315868378
0.00047655205707997084,0.22960451245307922,0.7665619850158691,0.0031744621228426695,0.00018248980632051826
0.7890142202377319,0.19399268925189972,0.012188424356281757,0.003650746773928404,0.0011539619881659746
0.997465968132019,0.0017781303031370044,0.0006237964844331145,8.428665023529902e-05,4.782708492712118e-05
0.01381589099764824,0.9433788657188416,0.04215804487466812,0.0005061419797129929,0.00014108599862083793
0.0011174670653417706,0.041386883705854416,0.8841229677200317,0.07293261587619781,0.00044009051634930074
0.0033006430603563786,0.11949991434812546,0.5792179703712463,0.297495037317276,0.0004864385409746319
0.7083103060722351,0.2858854830265045,0.0049501340836286545,0.000502619135659188,0.00035146070877090096
0.13742969930171967,0.5613300204277039,0.2938655912876129,0.005839691963046789,0.0015350254252552986
0.9993034601211548,0.0004763419565279037,0.00015125048230402172,4.801875911653042e-05,2.0939345631632023e-05
0.001680158544331789,0.9501777291297913,0.04700552672147751,0.0010064226808026433,0.00013015435251872987
0.00014647826901637018,0.00048503142897970974,0.004103928338736296,0.9948641657829285,0.0004003643407486379
0.6234479546546936,0.3501220643520355,0.025883294641971588,0.0003804924781434238,0.000166191253811121
0.000739629496820271,0.0014053978957235813,0.9658195972442627,0.031417157500982285,0.0006181577919051051
0.0017779279733076692,0.0015881818253546953,0.3180162012577057,0.6776872873306274,0.000930374430026859
0.9985318183898926,0.0011717143934220076,0.00020807595865335315,5.968393452349119e-05,2.869552372430917e-05
0.7737791538238525,0.21945375204086304,0.005804846063256264,0.0006323555135168135,0.00032983935670927167
0.0008840537630021572,0.8040329217910767,0.19305285811424255,0.0019017847953364253,0.00012835596862714738
0.7382310032844543,0.25659242272377014,0.003252411726862192,0.0013532007578760386,0.0005709586548618972
0.0003215935721527785,0.0005932500935159624,0.9218649864196777,0.07702001929283142,0.00020020798547193408
0.0006723423721268773,0.0016359584406018257,0.10658827424049377,0.8766661286354065,0.014437325298786163
0.016304410994052887,0.8980500102043152,0.08155069500207901,0.0035984846763312817,0.0004964291583746672
0.0002929487091023475,0.0010271876817569137,0.9582595825195312,0.04020295664668083,0.00021729423315264285
0.03292257338762283,0.816483199596405,0.1490192413330078,0.0008468526648357511,0.0007281441939994693
0.0009190739365294576,0.03676905855536461,0.9495856165885925,0.012498684227466583,0.00022755574900656939
0.0013165990822017193,0.8090307712554932,0.18718427419662476,0.002188025275245309,0.00028028059750795364
0.05876768380403519,0.4689122140407562,0.46907931566238403,0.0026737453881651163,0.0005670094396919012
0.07724703103303909,0.8065477609634399,0.11315151304006577,0.0024842172861099243,0.0005694901337847114
0.0016530813882127404,0.7892414927482605,0.20577140152454376,0.003041868330910802,0.000292155978968367
0.0007928574341349304,0.001218420802615583,0.5134574770927429,0.4815181791782379,0.003013072069734335
0.00309603288769722,0.8157178163528442,0.17953619360923767,0.0013571861200034618,0.0002927380264736712
0.06709913164377213,0.9196299910545349,0.011655745096504688,0.0012080683372914791,0.0004071204166393727
0.0008584015304222703,0.02082526870071888,0.861548900604248,0.11623070389032364,0.0005367548437789083
0.0005883119301870465,0.002874716417863965,0.8468550443649292,0.14923188090324402,0.00045006073196418583
0.998969316482544,0.000710587773937732,0.0002570197102613747,3.818213735939935e-05,2.4874847440514714e-05
0.35697513818740845,0.4515250325202942,0.18933899700641632,0.0010472796857357025,0.0011135785607621074
0.00030391986365430057,0.0007395031861960888,0.6252983212471008,0.3729221522808075,0.0007361074676737189
0.9983265995979309,0.0014870184240862727,0.00012179115583421662,4.683396764448844e-05,1.7797492546378635e-05
2.925640728790313e-05,6.469694199040532e-05,0.00011687472579069436,0.003447301685810089,0.9963418841362
0.28354495763778687,0.6628150939941406,0.051383841782808304,0.001593549968674779,0.0006625474197790027
0.0011164259631186724,0.7622187733650208,0.2274220883846283,0.008976195007562637,0.00026646474725566804
0.5026264190673828,0.44517117738723755,0.04413016885519028,0.006985420361161232,0.001086854375898838
0.9925028085708618,0.007286479230970144,0.0001251956564374268,5.24087154190056e-05,3.314761124784127e-05
0.0001256639661733061,0.0002325408859178424,0.0017816057661548257,0.055971186608076096,0.9418890476226807
0.05625159665942192,0.9394263029098511,0.003290025284513831,0.0005571192014031112,0.0004750226507894695
0.8680544495582581,0.1304069310426712,0.000948800181504339,0.00038315000711008906,0.00020665668125730008
0.0008846069686114788,0.025619052350521088,0.5272865891456604,0.44443657994270325,0.0017731775296851993
0.9930790066719055,0.003651487175375223,0.002896182704716921,0.00027285446412861347,0.00010048597323475406
0.0009194044978357852,0.10995685309171677,0.7991296648979187,0.08770735561847687,0.002286703558638692
0.00025105400709435344,0.0005351807922124863,0.013393953442573547,0.9509418606758118,0.034877944737672806
0.9983008503913879,0.0010986309498548508,0.0004567915457300842,8.856759814079851e-05,5.5225540563696995e-05
0.9916302561759949,0.007883337326347828,0.00031045667128637433,0.00012761788093484938,4.826297299587168e-05
0.00036221431219018996,0.000603582535404712,0.07546541839838028,0.92100989818573,0.002558895153924823
0.000491676852107048,0.0003260466328356415,0.04260792210698128,0.9451633095741272,0.011411004699766636
1.398399308527587e-05,2.5527206162223592e-05,0.0005248715751804411,0.0019398464355617762,0.997495710849762
0.0005357162444852293,0.0008073614444583654,0.8578960299491882,0.14041192829608917,0.0003489172086119652
0.8961410522460938,0.10074006766080856,0.0017714316491037607,0.0009702608804218471,0.00037715633516199887
0.0007221093983389437,0.08566029369831085,0.9048445224761963,0.008528146892786026,0.00024495096295140684
0.0006576514570042491,0.0034067463129758835,0.0849771723151207,0.9102774262428284,0.0006810163031332195
0.9986822009086609,0.0009085679776035249,0.0002955936943180859,8.322072972077876e-05,3.045819903491065e-05
0.011593966744840145,0.9066503047943115,0.0809059590101242,0.0006212562439031899,0.00022854216513223946
0.9412152171134949,0.058249469846487045,0.0003673385363072157,0.0001193004718516022,4.862192872678861e-05
0.00011680362513288856,0.0001888759870780632,0.0027316107880324125,0.09542796015739441,0.9015347957611084
0.0024336171336472034,0.7235532999038696,0.2714744806289673,0.00217891251668334,0.0003596618480514735
0.0004912047879770398,0.002231271704658866,0.1477198600769043,0.8479552268981934,0.0016024453798308969
0.987558901309967,0.012121676467359066,0.00019691433408297598,6.722925172653049e-05,5.526964014279656e-05
0.00010427244706079364,0.00025510223349556327,0.00269341585226357,0.09113933145999908,0.9058079123497009
0.0007255644886754453,0.013449244201183319,0.9835484623908997,0.002139408141374588,0.00013728403428103775
0.9934444427490234,0.004462802316993475,0.0017019712831825018,0.00027129086083732545,0.00011955943773500621
0.0005533121293410659,0.03372613340616226,0.08568906784057617,0.8792347311973572,0.0007967064157128334
0.9993040561676025,0.0004808530502486974,0.00015680844080634415,3.5160453990101814e-05,2.3061955289449543e-05
0.16441303491592407,0.807466983795166,0.026795582845807076,0.0010847985977306962,0.0002395829069428146
0.003920517861843109,0.5754602551460266,0.3980429470539093,0.021876690909266472,0.0006995933945290744
0.6628621816635132,0.3240092098712921,0.011401389725506306,0.0013270169729366899,0.00040014833211898804
0.0005054984940215945,0.0827224850654602,0.9059070944786072,0.010585885494947433,0.0002790895523503423
0.9682759046554565,0.028472300618886948,0.0025797169655561447,0.00045207637595012784,0.00022001178876962513
0.9991483688354492,0.0007239608094096184,6.254824256757274e-05,5.052062988397665e-05,1.4631384146923665e-05
0.9979004859924316,0.001981389708817005,7.606459985254332e-05,2.6395167878945358e-05,1.5709052604506724e-05
0.5505194067955017,0.44219496846199036,0.005478393752127886,0.001433804165571928,0.0003734336933121085
0.0006537945591844618,0.0017102842684835196,0.29146525263786316,0.7034738063812256,0.002696852432563901
0.000396587944123894,0.0021225314121693373,0.912014901638031,0.08513243496417999,0.00033358187647536397
0.5838366150856018,0.4051755666732788,0.009346789680421352,0.0011746447999030352,0.00046639953507110476
0.0002644678170327097,0.0003605899983085692,0.001566632417961955,0.042731110006570816,0.9550771713256836
0.9582827687263489,0.03859981149435043,0.0019097672775387764,0.0009710022713989019,0.0002366835396969691
0.011510029435157776,0.9302192330360413,0.047138627618551254,0.010749256238341331,0.00038285477785393596
0.0831228569149971,0.8961132168769836,0.01953050121665001,0.0010157909709960222,0.0002176951675210148
0.5244204998016357,0.4487997591495514,0.023481734097003937,0.0025426591746509075,0.0007553451578132808
0.0007401256589218974,0.0010335362749174237,0.8555999398231506,0.14209233224391937,0.0005340799689292908
0.0005512542556971312,0.0025069655384868383,0.7924069166183472,0.20308972895145416,0.0014451093738898635
0.9795867800712585,0.01992652378976345,0.0002694154973141849,0.00012023420276818797,9.700762166175991e-05
0.00045747781405225396,0.027297310531139374,0.9322545528411865,0.03973384201526642,0.00025683848070912063
0.9959188103675842,0.0035847637336701155,0.00031460580066777766,0.00012646846880670637,5.541124119190499e-05
0.0007396598812192678,0.001936066197231412,0.9784330129623413,0.018674422055482864,0.00021690512949135154
0.9989707469940186,0.0009064751793630421,8.184553735191002e-05,2.480977855157107e-05,1.6126796253956854e-05
0.24345190823078156,0.7419434785842896,0.012185429222881794,0.002133905189111829,0.00028528471011668444
0.9987044334411621,0.0009505690541118383,0.00019877638260368258,0.00010998579091392457,3.621599535108544e-05
0.6496558785438538,0.33477652072906494,0.01485452614724636,0.0004716901748906821,0.00024140380264725536
0.0011696615256369114,0.9615989923477173,0.035849470645189285,0.0012538665905594826,0.00012797953968401998
0.00033064125454984605,0.02162919193506241,0.9726646542549133,0.005061303731054068,0.0003142600180581212
0.0010314345126971602,0.0025684169959276915,0.03193411976099014,0.7528780698776245,0.21158798038959503
0.9449385404586792,0.05353065952658653,0.0009977222653105855,0.00031989242415875196,0.00021321359963621944
0.0003460706793703139,0.1420750916004181,0.8564331531524658,0.0010240557603538036,0.00012162145139882341
0.00032530465978197753,0.0007129668374545872,0.0034603725653141737,0.9927120208740234,0.0027894049417227507
0.9973090887069702,0.001977143343538046,0.0005096566746942699,0.00014330520934890956,6.0803031374234706e-05
0.5074007511138916,0.4833608865737915,0.008333148434758186,0.0006295344792306423,0.0002756723843049258
0.04188423231244087,0.8970195055007935,0.057868681848049164,0.00266986433416605,0.0005577440606430173
0.9983616471290588,0.0012715654447674751,0.0002434316702419892,0.00010063972149509937,2.2693820938002318e-05
0.6679595708847046,0.3240213692188263,0.00731689902022481,0.0004865506780333817,0.00021560268942266703
0.03196362033486366,0.8388271927833557,0.12751200795173645,0.0014205515617504716,0.00027665920788422227
0.11158503592014313,0.8758795857429504,0.011558792553842068,0.0007275186944752932,0.0002490669139660895
0.9164323210716248,0.08192902058362961,0.0009265448898077011,0.0004860536428168416,0.0002260473556816578
0.9987530708312988,0.0009685365948826075,0.00017635435506235808,7.176904182415456e-05,3.030279913218692e-05
0.801801860332489,0.18818923830986023,0.0067680939100682735,0.0027110392693430185,0.0005298281903378665
0.00027930474607273936,0.00044287211494520307,0.002778631867840886,0.9326079487800598,0.06389124691486359
0.009554549120366573,0.9773772358894348,0.012158285826444626,0.0007906693499535322,0.00011929776519536972
0.0008865208365023136,0.0020433058962225914,0.901900589466095,0.09440841525793076,0.0007612006738781929
0.000587010697927326,0.0013748187338933349,0.4243127405643463,0.5724326968193054,0.0012927253264933825
0.1253288835287094,0.7880987524986267,0.08270774781703949,0.0031546216923743486,0.0007100461516529322
1.9378318029339425e-05,2.9867247576476075e-05,0.00010102341184392571,0.001082280883565545,0.9987674951553345
0.9987325072288513,0.0010057638864964247,0.00019839957531075925,3.4703734854701906e-05,2.8675134672084823e-05
0.29122859239578247,0.7049744725227356,0.003017796203494072,0.0005652477848343551,0.00021392625058069825
0.9989767074584961,0.0008106184541247785,0.00015965563943609595,3.814202136709355e-05,1.4872752217343077e-05
0.6560012102127075,0.3386226296424866,0.004402591846883297,0.0007105104741640389,0.0002630792441777885
0.09888357669115067,0.8949759602546692,0.005056059453636408,0.0007409068057313561,0.00034353634691797197
0.0004897224134765565,0.0012811298947781324,0.014517076313495636,0.9660724401473999,0.017639612779021263
0.9990798234939575,0.000718777475412935,0.00014990555064287037,3.4163309464929625e-05,1.7345480955555104e-05
0.9984158277511597,0.0013495603343471885,0.000154652982018888,4.777817230205983e-05,3.2224688766291365e-05
0.00040000228909775615,0.0008618274587206542,0.9519081711769104,0.04661988839507103,0.00021009422198403627
0.0011416570050641894,0.008099472150206566,0.8468284606933594,0.14333657920360565,0.0005938567919656634
0.21511028707027435,0.775975227355957,0.006463232450187206,0.0015615186421200633,0.0008897642837837338
0.0005668854573741555,0.001768068061210215,0.022215861827135086,0.9410786032676697,0.0343705378472805
0.006990437861531973,0.9266436100006104,0.06460913270711899,0.0015053371898829937,0.00025145174004137516
0.25012126564979553,0.16658280789852142,0.5796739459037781,0.0028523665387183428,0.0007695601088926196
0.9988376498222351,0.0006420888821594417,0.00040287102456204593,7.845200889278203e-05,3.8939735532039776e-05
0.4503922760486603,0.5392600893974304,0.009344734251499176,0.0007108623976819217,0.00029200190328992903
0.9928191304206848,0.0063807605765759945,0.0005980309215374291,0.0001405498624080792,6.146120722405612e-05
0.0007850354886613786,0.0015009287744760513,0.016254080459475517,0.43860918283462524,0.5428507924079895
0.0006130883120931685,0.0016523110680282116,0.3287784457206726,0.6668143272399902,0.0021418484393507242
0.024220243096351624,0.9180166125297546,0.05390947684645653,0.0031273672357201576,0.0007263385923579335
0.9989342093467712,0.0009166752570308745,9.856479300651699e-05,2.8984766686335206e-05,2.1512181774596684e-05
0.0016816615825518966,0.004774211905896664,0.9298543930053711,0.061774276196956635,0.001915465691126883
0.058878764510154724,0.9299220442771912,0.010606640949845314,0.00035008142003789544,0.00024252808361779898
0.47571805119514465,0.511217474937439,0.011620976962149143,0.0011324663646519184,0.00031102224602364004
0.1958276927471161,0.7946774959564209,0.008774694986641407,0.0005485868896357715,0.00017148441111203283
0.000641600345261395,0.0022890616673976183,0.9761714339256287,0.02076171524822712,0.0001362191396765411
0.003179222112521529,0.507029116153717,0.48576441407203674,0.0037881601601839066,0.000239125729422085
0.029512764886021614,0.8927608132362366,0.07310913503170013,0.003648411715403199,0.0009689070284366608
0.9414775967597961,0.056213825941085815,0.0018324119737371802,0.00035617724643088877,0.00011998625268461183
0.059183940291404724,0.9168990850448608,0.023189019411802292,0.0005794388707727194,0.00014847214333713055
1.5527697541983798e-05,2.334865894226823e-05,9.734473860589787e-05,0.0011615145485848188,0.9987022876739502
0.0004001300549134612,0.0006447495543397963,0.01225450448691845,0.9076883792877197,0.07901223003864288
0.999618649482727,0.00032033585011959076,3.606917380238883e-05,1.6048548786784522e-05,8.882667316356674e-06
0.6980486512184143,0.29407915472984314,0.006992832757532597,0.0005212967516854405,0.0003580615157261491
0.9987223744392395,0.0007406152435578406,0.0004443490179255605,6.307951844064519e-05,2.9595072192023508e-05
0.0007662000134587288,0.5132716298103333,0.4830828309059143,0.0026751349214464426,0.0002041860861936584
0.00047817453742027283,0.02094542607665062,0.964473307132721,0.013860944658517838,0.0002421258541289717
0.38267621397972107,0.5776246190071106,0.03443029522895813,0.0033929587807506323,0.0018759333761408925
0.0006825073505751789,0.001667473348788917,0.9689776301383972,0.028394563123583794,0.0002777977497316897
0.00047650188207626343,0.054492149502038956,0.9415224194526672,0.003362008137628436,0.00014687188377138227
0.0010359572479501367,0.6761197447776794,0.3183583915233612,0.003853960894048214,0.0006319479434750974
0.9720423817634583,0.02721262536942959,0.0005253106937743723,0.0001408014795742929,7.885655213613063e-05
0.8379326462745667,0.15844707190990448,0.0030709239654242992,0.00033818103838711977,0.00021121664030943066
0.36318841576576233,0.5519068837165833,0.0831519216299057,0.0011329518165439367,0.0006198813789524138
0.0036952875088900328,0.0030234111472964287,0.9841679930686951,0.008815048262476921,0.00029823381919413805
0.9982499480247498,0.001297387876547873,0.0003223020175937563,0.0001024571101879701,2.7832555133500136e-05
0.000516874308232218,0.001234640832990408,0.17518620193004608,0.8182177543640137,0.004844557959586382
0.052841443568468094,0.8419057130813599,0.10338466614484787,0.0013917081523686647,0.00047641602577641606
0.0029361406341195107,0.8797429203987122,0.11558103561401367,0.001470885006710887,0.000269024953013286
0.00032518585794605315,0.0005888164159841835,0.028896130621433258,0.966702938079834,0.0034870037343353033
0.007728536147624254,0.6870104670524597,0.29593315720558167,0.008882880210876465,0.0004449728294275701
0.00040532334242016077,0.0007966123521327972,0.004636786878108978,0.9395912885665894,0.05456996709108353
0.0009303555707447231,0.0023121871054172516,0.24968765676021576,0.738856315612793,0.008213519118726254
0.9990242719650269,0.0006194785237312317,0.00028329651104286313,4.4813117710873485e-05,2.8171085432404652e-05
0.9992066025733948,0.0006476460257545114,7.840154285077006e-05,4.922749940305948e-05,1.8200615159003064e-05
0.5644875168800354,0.4282797574996948,0.006640275940299034,0.0003954393323510885,0.00019704605801962316
0.0005379418144002557,0.0006306446739472449,0.19420860707759857,0.803990364074707,0.0006324820569716394
0.0005066602025181055,0.0016414992278441787,0.3158879578113556,0.6812357306480408,0.0007281660218723118
0.9641727805137634,0.03382842242717743,0.0015387516468763351,0.00036984370672143996,9.017968113766983e-05
0.6234729290008545,0.3580196797847748,0.016035225242376328,0.0020053135231137276,0.00046689301962032914
0.9918116331100464,0.007669317070394754,0.000329961912939325,0.00012383026478346437,6.52549642836675e-05
0.2724526524543762,0.7093716859817505,0.016863228753209114,0.000844135123770684,0.00046831273357383907
5.4987882322166115e-05,6.784220022382215e-05,0.00026353512657806277,0.0028969133272767067,0.9967166781425476
0.9976046085357666,0.0018877149559557438,0.00034542984212748706,0.0001293979148613289,3.277456198702566e-05
0.9691725373268127,0.030105601996183395,0.0005210217786952853,0.00010975859186146408,9.104602213483304e-05
0.0017720295581966639,0.0008970849448814988,0.10436655580997467,0.694673478603363,0.19829082489013672
0.6679137349128723,0.3281439244747162,0.0033410179894417524,0.00040703790728002787,0.00019423174671828747
0.0006966612418182194,0.0024090383667498827,0.11008769273757935,0.8770488500595093,0.009757828898727894
0.0003879217547364533,0.0008693361887708306,0.0016163615509867668,0.0750197321176529,0.9221066236495972
0.48611730337142944,0.49056243896484375,0.02179197035729885,0.0011077141389250755,0.00042063253931701183
0.0007150978781282902,0.001111391233280301,0.08454378694295883,0.9102147221565247,0.0034149885177612305
0.03477563336491585,0.9561964273452759,0.008312015794217587,0.0005805486580356956,0.00013533009041566402
0.0031845204066485167,0.7459810376167297,0.24670056998729706,0.00363733246922493,0.0004965190310031176
0.01652621105313301,0.9626213908195496,0.020222274586558342,0.00045564057654701173,0.00017446519632358104
0.0002822933020070195,0.0006967616500332952,0.9219133853912354,0.0768895372748375,0.00021803390700370073
0.17698563635349274,0.7729482650756836,0.04649176448583603,0.002970282919704914,0.0006040601874701679
0.0005703227361664176,0.000952467555180192,0.21646331250667572,0.7793053984642029,0.0027085072360932827
0.9988025426864624,0.0010711688082665205,7.401990296784788e-05,3.5188622860005125e-05,1.708001764200162e-05
0.9991212487220764,0.0007404832867905498,7.955393084557727e-05,3.514705167617649e-05,2.3558883185614832e-05
0.0018213118892163038,0.00497758062556386,0.8691484332084656,0.12375553697347641,0.0002971177746076137
