RowId,AVERAGE_SPEED_DIFF,AVERAGE_FREE_FLOW_SPEED,AVERAGE_TIME_DIFF,AVERAGE_FREE_FLOW_TIME,LUMINOSITY,AVERAGE_TEMPERATURE,AVERAGE_ATMOSP_PRESSURE,AVERAGE_HUMIDITY,AVERAGE_WIND_SPEED,AVERAGE_CLOUDINESS,AVERAGE_RAIN,Hour,DayOfWeek,Month,Is_Weekend,Is_Rush_Hour
1,Medium,41.5,11.5,71.4,LIGHT,15.0,1019.0,100.0,3.0,sem observação,sem chuva,7,3,8,0,1
2,High,41.7,48.3,87.4,LIGHT,21.0,1021.0,53.0,5.0,céu claro,sem chuva,14,4,8,0,0
3,High,38.6,38.4,85.2,LIGHT,26.0,1014.0,61.0,4.0,sem observação,sem chuva,16,6,9,1,0
4,High,37.4,61.0,94.1,LIGHT,18.0,1025.0,48.0,4.0,céu claro,sem chuva,11,1,2,0,0
5,Medium,41.6,50.4,77.0,LIGHT,15.0,1008.0,82.0,10.0,sem observação,sem chuva,12,3,6,0,0
6,Medium,52.4,5.6,68.5,LOW_LIGHT,13.0,1014.0,72.0,4.0,nuvens dispersas,sem chuva,7,3,11,0,1
7,None_Existent,45.7,4.0,79.8,DARK,16.0,1020.0,58.0,0.0,céu claro,sem chuva,21,2,10,0,0
8,Low,40.9,11.8,87.8,LIGHT,19.0,1014.0,64.0,5.0,céu claro,sem chuva,19,5,8,1,1
9,Low,36.4,10.6,72.6,LIGHT,21.0,1019.0,82.0,5.0,céu pouco nublado,sem chuva,12,6,6,1,0
10,Low,34.8,10.1,84.4,LIGHT,19.0,1018.0,55.0,3.0,céu limpo,sem chuva,9,5,4,1,1
11,Medium,42.5,14.1,75.1,DARK,18.0,1015.0,100.0,1.0,sem observação,chuva fraca,22,6,8,1,0
12,Low,46.8,2.4,75.5,LIGHT,14.0,1017.0,100.0,11.0,sem observação,sem chuva,6,3,7,0,0
13,Low,40.9,10.1,87.9,DARK,9.0,1017.0,81.0,5.0,algumas nuvens,sem chuva,7,6,1,1,1
14,Medium,41.8,18.8,81.5,LIGHT,15.0,1021.0,67.0,2.0,céu claro,sem chuva,14,4,1,0,0
15,None_Existent,45.1,4.0,78.0,DARK,12.0,1021.0,100.0,1.0,céu pouco nublado,sem chuva,4,4,9,0,0
16,None_Existent,39.3,5.0,90.0,DARK,11.0,1023.0,100.0,4.0,nuvens quebrados,sem chuva,22,4,2,0,0
17,None_Existent,46.0,7.1,83.5,DARK,18.0,1016.0,40.0,5.0,sem observação,sem chuva,5,6,9,1,0
18,None_Existent,37.5,0.8,67.8,DARK,11.0,1030.0,100.0,2.0,sem observação,sem chuva,22,6,12,1,0
19,Low,44.7,2.5,68.2,DARK,15.0,1024.0,87.0,6.0,nuvens quebrados,sem chuva,21,6,12,1,0
20,Low,35.7,10.9,105.3,LIGHT,16.0,1019.0,67.0,5.0,algumas nuvens,sem chuva,14,6,2,1,0
21,Low,43.3,4.8,84.7,DARK,15.0,1012.0,100.0,6.0,nuvens quebrados,sem chuva,22,5,11,1,0
22,None_Existent,39.7,2.0,72.0,DARK,24.0,1020.0,32.0,4.0,sem observação,sem chuva,23,4,9,0,0
23,Medium,40.9,35.9,77.7,LIGHT,20.0,1018.0,82.0,6.0,sem observação,chuva fraca,16,0,4,0,0
24,Medium,43.0,30.7,89.3,DARK,22.0,1020.0,37.0,1.0,céu claro,sem chuva,19,2,10,0,1
25,Very_High,43.1,113.5,86.2,LIGHT,22.0,1011.0,94.0,7.0,sem observação,chuva fraca,18,3,8,0,1
26,High,40.8,25.9,81.9,DARK,14.0,1014.0,93.0,0.0,nuvens quebrados,sem chuva,19,4,10,0,1
27,Medium,35.6,26.7,89.8,LIGHT,22.0,1016.0,83.0,3.0,céu pouco nublado,sem chuva,19,5,7,1,1
28,High,33.8,136.9,93.6,LIGHT,20.0,1019.0,77.0,3.0,nuvens quebrados,sem chuva,12,0,8,0,0
29,None_Existent,37.9,2.5,64.7,DARK,15.0,1019.0,67.0,4.0,sem observação,sem chuva,2,5,5,1,0
30,Medium,36.2,38.7,84.8,LIGHT,16.0,1019.0,100.0,1.0,sem observação,sem chuva,10,0,9,0,0
31,Low,37.2,9.4,72.5,LIGHT,17.0,1019.0,72.0,2.0,sem observação,sem chuva,10,6,6,1,0
32,Medium,47.3,6.2,80.3,DARK,8.0,1025.0,100.0,1.0,nuvens dispersas,sem chuva,7,3,2,0,1
33,Low,45.5,3.6,86.2,DARK,13.0,1018.0,93.0,2.0,sem observação,sem chuva,3,2,10,0,0
34,None_Existent,45.3,1.4,81.6,DARK,13.0,1007.0,93.0,6.0,nuvens quebrados,sem chuva,2,2,11,0,0
35,Low,41.4,14.2,77.1,DARK,18.0,1013.0,88.0,0.0,céu claro,sem chuva,23,2,8,0,0
36,Low,37.3,13.0,91.4,LIGHT,21.0,1015.0,73.0,2.0,algumas nuvens,sem chuva,19,2,8,0,1
37,None_Existent,36.7,0.0,75.5,LIGHT,7.0,1032.0,100.0,1.0,algumas nuvens,sem chuva,10,5,12,1,0
38,None_Existent,38.3,0.0,84.3,DARK,13.0,1026.0,100.0,0.0,sem observação,sem chuva,1,5,11,1,0
39,Medium,34.2,36.3,92.5,LIGHT,21.0,1018.0,83.0,3.0,tempo nublado,sem chuva,13,1,9,0,0
40,Low,37.2,3.0,66.9,DARK,11.0,1020.0,87.0,4.0,tempo nublado,sem chuva,0,6,1,1,0
41,Low,48.2,1.4,82.9,DARK,11.0,1016.0,66.0,8.0,céu claro,sem chuva,6,5,10,1,0
42,Very_High,46.0,131.7,61.5,LIGHT,16.0,1015.0,100.0,3.0,nuvens quebradas,sem chuva,8,2,6,0,1
43,High,39.0,41.3,79.0,LIGHT,7.0,1021.0,100.0,1.0,céu claro,sem chuva,10,4,1,0,0
44,Medium,40.6,19.9,87.6,LIGHT,20.0,1019.0,82.0,4.0,nuvens quebrados,sem chuva,13,6,8,1,0
45,High,42.9,63.6,85.6,LIGHT,20.0,1018.0,73.0,2.0,céu claro,sem chuva,18,3,9,0,1
46,None_Existent,47.4,0.0,85.9,DARK,9.0,1016.0,87.0,1.0,céu claro,sem chuva,6,4,10,0,0
47,None_Existent,39.1,0.0,72.0,DARK,13.0,1018.0,93.0,6.0,nuvens quebrados,sem chuva,0,3,1,0,0
48,High,40.2,31.3,88.9,LOW_LIGHT,14.0,1029.0,76.0,1.0,algumas nuvens,sem chuva,18,2,2,0,1
49,Very_High,47.7,103.1,81.5,LIGHT,10.0,1020.0,76.0,5.0,sem observação,sem chuva,9,2,11,0,1
50,Medium,43.1,7.6,66.5,LOW_LIGHT,9.0,1024.0,87.0,2.0,céu pouco nublado,sem chuva,6,4,4,0,0
51,None_Existent,47.3,0.0,89.4,DARK,15.0,1014.0,88.0,2.0,céu claro,sem chuva,6,5,9,1,0
52,Low,37.3,6.9,78.8,LIGHT,28.0,1014.0,61.0,4.0,sem observação,sem chuva,19,2,7,0,1
53,Medium,45.6,10.2,77.3,DARK,9.0,1005.0,87.0,10.0,sem observação,chuva,22,4,2,0,0
54,Medium,37.4,30.6,90.0,LIGHT,19.0,1016.0,77.0,0.0,nuvens quebrados,sem chuva,10,2,7,0,0
55,None_Existent,34.8,0.0,88.4,LIGHT,17.0,1021.0,100.0,1.0,sem observação,sem chuva,9,6,9,1,1
56,None_Existent,44.2,2.6,77.6,DARK,12.0,1019.0,100.0,2.0,sem observação,chuva fraca,4,6,9,1,0
57,Very_High,44.3,111.9,86.4,LIGHT,5.0,1029.0,66.0,5.0,céu claro,sem chuva,9,2,2,0,1
58,None_Existent,38.9,2.5,69.5,DARK,12.0,1021.0,87.0,2.0,céu limpo,sem chuva,20,3,4,0,0
59,None_Existent,45.0,0.0,80.6,DARK,14.0,1015.0,87.0,1.0,céu claro,sem chuva,2,6,8,1,0
60,Medium,37.4,20.6,76.5,LIGHT,21.0,1016.0,72.0,2.0,céu pouco nublado,sem chuva,13,1,6,0,0
61,None_Existent,37.6,1.9,84.9,DARK,18.0,1019.0,67.0,2.0,céu claro,sem chuva,20,0,10,0,0
62,High,44.5,78.7,85.0,LOW_LIGHT,17.0,1017.0,67.0,0.0,nuvens quebrados,sem chuva,17,3,10,0,1
63,None_Existent,36.4,0.0,68.9,DARK,17.0,1018.0,82.0,1.0,sem observação,sem chuva,1,6,6,1,0
64,High,38.5,92.2,92.8,LIGHT,26.0,1020.0,69.0,6.0,sem observação,sem chuva,15,3,8,0,0
65,High,45.3,38.8,87.0,LIGHT,30.0,1013.0,43.0,3.0,céu claro,sem chuva,18,3,8,0,1
66,Medium,32.9,24.1,88.8,LIGHT,21.0,1013.0,88.0,4.0,nuvens quebradas,sem chuva,10,2,7,0,0
67,Low,33.7,7.0,70.8,LIGHT,15.0,1016.0,67.0,4.0,nuvens dispersas,sem chuva,13,5,5,1,0
68,None_Existent,41.9,0.0,73.8,DARK,14.0,1023.0,100.0,0.0,sem observação,sem chuva,21,0,12,0,0
69,None_Existent,49.6,4.1,86.1,DARK,15.0,1021.0,87.0,8.0,sem observação,sem chuva,1,2,8,0,0
70,Low,40.7,3.6,83.4,LIGHT,14.0,1012.0,55.0,3.0,céu limpo,sem chuva,9,6,3,1,1
71,Medium,40.5,5.0,81.8,DARK,14.0,1015.0,100.0,2.0,sem observação,sem chuva,6,2,9,0,0
72,High,44.5,43.3,81.3,LOW_LIGHT,20.0,1021.0,82.0,5.0,céu claro,sem chuva,18,4,9,0,1
73,High,39.3,22.3,79.0,LIGHT,24.0,1015.0,73.0,4.0,sem observação,sem chuva,19,1,7,0,1
74,High,36.0,59.6,87.9,LIGHT,25.0,1015.0,82.0,6.0,sem observação,sem chuva,15,4,7,0,0
75,Low,34.9,7.9,92.3,DARK,18.0,1016.0,93.0,2.0,céu pouco nublado,sem chuva,23,5,7,1,0
76,None_Existent,41.9,0.0,87.0,DARK,14.0,1017.0,100.0,1.0,sem observação,sem chuva,5,4,9,0,0
77,High,44.2,37.5,73.3,DARK,11.0,1012.0,87.0,5.0,sem observação,sem chuva,20,3,11,0,0
78,None_Existent,35.0,5.9,77.1,DARK,7.0,1020.0,93.0,2.0,nuvens quebrados,sem chuva,21,1,1,0,0
79,High,37.5,60.8,90.4,LIGHT,22.0,1019.0,94.0,3.0,sem observação,chuva leve,15,0,7,0,0
80,Medium,39.4,33.4,88.6,LIGHT,22.0,1017.0,69.0,2.0,céu claro,sem chuva,11,2,8,0,0
81,High,41.0,81.3,83.5,LIGHT,20.0,1020.0,77.0,1.0,nuvens quebradas,sem chuva,18,6,9,1,1
82,None_Existent,47.9,0.0,71.6,DARK,10.0,1019.0,81.0,6.0,algumas nuvens,sem chuva,22,2,11,0,0
83,Medium,41.6,10.9,78.2,LIGHT,16.0,1013.0,77.0,7.0,sem observação,sem chuva,19,2,6,0,1
84,Medium,39.6,11.0,82.9,LIGHT,13.0,1011.0,93.0,9.0,tempo nublado,sem chuva,11,1,11,0,0
85,Medium,39.6,35.9,88.3,LIGHT,19.0,1020.0,68.0,7.0,céu claro,sem chuva,18,2,8,0,1
86,High,40.9,117.7,82.9,LIGHT,24.0,1022.0,49.0,8.0,sem observação,sem chuva,17,2,9,0,1
87,None_Existent,48.3,0.0,77.2,DARK,17.0,1009.0,82.0,4.0,nuvens quebradas,sem chuva,3,5,9,1,0
88,None_Existent,43.2,2.8,84.3,DARK,18.0,1023.0,64.0,2.0,sem observação,sem chuva,3,4,9,0,0
89,None_Existent,41.9,2.0,69.2,DARK,12.0,1015.0,76.0,3.0,sem observação,sem chuva,22,6,5,1,0
90,None_Existent,44.2,0.0,82.0,DARK,8.0,1012.0,100.0,1.0,algumas nuvens,sem chuva,6,0,11,0,0
91,None_Existent,47.1,0.0,70.9,DARK,14.0,1023.0,93.0,6.0,sem observação,sem chuva,3,0,12,0,0
92,High,37.8,45.4,65.4,LIGHT,17.0,1016.0,82.0,1.0,nuvens dispersas,sem chuva,9,0,6,0,1
93,Medium,41.3,16.5,81.9,LIGHT,18.0,1021.0,88.0,2.0,sem observação,sem chuva,14,6,9,1,0
94,Low,32.8,15.2,83.0,LIGHT,21.0,1016.0,93.0,3.0,nuvens quebradas,sem chuva,13,0,7,0,0
95,None_Existent,43.1,0.0,71.3,DARK,16.0,1018.0,93.0,1.0,nuvens quebradas,sem chuva,3,0,6,0,0
96,None_Existent,43.6,4.3,76.9,DARK,16.0,1017.0,93.0,1.0,céu claro,sem chuva,22,0,8,0,0
97,None_Existent,35.8,1.5,72.3,DARK,15.0,1011.0,72.0,3.0,sem observação,sem chuva,23,4,5,0,0
98,None_Existent,42.1,0.0,75.9,DARK,9.0,1022.0,54.0,6.0,céu claro,sem chuva,1,1,12,0,0
99,Medium,41.1,13.9,75.1,LIGHT,12.0,1004.0,87.0,3.0,céu limpo,sem chuva,7,0,4,0,1
100,None_Existent,37.2,2.4,68.3,DARK,8.0,1032.0,100.0,0.0,nuvens quebrados,sem chuva,2,6,12,1,0
101,Medium,42.8,10.5,82.0,LIGHT,17.0,1014.0,82.0,2.0,nuvens dispersas,sem chuva,13,4,10,0,0
102,Medium,34.1,27.2,83.2,LIGHT,22.0,1015.0,73.0,4.0,céu pouco nublado,sem chuva,11,3,7,0,0
103,None_Existent,43.1,0.0,70.1,DARK,16.0,1020.0,93.0,2.0,sem observação,sem chuva,21,2,5,0,0
104,Low,36.9,8.6,87.2,LIGHT,28.0,1016.0,65.0,2.0,céu claro,sem chuva,14,6,8,1,0
105,Low,50.8,9.4,87.2,DARK,16.0,1020.0,100.0,1.0,sem observação,sem chuva,5,5,8,1,0
106,High,39.9,47.6,72.9,LIGHT,18.0,1018.0,68.0,4.0,céu pouco nublado,sem chuva,18,2,5,0,1
107,High,41.7,76.7,81.1,LIGHT,29.0,1015.0,48.0,4.0,sem observação,sem chuva,18,0,9,0,1
108,High,38.0,49.5,91.3,LIGHT,26.0,1020.0,69.0,6.0,sem observação,sem chuva,14,3,8,0,0
109,Low,44.8,13.9,78.1,DARK,17.0,1015.0,88.0,3.0,sem observação,sem chuva,3,4,8,0,0
110,Medium,39.9,17.7,69.7,LIGHT,23.0,1018.0,73.0,4.0,sem observação,sem chuva,12,4,6,0,0
111,None_Existent,39.2,4.2,71.7,DARK,14.0,1008.0,93.0,6.0,sem observação,chuva fraca,21,5,11,1,0
112,High,38.4,99.3,80.3,LIGHT,20.0,1015.0,46.0,3.0,céu pouco nublado,sem chuva,16,4,4,0,0
113,Low,44.1,12.8,80.3,DARK,20.0,1022.0,68.0,3.0,sem observação,sem chuva,20,2,9,0,0
114,Low,33.6,16.9,103.8,LIGHT,16.0,1022.0,82.0,7.0,nuvens quebradas,sem chuva,14,6,3,1,0
115,Low,42.4,3.3,78.4,DARK,17.0,1017.0,93.0,2.0,sem observação,sem chuva,20,4,9,0,0
116,None_Existent,43.0,4.8,82.7,DARK,17.0,1019.0,88.0,2.0,céu claro,sem chuva,22,6,10,1,0
117,Medium,37.4,30.6,91.6,LIGHT,20.0,1016.0,77.0,2.0,céu claro,sem chuva,11,3,9,0,0
118,Very_High,41.1,132.7,72.7,LIGHT,23.0,1018.0,73.0,5.0,sem observação,sem chuva,18,0,7,0,1
119,High,51.1,35.3,65.8,DARK,17.0,1014.0,100.0,0.0,céu pouco nublado,sem chuva,23,6,6,1,0
120,Low,37.0,7.5,68.6,DARK,16.0,1014.0,100.0,3.0,nuvens quebradas,sem chuva,22,6,4,1,0
121,Low,47.3,1.2,73.2,DARK,5.0,1024.0,93.0,2.0,céu claro,sem chuva,3,0,1,0,0
122,High,36.4,61.0,74.9,LIGHT,30.0,1019.0,32.0,3.0,sem observação,sem chuva,16,4,5,0,0
123,None_Existent,42.1,5.5,88.7,DARK,17.0,1015.0,77.0,7.0,algumas nuvens,sem chuva,5,4,10,0,0
124,None_Existent,44.5,0.0,85.0,DARK,14.0,1022.0,100.0,0.0,céu claro,sem chuva,2,6,9,1,0
125,Low,44.9,6.2,70.2,DARK,20.0,1017.0,72.0,1.0,sem observação,sem chuva,23,6,9,1,0
126,High,39.5,38.0,88.8,LIGHT,25.0,1016.0,78.0,3.0,sem observação,sem chuva,15,1,7,0,0
127,Medium,40.8,19.2,82.4,DARK,10.0,1005.0,93.0,3.0,sem observação,chuva fraca,20,0,10,0,0
128,Medium,38.2,15.4,66.1,LIGHT,23.0,1019.0,73.0,3.0,céu pouco nublado,sem chuva,13,0,7,0,0
129,Low,40.3,9.7,72.3,DARK,15.0,1019.0,82.0,5.0,céu pouco nublado,sem chuva,21,0,6,0,0
130,Medium,32.8,23.6,84.3,LIGHT,20.0,1017.0,48.0,2.0,céu pouco nublado,sem chuva,13,5,3,1,0
131,Medium,35.2,34.4,81.2,LIGHT,19.0,1017.0,88.0,4.0,nuvens quebradas,sem chuva,12,2,6,0,0
132,None_Existent,41.8,0.0,74.8,DARK,8.0,1015.0,87.0,2.0,céu limpo,sem chuva,3,2,4,0,0
133,None_Existent,41.6,0.0,76.2,DARK,7.0,1020.0,93.0,4.0,nuvens quebrados,sem chuva,23,1,1,0,0
134,None_Existent,39.0,4.4,92.1,DARK,3.0,1029.0,100.0,1.0,céu claro,sem chuva,6,0,2,0,0
135,Low,41.8,0.9,61.8,LIGHT,20.0,1021.0,32.0,6.0,sem observação,sem chuva,9,6,5,1,1
136,Medium,34.6,21.2,81.2,DARK,13.0,1019.0,87.0,1.0,céu limpo,sem chuva,19,4,4,0,1
137,None_Existent,35.3,6.6,78.1,LIGHT,14.0,986.0,86.0,1.0,nuvens quebrados,sem chuva,13,0,11,0,0
138,None_Existent,35.0,3.4,87.4,DARK,18.0,1016.0,100.0,1.0,nuvens quebradas,sem chuva,1,6,7,1,0
139,Medium,39.4,35.1,88.6,LIGHT,20.0,1017.0,88.0,2.0,sem observação,sem chuva,11,0,8,0,0
140,High,39.5,36.7,84.1,LIGHT,23.0,1015.0,73.0,1.0,sem observação,sem chuva,9,2,7,0,1
141,None_Existent,41.8,2.1,82.1,DARK,15.0,1016.0,87.0,2.0,céu claro,sem chuva,20,4,10,0,0
142,High,40.8,66.4,82.2,LIGHT,20.0,1016.0,100.0,6.0,nuvens quebradas,sem chuva,10,4,8,0,0
143,None_Existent,40.6,0.0,87.6,DARK,18.0,1013.0,88.0,1.0,céu claro,sem chuva,2,3,8,0,0
144,None_Existent,36.3,2.3,94.0,LIGHT,11.0,1030.0,66.0,5.0,céu claro,sem chuva,10,5,2,1,0
145,Very_High,45.6,83.1,73.6,LIGHT,23.0,1017.0,68.0,6.0,sem observação,sem chuva,17,4,6,0,1
146,Very_High,46.1,90.9,75.8,DARK,13.0,1020.0,82.0,4.0,nuvens quebrados,sem chuva,18,2,11,0,1
147,Low,32.2,15.1,87.1,LIGHT,19.0,1012.0,48.0,3.0,céu limpo,sem chuva,13,6,3,1,0
148,Low,51.3,15.1,88.6,DARK,16.0,1018.0,93.0,1.0,sem observação,sem chuva,0,0,8,0,0
149,Low,31.9,10.1,81.3,LIGHT,15.0,1017.0,100.0,4.0,sem observação,chuvisco fraco,9,6,4,1,1
150,Low,34.6,8.7,75.9,LIGHT,19.0,1017.0,72.0,3.0,céu pouco nublado,sem chuva,12,6,9,1,0
151,Low,44.4,7.3,75.5,DARK,18.0,1016.0,88.0,4.0,céu claro,sem chuva,21,3,8,0,0
152,Medium,35.3,15.0,94.0,LIGHT,10.0,1021.0,61.0,5.0,algumas nuvens,sem chuva,12,5,2,1,0
153,High,45.3,41.8,73.2,LIGHT,18.0,1013.0,93.0,1.0,sem observação,sem chuva,7,4,7,0,1
154,None_Existent,40.9,0.0,89.3,DARK,15.0,1021.0,100.0,0.0,céu claro,sem chuva,5,0,9,0,0
155,Medium,35.7,19.2,82.9,LIGHT,15.0,1015.0,67.0,2.0,nuvens dispersas,sem chuva,11,2,11,0,0
156,Medium,37.5,32.4,91.3,LIGHT,26.0,1015.0,57.0,2.0,sem observação,sem chuva,15,4,7,0,0
157,Low,45.1,3.1,63.0,DARK,14.0,1017.0,100.0,4.0,sem observação,sem chuva,5,6,4,1,0
158,Medium,37.5,43.4,90.9,LIGHT,27.0,1017.0,58.0,4.0,céu claro,sem chuva,11,4,8,0,0
159,Medium,37.4,23.0,89.3,LIGHT,27.0,1022.0,16.0,2.0,céu claro,sem chuva,13,2,10,0,0
160,Medium,34.1,12.1,75.1,LOW_LIGHT,25.0,1017.0,41.0,2.0,sem observação,sem chuva,20,5,6,1,0
161,None_Existent,44.9,0.0,84.6,DARK,15.0,1017.0,87.0,3.0,céu claro,sem chuva,5,4,8,0,0
162,Medium,35.3,22.1,80.8,LIGHT,16.0,1013.0,72.0,6.0,céu pouco nublado,sem chuva,19,3,6,0,1
163,None_Existent,37.2,4.8,88.6,DARK,18.0,1024.0,52.0,2.0,sem observação,sem chuva,4,3,9,0,0
164,Medium,39.3,23.7,87.3,LIGHT,14.0,1020.0,67.0,5.0,nuvens dispersas,sem chuva,15,6,1,1,0
165,Medium,37.0,22.3,91.1,LIGHT,18.0,1017.0,77.0,0.0,sem observação,sem chuva,11,1,10,0,0
166,Low,40.0,6.8,80.1,DARK,15.0,1015.0,100.0,2.0,sem observação,sem chuva,5,2,7,0,0
167,Low,42.7,11.0,87.9,LIGHT,21.0,1019.0,60.0,2.0,algumas nuvens,sem chuva,11,6,7,1,0
168,Low,43.7,6.0,86.9,DARK,22.0,1012.0,57.0,1.0,céu claro,sem chuva,0,6,9,1,0
169,High,42.1,43.9,89.1,LIGHT,29.0,1016.0,48.0,2.0,céu claro,sem chuva,17,4,8,0,1
170,Low,41.3,7.4,86.4,DARK,21.0,1018.0,73.0,7.0,nuvens quebrados,sem chuva,21,4,10,0,0
171,None_Existent,51.6,0.0,75.3,DARK,19.0,1018.0,43.0,4.0,sem observação,sem chuva,2,4,9,0,0
172,None_Existent,42.0,0.0,74.0,DARK,7.0,1028.0,87.0,1.0,sem observação,sem chuva,4,5,4,1,0
173,Medium,38.5,55.0,88.4,LIGHT,22.0,1011.0,60.0,5.0,algumas nuvens,sem chuva,14,5,10,1,0
174,Low,40.4,11.2,87.4,LIGHT,22.0,1019.0,69.0,3.0,céu claro,sem chuva,13,4,8,0,0
175,Low,40.7,7.3,81.1,DARK,17.0,1021.0,93.0,3.0,céu pouco nublado,sem chuva,0,6,8,1,0
176,Very_High,40.4,108.1,83.2,LIGHT,10.0,1000.0,93.0,2.0,sem observação,chuva fraca,10,1,10,0,0
177,Low,35.4,6.3,80.0,DARK,17.0,1019.0,52.0,4.0,sem observação,sem chuva,23,4,5,0,0
178,Low,47.8,3.8,66.1,DARK,11.0,1021.0,93.0,3.0,tempo nublado,sem chuva,1,6,1,1,0
179,Medium,42.5,26.2,79.9,LIGHT,26.0,1016.0,41.0,5.0,sem observação,sem chuva,18,6,9,1,1
180,Medium,39.8,61.3,76.4,LOW_LIGHT,18.0,1019.0,72.0,6.0,sem observação,sem chuva,20,5,5,1,0
181,Medium,43.7,20.5,88.1,DARK,18.0,1021.0,88.0,3.0,sem observação,sem chuva,20,5,8,1,0
182,High,42.8,98.1,85.7,LIGHT,21.0,1017.0,73.0,4.0,céu claro,sem chuva,15,3,8,0,0
183,Medium,49.3,2.3,72.9,DARK,13.0,1017.0,81.0,7.0,nuvens quebrados,sem chuva,6,0,11,0,0
184,High,41.4,47.8,76.2,LIGHT,14.0,1013.0,76.0,5.0,algumas nuvens,sem chuva,16,4,11,0,0
185,None_Existent,38.3,1.1,66.3,DARK,16.0,1011.0,77.0,2.0,sem observação,chuva fraca,22,4,5,0,0
186,High,37.4,32.8,76.7,LIGHT,18.0,1014.0,72.0,2.0,sem observação,sem chuva,17,0,6,0,1
187,Medium,46.4,16.2,80.4,LIGHT,18.0,1021.0,82.0,2.0,céu pouco nublado,sem chuva,9,6,8,1,1
188,High,35.4,92.1,87.7,LIGHT,22.0,1019.0,64.0,5.0,sem observação,sem chuva,17,6,4,1,1
189,Medium,37.9,20.7,86.8,LIGHT,22.0,1014.0,61.0,3.0,céu claro,sem chuva,13,4,9,0,0
190,Medium,40.0,21.8,88.8,DARK,26.0,1016.0,50.0,3.0,céu claro,sem chuva,20,5,8,1,0
191,High,41.6,61.5,90.7,DARK,18.0,1013.0,68.0,5.0,algumas nuvens,sem chuva,18,3,10,0,1
192,Low,39.3,4.6,83.2,LIGHT,28.0,1016.0,37.0,4.0,céu claro,sem chuva,18,6,8,1,1
193,Medium,35.5,24.9,78.3,LIGHT,25.0,1017.0,83.0,3.0,sem observação,sem chuva,19,4,8,0,1
194,Medium,38.5,29.9,88.8,LIGHT,27.0,1016.0,28.0,4.0,sem observação,sem chuva,17,5,9,1,1
195,Low,35.2,17.4,93.8,DARK,15.0,1017.0,100.0,11.0,sem observação,sem chuva,3,3,7,0,0
196,None_Existent,44.0,0.8,85.5,DARK,16.0,1020.0,77.0,2.0,céu claro,sem chuva,4,0,10,0,0
197,Medium,45.4,20.3,74.9,DARK,20.0,1017.0,93.0,1.0,sem observação,sem chuva,22,2,8,0,0
198,None_Existent,47.9,0.0,71.9,DARK,13.0,1000.0,87.0,2.0,sem observação,chuva moderada,6,1,11,0,0
199,None_Existent,42.1,0.0,76.4,DARK,6.0,1023.0,93.0,3.0,céu claro,sem chuva,6,1,11,0,0
200,Very_High,44.9,228.5,84.6,LIGHT,9.0,1004.0,76.0,2.0,céu claro,sem chuva,8,2,10,0,1
201,Medium,34.0,9.6,61.8,LIGHT,12.0,1016.0,81.0,1.0,nuvens quebradas,sem chuva,9,5,5,1,1
202,None_Existent,41.9,0.0,76.2,DARK,15.0,1022.0,93.0,1.0,sem observação,sem chuva,0,4,9,0,0
203,Low,37.7,9.2,74.4,DARK,13.0,1009.0,100.0,4.0,sem observação,chuva moderada,22,5,1,1,0
204,Low,45.8,32.2,84.7,DARK,19.0,1017.0,68.0,1.0,céu claro,sem chuva,0,6,10,1,0
205,None_Existent,44.2,0.0,86.2,DARK,18.0,1014.0,77.0,0.0,céu claro,sem chuva,1,1,8,0,0
206,None_Existent,38.9,0.0,92.4,DARK,11.0,1019.0,76.0,3.0,nuvens dispersas,sem chuva,23,0,3,0,0
207,Low,45.1,11.8,89.3,DARK,13.0,1021.0,93.0,7.0,sem observação,sem chuva,3,1,8,0,0
208,Very_High,40.7,106.7,83.0,LIGHT,28.0,1017.0,29.0,4.0,sem observação,sem chuva,17,3,9,0,1
209,None_Existent,33.1,3.7,73.5,DARK,13.0,1001.0,93.0,1.0,algumas nuvens,sem chuva,1,1,11,0,0
210,Low,37.6,19.0,92.5,LIGHT,22.0,1014.0,64.0,3.0,algumas nuvens,sem chuva,10,5,9,1,0
211,High,31.9,106.5,76.3,LIGHT,14.0,1012.0,87.0,4.0,céu pouco nublado,sem chuva,9,3,4,0,1
212,None_Existent,41.5,0.0,76.1,DARK,14.0,1019.0,87.0,3.0,nublado,sem chuva,0,0,5,0,0
213,Very_High,42.8,132.0,81.1,LIGHT,19.0,1021.0,88.0,3.0,céu pouco nublado,sem chuva,18,4,9,0,1
214,Low,38.6,22.9,82.9,LIGHT,16.0,1021.0,72.0,3.0,sem observação,sem chuva,10,0,6,0,0
215,Low,37.6,21.8,92.5,LIGHT,18.0,1012.0,100.0,3.0,nuvens quebrados,sem chuva,9,0,9,0,1
216,Very_High,47.2,67.4,78.3,LIGHT,8.0,1029.0,58.0,5.0,céu claro,sem chuva,8,0,2,0,1
217,None_Existent,42.5,0.0,85.9,DARK,11.0,1021.0,100.0,1.0,céu pouco nublado,sem chuva,5,4,9,0,0
218,None_Existent,38.1,6.6,75.3,DARK,9.0,1025.0,87.0,1.0,nuvens quebrados,sem chuva,1,0,1,0,0
219,High,36.3,60.8,94.0,LIGHT,22.0,1015.0,100.0,6.0,sem observação,sem chuva,11,3,7,0,0
220,High,40.3,65.4,89.3,LIGHT,21.0,1018.0,82.0,6.0,sem observação,sem chuva,18,2,8,0,1
221,Low,40.0,7.1,88.8,DARK,21.0,1011.0,77.0,2.0,sem observação,chuva moderada,20,0,8,0,0
222,None_Existent,40.9,0.0,87.0,LIGHT,16.0,1020.0,100.0,1.0,sem observação,sem chuva,8,6,9,1,1
223,None_Existent,38.9,1.0,70.4,DARK,11.0,1013.0,87.0,1.0,céu limpo,sem chuva,3,6,3,1,0
224,None_Existent,47.0,0.0,71.4,DARK,6.0,1016.0,93.0,3.0,nuvens dispersas,sem chuva,6,5,1,1,0
225,Low,37.3,18.8,90.9,LIGHT,12.0,1011.0,100.0,2.0,sem observação,chuva fraca,13,5,1,1,0
226,None_Existent,45.8,0.0,84.7,DARK,16.0,1012.0,100.0,1.0,sem observação,sem chuva,1,1,10,0,0
227,Very_High,38.4,140.7,82.9,LIGHT,22.0,1017.0,88.0,1.0,céu pouco nublado,sem chuva,17,0,9,0,1
228,High,34.1,128.9,92.7,LIGHT,19.0,1015.0,72.0,3.0,céu claro,sem chuva,16,4,10,0,0
229,High,35.4,165.0,93.0,LIGHT,18.0,1020.0,51.0,2.0,céu claro,sem chuva,17,5,2,1,1
230,None_Existent,45.9,2.0,86.5,LIGHT,19.0,1018.0,93.0,1.0,nuvens quebrados,sem chuva,6,1,7,0,0
231,Medium,42.8,25.7,75.6,LIGHT,15.0,1025.0,63.0,2.0,céu claro,sem chuva,11,1,11,0,0
232,None_Existent,43.9,6.1,81.1,DARK,13.0,1021.0,93.0,0.0,nuvens quebrados,sem chuva,20,5,11,1,0
233,High,32.4,47.2,84.0,LIGHT,18.0,1014.0,93.0,2.0,nuvens quebradas,sem chuva,17,6,4,1,1
234,Medium,37.7,29.3,89.0,LIGHT,22.0,1017.0,78.0,2.0,céu pouco nublado,sem chuva,11,5,8,1,0
235,None_Existent,47.2,0.0,78.9,DARK,13.0,1016.0,93.0,0.0,algumas nuvens,sem chuva,2,5,10,1,0
236,None_Existent,38.4,0.0,83.9,LIGHT,24.0,1018.0,31.0,3.0,céu claro,sem chuva,9,6,8,1,1
237,None_Existent,47.5,0.0,86.1,DARK,15.0,1018.0,93.0,2.0,nuvens quebrados,sem chuva,5,6,7,1,0
238,Medium,34.4,36.5,78.5,LIGHT,14.0,1017.0,71.0,6.0,nuvens dispersas,sem chuva,10,4,5,0,0
239,High,36.2,69.6,87.2,LIGHT,23.0,1018.0,78.0,3.0,nuvens quebradas,sem chuva,15,2,8,0,0
240,High,43.3,27.9,68.9,LIGHT,13.0,1009.0,76.0,5.0,sem observação,chuva,16,2,11,0,0
241,Medium,39.6,36.0,87.8,LIGHT,20.0,1015.0,64.0,3.0,céu claro,sem chuva,11,4,10,0,0
242,None_Existent,41.9,0.0,68.4,DARK,15.0,1013.0,100.0,0.0,sem observação,chuva fraca,5,0,6,0,0
243,Medium,40.1,21.9,84.1,DARK,12.0,1019.0,81.0,5.0,algumas nuvens,sem chuva,19,0,2,0,1
244,None_Existent,48.8,2.7,82.7,DARK,8.0,1026.0,93.0,3.0,sem observação,sem chuva,3,3,2,0,0
245,None_Existent,38.5,2.5,91.5,DARK,13.0,1020.0,100.0,2.0,nuvens dispersas,sem chuva,5,0,9,0,0
246,None_Existent,44.5,1.2,87.0,DARK,19.0,1019.0,38.0,4.0,céu claro,sem chuva,2,2,9,0,0
247,Medium,40.3,22.9,82.3,LIGHT,13.0,1010.0,93.0,10.0,sem observação,chuva fraca,12,1,11,0,0
248,None_Existent,41.8,0.0,75.2,DARK,11.0,1023.0,87.0,2.0,nuvens dispersas,sem chuva,21,0,1,0,0
249,Medium,37.2,31.6,82.7,LIGHT,21.0,1023.0,77.0,1.0,nuvens quebradas,sem chuva,12,4,9,0,0
250,Very_High,47.7,83.9,75.8,LIGHT,19.0,1015.0,60.0,3.0,sem observação,sem chuva,8,0,9,0,1
251,Medium,34.4,36.0,78.2,LIGHT,22.0,1018.0,77.0,3.0,céu pouco nublado,sem chuva,15,3,6,0,0
252,Low,32.9,7.6,69.3,LIGHT,16.0,1014.0,93.0,7.0,nublado,sem chuva,19,1,5,0,1
253,Medium,36.7,19.2,77.6,LIGHT,23.0,1017.0,73.0,6.0,sem observação,sem chuva,14,5,6,1,0
254,None_Existent,42.8,0.0,85.9,DARK,17.0,1018.0,93.0,1.0,nuvens quebradas,sem chuva,3,0,9,0,0
255,None_Existent,41.9,0.0,74.2,DARK,13.0,1019.0,93.0,1.0,sem observação,chuva fraca,2,0,4,0,0
256,Medium,41.0,36.3,78.2,LIGHT,24.0,1020.0,57.0,2.0,sem observação,sem chuva,12,1,8,0,0
257,None_Existent,32.9,9.0,88.2,DARK,9.0,1024.0,76.0,1.0,céu claro,sem chuva,0,5,2,1,0
258,None_Existent,45.1,3.1,84.5,DARK,20.0,1016.0,68.0,5.0,céu claro,sem chuva,2,5,10,1,0
259,None_Existent,46.9,0.8,89.7,DARK,16.0,1018.0,100.0,0.0,sem observação,sem chuva,3,3,8,0,0
260,Low,41.6,17.4,96.4,LIGHT,21.0,1018.0,83.0,0.0,céu pouco nublado,sem chuva,9,5,8,1,1
261,None_Existent,46.5,1.4,86.5,DARK,13.0,1021.0,71.0,3.0,céu claro,sem chuva,0,6,10,1,0
262,None_Existent,39.9,0.0,80.3,DARK,8.0,1011.0,93.0,1.0,algumas nuvens,sem chuva,7,6,11,1,1
263,Medium,50.1,11.2,78.5,DARK,11.0,1029.0,100.0,1.0,céu pouco nublado,sem chuva,22,3,2,0,0
264,Low,52.2,1.5,69.5,DARK,8.0,1021.0,100.0,2.0,sem observação,sem chuva,5,1,1,0,0
265,None_Existent,39.0,1.2,69.0,LOW_LIGHT,11.0,1012.0,76.0,0.0,sem observação,sem chuva,6,5,5,1,0
266,Medium,44.9,9.8,66.3,DARK,13.0,1030.0,93.0,0.0,sem observação,sem chuva,7,3,12,0,1
267,High,36.8,70.2,78.8,LIGHT,17.0,1020.0,77.0,2.0,céu limpo,sem chuva,14,4,4,0,0
268,Medium,46.2,3.7,83.8,LOW_LIGHT,7.0,1014.0,100.0,3.0,nuvens dispersas,sem chuva,7,0,11,0,1
269,None_Existent,41.6,0.0,76.0,DARK,11.0,1022.0,81.0,3.0,nuvens dispersas,sem chuva,1,4,4,0,0
270,None_Existent,41.4,0.0,62.0,DARK,19.0,1016.0,93.0,2.0,céu pouco nublado,sem chuva,21,2,6,0,0
271,Low,47.0,5.0,80.8,DARK,8.0,1028.0,81.0,1.0,céu claro,sem chuva,3,6,2,1,0
272,Very_High,42.9,59.2,87.1,LIGHT,9.0,993.0,81.0,8.0,sem observação,chuva,10,4,2,0,0
273,Medium,38.5,29.2,87.0,DARK,18.0,1013.0,55.0,4.0,sem observação,sem chuva,21,5,6,1,0
274,High,39.7,103.6,80.6,LIGHT,22.0,1020.0,60.0,2.0,sem observação,sem chuva,11,1,8,0,0
275,Low,41.2,1.6,86.1,DARK,12.0,1024.0,76.0,2.0,céu claro,sem chuva,2,2,2,0,0
276,Low,44.3,12.4,95.3,LOW_LIGHT,14.0,1020.0,100.0,3.0,nuvens dispersas,sem chuva,6,6,8,1,0
277,Low,32.4,21.2,101.5,LIGHT,14.0,1022.0,62.0,2.0,sem observação,chuva fraca,13,0,3,0,0
278,None_Existent,40.1,0.0,90.7,DARK,16.0,1017.0,93.0,2.0,algumas nuvens,sem chuva,3,0,8,0,0
279,High,35.0,70.6,82.6,LIGHT,18.0,1015.0,59.0,6.0,nuvens dispersas,sem chuva,13,4,4,0,0
280,Low,38.6,2.4,71.7,LOW_LIGHT,15.0,1019.0,82.0,6.0,céu pouco nublado,sem chuva,20,0,6,0,0
281,Medium,33.1,27.5,92.7,LIGHT,10.0,1031.0,53.0,2.0,céu claro,sem chuva,12,0,2,0,0
282,None_Existent,41.9,5.0,86.6,DARK,16.0,1020.0,93.0,3.0,nuvens quebrados,sem chuva,2,2,8,0,0
283,High,36.4,65.3,78.7,LIGHT,29.0,1018.0,33.0,4.0,sem observação,sem chuva,15,3,9,0,0
284,Very_High,43.8,72.7,71.5,DARK,16.0,1013.0,82.0,2.0,sem observação,sem chuva,18,4,11,0,1
285,Low,40.3,4.8,60.4,DARK,15.0,1018.0,100.0,1.0,céu pouco nublado,sem chuva,1,4,6,0,0
286,Medium,34.6,23.3,76.9,LIGHT,17.0,1021.0,72.0,2.0,céu pouco nublado,sem chuva,11,6,6,1,0
287,Medium,40.6,19.0,89.2,LIGHT,19.0,1016.0,93.0,2.0,sem observação,sem chuva,10,0,8,0,0
288,Low,47.8,8.2,70.2,DARK,18.0,1015.0,82.0,3.0,sem observação,sem chuva,2,4,8,0,0
289,Very_High,44.3,159.3,77.5,LIGHT,20.0,1018.0,82.0,3.0,céu pouco nublado,sem chuva,9,0,9,0,1
290,Low,43.8,8.3,75.3,DARK,10.0,1032.0,100.0,0.0,sem observação,sem chuva,0,5,12,1,0
291,High,37.1,39.1,90.1,LIGHT,27.0,1020.0,26.0,2.0,céu claro,sem chuva,15,2,10,0,0
292,Medium,36.1,37.0,83.8,LIGHT,24.0,1017.0,68.0,4.0,céu pouco nublado,sem chuva,15,4,7,0,0
293,High,38.2,256.9,89.1,LIGHT,22.0,1022.0,68.0,7.0,sem observação,sem chuva,15,0,8,0,0
294,None_Existent,40.2,2.3,82.3,DARK,21.0,1017.0,73.0,2.0,sem observação,sem chuva,1,1,9,0,0
295,Medium,52.7,2.3,68.0,DARK,5.0,1021.0,100.0,2.0,sem observação,sem chuva,7,3,1,0,1
296,Low,34.3,17.5,90.9,LIGHT,10.0,1030.0,53.0,1.0,céu claro,sem chuva,13,6,2,1,0
297,Low,38.2,3.2,64.1,DARK,15.0,1018.0,93.0,1.0,nuvens quebradas,sem chuva,23,3,6,0,0
298,Low,45.3,13.9,81.3,DARK,14.0,1015.0,100.0,1.0,céu pouco nublado,sem chuva,5,6,8,1,0
299,None_Existent,37.7,1.5,66.0,DARK,9.0,1020.0,100.0,1.0,sem observação,sem chuva,5,0,6,0,0
300,High,36.8,69.3,89.8,LIGHT,23.0,1022.0,68.0,3.0,sem observação,sem chuva,12,1,8,0,0
301,Very_High,42.3,113.7,74.8,LIGHT,10.0,1014.0,93.0,4.0,sem observação,chuva moderada,9,4,11,0,1
302,Medium,43.2,21.6,76.7,LIGHT,19.0,1016.0,88.0,1.0,nuvens quebradas,sem chuva,10,6,8,1,0
303,Low,40.4,4.5,87.4,DARK,21.0,1014.0,83.0,0.0,céu claro,sem chuva,21,1,8,0,0
304,None_Existent,43.7,0.0,88.3,LIGHT,20.0,1018.0,72.0,3.0,nuvens quebrados,sem chuva,6,0,7,0,0
305,Very_High,44.8,101.5,77.2,LOW_LIGHT,17.0,1018.0,100.0,7.0,sem observação,chuva moderada,7,1,9,0,1
306,None_Existent,40.8,4.4,82.4,DARK,17.0,1019.0,93.0,2.0,céu claro,sem chuva,20,6,10,1,0
307,Medium,41.9,37.4,87.0,LIGHT,18.0,1016.0,93.0,2.0,sem observação,sem chuva,11,2,8,0,0
308,Low,42.7,20.7,81.7,DARK,17.0,1022.0,100.0,0.0,céu claro,sem chuva,23,4,9,0,0
309,None_Existent,43.8,0.8,80.9,DARK,17.0,1017.0,68.0,1.0,céu claro,sem chuva,5,6,10,1,0
310,Medium,48.1,5.5,75.5,DARK,3.0,1026.0,100.0,1.0,algumas nuvens,sem chuva,7,2,2,0,1
311,Low,37.8,2.8,65.8,LIGHT,11.0,1029.0,87.0,3.0,sem observação,sem chuva,8,5,4,1,1
312,Low,36.8,6.8,76.4,DARK,19.0,1016.0,100.0,1.0,nuvens quebradas,sem chuva,22,6,7,1,0
313,High,35.0,39.5,79.1,LIGHT,17.0,1016.0,67.0,7.0,céu limpo,sem chuva,16,1,4,0,0
314,High,40.8,42.1,91.7,DARK,13.0,1028.0,71.0,2.0,céu claro,sem chuva,18,1,2,0,1
315,None_Existent,44.4,2.4,74.2,DARK,11.0,1018.0,100.0,7.0,sem observação,sem chuva,4,1,4,0,0
316,None_Existent,44.9,0.0,84.0,DARK,15.0,1018.0,93.0,0.0,sem observação,sem chuva,6,2,9,0,0
317,Medium,36.4,25.0,96.7,LIGHT,28.0,1017.0,83.0,2.0,céu pouco nublado,sem chuva,13,0,7,0,0
318,Medium,41.8,7.8,65.8,LOW_LIGHT,16.0,1018.0,28.0,5.0,sem observação,sem chuva,6,0,5,0,0
319,None_Existent,42.8,0.0,71.5,DARK,13.0,1014.0,87.0,3.0,nublado,sem chuva,4,3,5,0,0
320,None_Existent,44.4,0.0,87.0,DARK,11.0,1019.0,81.0,5.0,nuvens dispersas,sem chuva,21,0,3,0,0
321,None_Existent,41.5,4.5,85.4,DARK,12.0,1020.0,100.0,1.0,céu pouco nublado,sem chuva,3,6,9,1,0
322,None_Existent,40.2,0.0,68.0,DARK,13.0,1015.0,100.0,2.0,céu pouco nublado,sem chuva,5,5,6,1,0
323,None_Existent,40.8,1.0,86.0,LOW_LIGHT,12.0,1014.0,87.0,5.0,nuvens quebrados,sem chuva,7,6,11,1,1
324,Low,34.6,9.6,75.5,DARK,21.0,1018.0,40.0,2.0,sem observação,sem chuva,23,4,9,0,0
325,Low,35.9,8.1,78.4,DARK,18.0,1015.0,93.0,4.0,sem observação,sem chuva,21,3,7,0,0
326,Medium,39.8,35.5,79.2,LIGHT,13.0,1021.0,93.0,2.0,sem observação,sem chuva,15,1,12,0,0
327,None_Existent,42.4,0.0,83.3,DARK,17.0,1013.0,100.0,5.0,nuvens quebradas,sem chuva,1,2,7,0,0
328,Low,37.9,15.8,88.8,LIGHT,16.0,1015.0,77.0,0.0,nuvens dispersas,sem chuva,11,4,10,0,0
329,None_Existent,45.5,0.0,86.2,DARK,19.0,1025.0,48.0,4.0,céu claro,sem chuva,3,2,10,0,0
330,Medium,37.5,16.0,81.4,LIGHT,21.0,1021.0,56.0,3.0,sem observação,sem chuva,11,6,5,1,0
331,High,36.8,65.0,91.5,LIGHT,21.0,1015.0,77.0,3.0,nuvens dispersas,sem chuva,17,2,8,0,1
332,Very_High,43.3,78.8,85.7,LIGHT,11.0,1018.0,62.0,1.0,céu claro,sem chuva,7,3,10,0,1
333,Medium,41.8,27.3,88.0,LIGHT,27.0,1019.0,42.0,5.0,sem observação,sem chuva,12,3,9,0,0
334,Medium,31.9,30.4,96.4,LIGHT,10.0,1018.0,93.0,3.0,nuvens dispersas,sem chuva,11,0,2,0,0
335,None_Existent,44.2,3.3,80.3,DARK,19.0,1018.0,49.0,5.0,sem observação,sem chuva,3,4,9,0,0
336,Low,46.7,18.4,89.5,DARK,19.0,1014.0,100.0,2.0,nuvens quebradas,sem chuva,3,6,8,1,0
337,Medium,35.3,28.5,87.7,LOW_LIGHT,15.0,1011.0,67.0,0.0,céu limpo,sem chuva,19,1,4,0,1
338,Medium,38.6,62.7,85.4,LIGHT,25.0,1022.0,44.0,8.0,sem observação,sem chuva,16,2,9,0,0
339,High,45.1,39.7,84.5,DARK,15.0,1013.0,87.0,6.0,sem observação,chuva moderada,18,2,10,0,1
340,Low,37.6,8.5,81.8,DARK,10.0,1024.0,87.0,3.0,céu claro,sem chuva,20,0,1,0,0
341,Low,38.9,15.5,88.4,DARK,19.0,1015.0,68.0,1.0,céu claro,sem chuva,21,4,8,0,0
342,None_Existent,41.9,0.0,74.3,DARK,13.0,1014.0,87.0,1.0,sem observação,sem chuva,2,6,5,1,0
343,None_Existent,38.7,0.0,65.7,DARK,8.0,1020.0,100.0,0.0,céu limpo,sem chuva,2,4,4,0,0
344,None_Existent,41.7,0.6,79.1,DARK,18.0,1017.0,100.0,0.0,sem observação,sem chuva,1,4,7,0,0
345,High,39.6,51.0,88.3,LIGHT,17.0,1022.0,100.0,1.0,nuvens dispersas,sem chuva,10,4,9,0,0
346,None_Existent,35.3,2.0,71.9,DARK,11.0,1015.0,93.0,5.0,sem observação,chuva fraca,5,2,6,0,0
347,None_Existent,43.1,7.7,86.9,DARK,16.0,1021.0,93.0,1.0,céu pouco nublado,sem chuva,1,6,8,1,0
348,Low,40.6,13.6,87.6,DARK,24.0,1014.0,61.0,2.0,céu claro,sem chuva,21,3,8,0,0
349,None_Existent,42.0,0.0,75.1,DARK,12.0,1018.0,100.0,2.0,sem observação,sem chuva,4,0,4,0,0
350,None_Existent,47.4,0.0,75.4,DARK,19.0,1024.0,72.0,2.0,sem observação,sem chuva,1,3,9,0,0
351,None_Existent,42.1,1.0,72.2,DARK,10.0,1001.0,62.0,4.0,nuvens quebradas,sem chuva,22,1,4,0,0
352,Very_High,41.7,110.1,75.2,LIGHT,11.0,1021.0,87.0,2.0,céu limpo,sem chuva,8,4,4,0,1
353,None_Existent,41.7,2.8,87.0,DARK,16.0,1016.0,100.0,1.0,céu pouco nublado,sem chuva,3,6,7,1,0
354,High,34.1,73.9,87.5,LIGHT,23.0,1017.0,94.0,4.0,nuvens quebradas,sem chuva,15,1,7,0,0
355,None_Existent,39.5,0.0,78.6,DARK,16.0,1017.0,93.0,2.0,nuvens dispersas,sem chuva,21,3,6,0,0
356,None_Existent,42.1,0.0,73.9,DARK,11.0,1019.0,100.0,7.0,céu pouco nublado,sem chuva,2,1,4,0,0
357,None_Existent,41.5,0.0,76.1,DARK,11.0,1016.0,87.0,0.0,céu limpo,sem chuva,2,1,4,0,0
358,Very_High,41.4,131.2,77.1,LIGHT,18.0,1013.0,100.0,1.0,nuvens quebradas,sem chuva,8,0,7,0,1
359,Medium,37.2,31.6,91.0,LIGHT,21.0,1017.0,83.0,5.0,nuvens dispersas,sem chuva,11,3,7,0,0
360,None_Existent,38.2,2.8,83.9,LIGHT,20.0,1015.0,77.0,2.0,céu claro,sem chuva,10,2,8,0,0
361,None_Existent,44.0,0.0,88.7,DARK,22.0,1014.0,78.0,1.0,céu claro,sem chuva,1,4,8,0,0
362,Medium,40.5,18.5,69.8,LIGHT,26.0,1017.0,44.0,4.0,sem observação,sem chuva,19,5,6,1,1
363,None_Existent,42.0,0.0,87.8,DARK,17.0,1018.0,93.0,4.0,sem observação,sem chuva,20,1,8,0,0
364,Medium,35.8,29.4,91.7,LIGHT,30.0,1014.0,69.0,3.0,sem observação,sem chuva,13,3,7,0,0
365,High,40.7,65.6,84.5,LIGHT,25.0,1014.0,77.0,3.0,sem observação,sem chuva,16,1,7,0,0
366,None_Existent,42.3,0.0,76.0,DARK,7.0,1031.0,100.0,0.0,sem observação,sem chuva,7,5,12,1,1
367,Medium,45.2,10.8,84.4,DARK,15.0,1013.0,100.0,10.0,sem observação,chuva fraca,22,4,11,0,0
368,Low,38.1,12.9,74.5,DARK,11.0,1002.0,81.0,4.0,céu pouco nublado,sem chuva,20,2,4,0,0
369,Low,37.4,19.0,88.4,LIGHT,14.0,1021.0,71.0,4.0,nuvens dispersas,sem chuva,12,0,11,0,0
370,None_Existent,37.9,3.6,73.7,DARK,15.0,1013.0,72.0,3.0,sem observação,sem chuva,22,0,6,0,0
371,Very_High,46.5,106.6,71.4,LOW_LIGHT,16.0,1013.0,93.0,0.0,nuvens quebradas,sem chuva,7,4,9,0,1
372,Medium,34.8,26.8,87.1,LIGHT,23.0,1015.0,83.0,5.0,nuvens dispersas,sem chuva,16,5,7,1,0
373,Medium,38.2,41.8,85.3,LIGHT,17.0,1022.0,88.0,1.0,nuvens quebradas,sem chuva,10,2,9,0,0
374,Medium,43.0,40.6,88.8,LOW_LIGHT,17.0,1015.0,82.0,2.0,céu claro,sem chuva,18,4,10,0,1
375,Low,38.8,3.2,57.5,DARK,18.0,1021.0,49.0,2.0,sem observação,sem chuva,3,3,5,0,0
376,None_Existent,42.1,0.0,75.1,DARK,2.0,1022.0,93.0,0.0,nuvens dispersas,sem chuva,5,4,1,0,0
377,Medium,40.9,14.8,74.0,LIGHT,14.0,1024.0,100.0,6.0,sem observação,sem chuva,11,0,12,0,0
378,Medium,34.2,35.9,92.5,LOW_LIGHT,12.0,1005.0,87.0,1.0,algumas nuvens,sem chuva,17,2,10,0,1
379,Low,40.0,7.7,87.9,LIGHT,25.0,1018.0,50.0,4.0,céu claro,sem chuva,13,6,10,1,0
380,Low,42.6,11.2,76.7,DARK,17.0,1013.0,93.0,1.0,sem observação,sem chuva,6,0,8,0,0
381,Low,45.6,12.4,84.1,LOW_LIGHT,12.0,1021.0,100.0,1.0,sem observação,sem chuva,6,1,8,0,0
382,None_Existent,44.7,1.3,81.8,DARK,17.0,1012.0,93.0,2.0,sem observação,trovoada com chuva leve,0,1,8,0,0
383,None_Existent,48.3,0.0,78.6,DARK,12.0,1020.0,100.0,1.0,nuvens dispersas,sem chuva,4,3,9,0,0
384,Medium,35.1,29.5,71.9,LIGHT,20.0,1021.0,60.0,2.0,sem observação,sem chuva,10,6,5,1,0
385,None_Existent,47.9,0.0,82.0,DARK,16.0,1017.0,100.0,1.0,sem observação,sem chuva,2,4,7,0,0
386,High,42.6,40.2,66.4,LIGHT,28.0,1019.0,30.0,7.0,sem observação,sem chuva,19,3,5,0,1
387,Low,45.2,12.4,72.3,LIGHT,26.0,1021.0,28.0,3.0,sem observação,sem chuva,13,2,5,0,0
388,None_Existent,43.2,2.0,69.7,DARK,16.0,1020.0,51.0,4.0,sem observação,sem chuva,2,2,5,0,0
389,Low,40.9,27.5,87.3,DARK,17.0,1013.0,93.0,2.0,céu claro,sem chuva,4,4,9,0,0
390,None_Existent,37.3,3.4,89.0,DARK,12.0,1027.0,62.0,2.0,céu claro,sem chuva,23,0,2,0,0
391,None_Existent,45.3,0.7,87.0,DARK,14.0,1015.0,100.0,1.0,nuvens dispersas,sem chuva,5,2,8,0,0
392,High,37.6,31.6,70.3,LIGHT,8.0,1023.0,66.0,3.0,sem observação,sem chuva,10,1,12,0,0
393,None_Existent,41.3,0.0,89.4,LOW_LIGHT,13.0,1019.0,100.0,8.0,sem observação,chuva fraca,8,6,2,1,1
394,Low,43.9,5.1,84.6,DARK,15.0,1018.0,100.0,3.0,nuvens quebrados,sem chuva,1,5,9,1,0
395,None_Existent,39.9,0.0,77.7,LIGHT,10.0,1019.0,87.0,3.0,céu limpo,sem chuva,6,5,4,1,0
396,Medium,40.4,10.9,80.2,LIGHT,24.0,1019.0,77.0,4.0,sem observação,sem chuva,12,6,7,1,0
397,Medium,45.9,15.5,85.1,LIGHT,27.0,1017.0,42.0,3.0,sem observação,sem chuva,13,6,9,1,0
398,Very_High,43.2,77.5,70.7,LIGHT,21.0,1017.0,72.0,3.0,céu pouco nublado,sem chuva,17,0,6,0,1
399,None_Existent,40.1,0.0,66.7,LIGHT,15.0,1016.0,93.0,3.0,nuvens quebradas,sem chuva,8,3,6,0,1
400,Medium,37.0,21.5,90.6,LIGHT,21.0,1017.0,64.0,1.0,céu claro,sem chuva,10,4,8,0,0
401,Medium,42.5,16.4,86.9,LIGHT,14.0,1022.0,100.0,1.0,sem observação,sem chuva,7,0,9,0,1
402,Low,40.4,8.3,88.3,DARK,17.0,1018.0,100.0,1.0,sem observação,sem chuva,23,2,8,0,0
403,None_Existent,41.8,0.0,75.1,DARK,7.0,1024.0,100.0,4.0,nuvens dispersas,sem chuva,3,5,12,1,0
404,Medium,51.2,5.0,75.1,DARK,19.0,1015.0,100.0,2.0,sem observação,sem chuva,1,2,7,0,0
405,Very_High,47.5,95.7,73.1,LOW_LIGHT,13.0,1014.0,100.0,1.0,sem observação,sem chuva,7,4,10,0,1
406,Medium,36.3,25.9,88.5,LIGHT,17.0,1022.0,100.0,1.0,céu pouco nublado,sem chuva,11,5,9,1,0
407,Low,35.6,2.3,85.3,DARK,18.0,1014.0,88.0,4.0,sem observação,sem chuva,0,2,7,0,0
408,None_Existent,44.6,0.7,68.4,DARK,15.0,1024.0,87.0,6.0,nuvens quebrados,sem chuva,23,6,12,1,0
409,Medium,36.3,25.3,70.1,LIGHT,24.0,1019.0,73.0,3.0,céu pouco nublado,sem chuva,14,0,7,0,0
410,None_Existent,41.1,0.0,71.3,DARK,11.0,1022.0,100.0,1.0,sem observação,sem chuva,5,6,4,1,0
411,High,40.0,78.7,80.1,LIGHT,26.0,1017.0,60.0,6.0,sem observação,sem chuva,18,1,8,0,1
412,Medium,39.4,61.8,85.1,LIGHT,23.0,1018.0,83.0,2.0,céu pouco nublado,sem chuva,14,0,9,0,0
413,Medium,41.4,24.8,90.7,DARK,16.0,1018.0,93.0,0.0,céu claro,sem chuva,23,5,7,1,0
414,Medium,40.5,32.8,88.3,LIGHT,28.0,1020.0,14.0,4.0,céu claro,sem chuva,15,1,10,0,0
415,None_Existent,44.5,0.0,85.0,DARK,16.0,1012.0,100.0,1.0,algumas nuvens,sem chuva,5,1,9,0,0
416,High,33.5,50.1,76.7,LIGHT,17.0,1018.0,63.0,3.0,céu pouco nublado,sem chuva,15,2,6,0,0
417,High,44.7,34.1,85.7,LIGHT,26.0,1015.0,39.0,4.0,céu claro,sem chuva,18,4,8,0,1
418,Low,46.1,12.9,85.8,DARK,15.0,1018.0,100.0,2.0,sem observação,sem chuva,1,1,8,0,0
419,Low,42.2,11.8,89.3,DARK,18.0,1019.0,100.0,4.0,sem observação,sem chuva,23,4,8,0,0
420,Low,44.1,6.3,72.3,DARK,17.0,1016.0,100.0,3.0,sem observação,sem chuva,22,1,9,0,0
421,None_Existent,45.1,0.0,88.8,LIGHT,18.0,1013.0,68.0,3.0,nuvens dispersas,sem chuva,7,5,9,1,1
422,None_Existent,44.6,2.1,75.8,DARK,13.0,1014.0,76.0,3.0,sem observação,sem chuva,1,5,10,1,0
423,High,37.3,43.3,90.3,LIGHT,20.0,1012.0,82.0,3.0,algumas nuvens,sem chuva,17,1,9,0,1
424,Very_High,44.5,65.8,81.3,LOW_LIGHT,17.0,1016.0,100.0,0.0,sem observação,sem chuva,7,1,9,0,1
425,Medium,34.9,19.1,81.6,LIGHT,18.0,1021.0,63.0,5.0,sem observação,sem chuva,13,5,6,1,0
426,None_Existent,41.3,0.0,86.6,DARK,10.0,1028.0,58.0,5.0,céu claro,sem chuva,4,0,2,0,0
427,High,41.9,37.9,86.6,LIGHT,20.0,1020.0,73.0,2.0,céu claro,sem chuva,14,3,9,0,0
428,Low,48.6,18.7,80.7,DARK,18.0,1014.0,100.0,3.0,nuvens quebradas,sem chuva,5,6,8,1,0
429,None_Existent,33.7,5.5,93.3,LIGHT,13.0,1021.0,76.0,3.0,sem observação,sem chuva,10,6,2,1,0
430,None_Existent,37.4,0.0,94.4,DARK,10.0,1017.0,93.0,0.0,céu claro,sem chuva,2,4,10,0,0
431,None_Existent,45.8,1.5,90.2,DARK,17.0,1013.0,93.0,3.0,sem observação,sem chuva,6,1,8,0,0
432,None_Existent,39.6,6.0,88.2,DARK,17.0,1013.0,88.0,3.0,nuvens quebradas,sem chuva,1,3,7,0,0
433,High,34.9,78.7,91.2,LIGHT,23.0,1016.0,69.0,4.0,algumas nuvens,sem chuva,16,2,8,0,0
434,Low,41.1,9.3,83.3,LIGHT,22.0,1019.0,69.0,5.0,nuvens dispersas,sem chuva,13,1,7,0,0
435,Medium,39.6,39.6,88.3,LIGHT,20.0,1011.0,45.0,6.0,céu claro,sem chuva,10,1,10,0,0
436,None_Existent,42.4,0.0,86.6,DARK,14.0,1020.0,100.0,1.0,sem observação,sem chuva,4,3,9,0,0
437,Medium,33.1,39.6,92.3,LIGHT,20.0,1017.0,88.0,4.0,nuvens quebradas,sem chuva,11,4,7,0,0
438,Low,37.8,11.4,68.6,LOW_LIGHT,19.0,1016.0,82.0,4.0,sem observação,aguaceiros,20,1,6,0,0
439,None_Existent,41.4,0.0,76.3,LOW_LIGHT,15.0,1018.0,59.0,2.0,céu limpo,sem chuva,6,5,4,1,0
440,None_Existent,41.3,0.0,87.0,DARK,6.0,1030.0,75.0,1.0,céu claro,sem chuva,20,6,2,1,0
441,Low,36.6,17.6,70.6,LIGHT,14.0,999.0,67.0,6.0,céu pouco nublado,sem chuva,12,2,4,0,0
442,Medium,46.4,5.5,74.1,LIGHT,16.0,1019.0,100.0,3.0,sem observação,sem chuva,8,3,8,0,1
443,Low,35.1,13.3,83.9,LIGHT,19.0,1011.0,77.0,11.0,nuvens dispersas,sem chuva,12,1,6,0,0
444,None_Existent,44.2,0.0,88.1,DARK,6.0,1030.0,100.0,0.0,nuvens dispersas,sem chuva,5,3,2,0,0
445,High,46.1,43.2,85.7,LIGHT,23.0,1019.0,41.0,4.0,céu claro,sem chuva,17,0,10,0,1
446,High,37.0,61.7,78.1,LIGHT,19.0,1020.0,63.0,3.0,sem observação,sem chuva,17,6,6,1,1
447,None_Existent,44.5,0.0,85.0,DARK,16.0,1022.0,93.0,0.0,céu claro,sem chuva,0,0,9,0,0
448,None_Existent,50.4,0.0,74.2,DARK,18.0,1018.0,63.0,4.0,sem observação,sem chuva,4,3,9,0,0
449,Low,42.3,5.5,80.6,DARK,16.0,1019.0,93.0,2.0,algumas nuvens,sem chuva,21,4,9,0,0
450,None_Existent,36.1,1.7,71.1,LIGHT,8.0,1015.0,100.0,1.0,sem observação,sem chuva,7,6,5,1,1
451,Very_High,45.5,71.1,84.0,DARK,15.0,1013.0,87.0,1.0,sem observação,sem chuva,18,4,10,0,1
452,High,33.4,39.7,72.6,LIGHT,14.0,1010.0,77.0,9.0,nuvens quebradas,sem chuva,10,3,6,0,0
453,None_Existent,41.1,1.6,70.5,DARK,14.0,1014.0,82.0,1.0,sem observação,sem chuva,0,6,5,1,0
454,High,36.1,129.1,80.2,LIGHT,13.0,1022.0,72.0,1.0,céu pouco nublado,sem chuva,10,3,4,0,0
455,Medium,34.8,23.4,75.1,LIGHT,14.0,1023.0,82.0,2.0,algumas nuvens,sem chuva,15,4,11,0,0
456,None_Existent,38.0,1.9,85.0,DARK,13.0,1029.0,76.0,0.0,céu claro,sem chuva,21,6,2,1,0
457,None_Existent,37.4,2.7,66.3,DARK,9.0,1022.0,93.0,1.0,sem observação,sem chuva,5,5,6,1,0
458,Medium,44.0,7.8,64.1,LIGHT,13.0,1014.0,87.0,5.0,nublado,sem chuva,6,3,5,0,0
459,Low,45.5,10.3,81.9,DARK,25.0,1020.0,34.0,4.0,sem observação,sem chuva,22,4,9,0,0
460,Low,47.7,1.0,83.4,DARK,11.0,1001.0,87.0,3.0,sem observação,chuva moderada,2,0,11,0,0
461,None_Existent,49.7,0.0,75.0,DARK,14.0,1023.0,100.0,0.0,céu claro,sem chuva,1,6,9,1,0
462,Low,38.4,3.8,65.0,LOW_LIGHT,15.0,1017.0,72.0,2.0,céu pouco nublado,sem chuva,20,2,6,0,0
463,None_Existent,44.5,0.7,85.0,DARK,16.0,1021.0,93.0,1.0,tempo nublado,sem chuva,6,4,9,0,0
464,Very_High,45.9,86.4,71.9,LIGHT,11.0,1011.0,87.0,6.0,sem observação,chuva moderada,8,3,11,0,1
465,None_Existent,41.9,0.0,76.0,DARK,7.0,1024.0,93.0,3.0,nuvens dispersas,sem chuva,7,5,12,1,1
466,None_Existent,44.6,9.5,74.4,DARK,17.0,1014.0,82.0,5.0,céu claro,sem chuva,21,3,10,0,0
467,Very_High,43.7,63.0,84.3,LIGHT,3.0,1026.0,100.0,1.0,sem observação,sem chuva,9,2,2,0,1
468,Medium,38.8,5.6,67.7,LIGHT,16.0,1016.0,100.0,0.0,nuvens quebradas,sem chuva,6,3,6,0,0
469,None_Existent,34.9,2.3,84.2,DARK,8.0,1026.0,93.0,3.0,sem observação,sem chuva,1,3,2,0,0
470,Medium,37.5,14.8,75.9,LIGHT,20.0,1015.0,93.0,3.0,nuvens quebradas,sem chuva,12,0,7,0,0
471,Medium,39.8,27.3,81.1,LIGHT,22.0,1016.0,68.0,6.0,céu pouco nublado,sem chuva,14,0,5,0,0
472,None_Existent,42.5,0.0,87.4,DARK,14.0,1017.0,100.0,1.0,sem observação,sem chuva,5,5,9,1,0
473,None_Existent,43.3,0.0,87.9,DARK,17.0,1019.0,52.0,1.0,céu claro,sem chuva,5,2,9,0,0
474,None_Existent,43.8,0.0,87.2,DARK,12.0,1010.0,93.0,1.0,nuvens quebrados,sem chuva,5,2,11,0,0
475,Low,48.1,7.6,74.2,DARK,17.0,1013.0,100.0,1.0,sem observação,sem chuva,3,0,8,0,0
476,Very_High,49.9,57.7,68.7,LIGHT,12.0,1018.0,100.0,1.0,sem observação,sem chuva,7,0,4,0,1
477,Low,44.6,3.2,71.6,DARK,12.0,1021.0,100.0,1.0,céu pouco nublado,sem chuva,3,4,9,0,0
478,High,42.4,100.9,77.7,LIGHT,22.0,1013.0,73.0,4.0,nuvens dispersas,sem chuva,16,4,9,0,0
479,Low,40.9,15.1,87.8,LIGHT,29.0,1017.0,27.0,3.0,céu claro,sem chuva,14,5,8,1,0
480,Medium,34.3,23.2,81.7,LIGHT,17.0,1010.0,72.0,5.0,céu claro,sem chuva,11,5,11,1,0
481,Very_High,42.9,72.6,80.8,LIGHT,21.0,1018.0,36.0,6.0,sem observação,sem chuva,8,1,9,0,1
482,High,41.0,87.7,77.6,LIGHT,28.0,1017.0,57.0,4.0,sem observação,sem chuva,17,2,8,0,1
483,Medium,34.4,34.0,80.0,LIGHT,16.0,1020.0,67.0,3.0,nuvens dispersas,sem chuva,12,4,6,0,0
484,Medium,43.8,7.5,71.3,DARK,21.0,1023.0,60.0,2.0,sem observação,sem chuva,21,3,9,0,0
485,Medium,41.1,39.4,77.1,LIGHT,15.0,1030.0,87.0,2.0,céu claro,sem chuva,15,6,12,1,0
486,High,48.8,24.8,70.2,DARK,18.0,1018.0,93.0,5.0,céu pouco nublado,sem chuva,20,2,8,0,0
487,Low,34.0,14.5,101.9,DARK,10.0,1029.0,81.0,1.0,céu claro,sem chuva,23,5,2,1,0
488,Medium,40.3,21.8,78.4,LIGHT,21.0,1021.0,77.0,8.0,nuvens dispersas,sem chuva,13,0,9,0,0
489,Medium,37.6,32.2,87.0,LIGHT,13.0,1025.0,82.0,2.0,nuvens quebrados,sem chuva,16,3,2,0,0
490,None_Existent,48.5,0.0,75.2,DARK,14.0,1021.0,100.0,0.0,céu claro,sem chuva,0,5,8,1,0
491,None_Existent,42.1,0.0,75.6,DARK,12.0,1017.0,76.0,8.0,nuvens quebrados,sem chuva,6,2,1,0,0
492,None_Existent,37.5,5.9,88.8,LIGHT,31.0,1016.0,52.0,2.0,céu claro,sem chuva,12,6,8,1,0
493,Low,40.4,5.0,67.5,DARK,14.0,1019.0,100.0,6.0,sem observação,chuva fraca,19,5,4,1,1
494,Low,33.3,14.9,76.3,LIGHT,14.0,1001.0,82.0,2.0,nuvens quebrados,sem chuva,14,1,11,0,0
495,Medium,43.9,17.5,78.2,LIGHT,15.0,1019.0,93.0,2.0,sem observação,sem chuva,8,1,8,0,1
496,Very_High,47.9,72.9,68.7,LIGHT,13.0,1030.0,93.0,0.0,nuvens dispersas,sem chuva,8,3,12,0,1
497,Medium,40.9,30.3,87.3,LIGHT,20.0,1019.0,82.0,2.0,algumas nuvens,sem chuva,13,3,8,0,0
498,High,40.0,41.5,88.8,LIGHT,24.0,1019.0,64.0,1.0,céu claro,sem chuva,11,5,9,1,0
499,None_Existent,41.9,0.0,74.0,DARK,15.0,1013.0,93.0,3.0,nuvens quebradas,sem chuva,0,0,4,0,0
500,Medium,38.8,69.0,87.1,LIGHT,20.0,1021.0,63.0,7.0,sem observação,sem chuva,16,1,9,0,0
501,High,42.4,16.7,88.3,LIGHT,11.0,1019.0,100.0,1.0,céu claro,sem chuva,7,3,8,0,1
502,None_Existent,43.5,2.9,86.5,DARK,15.0,1020.0,100.0,0.0,sem observação,sem chuva,0,2,9,0,0
503,Very_High,37.6,113.3,77.9,LIGHT,10.0,1014.0,71.0,5.0,céu limpo,sem chuva,9,2,4,0,1
504,None_Existent,47.6,1.9,80.3,DARK,9.0,1015.0,81.0,3.0,algumas nuvens,sem chuva,1,3,11,0,0
505,Medium,40.0,48.0,88.8,LIGHT,24.0,1018.0,47.0,4.0,céu claro,sem chuva,12,4,8,0,0
506,Medium,32.9,25.2,95.3,LIGHT,20.0,1021.0,73.0,7.0,céu pouco nublado,sem chuva,12,0,9,0,0
507,Very_High,45.5,84.7,85.3,LIGHT,4.0,1021.0,87.0,2.0,céu claro,sem chuva,10,1,2,0,0
508,Low,46.6,9.1,72.1,DARK,16.0,1017.0,93.0,3.0,sem observação,sem chuva,0,6,8,1,0
509,Medium,43.8,11.4,80.6,DARK,12.0,1016.0,76.0,4.0,sem observação,chuva moderada,20,3,11,0,0
510,High,39.6,74.3,89.1,LIGHT,18.0,1015.0,82.0,4.0,céu claro,sem chuva,17,4,10,0,1
511,None_Existent,37.6,21.2,87.7,DARK,6.0,1028.0,66.0,4.0,céu claro,sem chuva,4,2,2,0,0
512,Medium,41.2,27.2,89.4,LIGHT,13.0,1011.0,93.0,6.0,sem observação,chuva leve,11,6,11,1,0
513,Medium,33.5,26.4,85.5,DARK,17.0,1019.0,100.0,2.0,sem observação,sem chuva,23,5,7,1,0
514,Low,33.8,27.2,93.6,LIGHT,31.0,1016.0,55.0,2.0,céu claro,sem chuva,15,4,8,0,0
515,Very_High,43.0,97.5,87.5,LIGHT,22.0,1016.0,88.0,4.0,céu pouco nublado,sem chuva,18,1,7,0,1
516,None_Existent,37.3,10.2,92.9,LIGHT,7.0,1023.0,58.0,5.0,céu claro,sem chuva,9,5,2,1,1
517,Low,40.9,13.5,86.3,DARK,13.0,1024.0,87.0,0.0,nuvens quebrados,sem chuva,20,1,12,0,0
518,High,42.7,48.1,83.8,DARK,11.0,1017.0,81.0,1.0,algumas nuvens,sem chuva,18,2,11,0,1
519,Low,45.1,1.1,65.1,DARK,11.0,1015.0,93.0,2.0,sem observação,sem chuva,0,0,5,0,0
520,Very_High,45.1,162.7,86.6,LIGHT,16.0,1022.0,100.0,1.0,sem observação,sem chuva,8,4,9,0,1
521,High,40.4,61.4,65.7,LIGHT,20.0,1022.0,37.0,6.0,sem observação,sem chuva,10,2,5,0,0
522,High,35.0,51.4,79.2,LIGHT,11.0,998.0,81.0,2.0,sem observação,aguaceiros fracos,10,1,4,0,0
523,High,40.7,60.2,84.5,LIGHT,22.0,1019.0,68.0,2.0,nuvens quebradas,sem chuva,17,6,9,1,1
524,Low,32.6,15.5,102.8,LIGHT,15.0,1029.0,51.0,4.0,céu claro,sem chuva,12,2,2,0,0
525,None_Existent,38.2,1.2,88.9,DARK,18.0,1021.0,93.0,2.0,nuvens quebrados,sem chuva,2,4,9,0,0
526,None_Existent,48.9,0.0,83.3,DARK,16.0,1015.0,93.0,2.0,céu claro,sem chuva,4,2,8,0,0
527,Low,44.9,7.6,83.7,DARK,15.0,1017.0,93.0,1.0,sem observação,sem chuva,4,0,8,0,0
528,Medium,38.9,15.8,79.1,DARK,8.0,1025.0,100.0,2.0,sem observação,sem chuva,21,4,11,0,0
529,Medium,36.0,41.7,90.1,LIGHT,21.0,1014.0,100.0,5.0,sem observação,sem chuva,19,4,7,0,1
530,Very_High,41.9,123.4,70.9,LIGHT,16.0,1013.0,67.0,3.0,sem observação,sem chuva,9,3,6,0,1
531,None_Existent,42.6,0.0,82.4,DARK,16.0,1016.0,100.0,2.0,nuvens quebradas,sem chuva,5,4,7,0,0
532,High,41.9,118.6,73.7,LIGHT,18.0,1015.0,67.0,3.0,sem observação,sem chuva,18,0,5,0,1
533,None_Existent,46.8,7.8,86.6,DARK,15.0,1020.0,100.0,4.0,céu pouco nublado,sem chuva,4,6,8,1,0
534,High,40.4,36.9,89.3,DARK,19.0,1014.0,82.0,1.0,céu claro,sem chuva,19,4,10,0,1
535,None_Existent,38.9,3.5,90.8,LIGHT,15.0,1019.0,100.0,1.0,sem observação,sem chuva,7,4,8,0,1
536,Medium,39.4,15.0,81.3,LIGHT,12.0,999.0,76.0,2.0,sem observação,chuva fraca,13,1,4,0,0
537,Medium,36.1,31.1,76.9,LIGHT,20.0,1016.0,60.0,5.0,céu claro,sem chuva,15,2,11,0,0
538,Low,45.7,1.7,76.3,DARK,17.0,1014.0,100.0,2.0,nuvens quebradas,sem chuva,4,2,7,0,0
539,None_Existent,45.5,4.8,73.1,DARK,18.0,1017.0,93.0,2.0,sem observação,sem chuva,21,0,9,0,0
540,High,38.2,34.6,91.7,LIGHT,25.0,1018.0,83.0,6.0,sem observação,sem chuva,15,5,7,1,0
541,Medium,36.6,27.9,88.2,LIGHT,31.0,1014.0,61.0,4.0,sem observação,sem chuva,14,3,7,0,0
542,None_Existent,41.7,1.6,88.8,DARK,18.0,1015.0,100.0,2.0,sem observação,sem chuva,4,3,7,0,0
543,High,38.0,104.9,91.2,LIGHT,23.0,1019.0,83.0,5.0,sem observação,sem chuva,17,4,8,0,1
544,Low,35.9,18.9,92.2,LIGHT,24.0,1016.0,78.0,3.0,céu pouco nublado,sem chuva,13,6,7,1,0
545,None_Existent,35.5,8.7,95.8,DARK,16.0,1016.0,100.0,3.0,sem observação,sem chuva,3,5,7,1,0
546,None_Existent,44.6,0.0,75.8,DARK,15.0,1019.0,100.0,2.0,sem observação,sem chuva,21,1,9,0,0
547,None_Existent,37.3,2.4,90.8,DARK,19.0,1012.0,88.0,1.0,algumas nuvens,sem chuva,20,0,9,0,0
548,High,40.6,48.6,78.6,LIGHT,30.0,1015.0,42.0,4.0,sem observação,sem chuva,18,3,8,0,1
549,Very_High,42.3,75.7,82.7,LIGHT,3.0,1012.0,100.0,0.0,algumas nuvens,sem chuva,8,0,10,0,1
550,Medium,40.2,6.5,63.0,LOW_LIGHT,13.0,1018.0,76.0,3.0,nublado,sem chuva,6,0,5,0,0
551,High,42.4,100.0,79.0,LIGHT,15.0,1022.0,100.0,2.0,sem observação,sem chuva,9,2,9,0,1
552,Medium,41.9,23.0,77.2,LIGHT,20.0,1019.0,93.0,2.0,nuvens quebradas,sem chuva,13,0,9,0,0
553,High,41.9,50.2,86.6,LIGHT,15.0,1005.0,100.0,3.0,sem observação,chuva leve,10,0,10,0,0
554,Medium,37.5,23.0,79.2,DARK,13.0,1008.0,93.0,11.0,sem observação,chuva moderada,17,5,11,1,1
555,None_Existent,41.6,0.0,76.0,DARK,12.0,1010.0,76.0,2.0,céu limpo,sem chuva,23,1,4,0,0
556,None_Existent,43.6,0.0,78.7,DARK,14.0,1017.0,100.0,2.0,sem observação,sem chuva,2,0,9,0,0
557,None_Existent,37.8,0.6,78.9,DARK,16.0,1007.0,77.0,1.0,céu limpo,sem chuva,21,6,4,1,0
558,Medium,40.2,47.8,75.9,LIGHT,12.0,1019.0,87.0,9.0,sem observação,chuva moderada,15,1,1,0,0
559,Medium,37.4,36.3,85.5,LIGHT,21.0,1022.0,77.0,1.0,algumas nuvens,sem chuva,10,4,9,0,0
560,Very_High,42.5,160.2,74.8,DARK,14.0,1031.0,100.0,1.0,sem observação,chuva fraca,19,4,12,0,1
561,None_Existent,41.8,0.0,74.3,DARK,15.0,1010.0,87.0,4.0,nuvens quebradas,sem chuva,3,0,4,0,0
562,Low,43.3,1.2,85.2,DARK,15.0,1022.0,39.0,6.0,céu claro,sem chuva,6,1,10,0,0
563,High,42.0,86.7,85.4,LIGHT,20.0,1020.0,82.0,5.0,céu pouco nublado,sem chuva,17,0,9,0,1
564,Medium,55.9,6.4,67.0,DARK,9.0,1022.0,100.0,2.0,sem observação,chuva moderada,7,4,11,0,1
565,None_Existent,41.6,0.0,85.5,DARK,8.0,1017.0,93.0,0.0,algumas nuvens,sem chuva,2,2,1,0,0
566,Very_High,46.5,98.4,75.0,LIGHT,16.0,1017.0,93.0,3.0,sem observação,sem chuva,7,0,9,0,1
567,Medium,46.1,4.5,76.5,DARK,12.0,1003.0,93.0,4.0,sem observação,chuva moderada,20,6,11,1,0
568,Very_High,43.8,72.8,86.3,LIGHT,20.0,1021.0,60.0,4.0,céu claro,sem chuva,17,4,8,0,1
569,None_Existent,45.4,3.4,78.1,LIGHT,18.0,1019.0,100.0,2.0,sem observação,sem chuva,8,6,9,1,1
570,None_Existent,42.4,0.0,81.2,DARK,17.0,1021.0,72.0,0.0,céu claro,sem chuva,22,0,9,0,0
571,High,40.3,24.4,79.7,LIGHT,12.0,1017.0,100.0,4.0,nuvens quebrados,sem chuva,14,1,1,0,0
572,High,33.3,40.3,89.5,LIGHT,23.0,1018.0,77.0,3.0,céu pouco nublado,sem chuva,14,4,7,0,0
573,Medium,38.7,26.3,97.1,LIGHT,15.0,1027.0,45.0,5.0,céu claro,sem chuva,11,4,2,0,0
574,None_Existent,38.4,3.2,86.8,LIGHT,13.0,1009.0,100.0,5.0,sem observação,chuva moderada,15,6,11,1,0
575,Low,43.0,22.3,87.3,DARK,15.0,1014.0,93.0,9.0,nuvens quebrados,sem chuva,21,4,11,0,0
576,Medium,35.0,24.0,75.2,LIGHT,12.0,1021.0,71.0,4.0,céu claro,sem chuva,12,4,1,0,0
577,Medium,32.8,27.8,99.4,LIGHT,17.0,1024.0,55.0,1.0,céu claro,sem chuva,16,4,2,0,0
578,None_Existent,48.1,1.5,64.7,LOW_LIGHT,11.0,1020.0,100.0,5.0,sem observação,sem chuva,7,5,9,1,1
579,Medium,36.1,26.4,79.3,LOW_LIGHT,26.0,1014.0,73.0,3.0,sem observação,sem chuva,20,2,7,0,0
580,Low,36.1,10.0,78.3,LOW_LIGHT,19.0,1016.0,93.0,2.0,nublado,sem chuva,20,6,7,1,0
581,Low,37.8,17.6,90.4,LOW_LIGHT,20.0,1019.0,88.0,2.0,sem observação,sem chuva,19,3,8,0,1
582,Medium,40.7,89.9,85.2,DARK,13.0,1021.0,93.0,2.0,nuvens quebrados,sem chuva,18,5,11,1,1
583,Low,44.0,2.7,85.8,LOW_LIGHT,12.0,1011.0,87.0,4.0,sem observação,chuva fraca,7,1,11,0,1
584,None_Existent,35.8,1.7,61.3,DARK,18.0,1015.0,82.0,1.0,sem observação,sem chuva,1,1,5,0,0
585,Medium,33.3,18.1,81.6,LIGHT,21.0,1015.0,88.0,4.0,nuvens quebradas,sem chuva,13,0,7,0,0
586,None_Existent,37.3,3.0,93.5,DARK,8.0,1021.0,81.0,1.0,céu claro,sem chuva,2,6,2,1,0
587,Low,39.6,20.7,89.1,LIGHT,22.0,1023.0,78.0,1.0,céu claro,sem chuva,10,0,9,0,0
588,Very_High,44.5,103.3,85.0,LIGHT,20.0,1019.0,68.0,6.0,algumas nuvens,sem chuva,17,4,9,0,1
589,None_Existent,44.9,1.8,87.8,LOW_LIGHT,6.0,1010.0,81.0,6.0,céu claro,sem chuva,7,6,10,1,1
590,Low,43.3,5.5,85.7,LIGHT,13.0,1023.0,100.0,1.0,sem observação,sem chuva,8,6,9,1,1
591,None_Existent,45.1,0.0,71.1,DARK,19.0,1017.0,72.0,2.0,sem observação,sem chuva,21,6,9,1,0
592,Very_High,41.3,66.5,71.7,LIGHT,29.0,1020.0,30.0,6.0,sem observação,sem chuva,17,3,5,0,1
593,None_Existent,42.4,0.0,83.4,DARK,16.0,1018.0,93.0,2.0,nuvens quebradas,sem chuva,4,0,9,0,0
594,Medium,37.1,30.1,90.1,LIGHT,20.0,1019.0,56.0,3.0,céu claro,sem chuva,11,5,10,1,0
595,Low,35.1,6.4,72.5,DARK,12.0,1019.0,87.0,0.0,céu limpo,sem chuva,20,4,4,0,0
596,Low,48.7,0.6,77.1,DARK,19.0,1023.0,55.0,5.0,sem observação,sem chuva,2,3,9,0,0
597,Low,37.8,7.6,90.3,DARK,12.0,1029.0,100.0,1.0,sem observação,chuva fraca,0,5,3,1,0
598,Low,35.0,14.5,77.2,LIGHT,17.0,1016.0,52.0,4.0,sem observação,sem chuva,10,6,5,1,0
599,Low,48.8,1.3,63.8,DARK,10.0,1014.0,82.0,4.0,nuvens dispersas,sem chuva,4,3,6,0,0
600,Very_High,46.0,95.1,68.8,LIGHT,11.0,1017.0,87.0,3.0,sem observação,aguaceiros fracos,7,4,6,0,1
601,Low,44.1,4.2,79.1,DARK,12.0,1017.0,76.0,3.0,nuvens quebrados,sem chuva,21,3,11,0,0
602,Very_High,45.5,123.1,83.6,DARK,21.0,1015.0,77.0,5.0,sem observação,sem chuva,23,4,7,0,0
603,Low,43.1,14.4,83.8,LIGHT,20.0,1023.0,73.0,4.0,céu claro,sem chuva,13,5,9,1,0
604,None_Existent,52.2,0.0,69.8,DARK,10.0,1017.0,81.0,4.0,nuvens dispersas,sem chuva,6,6,1,1,0
605,None_Existent,40.1,0.0,76.7,DARK,11.0,985.0,93.0,0.0,sem observação,chuva fraca,22,6,11,1,0
606,Medium,41.3,17.7,72.5,LIGHT,23.0,1020.0,83.0,2.0,sem observação,sem chuva,13,3,8,0,0
607,None_Existent,42.8,0.0,82.0,DARK,19.0,1012.0,64.0,2.0,céu claro,sem chuva,3,5,9,1,0
608,High,46.2,34.4,81.4,DARK,12.0,1009.0,81.0,4.0,nuvens dispersas,sem chuva,17,0,11,0,1
609,Very_High,43.6,106.2,74.6,LIGHT,19.0,1016.0,77.0,2.0,sem observação,sem chuva,9,1,6,0,1
610,High,34.4,47.3,91.6,LIGHT,23.0,1018.0,61.0,3.0,céu claro,sem chuva,16,4,8,0,0
611,None_Existent,41.7,2.0,87.4,LIGHT,18.0,1016.0,77.0,1.0,algumas nuvens,sem chuva,8,5,7,1,1
612,Medium,41.3,32.3,89.4,LIGHT,18.0,1023.0,63.0,3.0,céu claro,sem chuva,15,3,2,0,0
613,None_Existent,35.4,1.2,77.9,DARK,21.0,1014.0,72.0,1.0,sem observação,sem chuva,0,3,7,0,0
614,Very_High,40.3,109.8,75.4,LIGHT,13.0,1019.0,100.0,2.0,sem observação,chuva fraca,9,1,4,0,1
615,High,38.6,43.7,73.2,LIGHT,20.0,1015.0,82.0,3.0,nuvens dispersas,sem chuva,15,0,6,0,0
616,Medium,40.3,3.0,86.9,LIGHT,18.0,1016.0,93.0,2.0,sem observação,sem chuva,7,2,7,0,1
617,Medium,33.1,19.0,90.7,LIGHT,26.0,1014.0,73.0,3.0,sem observação,sem chuva,11,4,7,0,0
618,Medium,31.7,19.3,84.0,LIGHT,15.0,1020.0,72.0,3.0,nuvens quebradas,sem chuva,11,0,5,0,0
619,High,44.0,39.3,80.8,LIGHT,21.0,1021.0,77.0,3.0,céu pouco nublado,sem chuva,15,3,9,0,0
620,None_Existent,42.8,0.0,89.6,LIGHT,20.0,1019.0,64.0,2.0,nuvens dispersas,sem chuva,9,6,7,1,1
621,Medium,41.2,34.7,89.4,LIGHT,13.0,1009.0,93.0,8.0,sem observação,chuva leve,12,6,11,1,0
622,Low,37.9,3.9,64.4,DARK,11.0,1015.0,82.0,2.0,nuvens quebradas,sem chuva,3,1,5,0,0
623,Low,47.5,3.8,75.2,DARK,17.0,1021.0,93.0,2.0,céu pouco nublado,sem chuva,21,1,9,0,0
624,Low,45.9,7.7,79.1,LIGHT,15.0,1014.0,82.0,6.0,sem observação,chuva,10,6,10,1,0
625,None_Existent,45.1,0.0,85.8,LIGHT,20.0,1012.0,68.0,4.0,céu claro,sem chuva,7,6,9,1,1
626,None_Existent,39.1,2.6,83.6,DARK,18.0,1016.0,82.0,2.0,nuvens dispersas,sem chuva,20,2,8,0,0
627,None_Existent,46.6,0.0,73.1,DARK,14.0,1023.0,72.0,4.0,sem observação,sem chuva,1,2,9,0,0
628,None_Existent,47.3,0.0,84.8,LIGHT,12.0,1023.0,100.0,0.0,sem observação,sem chuva,7,6,9,1,1
629,None_Existent,46.2,0.0,80.1,DARK,20.0,1015.0,94.0,0.0,céu claro,sem chuva,2,6,8,1,0
630,None_Existent,42.9,1.9,82.4,DARK,17.0,1021.0,93.0,1.0,nuvens quebrados,sem chuva,21,3,9,0,0
631,None_Existent,42.8,1.9,78.0,DARK,17.0,1014.0,100.0,0.0,sem observação,chuva moderada,22,1,9,0,0
632,Very_High,44.7,129.2,81.8,LIGHT,16.0,1021.0,82.0,2.0,sem observação,sem chuva,8,0,9,0,1
633,None_Existent,41.0,0.0,90.9,DARK,11.0,1025.0,62.0,5.0,céu claro,sem chuva,3,1,2,0,0
634,None_Existent,46.2,1.3,85.7,DARK,16.0,1015.0,88.0,1.0,céu claro,sem chuva,3,5,9,1,0
635,None_Existent,48.1,2.9,77.7,DARK,15.0,1022.0,93.0,0.0,sem observação,sem chuva,23,3,9,0,0
636,High,37.8,83.3,74.8,LIGHT,22.0,1021.0,72.0,5.0,sem observação,sem chuva,18,5,5,1,1
637,None_Existent,39.6,9.4,91.9,DARK,18.0,1017.0,88.0,4.0,céu claro,sem chuva,20,0,8,0,0
638,Low,34.9,14.9,87.9,DARK,16.0,1019.0,63.0,3.0,sem observação,sem chuva,1,5,5,1,0
639,Low,41.4,5.3,83.3,DARK,11.0,1017.0,93.0,3.0,nuvens quebrados,sem chuva,22,6,2,1,0
640,None_Existent,43.2,3.9,76.7,DARK,16.0,1011.0,82.0,4.0,nuvens dispersas,sem chuva,0,5,9,1,0
641,None_Existent,54.6,0.0,66.7,DARK,14.0,1022.0,100.0,7.0,sem observação,sem chuva,6,0,12,0,0
642,None_Existent,39.0,2.0,90.4,DARK,10.0,1027.0,87.0,2.0,algumas nuvens,sem chuva,21,6,2,1,0
643,High,35.8,32.6,84.0,LIGHT,18.0,1014.0,100.0,9.0,sem observação,sem chuva,9,1,7,0,1
644,High,43.6,35.1,78.4,LIGHT,20.0,1022.0,77.0,2.0,nuvens quebradas,sem chuva,14,2,9,0,0
645,None_Existent,45.3,0.0,81.1,DARK,12.0,1015.0,66.0,7.0,céu claro,sem chuva,4,5,10,1,0
646,Very_High,44.7,76.7,87.8,LIGHT,22.0,1022.0,48.0,4.0,céu claro,sem chuva,10,0,9,0,0
647,High,38.9,61.5,77.7,DARK,12.0,1003.0,87.0,1.0,nuvens quebrados,sem chuva,20,1,11,0,0
648,Medium,41.6,34.3,88.8,LIGHT,17.0,1016.0,100.0,2.0,sem observação,sem chuva,9,3,9,0,1
649,Medium,40.5,25.9,88.0,LIGHT,22.0,1016.0,77.0,2.0,nuvens quebrados,sem chuva,14,0,8,0,0
650,High,37.0,63.0,90.6,LIGHT,22.0,1020.0,68.0,3.0,céu claro,sem chuva,16,3,9,0,0
651,None_Existent,45.0,0.0,82.3,DARK,18.0,1014.0,88.0,1.0,céu claro,sem chuva,1,4,9,0,0
652,None_Existent,47.5,2.9,82.5,DARK,13.0,1020.0,100.0,0.0,sem observação,sem chuva,1,6,9,1,0
653,None_Existent,39.9,3.7,79.9,DARK,12.0,1013.0,81.0,7.0,nuvens dispersas,sem chuva,1,6,1,1,0
654,None_Existent,38.4,6.5,91.7,DARK,9.0,1019.0,81.0,2.0,céu claro,sem chuva,5,3,10,0,0
655,Medium,33.2,17.4,92.0,LIGHT,22.0,1015.0,77.0,7.0,sem observação,sem chuva,19,2,7,0,1
656,None_Existent,44.4,1.0,68.7,DARK,14.0,1001.0,100.0,3.0,tempo nublado,sem chuva,0,1,11,0,0
657,High,38.0,50.1,93.0,DARK,13.0,1026.0,82.0,1.0,céu pouco nublado,sem chuva,19,5,3,1,1
658,Medium,42.3,29.4,87.7,LIGHT,23.0,1018.0,78.0,2.0,nuvens dispersas,sem chuva,12,0,9,0,0
659,None_Existent,44.7,0.0,85.6,DARK,12.0,1005.0,100.0,10.0,sem observação,chuva fraca,5,0,10,0,0
660,Medium,35.3,40.2,72.6,LIGHT,2.0,1022.0,86.0,4.0,nuvens quebrados,sem chuva,10,4,1,0,0
661,Low,41.7,4.4,87.1,DARK,18.0,1016.0,100.0,0.0,nuvens quebradas,sem chuva,2,0,7,0,0
662,Medium,38.5,18.6,84.0,LIGHT,24.0,1018.0,29.0,5.0,sem observação,sem chuva,12,5,9,1,0
663,None_Existent,36.4,0.0,88.6,DARK,18.0,1016.0,93.0,2.0,céu claro,sem chuva,21,3,7,0,0
664,None_Existent,43.6,2.5,71.1,DARK,16.0,1021.0,93.0,1.0,sem observação,sem chuva,21,3,9,0,0
665,Very_High,47.6,63.9,75.4,LIGHT,17.0,1015.0,72.0,3.0,sem observação,sem chuva,7,0,9,0,1
666,None_Existent,39.8,2.5,78.1,DARK,10.0,1020.0,93.0,4.0,nuvens quebrados,sem chuva,21,2,11,0,0
667,Very_High,43.4,60.5,72.1,LIGHT,17.0,1014.0,72.0,8.0,sem observação,sem chuva,18,2,6,0,1
668,None_Existent,41.6,11.0,87.5,DARK,16.0,1016.0,100.0,1.0,céu pouco nublado,sem chuva,3,4,7,0,0
669,None_Existent,39.3,2.6,84.4,DARK,12.0,1014.0,100.0,0.0,sem observação,sem chuva,22,4,10,0,0
670,Low,34.8,2.7,85.6,LIGHT,10.0,1018.0,100.0,0.0,céu claro,sem chuva,8,5,10,1,1
671,Medium,38.1,64.8,89.4,LIGHT,16.0,1014.0,67.0,5.0,algumas nuvens,sem chuva,15,6,10,1,0
672,None_Existent,39.9,5.8,80.2,DARK,10.0,1020.0,100.0,2.0,sem observação,sem chuva,0,4,11,0,0
673,None_Existent,37.3,7.4,65.5,DARK,14.0,1016.0,100.0,0.0,nuvens quebradas,sem chuva,2,5,6,1,0
674,Low,38.5,11.9,90.5,LIGHT,10.0,1011.0,61.0,5.0,algumas nuvens,sem chuva,10,6,10,1,0
675,None_Existent,43.9,2.8,77.3,DARK,10.0,1012.0,61.0,6.0,algumas nuvens,sem chuva,20,6,10,1,0
676,High,41.0,35.5,72.0,LIGHT,13.0,1020.0,82.0,4.0,algumas nuvens,sem chuva,10,0,11,0,0
677,High,34.2,63.4,88.3,LIGHT,25.0,1014.0,69.0,5.0,sem observação,sem chuva,9,4,7,0,1
678,Low,41.9,3.1,73.2,DARK,8.0,1029.0,87.0,2.0,sem observação,sem chuva,2,5,4,1,0
679,Very_High,41.9,104.2,75.1,LIGHT,16.0,1012.0,77.0,3.0,céu pouco nublado,sem chuva,17,3,4,0,1
680,Medium,34.2,30.5,81.2,LIGHT,18.0,1019.0,87.0,2.0,céu pouco nublado,sem chuva,12,1,4,0,0
681,None_Existent,36.4,0.8,77.0,DARK,17.0,1013.0,56.0,3.0,céu pouco nublado,sem chuva,0,6,4,1,0
682,Medium,42.9,24.2,88.3,LIGHT,20.0,1014.0,77.0,2.0,algumas nuvens,sem chuva,18,2,9,0,1
683,Medium,32.8,34.2,102.3,LIGHT,22.0,1022.0,40.0,3.0,céu claro,sem chuva,16,1,2,0,0
684,None_Existent,36.7,3.4,91.7,LIGHT,18.0,1014.0,100.0,3.0,sem observação,sem chuva,7,5,7,1,1
685,Medium,33.6,18.0,79.8,LIGHT,20.0,1019.0,82.0,6.0,céu pouco nublado,sem chuva,11,6,6,1,0
686,High,37.5,48.4,93.3,LIGHT,13.0,1021.0,76.0,2.0,nuvens quebradas,sem chuva,17,0,3,0,1
687,High,33.6,72.7,76.1,LIGHT,14.0,1018.0,67.0,6.0,céu pouco nublado,sem chuva,11,4,5,0,0
688,None_Existent,41.4,0.0,89.8,DARK,11.0,1028.0,100.0,2.0,sem observação,sem chuva,6,5,3,1,0
689,None_Existent,37.0,0.0,92.0,DARK,17.0,1013.0,100.0,2.0,nuvens quebradas,sem chuva,4,0,7,0,0
690,Medium,38.1,49.8,89.9,LIGHT,19.0,1019.0,82.0,3.0,algumas nuvens,sem chuva,14,3,8,0,0
691,Low,33.4,11.2,65.4,DARK,12.0,1017.0,81.0,2.0,céu pouco nublado,sem chuva,22,5,5,1,0
692,Medium,36.6,21.8,68.8,LIGHT,17.0,1021.0,63.0,2.0,céu claro,sem chuva,13,1,12,0,0
693,Low,42.3,17.2,85.3,LIGHT,18.0,1019.0,88.0,3.0,sem observação,sem chuva,13,5,9,1,0
694,High,38.6,37.9,93.2,LIGHT,13.0,1029.0,66.0,3.0,céu claro,sem chuva,17,0,2,0,1
695,Low,37.9,13.6,65.0,DARK,13.0,1017.0,87.0,2.0,sem observação,sem chuva,4,1,6,0,0
696,None_Existent,42.6,0.0,91.4,DARK,16.0,1015.0,100.0,1.0,algumas nuvens,sem chuva,2,2,8,0,0
697,None_Existent,43.8,0.0,82.1,DARK,15.0,1017.0,93.0,0.0,céu claro,sem chuva,0,5,7,1,0
698,None_Existent,44.0,1.9,80.9,DARK,17.0,1012.0,100.0,0.0,algumas nuvens,sem chuva,1,1,9,0,0
699,Medium,35.7,30.8,80.2,LIGHT,16.0,1015.0,93.0,7.0,nuvens quebradas,sem chuva,18,1,5,0,1
700,High,42.3,55.3,73.0,LIGHT,22.0,1014.0,82.0,5.0,nuvens quebradas,sem chuva,16,2,5,0,0
701,Medium,45.7,8.1,77.8,DARK,10.0,1005.0,100.0,0.0,nuvens dispersas,sem chuva,21,1,10,0,0
702,Medium,41.2,22.6,82.8,LIGHT,27.0,1016.0,40.0,3.0,sem observação,sem chuva,13,0,9,0,0
703,Medium,34.4,21.5,91.6,LIGHT,21.0,1014.0,53.0,5.0,algumas nuvens,sem chuva,10,4,9,0,0
704,High,34.1,65.3,90.9,LIGHT,25.0,1020.0,78.0,6.0,sem observação,sem chuva,14,4,8,0,0
705,None_Existent,39.2,0.0,90.2,DARK,9.0,1027.0,93.0,1.0,céu claro,sem chuva,22,6,2,1,0
706,None_Existent,41.1,2.8,81.1,DARK,16.0,1022.0,93.0,7.0,nuvens dispersas,sem chuva,23,4,9,0,0
707,High,37.8,44.5,80.7,LIGHT,16.0,1030.0,87.0,3.0,algumas nuvens,sem chuva,15,3,12,0,0
708,Low,39.5,9.3,79.6,LIGHT,11.0,1021.0,76.0,4.0,algumas nuvens,sem chuva,11,6,1,1,0
709,None_Existent,45.1,10.9,82.6,DARK,17.0,1014.0,68.0,2.0,sem observação,sem chuva,5,0,9,0,0
710,Very_High,41.1,133.1,88.7,LIGHT,15.0,1005.0,93.0,1.0,sem observação,chuva,8,0,10,0,1
711,Low,36.2,11.9,84.6,LIGHT,20.0,1018.0,77.0,4.0,sem observação,sem chuva,19,4,6,0,1
712,Low,41.7,4.1,75.9,LIGHT,8.0,1032.0,93.0,1.0,algumas nuvens,sem chuva,9,6,12,1,1
713,Low,37.0,12.4,90.6,LIGHT,15.0,1018.0,82.0,1.0,sem observação,sem chuva,8,4,8,0,1
714,High,38.9,52.1,78.4,LIGHT,23.0,1011.0,56.0,6.0,sem observação,sem chuva,16,4,5,0,0
715,None_Existent,45.5,4.4,80.2,DARK,17.0,1016.0,82.0,3.0,céu claro,sem chuva,22,3,8,0,0
716,Medium,37.3,14.6,82.8,LIGHT,15.0,1009.0,93.0,2.0,céu pouco nublado,sem chuva,18,5,9,1,1
717,None_Existent,41.8,0.0,74.8,DARK,14.0,1011.0,76.0,1.0,céu limpo,sem chuva,0,0,4,0,0
718,None_Existent,42.4,4.2,84.2,DARK,17.0,1023.0,68.0,3.0,sem observação,sem chuva,4,4,9,0,0
719,Medium,35.7,20.1,87.8,DARK,19.0,1017.0,77.0,2.0,sem observação,sem chuva,21,4,7,0,0
720,Low,38.3,6.5,64.9,LIGHT,15.0,1016.0,100.0,3.0,sem observação,sem chuva,6,6,6,1,0
721,None_Existent,35.7,0.5,65.6,DARK,12.0,1017.0,76.0,3.0,nuvens dispersas,sem chuva,23,4,5,0,0
722,None_Existent,41.4,1.7,87.3,DARK,15.0,1020.0,51.0,0.0,céu claro,sem chuva,23,2,10,0,0
723,Low,41.3,7.4,83.2,LIGHT,29.0,1017.0,32.0,5.0,céu claro,sem chuva,13,5,8,1,0
724,Low,34.3,4.0,73.9,DARK,14.0,1019.0,100.0,5.0,nuvens quebradas,sem chuva,20,5,4,1,0
725,Medium,38.2,32.9,88.9,DARK,20.0,1016.0,68.0,2.0,céu claro,sem chuva,19,5,10,1,1
726,Low,46.7,1.3,60.8,DARK,15.0,1016.0,87.0,3.0,sem observação,sem chuva,0,1,5,0,0
727,None_Existent,41.4,0.0,89.8,DARK,10.0,1027.0,100.0,2.0,nuvens quebradas,sem chuva,7,5,3,1,1
728,High,35.8,94.0,76.1,LIGHT,19.0,1022.0,68.0,5.0,céu pouco nublado,sem chuva,16,5,6,1,0
729,None_Existent,40.7,1.8,77.4,DARK,16.0,1025.0,82.0,1.0,céu claro,sem chuva,21,1,10,0,0
730,None_Existent,41.5,0.0,76.3,LIGHT,14.0,1014.0,76.0,2.0,céu limpo,sem chuva,7,6,4,1,1
731,None_Existent,42.0,1.9,87.4,DARK,19.0,1015.0,93.0,4.0,sem observação,sem chuva,1,2,8,0,0
732,None_Existent,36.9,0.9,68.2,DARK,8.0,1032.0,100.0,0.0,nuvens quebrados,sem chuva,3,6,12,1,0
733,None_Existent,45.5,0.0,86.2,DARK,11.0,997.0,93.0,3.0,sem observação,chuva moderada,3,1,10,0,0
734,None_Existent,44.4,0.0,79.5,DARK,8.0,1013.0,75.0,2.0,céu claro,sem chuva,23,6,10,1,0
735,High,34.1,47.7,84.7,LIGHT,32.0,1021.0,27.0,3.0,sem observação,sem chuva,14,4,9,0,0
736,Medium,38.1,24.2,89.4,LIGHT,19.0,1016.0,77.0,3.0,céu claro,sem chuva,16,5,9,1,0
737,Medium,39.1,14.1,73.7,DARK,19.0,1014.0,88.0,0.0,sem observação,sem chuva,20,6,8,1,0
738,Low,41.3,11.6,74.2,DARK,19.0,1015.0,100.0,1.0,sem observação,sem chuva,22,0,8,0,0
739,Low,37.7,5.5,70.5,DARK,24.0,1016.0,46.0,6.0,sem observação,sem chuva,20,0,5,0,0
740,Medium,37.8,33.1,91.3,LIGHT,13.0,1028.0,67.0,2.0,céu claro,sem chuva,16,1,2,0,0
741,Medium,38.8,33.5,73.5,LIGHT,21.0,1017.0,73.0,2.0,nuvens quebradas,sem chuva,14,2,6,0,0
742,High,43.4,99.9,71.5,LIGHT,21.0,1020.0,53.0,4.0,sem observação,sem chuva,9,3,9,0,1
743,Medium,41.6,37.1,88.8,LIGHT,19.0,1019.0,42.0,4.0,céu claro,sem chuva,14,6,10,1,0
744,None_Existent,37.7,1.5,84.2,LIGHT,17.0,1029.0,48.0,2.0,céu claro,sem chuva,10,6,2,1,0
745,None_Existent,35.1,4.9,75.7,LIGHT,15.0,1024.0,87.0,5.0,nuvens dispersas,sem chuva,14,5,12,1,0
746,High,39.6,44.8,87.8,LIGHT,20.0,1012.0,68.0,6.0,nuvens dispersas,sem chuva,16,3,10,0,0
747,None_Existent,42.9,2.2,86.5,DARK,14.0,1020.0,59.0,2.0,céu claro,sem chuva,1,1,10,0,0
748,Low,44.0,1.3,85.5,DARK,19.0,1016.0,50.0,7.0,céu claro,sem chuva,4,5,8,1,0
749,Very_High,46.0,79.1,72.3,LIGHT,12.0,1000.0,87.0,2.0,sem observação,chuva moderada,8,1,11,0,1
750,Medium,40.2,16.8,83.4,DARK,17.0,1021.0,93.0,2.0,céu pouco nublado,sem chuva,22,5,8,1,0
751,Very_High,45.3,81.6,75.7,DARK,14.0,1031.0,100.0,1.0,sem observação,sem chuva,20,4,12,0,0
752,None_Existent,39.0,2.4,87.6,LIGHT,12.0,1009.0,67.0,5.0,nuvens dispersas,sem chuva,10,3,4,0,0
753,High,36.9,55.0,90.5,LIGHT,21.0,1021.0,56.0,5.0,céu claro,sem chuva,15,4,8,0,0
754,Medium,33.1,39.1,87.4,LIGHT,15.0,1030.0,82.0,3.0,algumas nuvens,sem chuva,15,3,2,0,0
755,High,39.8,43.8,75.7,LIGHT,21.0,1016.0,72.0,5.0,sem observação,sem chuva,14,1,5,0,0
756,Medium,39.0,47.5,76.9,LIGHT,16.0,1016.0,63.0,3.0,céu claro,sem chuva,11,4,11,0,0
757,High,45.5,52.9,81.3,DARK,14.0,1023.0,72.0,4.0,céu claro,sem chuva,18,1,11,0,1
758,Low,44.0,3.5,83.5,DARK,13.0,1017.0,100.0,4.0,sem observação,sem chuva,6,0,9,0,0
759,Medium,33.5,50.0,77.7,LIGHT,19.0,1016.0,72.0,6.0,sem observação,sem chuva,19,1,5,0,1
760,Low,39.3,4.3,70.9,LIGHT,7.0,1024.0,87.0,4.0,nuvens quebrados,sem chuva,8,5,12,1,1
761,Low,33.8,12.9,81.3,DARK,15.0,1015.0,100.0,1.0,céu pouco nublado,sem chuva,5,6,7,1,0
762,None_Existent,39.6,3.5,69.8,DARK,12.0,1015.0,100.0,1.0,céu pouco nublado,sem chuva,0,3,5,0,0
763,High,36.0,57.5,88.4,LIGHT,28.0,1024.0,36.0,5.0,sem observação,sem chuva,16,3,9,0,0
764,None_Existent,40.9,0.0,86.5,DARK,12.0,1022.0,76.0,3.0,algumas nuvens,sem chuva,23,1,11,0,0
765,High,32.2,75.9,75.0,LIGHT,15.0,1012.0,82.0,4.0,céu pouco nublado,sem chuva,10,3,4,0,0
766,Low,44.8,4.0,84.7,DARK,16.0,1021.0,93.0,1.0,nublado,sem chuva,21,2,9,0,0
767,Medium,34.4,48.9,95.0,LOW_LIGHT,12.0,1020.0,76.0,1.0,nuvens quebradas,sem chuva,18,0,3,0,1
768,Low,36.5,11.0,80.1,DARK,20.0,1013.0,77.0,1.0,céu limpo,sem chuva,20,5,4,1,0
769,Medium,39.0,25.2,85.4,LIGHT,11.0,1029.0,62.0,3.0,céu claro,sem chuva,16,6,2,1,0
770,None_Existent,42.2,2.0,89.8,DARK,18.0,1017.0,31.0,4.0,céu claro,sem chuva,3,6,8,1,0
771,Medium,44.7,5.1,82.6,DARK,18.0,1013.0,88.0,2.0,céu claro,sem chuva,22,0,9,0,0
772,None_Existent,44.4,0.0,82.6,DARK,8.0,1012.0,100.0,1.0,sem observação,sem chuva,5,0,11,0,0
773,Low,46.5,4.6,79.0,DARK,18.0,1020.0,82.0,1.0,céu claro,sem chuva,23,1,9,0,0
774,Medium,36.2,25.6,83.8,LIGHT,20.0,1019.0,83.0,1.0,sem observação,sem chuva,10,6,7,1,0
775,Medium,40.6,37.8,78.4,LIGHT,13.0,1006.0,76.0,5.0,sem observação,chuva fraca,10,2,4,0,0
776,High,36.2,64.5,75.0,LIGHT,18.0,1021.0,87.0,3.0,sem observação,aguaceiros,11,3,5,0,0
777,Very_High,39.1,158.9,90.4,LIGHT,16.0,1014.0,93.0,1.0,sem observação,sem chuva,9,4,9,0,1
778,Low,45.1,9.4,84.9,DARK,15.0,1023.0,100.0,6.0,sem observação,sem chuva,0,0,8,0,0
779,Medium,34.6,80.3,77.7,LIGHT,19.0,1018.0,72.0,5.0,sem observação,sem chuva,10,0,5,0,0
780,Low,32.6,10.3,77.4,LIGHT,13.0,1024.0,93.0,6.0,nuvens quebrados,sem chuva,10,6,12,1,0
781,None_Existent,40.0,0.0,88.8,DARK,14.0,1017.0,100.0,1.0,sem observação,sem chuva,4,5,9,1,0
782,Low,43.0,4.1,82.7,DARK,9.0,1026.0,66.0,4.0,céu claro,sem chuva,6,4,2,0,0
783,None_Existent,32.4,8.1,88.8,DARK,7.0,1031.0,100.0,1.0,tempo nublado,sem chuva,3,3,2,0,0
784,High,44.7,30.9,82.1,LIGHT,16.0,1019.0,100.0,1.0,sem observação,sem chuva,8,4,8,0,1
785,None_Existent,39.4,5.7,90.0,LIGHT,29.0,1017.0,55.0,1.0,céu claro,sem chuva,9,5,8,1,1
786,None_Existent,43.0,0.0,82.0,DARK,13.0,1017.0,100.0,3.0,nuvens quebradas,sem chuva,4,0,9,0,0
787,None_Existent,43.0,0.0,88.8,DARK,16.0,1018.0,100.0,1.0,sem observação,sem chuva,6,5,9,1,0
788,None_Existent,38.2,0.7,71.6,LIGHT,16.0,1016.0,100.0,2.0,sem observação,sem chuva,7,5,6,1,1
789,None_Existent,36.3,1.6,69.9,DARK,11.0,1017.0,71.0,5.0,sem observação,sem chuva,3,2,6,0,0
790,Very_High,41.4,83.3,71.4,LIGHT,15.0,1017.0,67.0,7.0,céu pouco nublado,sem chuva,18,4,5,0,1
791,None_Existent,39.7,0.0,88.0,DARK,16.0,1012.0,100.0,1.0,sem observação,sem chuva,4,3,7,0,0
792,Low,32.5,19.1,96.6,LIGHT,21.0,1018.0,93.0,3.0,nuvens quebradas,sem chuva,12,4,7,0,0
793,None_Existent,37.5,5.7,89.6,LIGHT,18.0,1016.0,93.0,1.0,nuvens quebradas,sem chuva,9,6,7,1,1
794,None_Existent,38.8,0.0,87.3,DARK,2.0,1031.0,88.0,0.0,céu claro,sem chuva,0,0,2,0,0
795,None_Existent,39.6,3.4,87.2,DARK,18.0,1014.0,100.0,2.0,nuvens quebradas,sem chuva,1,0,7,0,0
796,Medium,35.7,66.8,76.3,LIGHT,17.0,1022.0,72.0,5.0,céu pouco nublado,sem chuva,18,5,6,1,1
797,Low,36.4,11.2,92.0,LIGHT,9.0,1023.0,58.0,5.0,céu claro,sem chuva,10,5,2,1,0
798,High,35.5,64.0,89.4,LIGHT,27.0,1015.0,39.0,3.0,sem observação,sem chuva,11,2,7,0,0
799,None_Existent,36.8,1.5,70.0,LOW_LIGHT,16.0,1017.0,72.0,8.0,sem observação,sem chuva,20,1,6,0,0
800,None_Existent,45.6,5.0,87.5,DARK,18.0,1013.0,83.0,0.0,céu claro,sem chuva,1,3,8,0,0
801,None_Existent,35.0,6.7,73.6,DARK,14.0,1019.0,82.0,4.0,nublado,sem chuva,0,1,5,0,0
802,Medium,37.4,37.9,89.3,LIGHT,20.0,1004.0,72.0,8.0,céu claro,sem chuva,14,2,10,0,0
803,None_Existent,48.0,0.0,86.5,DARK,17.0,1020.0,88.0,0.0,céu claro,sem chuva,0,0,10,0,0
804,None_Existent,42.5,0.8,62.2,LIGHT,16.0,1021.0,63.0,3.0,sem observação,sem chuva,8,5,5,1,1
805,Low,45.9,8.1,76.1,DARK,20.0,1014.0,73.0,0.0,céu claro,sem chuva,23,0,8,0,0
806,None_Existent,43.4,1.7,85.4,DARK,17.0,1018.0,100.0,1.0,nuvens quebradas,sem chuva,3,5,8,1,0
807,Very_High,42.4,104.3,86.6,LIGHT,25.0,1016.0,48.0,5.0,céu claro,sem chuva,17,4,8,0,1
808,Low,45.6,12.3,76.4,DARK,17.0,1017.0,93.0,1.0,sem observação,sem chuva,3,3,8,0,0
809,Very_High,40.7,78.9,84.9,LIGHT,22.0,1015.0,77.0,2.0,nuvens quebradas,sem chuva,16,0,7,0,0
810,Low,39.9,15.0,75.2,LIGHT,17.0,1015.0,72.0,5.0,nuvens dispersas,sem chuva,13,1,6,0,0
811,High,42.0,41.9,81.9,DARK,11.0,1009.0,87.0,3.0,sem observação,chuva,17,2,11,0,1
812,High,41.2,32.3,83.8,LIGHT,14.0,1013.0,76.0,5.0,nuvens dispersas,sem chuva,14,4,11,0,0
813,Medium,33.2,23.1,78.2,LIGHT,23.0,1022.0,33.0,4.0,sem observação,sem chuva,11,2,5,0,0
814,Very_High,46.6,102.6,78.0,LIGHT,11.0,986.0,96.0,1.0,nuvens quebrados,sem chuva,9,0,11,0,1
815,None_Existent,40.0,0.8,80.7,DARK,16.0,1017.0,100.0,1.0,sem observação,sem chuva,5,4,7,0,0
816,None_Existent,43.3,0.0,71.3,LIGHT,15.0,1012.0,100.0,4.0,sem observação,chuva fraca,8,6,6,1,1
817,High,40.8,58.9,82.2,LIGHT,19.0,1017.0,72.0,8.0,nuvens quebrados,sem chuva,9,4,10,0,1
818,Low,40.1,2.3,68.4,DARK,14.0,1013.0,67.0,3.0,sem observação,sem chuva,0,1,6,0,0
819,High,41.3,34.0,93.6,DARK,11.0,1025.0,100.0,0.0,algumas nuvens,sem chuva,19,2,2,0,1
820,None_Existent,43.5,5.2,86.5,DARK,20.0,1015.0,60.0,6.0,céu claro,sem chuva,3,5,10,1,0
821,Very_High,48.2,88.9,64.3,LIGHT,14.0,1014.0,100.0,3.0,nuvens quebradas,sem chuva,7,4,5,0,1
822,Low,38.3,5.1,85.6,LIGHT,15.0,1014.0,44.0,9.0,algumas nuvens,sem chuva,13,5,10,1,0
823,Very_High,37.6,127.4,77.5,LIGHT,16.0,1012.0,77.0,4.0,céu pouco nublado,sem chuva,15,3,4,0,0
824,None_Existent,50.6,1.4,63.6,DARK,15.0,1018.0,100.0,3.0,nublado,sem chuva,1,3,9,0,0
825,Low,42.1,4.8,83.9,DARK,19.0,1012.0,68.0,1.0,céu claro,sem chuva,2,5,9,1,0
826,None_Existent,37.8,0.0,63.0,DARK,23.0,1020.0,49.0,2.0,sem observação,sem chuva,22,3,5,0,0
827,Medium,38.3,10.6,67.9,LIGHT,21.0,1018.0,82.0,3.0,sem observação,sem chuva,19,6,6,1,1
828,Medium,38.8,20.4,69.3,LIGHT,13.0,1017.0,100.0,4.0,sem observação,chuva fraca,12,3,11,0,0
829,Low,43.4,2.6,86.1,DARK,12.0,1003.0,87.0,1.0,sem observação,chuva fraca,22,6,11,1,0
830,Low,44.5,1.4,85.0,DARK,14.0,1018.0,100.0,3.0,sem observação,sem chuva,6,2,10,0,0
831,High,39.7,35.7,78.4,LIGHT,25.0,1014.0,65.0,2.0,nuvens dispersas,sem chuva,16,0,8,0,0
832,High,41.3,29.0,91.2,DARK,10.0,1029.0,87.0,0.0,céu claro,sem chuva,19,0,2,0,1
833,Low,38.0,8.5,64.5,DARK,15.0,1013.0,100.0,5.0,sem observação,sem chuva,1,4,5,0,0
834,None_Existent,43.3,0.0,85.7,DARK,18.0,1022.0,100.0,3.0,sem observação,sem chuva,3,4,9,0,0
835,Medium,52.5,8.3,64.4,DARK,13.0,1018.0,87.0,7.0,sem observação,chuva,7,0,11,0,1
836,None_Existent,38.1,2.1,65.4,DARK,12.0,1020.0,93.0,1.0,sem observação,chuva fraca,3,5,6,1,0
837,None_Existent,43.9,0.7,68.6,DARK,10.0,1016.0,93.0,1.0,céu limpo,sem chuva,4,1,4,0,0
838,Low,35.8,11.2,87.9,DARK,7.0,1012.0,100.0,1.0,sem observação,sem chuva,0,3,11,0,0
839,None_Existent,42.5,0.0,87.1,DARK,16.0,1015.0,93.0,0.0,nuvens quebrados,sem chuva,3,4,7,0,0
840,None_Existent,46.8,0.0,72.3,DARK,12.0,1008.0,71.0,3.0,céu limpo,sem chuva,2,2,4,0,0
841,None_Existent,41.8,0.0,77.3,LIGHT,14.0,1010.0,76.0,4.0,céu claro,sem chuva,8,5,11,1,1
842,None_Existent,36.8,18.0,94.2,DARK,19.0,1015.0,88.0,3.0,sem observação,sem chuva,1,5,7,1,0
843,None_Existent,37.8,1.3,78.6,DARK,17.0,1015.0,100.0,5.0,sem observação,sem chuva,4,1,7,0,0
844,Medium,32.1,14.4,96.1,LIGHT,15.0,1031.0,76.0,2.0,céu claro,sem chuva,14,3,2,0,0
845,Medium,44.7,24.9,80.3,LIGHT,22.0,1022.0,78.0,4.0,sem observação,sem chuva,13,2,8,0,0
846,None_Existent,46.4,0.0,87.1,DARK,16.0,1017.0,100.0,0.0,sem observação,sem chuva,4,0,9,0,0
847,None_Existent,42.1,0.0,75.0,DARK,13.0,1017.0,71.0,10.0,nuvens quebrados,sem chuva,4,3,11,0,0
848,Medium,43.4,7.7,63.2,LIGHT,10.0,1017.0,100.0,2.0,sem observação,sem chuva,6,0,6,0,0
849,None_Existent,36.8,1.5,80.2,LIGHT,14.0,1012.0,67.0,7.0,sem observação,aguaceiros fracos,13,3,4,0,0
850,High,39.0,57.7,81.4,LIGHT,16.0,1013.0,52.0,3.0,céu limpo,sem chuva,10,0,4,0,0
851,Medium,40.8,11.8,83.4,DARK,16.0,1020.0,100.0,2.0,sem observação,sem chuva,21,5,9,1,0
852,Medium,45.8,3.5,58.8,LIGHT,18.0,1018.0,41.0,5.0,sem observação,sem chuva,6,4,5,0,0
853,Low,41.4,11.6,89.1,LOW_LIGHT,18.0,1013.0,94.0,4.0,nuvens quebradas,sem chuva,6,6,8,1,0
854,Very_High,46.7,94.6,66.3,LIGHT,15.0,1015.0,77.0,5.0,nuvens dispersas,sem chuva,9,3,11,0,1
855,Medium,38.7,15.9,77.9,LIGHT,24.0,1015.0,82.0,2.0,nuvens dispersas,sem chuva,13,2,7,0,0
856,Low,35.7,11.9,62.9,DARK,16.0,1018.0,93.0,2.0,sem observação,sem chuva,3,6,6,1,0
857,Low,34.8,4.5,82.0,DARK,14.0,1020.0,100.0,4.0,nuvens quebradas,sem chuva,21,5,4,1,0
858,Medium,40.0,36.7,90.1,LIGHT,23.0,1021.0,57.0,6.0,algumas nuvens,sem chuva,15,0,9,0,0
859,Low,38.2,5.9,65.4,DARK,10.0,1012.0,93.0,2.0,sem observação,sem chuva,4,3,6,0,0
860,High,42.5,65.0,88.0,LIGHT,22.0,1021.0,78.0,6.0,sem observação,sem chuva,15,2,8,0,0
861,Medium,39.6,48.8,75.4,LIGHT,18.0,1021.0,63.0,5.0,sem observação,sem chuva,14,5,6,1,0
862,Medium,37.6,54.5,84.4,LIGHT,21.0,1015.0,53.0,4.0,céu claro,sem chuva,16,6,8,1,0
863,Low,40.4,8.1,84.6,DARK,19.0,1016.0,64.0,3.0,céu claro,sem chuva,23,4,8,0,0
864,Medium,35.8,14.8,91.3,LIGHT,28.0,1015.0,69.0,4.0,sem observação,sem chuva,13,2,7,0,0
865,Medium,43.6,39.2,86.8,DARK,18.0,1016.0,60.0,4.0,céu claro,sem chuva,23,4,10,0,0
866,Low,36.5,10.9,103.6,DARK,9.0,1029.0,76.0,3.0,céu claro,sem chuva,7,5,2,1,1
867,Medium,37.3,40.5,89.2,LIGHT,16.0,1025.0,93.0,4.0,nuvens quebrados,sem chuva,12,4,11,0,0
868,None_Existent,35.9,1.3,72.3,DARK,12.0,1005.0,87.0,1.0,nuvens quebrados,sem chuva,2,2,11,0,0
869,High,34.8,33.5,81.2,LIGHT,29.0,1019.0,37.0,5.0,sem observação,sem chuva,14,3,9,0,0
870,High,39.8,60.6,71.0,LIGHT,25.0,1019.0,60.0,4.0,sem observação,sem chuva,15,6,5,1,0
871,Low,49.2,14.4,79.6,DARK,12.0,1022.0,100.0,1.0,sem observação,sem chuva,5,0,8,0,0
872,None_Existent,43.6,0.0,82.7,DARK,11.0,1011.0,87.0,1.0,algumas nuvens,sem chuva,23,0,11,0,0
873,None_Existent,36.8,7.9,84.8,LIGHT,15.0,1015.0,93.0,2.0,sem observação,sem chuva,8,5,6,1,1
874,High,35.9,124.5,75.5,LIGHT,21.0,1018.0,68.0,7.0,sem observação,sem chuva,16,6,6,1,0
875,None_Existent,41.7,2.0,87.8,DARK,18.0,1013.0,83.0,0.0,céu claro,sem chuva,3,3,8,0,0
876,Low,41.3,10.1,77.3,DARK,17.0,1018.0,88.0,1.0,céu claro,sem chuva,20,3,9,0,0
877,Medium,52.0,8.6,64.9,DARK,13.0,1017.0,93.0,8.0,nuvens quebrados,sem chuva,7,3,1,0,1
878,High,42.7,37.4,83.8,DARK,11.0,1017.0,87.0,3.0,algumas nuvens,sem chuva,19,2,11,0,1
879,Very_High,46.1,51.5,78.8,DARK,15.0,1007.0,82.0,13.0,nuvens quebrados,sem chuva,18,1,11,0,1
880,Very_High,42.6,135.4,79.9,LIGHT,12.0,1012.0,82.0,9.0,sem observação,chuva de intensidade pesada,10,3,11,0,0
881,None_Existent,36.8,7.5,92.7,DARK,17.0,1012.0,100.0,6.0,nuvens quebradas,sem chuva,3,2,7,0,0
882,Very_High,51.2,71.4,66.9,LOW_LIGHT,3.0,1024.0,93.0,1.0,céu claro,sem chuva,8,0,1,0,1
883,High,37.6,39.6,81.3,LIGHT,25.0,1017.0,48.0,4.0,sem observação,sem chuva,10,3,8,0,0
884,None_Existent,42.8,0.0,86.2,DARK,17.0,1011.0,93.0,2.0,algumas nuvens,sem chuva,2,1,8,0,0
885,Medium,51.6,2.2,69.6,DARK,10.0,997.0,100.0,2.0,sem observação,chuva fraca,23,0,4,0,0
886,Medium,45.6,6.9,71.9,DARK,11.0,1020.0,100.0,0.0,céu pouco nublado,sem chuva,5,5,6,1,0
887,Low,33.6,9.4,82.8,DARK,18.0,1016.0,93.0,2.0,nublado,sem chuva,0,0,7,0,0
888,High,39.0,76.0,73.0,LIGHT,18.0,1020.0,77.0,8.0,céu pouco nublado,sem chuva,18,3,5,0,1
889,High,37.8,98.3,91.3,LIGHT,25.0,1020.0,69.0,5.0,sem observação,sem chuva,16,3,8,0,0
890,High,39.1,39.1,77.2,LIGHT,23.0,1011.0,49.0,5.0,sem observação,sem chuva,14,4,5,0,0
891,Low,36.5,8.5,87.7,DARK,10.0,1023.0,58.0,3.0,céu claro,sem chuva,23,3,2,0,0
892,None_Existent,40.9,2.4,87.8,DARK,15.0,1013.0,87.0,6.0,sem observação,chuva moderada,22,2,10,0,0
893,None_Existent,37.8,1.1,64.3,DARK,15.0,1019.0,34.0,5.0,sem observação,sem chuva,5,0,5,0,0
894,Medium,40.0,31.6,83.8,LIGHT,26.0,1022.0,61.0,3.0,céu claro,sem chuva,14,0,9,0,0
895,Low,36.3,11.6,84.3,LIGHT,24.0,1021.0,27.0,8.0,sem observação,sem chuva,11,6,5,1,0
896,Medium,37.6,11.3,84.4,LIGHT,18.0,1017.0,82.0,2.0,algumas nuvens,sem chuva,12,1,10,0,0
897,Low,35.0,6.9,80.9,LIGHT,24.0,1017.0,88.0,3.0,céu pouco nublado,sem chuva,12,1,7,0,0
898,None_Existent,36.9,0.0,90.5,DARK,16.0,1016.0,93.0,3.0,algumas nuvens,sem chuva,1,2,8,0,0
899,High,44.4,42.2,86.6,LIGHT,23.0,1018.0,83.0,1.0,nuvens quebradas,sem chuva,12,1,8,0,0
900,High,36.6,52.9,74.0,LIGHT,15.0,1016.0,67.0,5.0,nuvens dispersas,sem chuva,16,5,5,1,0
901,Medium,42.5,17.9,81.9,DARK,16.0,1019.0,87.0,3.0,sem observação,sem chuva,20,5,9,1,0
902,Medium,34.6,28.6,74.4,LIGHT,14.0,1018.0,87.0,6.0,algumas nuvens,sem chuva,11,3,1,0,0
903,Medium,42.6,9.3,70.0,DARK,9.0,1014.0,93.0,1.0,sem observação,sem chuva,3,0,5,0,0
904,Low,38.4,6.6,89.5,LIGHT,22.0,1011.0,64.0,4.0,algumas nuvens,sem chuva,19,0,8,0,1
905,None_Existent,46.5,0.0,85.8,DARK,11.0,1002.0,93.0,2.0,nuvens quebrados,sem chuva,1,0,11,0,0
906,Medium,42.7,30.5,79.9,LIGHT,13.0,1019.0,93.0,8.0,sem observação,chuva fraca,12,4,11,0,0
907,Low,42.8,12.8,81.6,DARK,17.0,1014.0,93.0,1.0,algumas nuvens,sem chuva,20,2,9,0,0
908,Medium,41.1,22.7,88.1,LIGHT,19.0,1022.0,88.0,1.0,nuvens dispersas,sem chuva,10,5,8,1,0
909,Very_High,48.0,41.5,67.2,LIGHT,7.0,1014.0,81.0,2.0,céu limpo,sem chuva,7,2,4,0,1
910,High,42.1,31.2,90.3,LOW_LIGHT,12.0,1007.0,71.0,3.0,nuvens dispersas,sem chuva,17,0,10,0,1
911,High,36.8,45.1,91.5,LIGHT,20.0,1017.0,68.0,5.0,algumas nuvens,sem chuva,12,1,8,0,0
912,Medium,38.0,16.1,70.0,LIGHT,12.0,1025.0,66.0,2.0,céu claro,sem chuva,13,0,1,0,0
913,Low,52.0,1.4,70.1,DARK,12.0,1018.0,100.0,5.0,sem observação,chuva leve,3,3,1,0,0
914,None_Existent,41.4,0.0,89.1,DARK,14.0,1024.0,71.0,2.0,céu claro,sem chuva,0,2,2,0,0
915,High,41.5,39.9,73.2,LIGHT,24.0,1018.0,64.0,5.0,céu pouco nublado,sem chuva,16,0,7,0,0
916,None_Existent,47.9,0.0,85.8,DARK,15.0,1022.0,100.0,1.0,sem observação,sem chuva,1,0,9,0,0
917,Medium,36.9,37.5,90.7,LIGHT,22.0,1016.0,68.0,5.0,algumas nuvens,sem chuva,15,3,7,0,0
918,High,45.5,38.0,80.6,DARK,19.0,1016.0,88.0,2.0,céu pouco nublado,sem chuva,22,0,7,0,0
919,Low,43.8,2.9,84.1,LIGHT,11.0,1028.0,87.0,2.0,sem observação,chuva fraca,9,5,3,1,1
920,Very_High,41.1,66.0,72.3,LIGHT,21.0,1018.0,68.0,2.0,céu pouco nublado,sem chuva,17,3,6,0,1
921,Low,34.3,10.5,80.1,DARK,21.0,1018.0,60.0,2.0,sem observação,sem chuva,21,5,6,1,0
922,Low,43.8,12.6,80.9,LIGHT,27.0,1013.0,45.0,4.0,céu claro,sem chuva,14,6,9,1,0
923,High,33.4,148.9,82.1,LIGHT,14.0,1032.0,76.0,3.0,nuvens dispersas,sem chuva,16,5,12,1,0
924,High,39.7,65.0,76.2,LIGHT,13.0,1014.0,76.0,3.0,sem observação,aguaceiros,16,3,4,0,0
925,None_Existent,39.3,0.0,88.7,DARK,16.0,1014.0,100.0,3.0,sem observação,sem chuva,4,4,7,0,0
926,None_Existent,39.2,1.1,68.1,DARK,15.0,1014.0,77.0,3.0,céu pouco nublado,sem chuva,21,1,6,0,0
927,None_Existent,37.0,0.0,95.4,DARK,10.0,1026.0,100.0,0.0,céu pouco nublado,sem chuva,22,5,3,1,0
928,None_Existent,40.1,0.0,84.7,DARK,17.0,1016.0,93.0,4.0,nuvens dispersas,sem chuva,0,2,8,0,0
929,Medium,42.1,20.5,85.7,LIGHT,16.0,1020.0,93.0,1.0,sem observação,sem chuva,8,6,7,1,1
930,Low,46.2,13.8,80.5,DARK,15.0,1017.0,100.0,1.0,nublado,sem chuva,3,3,9,0,0
931,None_Existent,42.1,0.0,74.9,DARK,10.0,1025.0,81.0,2.0,nuvens dispersas,sem chuva,22,6,1,1,0
932,None_Existent,41.6,0.0,75.8,DARK,12.0,1014.0,93.0,1.0,céu limpo,sem chuva,1,4,4,0,0
933,Low,41.6,7.7,88.8,LIGHT,26.0,1016.0,29.0,4.0,céu claro,sem chuva,8,0,8,0,1
934,None_Existent,39.3,0.0,70.4,DARK,11.0,1019.0,87.0,6.0,algumas nuvens,sem chuva,23,2,11,0,0
935,Very_High,39.6,91.7,68.1,LIGHT,19.0,1015.0,88.0,1.0,céu pouco nublado,sem chuva,10,2,5,0,0
936,Low,41.3,7.5,81.9,DARK,15.0,1023.0,100.0,0.0,céu claro,sem chuva,23,5,9,1,0
937,Medium,42.3,19.8,82.7,LIGHT,18.0,1024.0,42.0,8.0,céu claro,sem chuva,10,1,10,0,0
938,None_Existent,38.8,0.0,82.4,DARK,15.0,1021.0,100.0,0.0,algumas nuvens,sem chuva,3,5,9,1,0
939,None_Existent,40.8,7.7,84.9,LIGHT,23.0,1017.0,43.0,6.0,céu claro,sem chuva,9,5,8,1,1
940,None_Existent,42.1,4.5,88.7,DARK,18.0,1024.0,93.0,1.0,céu claro,sem chuva,0,4,9,0,0
941,Medium,45.5,12.3,73.7,DARK,18.0,1017.0,100.0,0.0,nuvens dispersas,sem chuva,21,1,8,0,0
942,Low,39.1,2.7,72.7,LOW_LIGHT,12.0,1018.0,100.0,2.0,sem observação,sem chuva,6,0,4,0,0
943,None_Existent,39.7,0.0,67.9,DARK,16.0,1016.0,100.0,2.0,sem observação,sem chuva,2,1,7,0,0
944,Medium,34.0,31.2,85.2,DARK,19.0,1021.0,88.0,4.0,céu claro,sem chuva,20,4,9,0,0
945,Medium,34.8,16.8,71.2,LIGHT,24.0,1019.0,56.0,7.0,sem observação,sem chuva,17,5,5,1,1
946,High,42.7,48.3,85.9,DARK,15.0,1016.0,93.0,9.0,sem observação,chuva leve,17,4,11,0,1
947,Medium,32.1,49.9,76.9,LIGHT,13.0,999.0,82.0,7.0,sem observação,aguaceiros fracos,14,2,4,0,0
948,None_Existent,44.7,0.0,85.7,DARK,16.0,1013.0,93.0,2.0,céu claro,sem chuva,5,4,9,0,0
949,None_Existent,43.9,0.0,85.1,DARK,15.0,1014.0,87.0,4.0,céu claro,sem chuva,1,4,10,0,0
950,Medium,47.6,13.4,77.1,LIGHT,27.0,1019.0,51.0,2.0,sem observação,sem chuva,12,6,9,1,0
951,None_Existent,39.1,0.0,48.1,DARK,16.0,1013.0,93.0,0.0,céu pouco nublado,sem chuva,3,0,6,0,0
952,None_Existent,43.8,0.0,86.3,DARK,17.0,1013.0,93.0,0.0,céu claro,sem chuva,5,3,8,0,0
953,Low,43.0,16.2,87.9,LIGHT,19.0,1018.0,63.0,5.0,céu claro,sem chuva,12,2,11,0,0
954,None_Existent,37.4,0.0,66.1,DARK,13.0,1011.0,72.0,4.0,sem observação,chuva fraca,4,1,6,0,0
955,Very_High,39.0,97.1,83.9,LIGHT,19.0,1018.0,77.0,6.0,sem observação,sem chuva,18,0,9,0,1
956,Low,38.0,14.4,86.9,LIGHT,24.0,1018.0,78.0,3.0,céu pouco nublado,sem chuva,11,5,7,1,0
957,High,43.7,79.4,75.5,LIGHT,26.0,1018.0,57.0,6.0,sem observação,sem chuva,17,1,8,0,1
958,None_Existent,38.4,2.4,86.8,DARK,13.0,1026.0,100.0,1.0,sem observação,sem chuva,2,5,11,1,0
959,None_Existent,43.5,0.0,86.5,DARK,12.0,1014.0,76.0,7.0,céu claro,sem chuva,3,5,10,1,0
960,High,39.1,40.8,76.6,LIGHT,19.0,1018.0,82.0,7.0,céu pouco nublado,sem chuva,17,0,4,0,1
961,Low,42.8,3.8,70.5,DARK,17.0,1016.0,93.0,3.0,céu pouco nublado,sem chuva,21,0,6,0,0
962,Low,48.4,10.3,74.8,DARK,15.0,1016.0,100.0,2.0,sem observação,sem chuva,3,6,8,1,0
963,Low,41.6,5.3,74.7,DARK,14.0,1020.0,82.0,3.0,nublado,sem chuva,23,0,5,0,0
964,Low,39.8,4.9,85.8,LIGHT,15.0,1019.0,100.0,8.0,sem observação,sem chuva,7,6,7,1,1
965,Low,40.8,15.0,87.7,DARK,13.0,1016.0,66.0,9.0,sem observação,chuva fraca,5,0,11,0,0
966,Low,47.8,1.3,67.8,DARK,13.0,1017.0,100.0,2.0,sem observação,sem chuva,4,0,5,0,0
967,None_Existent,40.5,0.0,88.3,DARK,14.0,1018.0,100.0,0.0,algumas nuvens,sem chuva,23,6,9,1,0
968,None_Existent,44.5,1.6,84.9,DARK,17.0,1020.0,77.0,4.0,céu claro,sem chuva,20,2,8,0,0
969,Medium,34.4,25.7,85.4,LIGHT,16.0,1000.0,82.0,1.0,sem observação,chuva fraca,15,6,11,1,0
970,Medium,36.1,15.8,78.6,LIGHT,11.0,1022.0,62.0,4.0,algumas nuvens,sem chuva,13,3,1,0,0
971,None_Existent,45.1,2.0,86.6,DARK,11.0,1020.0,87.0,0.0,céu claro,sem chuva,2,3,10,0,0
972,High,31.7,48.9,76.5,LIGHT,17.0,1014.0,100.0,6.0,sem observação,sem chuva,16,1,5,0,0
973,Low,37.6,14.5,84.5,LIGHT,15.0,1024.0,82.0,3.0,nuvens dispersas,sem chuva,14,4,11,0,0
974,Very_High,46.6,174.5,59.8,LIGHT,16.0,1012.0,93.0,4.0,sem observação,chuva moderada,8,1,6,0,1
975,Medium,42.9,29.0,85.6,LIGHT,22.0,1016.0,53.0,5.0,céu claro,sem chuva,15,5,8,1,0
976,Low,37.4,12.2,85.5,LIGHT,21.0,1016.0,82.0,4.0,nuvens quebrados,sem chuva,12,2,9,0,0
977,None_Existent,40.1,2.3,68.2,DARK,10.0,1020.0,93.0,2.0,sem observação,sem chuva,4,6,6,1,0
978,None_Existent,41.6,0.0,75.4,LIGHT,10.0,1012.0,76.0,1.0,céu limpo,sem chuva,8,6,3,1,1
979,None_Existent,39.7,0.0,78.2,DARK,16.0,1019.0,100.0,0.0,sem observação,sem chuva,2,6,7,1,0
980,Medium,33.1,26.6,77.5,LIGHT,21.0,1017.0,82.0,7.0,sem observação,sem chuva,18,5,6,1,1
981,Very_High,43.4,88.1,85.2,LIGHT,18.0,1016.0,100.0,5.0,sem observação,sem chuva,8,0,7,0,1
982,Medium,40.8,42.8,86.1,DARK,14.0,1020.0,87.0,4.0,nuvens quebrados,sem chuva,18,3,11,0,1
983,Medium,33.6,16.6,73.8,DARK,19.0,1018.0,68.0,2.0,sem observação,sem chuva,23,5,6,1,0
984,None_Existent,42.9,1.1,90.6,DARK,12.0,1005.0,62.0,4.0,céu claro,sem chuva,2,2,10,0,0
985,Medium,44.3,22.3,78.0,LIGHT,25.0,1016.0,50.0,6.0,sem observação,sem chuva,11,0,9,0,0
986,None_Existent,42.4,0.0,83.3,DARK,13.0,1021.0,100.0,2.0,algumas nuvens,sem chuva,6,5,9,1,0
987,Very_High,44.0,135.2,85.5,LIGHT,9.0,1000.0,93.0,0.0,sem observação,chuva moderada,9,1,10,0,1
988,Low,42.5,6.2,79.7,DARK,19.0,1014.0,88.0,2.0,nuvens dispersas,sem chuva,22,2,7,0,0
989,Very_High,41.5,57.4,77.3,LIGHT,16.0,1012.0,100.0,5.0,nuvens quebradas,sem chuva,7,2,7,0,1
990,None_Existent,43.3,0.0,70.9,LIGHT,11.0,1019.0,100.0,0.0,sem observação,sem chuva,7,6,6,1,1
991,Medium,39.4,40.6,89.5,LIGHT,19.0,1021.0,68.0,6.0,algumas nuvens,sem chuva,13,3,8,0,0
992,None_Existent,47.8,0.0,89.5,DARK,9.0,1020.0,87.0,3.0,céu claro,sem chuva,6,6,10,1,0
993,Low,42.5,3.9,62.6,DARK,14.0,1017.0,93.0,1.0,sem observação,sem chuva,3,0,5,0,0
994,None_Existent,41.6,0.0,76.1,DARK,14.0,1019.0,87.0,2.0,nublado,sem chuva,2,0,5,0,0
995,Low,42.1,3.4,75.4,DARK,20.0,1014.0,77.0,2.0,sem observação,sem chuva,21,6,9,1,0
996,None_Existent,38.2,0.0,74.3,DARK,9.0,1013.0,100.0,3.0,nuvens quebrados,sem chuva,5,4,11,0,0
997,None_Existent,44.4,1.0,82.6,DARK,10.0,1014.0,81.0,5.0,algumas nuvens,sem chuva,3,3,11,0,0
998,None_Existent,48.1,0.0,86.5,DARK,14.0,1017.0,100.0,0.0,sem observação,sem chuva,3,6,9,1,0
999,None_Existent,47.4,0.0,73.0,DARK,8.0,1023.0,100.0,3.0,nuvens quebrados,sem chuva,2,2,12,0,0
1000,Very_High,44.0,98.6,69.9,LIGHT,17.0,1021.0,77.0,1.0,nuvens quebradas,sem chuva,9,3,5,0,1
1001,None_Existent,41.9,0.0,73.5,LIGHT,12.0,1013.0,87.0,1.0,sem observação,sem chuva,7,5,5,1,1
1002,None_Existent,41.4,0.0,86.4,DARK,5.0,1030.0,80.0,0.0,céu claro,sem chuva,21,6,2,1,0
1003,None_Existent,44.3,0.0,80.9,DARK,19.0,1016.0,100.0,1.0,sem observação,sem chuva,22,0,7,0,0
1004,None_Existent,38.4,2.4,74.8,DARK,12.0,1003.0,93.0,2.0,nuvens quebrados,sem chuva,23,1,11,0,0
1005,Medium,36.1,46.2,76.1,LIGHT,12.0,1018.0,87.0,9.0,sem observação,chuva moderada,11,2,1,0,0
1006,Low,38.8,7.7,78.9,DARK,14.0,1014.0,87.0,2.0,céu limpo,sem chuva,21,3,4,0,0
1007,None_Existent,43.4,0.0,89.0,DARK,10.0,1016.0,76.0,1.0,céu claro,sem chuva,5,4,10,0,0
1008,Medium,47.5,6.7,76.5,DARK,18.0,1015.0,100.0,1.0,sem observação,sem chuva,0,1,8,0,0
1009,Low,35.1,11.1,77.7,DARK,13.0,1021.0,87.0,1.0,sem observação,sem chuva,0,6,6,1,0
1010,Low,34.0,17.8,79.2,LIGHT,20.0,1019.0,59.0,5.0,sem observação,sem chuva,12,4,5,0,0
1011,Low,36.9,9.6,78.1,DARK,13.0,1014.0,72.0,5.0,céu claro,sem chuva,0,3,11,0,0
1012,Low,47.7,8.7,84.7,DARK,16.0,1017.0,100.0,1.0,sem observação,sem chuva,4,5,8,1,0
1013,Low,40.9,3.7,86.0,DARK,9.0,1024.0,87.0,1.0,céu claro,sem chuva,22,0,1,0,0
1014,High,41.1,48.9,93.9,LIGHT,5.0,1030.0,75.0,2.0,céu claro,sem chuva,10,1,2,0,0
1015,High,39.0,42.8,91.0,LIGHT,20.0,1021.0,73.0,3.0,sem observação,sem chuva,11,3,8,0,0
1016,Low,40.8,11.1,83.1,LIGHT,26.0,1021.0,35.0,6.0,céu claro,sem chuva,13,1,10,0,0
1017,High,42.4,65.0,86.1,LIGHT,14.0,1020.0,100.0,1.0,sem observação,sem chuva,8,3,9,0,1
1018,Medium,34.9,31.0,105.8,DARK,14.0,1027.0,54.0,3.0,céu claro,sem chuva,21,4,2,0,0
1019,Medium,47.4,18.9,74.4,LIGHT,13.0,1024.0,93.0,5.0,nuvens quebrados,sem chuva,12,0,1,0,0
1020,Medium,40.6,63.0,84.3,LIGHT,18.0,1009.0,94.0,9.0,sem observação,chuva fraca,11,5,9,1,0
1021,Low,39.7,2.6,69.6,DARK,7.0,1020.0,87.0,1.0,céu claro,sem chuva,1,5,1,1,0
1022,High,43.8,32.3,86.3,LIGHT,20.0,1016.0,72.0,4.0,céu claro,sem chuva,19,4,7,0,1
1023,Medium,35.7,28.7,68.0,LIGHT,21.0,1018.0,31.0,4.0,sem observação,sem chuva,11,1,5,0,0
1024,Low,37.3,4.0,87.8,LIGHT,19.0,1018.0,72.0,3.0,tempo nublado,sem chuva,7,0,7,0,1
1025,Medium,37.1,44.7,90.1,LIGHT,18.0,1020.0,77.0,1.0,sem observação,sem chuva,11,3,9,0,0
1026,Medium,34.2,44.7,74.5,LIGHT,18.0,1018.0,82.0,4.0,nuvens quebradas,sem chuva,14,4,5,0,0
1027,None_Existent,38.1,0.0,85.2,DARK,17.0,1017.0,93.0,3.0,sem observação,sem chuva,22,2,8,0,0
1028,None_Existent,40.6,2.6,66.8,LOW_LIGHT,16.0,1021.0,59.0,4.0,sem observação,sem chuva,20,6,6,1,0
1029,None_Existent,43.8,0.0,87.1,DARK,9.0,1020.0,76.0,5.0,céu claro,sem chuva,5,2,11,0,0
1030,None_Existent,37.7,1.0,74.4,DARK,8.0,1019.0,93.0,1.0,nuvens quebrados,sem chuva,22,4,1,0,0
1031,Low,40.8,17.3,82.4,LIGHT,29.0,1017.0,28.0,6.0,céu claro,sem chuva,11,6,8,1,0
1032,Low,39.5,12.7,70.6,DARK,11.0,1014.0,93.0,5.0,sem observação,chuva moderada,2,5,11,1,0
1033,Very_High,40.8,64.8,85.3,LIGHT,13.0,1019.0,87.0,8.0,sem observação,sem chuva,11,4,11,0,0
1034,Medium,35.6,31.4,80.2,LOW_LIGHT,18.0,1016.0,68.0,3.0,céu pouco nublado,sem chuva,19,4,4,0,1
1035,Medium,37.4,46.7,91.6,LIGHT,18.0,1010.0,82.0,4.0,algumas nuvens,sem chuva,11,3,10,0,0
1036,Low,49.4,1.7,78.7,DARK,13.0,1002.0,100.0,2.0,sem observação,chuva moderada,22,0,11,0,0
1037,Very_High,39.3,141.3,77.9,LIGHT,14.0,1012.0,93.0,4.0,nuvens quebradas,sem chuva,9,2,5,0,1
1038,Very_High,50.1,121.0,72.4,LIGHT,11.0,1017.0,100.0,1.0,céu pouco nublado,sem chuva,7,0,6,0,1
1039,None_Existent,47.8,0.0,71.7,LOW_LIGHT,7.0,1015.0,93.0,5.0,nuvens quebrados,sem chuva,8,5,1,1,1
1040,High,34.2,57.7,95.1,LIGHT,29.0,1018.0,26.0,3.0,céu claro,sem chuva,15,1,9,0,0
1041,High,33.4,51.5,82.1,LIGHT,17.0,1020.0,67.0,4.0,céu pouco nublado,sem chuva,14,0,5,0,0
1042,Medium,33.8,36.6,78.8,LIGHT,15.0,1015.0,71.0,5.0,sem observação,sem chuva,18,6,5,1,1
1043,None_Existent,43.1,0.0,71.3,DARK,15.0,1019.0,34.0,4.0,sem observação,sem chuva,4,0,5,0,0
1044,Low,41.1,4.4,72.8,DARK,19.0,1021.0,100.0,4.0,sem observação,sem chuva,22,2,8,0,0
1045,Low,38.3,5.4,86.2,LIGHT,18.0,1015.0,64.0,4.0,céu claro,sem chuva,9,5,10,1,1
1046,High,39.1,49.6,73.0,LIGHT,18.0,1013.0,67.0,5.0,céu pouco nublado,sem chuva,16,3,6,0,0
1047,None_Existent,41.4,0.0,88.6,DARK,11.0,1020.0,87.0,1.0,sem observação,chuva fraca,3,0,3,0,0
1048,Medium,37.3,37.7,92.7,LIGHT,19.0,1022.0,83.0,2.0,céu claro,sem chuva,11,4,9,0,0
1049,Medium,35.2,11.7,80.6,DARK,12.0,1020.0,82.0,4.0,nuvens dispersas,sem chuva,19,2,4,0,1
1050,None_Existent,41.9,0.0,76.0,DARK,12.0,1030.0,93.0,1.0,nuvens quebrados,sem chuva,3,4,12,0,0
1051,Medium,38.1,26.0,87.4,LIGHT,15.0,1018.0,72.0,2.0,algumas nuvens,sem chuva,16,0,11,0,0
1052,High,42.0,50.7,82.5,LIGHT,17.0,1015.0,100.0,7.0,sem observação,sem chuva,8,4,7,0,1
1053,Medium,32.4,33.7,80.6,LIGHT,14.0,1031.0,87.0,3.0,tempo nublado,sem chuva,14,4,12,0,0
1054,Low,40.4,7.7,84.6,DARK,19.0,1017.0,82.0,2.0,céu claro,sem chuva,20,4,8,0,0
1055,Very_High,44.5,74.0,79.4,DARK,11.0,1009.0,76.0,4.0,algumas nuvens,sem chuva,18,2,11,0,1
1056,Medium,40.3,18.9,88.4,DARK,18.0,1017.0,93.0,3.0,nuvens dispersas,sem chuva,21,5,9,1,0
1057,High,39.7,45.9,85.4,LIGHT,20.0,1022.0,60.0,5.0,céu claro,sem chuva,11,4,8,0,0
1058,Low,41.7,4.7,84.8,DARK,15.0,1012.0,100.0,10.0,sem observação,chuva fraca,0,5,11,1,0
1059,Low,44.6,5.7,71.6,DARK,19.0,1018.0,77.0,3.0,sem observação,sem chuva,3,6,9,1,0
1060,High,32.5,39.5,92.4,LIGHT,24.0,1013.0,77.0,6.0,sem observação,sem chuva,14,2,7,0,0
1061,None_Existent,44.9,0.0,84.0,DARK,6.0,1023.0,100.0,1.0,sem observação,sem chuva,2,1,11,0,0
1062,None_Existent,46.1,3.4,86.8,DARK,15.0,1020.0,100.0,4.0,céu pouco nublado,sem chuva,3,6,8,1,0
1063,High,34.1,70.7,101.2,LIGHT,18.0,1023.0,63.0,3.0,céu claro,sem chuva,16,3,2,0,0
1064,Very_High,44.3,98.4,83.0,LIGHT,27.0,1017.0,27.0,4.0,sem observação,sem chuva,18,3,9,0,1
1065,Medium,36.8,37.5,84.5,LIGHT,18.0,1013.0,82.0,3.0,nuvens dispersas,sem chuva,14,6,6,1,0
1066,Medium,37.4,24.8,76.7,LIGHT,30.0,1020.0,36.0,4.0,sem observação,sem chuva,14,4,5,0,0
1067,High,42.0,45.6,84.8,LIGHT,10.0,1024.0,81.0,2.0,algumas nuvens,sem chuva,10,1,11,0,0
1068,None_Existent,41.5,3.5,88.4,LIGHT,24.0,1013.0,50.0,5.0,céu claro,sem chuva,9,6,9,1,1
1069,Medium,38.3,35.7,87.3,DARK,10.0,1024.0,100.0,0.0,sem observação,sem chuva,20,3,2,0,0
1070,Medium,39.5,62.0,88.3,LIGHT,21.0,1022.0,83.0,3.0,sem observação,sem chuva,12,2,8,0,0
1071,High,42.1,61.4,69.8,LIGHT,19.0,1020.0,77.0,7.0,céu pouco nublado,sem chuva,17,3,5,0,1
1072,None_Existent,42.4,0.0,74.8,DARK,13.0,1013.0,72.0,4.0,céu claro,sem chuva,2,3,11,0,0
1073,None_Existent,39.8,0.0,67.6,LIGHT,11.0,1020.0,93.0,2.0,sem observação,sem chuva,7,6,6,1,1
1074,Low,35.2,7.5,60.9,LIGHT,16.0,1016.0,100.0,2.0,sem observação,sem chuva,6,5,6,1,0
1075,None_Existent,45.4,6.2,97.9,DARK,14.0,1028.0,67.0,2.0,céu claro,sem chuva,22,4,2,0,0
1076,None_Existent,43.3,0.0,72.0,DARK,15.0,1012.0,100.0,4.0,tempo nublado,sem chuva,21,5,11,1,0
1077,None_Existent,43.1,0.0,71.3,DARK,19.0,1020.0,40.0,1.0,sem observação,sem chuva,0,0,5,0,0
1078,None_Existent,39.4,0.0,70.7,DARK,18.0,1000.0,63.0,3.0,céu claro,sem chuva,6,6,11,1,0
1079,Very_High,44.5,93.6,90.0,LIGHT,7.0,1026.0,100.0,3.0,sem observação,sem chuva,9,3,2,0,1
1080,None_Existent,41.1,0.0,89.7,DARK,13.0,1016.0,100.0,0.0,sem observação,sem chuva,4,0,9,0,0
1081,High,40.3,52.3,90.3,LIGHT,22.0,1015.0,77.0,3.0,céu pouco nublado,sem chuva,16,6,7,1,0
1082,Low,39.6,11.4,89.1,LIGHT,13.0,1010.0,47.0,9.0,algumas nuvens,sem chuva,13,6,10,1,0
1083,None_Existent,48.3,0.0,76.2,DARK,12.0,1023.0,81.0,3.0,sem observação,sem chuva,4,2,9,0,0
1084,Medium,39.4,19.8,90.4,LIGHT,25.0,1014.0,51.0,4.0,céu claro,sem chuva,16,2,8,0,0
1085,None_Existent,35.2,2.8,71.7,DARK,14.0,1015.0,93.0,3.0,céu pouco nublado,sem chuva,21,2,5,0,0
1086,Low,38.1,7.0,81.9,LIGHT,15.0,1019.0,100.0,1.0,sem observação,sem chuva,8,4,8,0,1
1087,High,43.0,77.9,72.3,LIGHT,16.0,1017.0,67.0,8.0,céu pouco nublado,sem chuva,16,4,5,0,0
1088,High,40.3,69.7,88.4,LIGHT,27.0,1014.0,65.0,2.0,céu claro,sem chuva,10,3,8,0,0
1089,High,40.4,31.8,87.4,LIGHT,26.0,1019.0,42.0,3.0,algumas nuvens,sem chuva,16,1,9,0,0
1090,None_Existent,45.8,0.0,90.1,DARK,19.0,1015.0,100.0,1.0,sem observação,sem chuva,3,0,8,0,0
1091,Low,40.3,11.3,64.7,LIGHT,18.0,1016.0,77.0,2.0,céu pouco nublado,sem chuva,13,0,6,0,0
1092,None_Existent,41.5,0.0,75.5,DARK,9.0,1006.0,76.0,3.0,sem observação,aguaceiros fracos,5,3,4,0,0
1093,Medium,37.3,42.2,90.3,LIGHT,18.0,1016.0,93.0,2.0,sem observação,sem chuva,18,2,8,0,1
1094,None_Existent,36.8,5.4,93.5,LOW_LIGHT,23.0,1015.0,69.0,4.0,sem observação,sem chuva,20,1,7,0,0
1095,Low,48.1,7.1,78.8,DARK,17.0,1014.0,93.0,1.0,céu pouco nublado,sem chuva,2,0,8,0,0
1096,Low,40.6,11.0,86.7,LIGHT,18.0,1021.0,77.0,2.0,céu claro,sem chuva,9,5,8,1,1
1097,Low,41.1,11.9,80.0,LIGHT,15.0,1017.0,67.0,1.0,algumas nuvens,sem chuva,13,0,11,0,0
1098,None_Existent,42.8,3.3,84.5,DARK,17.0,1022.0,100.0,0.0,algumas nuvens,sem chuva,1,5,9,1,0
1099,Very_High,40.0,119.6,91.6,LIGHT,19.0,1016.0,100.0,1.0,sem observação,aguaceiros fracos,15,3,7,0,0
1100,Low,36.4,20.3,97.6,LIGHT,26.0,1018.0,88.0,3.0,céu pouco nublado,sem chuva,12,0,7,0,0
1101,Medium,32.1,32.8,76.0,LIGHT,11.0,999.0,87.0,1.0,sem observação,chuva fraca,11,1,4,0,0
1102,Low,38.0,19.2,91.0,LIGHT,16.0,1005.0,100.0,5.0,sem observação,chuva leve,13,0,10,0,0
1103,Medium,35.5,21.4,75.1,LIGHT,13.0,1016.0,76.0,2.0,nuvens dispersas,sem chuva,10,5,5,1,0
1104,None_Existent,41.1,0.0,89.6,DARK,4.0,1030.0,87.0,1.0,céu claro,sem chuva,4,1,2,0,0
1105,Medium,35.4,31.1,79.1,LIGHT,28.0,1020.0,19.0,6.0,céu claro,sem chuva,12,1,9,0,0
1106,None_Existent,47.1,0.0,72.6,DARK,11.0,1017.0,87.0,0.0,céu limpo,sem chuva,1,1,4,0,0
1107,None_Existent,47.7,0.0,71.6,DARK,2.0,1021.0,86.0,0.0,céu claro,sem chuva,6,4,1,0,0
1108,Medium,40.7,28.4,87.4,LIGHT,20.0,1022.0,72.0,2.0,céu pouco nublado,sem chuva,12,5,9,1,0
1109,Medium,42.5,60.3,84.7,LIGHT,24.0,998.0,59.0,2.0,céu claro,sem chuva,15,1,8,0,0
1110,None_Existent,36.8,0.9,66.0,DARK,14.0,1019.0,100.0,3.0,sem observação,chuva fraca,1,6,4,1,0
1111,High,42.0,37.5,78.2,LIGHT,26.0,1018.0,57.0,4.0,sem observação,sem chuva,12,2,8,0,0
1112,None_Existent,47.4,0.0,72.7,DARK,11.0,1014.0,93.0,5.0,sem observação,chuva moderada,1,5,11,1,0
1113,High,40.2,48.1,72.7,DARK,14.0,1023.0,82.0,1.0,algumas nuvens,sem chuva,17,4,11,0,1
1114,None_Existent,42.0,0.0,76.0,DARK,6.0,1023.0,100.0,0.0,nuvens quebrados,sem chuva,1,1,1,0,0
1115,None_Existent,44.5,1.9,82.6,DARK,18.0,1018.0,100.0,2.0,nuvens quebrados,sem chuva,23,6,8,1,0
1116,High,43.1,31.6,63.4,LOW_LIGHT,26.0,1018.0,50.0,1.0,sem observação,sem chuva,20,4,5,0,0
1117,Low,39.7,9.6,72.9,LIGHT,20.0,1017.0,77.0,2.0,nuvens quebradas,sem chuva,13,2,6,0,0
1118,Medium,37.1,20.7,99.1,LIGHT,17.0,1023.0,55.0,3.0,céu claro,sem chuva,12,3,2,0,0
1119,High,39.5,42.1,83.3,LIGHT,12.0,1019.0,76.0,7.0,nuvens dispersas,sem chuva,17,1,1,0,1
1120,Low,37.5,5.8,66.6,DARK,12.0,1014.0,81.0,1.0,céu limpo,sem chuva,1,6,3,1,0
1121,Medium,40.4,17.6,87.4,LIGHT,16.0,1017.0,59.0,0.0,céu claro,sem chuva,10,4,10,0,0
1122,Low,46.3,0.8,60.6,DARK,15.0,1013.0,100.0,6.0,sem observação,chuva fraca,2,4,5,0,0
1123,None_Existent,38.8,5.4,77.7,LIGHT,15.0,1024.0,87.0,6.0,nuvens quebrados,sem chuva,11,6,12,1,0
1124,None_Existent,44.3,2.0,87.8,DARK,15.0,1019.0,93.0,3.0,céu claro,sem chuva,5,3,8,0,0
1125,High,40.3,40.5,71.5,LIGHT,14.0,986.0,82.0,0.0,nuvens quebrados,sem chuva,15,0,11,0,0
1126,Low,36.2,7.7,75.5,DARK,13.0,1028.0,71.0,4.0,sem observação,sem chuva,20,4,4,0,0
1127,High,39.0,54.5,73.5,LIGHT,18.0,1014.0,68.0,5.0,céu pouco nublado,sem chuva,17,1,6,0,1
1128,High,38.3,134.1,84.9,LIGHT,21.0,1014.0,82.0,3.0,céu pouco nublado,sem chuva,15,6,8,1,0
1129,Low,41.5,13.4,74.8,DARK,7.0,1033.0,100.0,1.0,céu claro,sem chuva,0,6,12,1,0
1130,High,40.4,83.0,84.2,LIGHT,18.0,1021.0,88.0,2.0,nuvens dispersas,sem chuva,18,2,9,0,1
1131,High,40.8,99.4,82.4,LOW_LIGHT,23.0,1024.0,73.0,3.0,céu claro,sem chuva,18,3,9,0,1
1132,Medium,42.7,23.7,83.8,LIGHT,17.0,1012.0,88.0,7.0,nuvens quebrados,sem chuva,13,5,11,1,0
1133,High,41.8,53.0,74.5,LIGHT,22.0,1010.0,52.0,7.0,sem observação,sem chuva,17,4,5,0,1
1134,Low,41.5,7.2,82.4,LIGHT,22.0,1017.0,73.0,2.0,algumas nuvens,sem chuva,10,5,7,1,0
1135,None_Existent,43.1,0.0,77.2,DARK,22.0,1023.0,83.0,2.0,céu claro,sem chuva,21,2,9,0,0
1136,None_Existent,36.5,0.0,64.5,DARK,11.0,1014.0,82.0,1.0,sem observação,sem chuva,5,6,5,1,0
1137,None_Existent,46.5,2.8,88.7,DARK,17.0,1021.0,100.0,1.0,sem observação,sem chuva,4,4,9,0,0
1138,Medium,36.8,35.6,91.7,LIGHT,26.0,1015.0,30.0,2.0,céu claro,sem chuva,10,1,8,0,0
1139,Very_High,42.8,60.0,85.7,LIGHT,16.0,1011.0,52.0,6.0,céu claro,sem chuva,9,1,10,0,1
1140,Very_High,46.1,63.9,88.5,DARK,13.0,1030.0,87.0,1.0,algumas nuvens,sem chuva,19,2,2,0,1
1141,Medium,35.5,14.6,81.0,LIGHT,21.0,1013.0,56.0,3.0,céu pouco nublado,sem chuva,12,6,4,1,0
1142,Medium,37.1,26.5,92.9,LIGHT,18.0,1016.0,100.0,5.0,sem observação,sem chuva,10,0,7,0,0
1143,Medium,34.9,29.4,80.5,LIGHT,18.0,1019.0,100.0,3.0,sem observação,sem chuva,11,0,4,0,0
1144,None_Existent,46.2,0.0,85.7,DARK,11.0,997.0,93.0,3.0,sem observação,chuva moderada,6,1,10,0,0
1145,None_Existent,39.2,0.0,69.2,LIGHT,7.0,1028.0,93.0,2.0,sem observação,sem chuva,7,5,4,1,1
1146,None_Existent,41.8,0.0,76.0,DARK,12.0,1011.0,77.0,4.0,céu claro,sem chuva,3,5,11,1,0
1147,Medium,39.3,23.5,91.4,LIGHT,12.0,1021.0,71.0,3.0,algumas nuvens,sem chuva,12,6,1,1,0
1148,Low,37.6,14.3,87.4,LIGHT,17.0,1012.0,93.0,1.0,sem observação,sem chuva,9,1,9,0,1
1149,Medium,37.2,23.8,77.9,LIGHT,15.0,1022.0,100.0,1.0,sem observação,sem chuva,10,5,9,1,0
1150,High,37.5,102.2,94.5,DARK,13.0,1029.0,71.0,1.0,céu claro,sem chuva,20,5,2,1,0
1151,High,40.4,40.8,75.9,LIGHT,12.0,1001.0,82.0,2.0,sem observação,chuva moderada,11,1,11,0,0
1152,Low,38.2,6.6,80.3,LIGHT,23.0,1019.0,72.0,2.0,sem observação,sem chuva,13,6,6,1,0
1153,Low,38.2,7.0,66.0,DARK,12.0,1015.0,93.0,5.0,sem observação,chuva fraca,4,2,6,0,0
1154,High,42.4,114.0,86.6,LIGHT,14.0,1015.0,93.0,2.0,sem observação,sem chuva,9,4,10,0,1
1155,Medium,41.8,18.4,85.9,LIGHT,20.0,1012.0,77.0,3.0,sem observação,sem chuva,15,0,9,0,0
1156,None_Existent,45.9,1.3,72.7,DARK,21.0,1017.0,64.0,3.0,sem observação,sem chuva,20,2,9,0,0
1157,Low,38.9,11.5,90.7,DARK,18.0,1020.0,93.0,2.0,céu claro,sem chuva,20,2,9,0,0
1158,None_Existent,45.0,0.0,67.3,DARK,8.0,1020.0,100.0,0.0,céu claro,sem chuva,23,4,1,0,0
1159,Low,46.9,1.3,83.1,DARK,5.0,1028.0,100.0,1.0,sem observação,sem chuva,2,2,2,0,0
1160,High,42.0,65.9,87.4,LIGHT,23.0,1018.0,53.0,2.0,céu claro,sem chuva,15,3,10,0,0
1161,Low,46.4,13.5,80.4,DARK,17.0,1021.0,77.0,4.0,sem observação,sem chuva,21,1,8,0,0
1162,None_Existent,44.4,0.0,79.8,DARK,13.0,1020.0,93.0,0.0,sem observação,sem chuva,22,5,11,1,0
1163,Low,42.4,10.3,78.6,DARK,21.0,1018.0,45.0,3.0,sem observação,sem chuva,0,5,9,1,0
1164,None_Existent,39.0,0.0,76.0,DARK,16.0,1018.0,93.0,2.0,nuvens dispersas,sem chuva,22,3,6,0,0
1165,None_Existent,37.2,0.0,86.3,LIGHT,13.0,1017.0,100.0,0.0,algumas nuvens,sem chuva,8,5,8,1,1
1166,None_Existent,34.5,4.9,68.9,DARK,12.0,1013.0,87.0,2.0,sem observação,sem chuva,1,4,6,0,0
1167,Medium,42.7,23.7,80.4,LIGHT,25.0,1019.0,60.0,4.0,sem observação,sem chuva,13,1,8,0,0
1168,Low,40.4,12.0,87.4,DARK,18.0,1015.0,77.0,0.0,céu claro,sem chuva,22,4,8,0,0
1169,None_Existent,37.5,2.2,65.0,DARK,17.0,1017.0,100.0,4.0,sem observação,sem chuva,0,1,7,0,0
1170,Medium,34.8,25.7,83.1,LIGHT,13.0,1003.0,93.0,1.0,nuvens quebrados,sem chuva,11,0,11,0,0
1171,Medium,37.3,56.0,88.2,LOW_LIGHT,14.0,1020.0,87.0,4.0,nuvens quebrados,sem chuva,17,3,11,0,1
1172,Low,40.6,6.2,84.0,DARK,15.0,1021.0,93.0,0.0,céu claro,sem chuva,23,4,8,0,0
1173,Low,36.1,6.6,75.6,DARK,15.0,1015.0,87.0,3.0,sem observação,sem chuva,21,1,4,0,0
1174,Medium,39.8,11.6,77.7,DARK,13.0,1018.0,93.0,6.0,nuvens quebrados,sem chuva,21,2,1,0,0
1175,None_Existent,40.4,1.9,88.3,DARK,16.0,1020.0,87.0,4.0,céu claro,sem chuva,21,2,8,0,0
1176,Low,41.3,20.2,84.4,LIGHT,17.0,1015.0,100.0,4.0,sem observação,sem chuva,10,1,8,0,0
1177,Medium,41.3,23.1,81.5,LIGHT,13.0,1019.0,100.0,2.0,sem observação,sem chuva,7,1,8,0,1
1178,Low,40.7,14.3,85.5,DARK,17.0,1018.0,100.0,1.0,sem observação,sem chuva,2,5,8,1,0
1179,Low,44.6,1.1,68.1,DARK,10.0,1020.0,100.0,6.0,sem observação,chuva moderada,4,6,1,1,0
1180,High,38.1,67.7,87.4,LIGHT,20.0,1017.0,72.0,6.0,sem observação,sem chuva,18,6,8,1,1
1181,None_Existent,40.2,0.0,66.3,DARK,14.0,1021.0,93.0,6.0,sem observação,sem chuva,23,3,5,0,0
1182,None_Existent,38.2,2.6,72.7,DARK,11.0,1021.0,93.0,0.0,céu pouco nublado,sem chuva,0,3,4,0,0
1183,Medium,42.2,42.2,89.4,DARK,15.0,1017.0,77.0,0.0,nuvens quebrados,sem chuva,19,3,10,0,1
1184,Medium,35.6,32.6,77.5,LIGHT,16.0,1013.0,82.0,4.0,nuvens dispersas,sem chuva,14,0,4,0,0
1185,High,42.4,53.7,86.1,DARK,10.0,1004.0,87.0,2.0,algumas nuvens,sem chuva,19,1,10,0,1
1186,Medium,39.7,27.6,88.7,LIGHT,32.0,1013.0,41.0,3.0,céu claro,sem chuva,17,3,8,0,1
1187,Medium,34.2,46.4,83.1,LIGHT,23.0,1014.0,49.0,5.0,céu limpo,sem chuva,18,5,4,1,1
1188,Low,38.2,6.8,78.6,LIGHT,23.0,1017.0,60.0,4.0,sem observação,sem chuva,12,3,7,0,0
1189,None_Existent,48.1,2.5,76.3,DARK,14.0,1017.0,100.0,3.0,sem observação,sem chuva,5,0,9,0,0
1190,Very_High,46.8,98.5,63.1,LIGHT,13.0,1014.0,82.0,4.0,nuvens quebradas,sem chuva,7,3,5,0,1
1191,None_Existent,40.1,0.0,68.2,DARK,17.0,1017.0,93.0,2.0,sem observação,sem chuva,23,0,7,0,0
1192,Low,49.5,5.9,73.4,DARK,18.0,1020.0,88.0,5.0,céu pouco nublado,sem chuva,20,0,9,0,0
1193,None_Existent,39.2,0.0,90.1,DARK,12.0,1022.0,93.0,4.0,nuvens quebrados,sem chuva,6,5,2,1,0
1194,Medium,42.8,25.4,82.0,LIGHT,22.0,1014.0,40.0,3.0,céu claro,sem chuva,15,0,10,0,0
1195,Very_High,47.1,56.0,72.1,LOW_LIGHT,11.0,993.0,81.0,6.0,sem observação,chuva moderada,8,4,2,0,1
1196,Low,46.5,18.3,81.9,DARK,5.0,1024.0,100.0,3.0,sem observação,sem chuva,2,4,2,0,0
1197,Medium,37.7,47.1,76.9,LIGHT,19.0,1021.0,63.0,3.0,sem observação,sem chuva,14,6,6,1,0
1198,Medium,38.6,14.2,77.7,LIGHT,10.0,1012.0,100.0,7.0,sem observação,chuva leve,14,2,1,0,0
1199,Medium,37.5,23.8,87.8,LIGHT,22.0,1021.0,69.0,2.0,céu claro,sem chuva,11,2,9,0,0
1200,None_Existent,42.4,2.1,86.1,DARK,15.0,1020.0,53.0,5.0,céu claro,sem chuva,5,2,10,0,0
1201,Medium,40.4,25.9,82.7,LIGHT,25.0,1022.0,20.0,5.0,céu claro,sem chuva,12,1,10,0,0
1202,None_Existent,37.5,0.0,65.1,DARK,17.0,1015.0,88.0,2.0,nuvens quebradas,sem chuva,1,1,6,0,0
1203,Medium,41.5,4.6,82.6,DARK,16.0,1017.0,88.0,1.0,sem observação,sem chuva,6,0,9,0,0
1204,Medium,38.7,28.0,88.4,LIGHT,19.0,1014.0,88.0,3.0,nuvens quebradas,sem chuva,12,4,9,0,0
1205,None_Existent,40.8,0.0,83.4,LIGHT,20.0,1019.0,64.0,2.0,céu claro,sem chuva,9,6,10,1,1
1206,Low,34.9,13.4,77.4,LIGHT,23.0,1015.0,88.0,1.0,céu pouco nublado,sem chuva,12,1,7,0,0
1207,Medium,39.0,16.8,77.9,LIGHT,14.0,1016.0,93.0,1.0,nuvens quebrados,sem chuva,16,3,11,0,0
1208,None_Existent,48.6,0.0,77.2,DARK,13.0,1021.0,100.0,5.0,sem observação,sem chuva,5,5,9,1,0
1209,Low,41.9,3.3,75.1,DARK,8.0,1020.0,100.0,1.0,sem observação,sem chuva,23,2,1,0,0
1210,Low,35.6,5.7,65.5,LOW_LIGHT,25.0,1020.0,53.0,4.0,sem observação,sem chuva,20,2,5,0,0
1211,Medium,35.6,20.4,81.8,LIGHT,19.0,1021.0,77.0,5.0,nuvens quebradas,sem chuva,13,3,5,0,0
1212,Low,44.4,3.0,74.7,DARK,19.0,1015.0,93.0,1.0,sem observação,sem chuva,3,2,7,0,0
1213,Medium,40.0,26.0,89.7,LIGHT,22.0,1013.0,68.0,1.0,céu claro,sem chuva,10,0,8,0,0
1214,Medium,37.8,41.9,79.7,LIGHT,13.0,1008.0,100.0,3.0,sem observação,sem chuva,17,5,1,1,1
1215,Low,36.5,5.3,62.4,LIGHT,10.0,1019.0,100.0,5.0,sem observação,sem chuva,6,6,6,1,0
1216,None_Existent,41.4,0.0,86.4,DARK,8.0,1025.0,100.0,2.0,sem observação,sem chuva,0,4,2,0,0
1217,Very_High,47.6,94.1,66.9,LIGHT,8.0,996.0,87.0,1.0,sem observação,aguaceiros fracos,7,1,4,0,1
1218,Very_High,44.5,113.2,81.3,LOW_LIGHT,8.0,1019.0,87.0,2.0,sem observação,sem chuva,7,3,10,0,1
1219,Medium,40.0,24.5,88.8,LIGHT,22.0,1013.0,61.0,3.0,céu claro,sem chuva,14,0,8,0,0
1220,Low,50.5,6.5,78.8,DARK,10.0,1015.0,87.0,2.0,céu claro,sem chuva,6,4,11,0,0
1221,Medium,43.8,24.9,86.3,LIGHT,21.0,1019.0,64.0,4.0,céu claro,sem chuva,17,5,8,1,1
1222,None_Existent,41.6,0.0,84.8,DARK,13.0,1006.0,100.0,4.0,nuvens quebrados,sem chuva,1,3,1,0,0
1223,Medium,39.3,35.9,79.8,LIGHT,18.0,1022.0,82.0,2.0,nuvens quebradas,sem chuva,11,2,9,0,0
1224,Medium,35.7,20.2,84.5,LIGHT,22.0,1017.0,83.0,2.0,céu pouco nublado,sem chuva,11,1,7,0,0
1225,None_Existent,39.1,0.0,91.6,DARK,8.0,1026.0,66.0,4.0,céu claro,sem chuva,2,3,2,0,0
1226,None_Existent,42.4,0.0,84.0,DARK,17.0,1014.0,100.0,1.0,nuvens dispersas,sem chuva,3,2,7,0,0
1227,None_Existent,37.9,1.5,64.1,DARK,15.0,1017.0,77.0,7.0,sem observação,sem chuva,21,1,6,0,0
1228,Medium,40.8,31.3,81.1,LIGHT,13.0,1023.0,62.0,7.0,nuvens dispersas,sem chuva,15,6,1,1,0
1229,None_Existent,44.4,0.0,81.9,DARK,14.0,1016.0,93.0,0.0,céu claro,sem chuva,21,4,10,0,0
1230,Very_High,48.1,88.9,84.2,LIGHT,12.0,1019.0,100.0,1.0,sem observação,sem chuva,7,0,10,0,1
1231,Medium,34.6,27.3,86.3,LIGHT,18.0,1014.0,52.0,1.0,sem observação,sem chuva,10,5,5,1,0
1232,None_Existent,44.3,0.0,83.6,LOW_LIGHT,15.0,1017.0,100.0,0.0,sem observação,sem chuva,6,6,8,1,0
1233,Low,41.4,12.3,87.3,LIGHT,21.0,1017.0,60.0,2.0,céu claro,sem chuva,12,5,8,1,0
1234,Medium,41.9,45.2,83.4,LIGHT,26.0,1019.0,30.0,5.0,sem observação,sem chuva,11,1,9,0,0
1235,Medium,34.4,37.5,91.6,LIGHT,16.0,1018.0,93.0,2.0,sem observação,sem chuva,11,4,9,0,0
1236,Medium,38.4,31.0,82.4,LIGHT,16.0,1016.0,67.0,1.0,algumas nuvens,sem chuva,12,2,11,0,0
1237,Medium,40.8,52.4,74.6,LIGHT,7.0,1022.0,87.0,3.0,sem observação,chuva fraca,12,4,1,0,0
1238,Low,47.7,1.7,73.1,DARK,9.0,1023.0,93.0,1.0,céu claro,sem chuva,1,2,12,0,0
1239,Medium,46.3,11.1,79.3,DARK,19.0,1013.0,100.0,4.0,sem observação,chuva fraca,2,4,8,0,0
1240,Medium,37.9,23.4,85.3,LIGHT,15.0,1024.0,63.0,3.0,céu claro,sem chuva,12,1,11,0,0
1241,High,43.6,34.9,71.6,LIGHT,17.0,1012.0,100.0,7.0,sem observação,chuva fraca,18,1,6,0,1
1242,None_Existent,37.7,0.0,64.9,DARK,10.0,1021.0,93.0,5.0,sem observação,sem chuva,3,0,6,0,0
1243,High,40.4,40.7,85.8,LIGHT,24.0,1016.0,73.0,3.0,céu pouco nublado,sem chuva,14,1,8,0,0
1244,Low,48.5,9.2,78.4,DARK,18.0,1017.0,88.0,1.0,sem observação,sem chuva,2,2,8,0,0
1245,Low,39.3,10.9,81.5,LIGHT,17.0,1018.0,100.0,1.0,sem observação,sem chuva,9,5,8,1,1
1246,Medium,36.2,40.5,90.8,LIGHT,16.0,1016.0,100.0,1.0,sem observação,sem chuva,10,2,9,0,0
1247,None_Existent,42.4,1.5,82.9,DARK,16.0,1022.0,93.0,0.0,céu claro,sem chuva,22,6,9,1,0
1248,None_Existent,42.1,0.7,87.0,DARK,17.0,1016.0,100.0,2.0,sem observação,sem chuva,6,3,8,0,0
1249,None_Existent,36.9,4.0,95.6,DARK,11.0,1026.0,62.0,2.0,céu claro,sem chuva,1,1,2,0,0
1250,None_Existent,45.5,1.5,86.2,DARK,15.0,1022.0,100.0,2.0,sem observação,sem chuva,3,0,9,0,0
1251,None_Existent,44.8,1.5,89.5,DARK,19.0,1019.0,82.0,2.0,tempo nublado,sem chuva,3,0,7,0,0
1252,Low,35.3,11.0,85.1,LIGHT,19.0,1014.0,68.0,3.0,céu claro,sem chuva,19,6,8,1,1
1253,Low,46.1,1.1,91.3,DARK,15.0,1021.0,50.0,4.0,céu claro,sem chuva,4,2,10,0,0
1254,None_Existent,42.9,0.0,77.1,DARK,11.0,1023.0,93.0,5.0,sem observação,sem chuva,6,2,9,0,0
1255,None_Existent,38.1,2.4,64.6,LIGHT,15.0,1021.0,87.0,2.0,sem observação,sem chuva,7,6,5,1,1
1256,None_Existent,41.1,1.8,83.3,DARK,17.0,1017.0,88.0,3.0,céu claro,sem chuva,21,0,8,0,0
1257,Medium,43.1,27.8,83.8,LIGHT,29.0,1014.0,48.0,4.0,céu claro,sem chuva,14,3,8,0,0
1258,Medium,40.9,31.4,90.4,LIGHT,22.0,1008.0,46.0,3.0,céu claro,sem chuva,15,1,10,0,0
1259,Low,39.8,3.2,91.5,LIGHT,17.0,1013.0,100.0,0.0,céu claro,sem chuva,7,3,8,0,1
1260,High,41.5,24.4,81.9,LIGHT,20.0,1017.0,36.0,6.0,sem observação,sem chuva,7,1,9,0,1
1261,None_Existent,39.7,1.6,85.4,LIGHT,19.0,1015.0,94.0,0.0,céu claro,sem chuva,6,6,8,1,0
1262,Low,37.3,16.0,86.1,LIGHT,29.0,1019.0,39.0,3.0,sem observação,sem chuva,13,1,9,0,0
1263,Medium,39.4,6.5,60.4,LIGHT,13.0,1019.0,100.0,1.0,sem observação,sem chuva,6,4,6,0,0
1264,Low,45.1,4.8,65.0,DARK,13.0,1020.0,93.0,4.0,céu pouco nublado,sem chuva,1,4,5,0,0
1265,Low,44.7,4.4,79.9,DARK,16.0,1016.0,100.0,0.0,nublado,sem chuva,0,4,9,0,0
1266,None_Existent,42.6,0.0,84.0,LIGHT,7.0,1011.0,70.0,6.0,céu claro,sem chuva,9,6,10,1,1
1267,Medium,34.1,23.3,85.5,LIGHT,10.0,1021.0,87.0,2.0,céu claro,sem chuva,11,4,1,0,0
1268,None_Existent,40.9,11.5,87.0,DARK,9.0,1013.0,70.0,4.0,algumas nuvens,sem chuva,0,0,10,0,0
1269,Medium,43.8,11.7,67.5,DARK,13.0,1003.0,100.0,1.0,nuvens dispersas,sem chuva,20,0,11,0,0
1270,Low,45.6,15.1,85.6,DARK,14.0,1017.0,100.0,1.0,sem observação,sem chuva,6,0,8,0,0
1271,Very_High,40.1,70.6,82.1,DARK,12.0,1029.0,93.0,3.0,nuvens quebradas,sem chuva,20,3,2,0,0
1272,High,43.4,53.3,87.4,DARK,18.0,1004.0,77.0,5.0,céu claro,sem chuva,18,2,10,0,1
1273,Low,33.2,17.0,83.1,LIGHT,18.0,1018.0,39.0,1.0,céu limpo,sem chuva,11,5,3,1,0
1274,Medium,39.8,38.4,83.4,LIGHT,20.0,1019.0,82.0,4.0,céu pouco nublado,sem chuva,15,0,9,0,0
1275,None_Existent,41.8,0.0,84.3,DARK,6.0,1017.0,100.0,1.0,nuvens dispersas,sem chuva,4,2,1,0,0
1276,Low,46.2,9.1,82.8,LIGHT,10.0,1022.0,81.0,3.0,algumas nuvens,sem chuva,10,6,1,1,0
1277,None_Existent,43.1,3.1,91.7,DARK,18.0,1015.0,100.0,3.0,sem observação,sem chuva,22,4,7,0,0
1278,Medium,34.9,38.1,97.5,LIGHT,13.0,1023.0,71.0,5.0,nuvens quebrados,sem chuva,15,4,2,0,0
1279,Low,38.4,8.8,79.2,DARK,18.0,1020.0,88.0,4.0,sem observação,sem chuva,21,3,8,0,0
1280,None_Existent,38.9,3.3,92.8,DARK,10.0,1024.0,81.0,1.0,céu claro,sem chuva,22,4,2,0,0
1281,None_Existent,40.6,1.7,81.4,DARK,12.0,1016.0,93.0,3.0,nuvens quebrados,sem chuva,4,6,11,1,0
1282,High,37.4,98.2,89.8,LIGHT,14.0,1012.0,54.0,8.0,algumas nuvens,sem chuva,15,5,10,1,0
1283,Low,41.1,15.3,79.5,DARK,18.0,1021.0,93.0,1.0,céu pouco nublado,sem chuva,19,2,9,0,1
1284,None_Existent,41.9,1.5,63.2,DARK,10.0,1020.0,93.0,0.0,céu limpo,sem chuva,1,5,4,1,0
1285,None_Existent,42.7,0.0,71.0,LIGHT,8.0,1022.0,93.0,1.0,sem observação,sem chuva,6,5,6,1,0
1286,Medium,37.3,17.4,98.0,LIGHT,10.0,1027.0,93.0,3.0,nuvens dispersas,sem chuva,11,3,2,0,0
1287,Medium,40.1,30.1,94.3,LIGHT,22.0,1018.0,33.0,6.0,sem observação,sem chuva,11,5,9,1,0
1288,Low,36.6,10.3,68.3,DARK,9.0,1021.0,100.0,1.0,céu pouco nublado,sem chuva,2,3,4,0,0
1289,Low,33.3,21.4,105.3,LIGHT,19.0,1029.0,35.0,4.0,céu claro,sem chuva,12,6,2,1,0
1290,Medium,36.8,25.5,86.9,LIGHT,8.0,1027.0,81.0,2.0,céu claro,sem chuva,11,2,2,0,0
1291,None_Existent,39.3,0.9,68.9,DARK,13.0,1015.0,93.0,9.0,sem observação,sem chuva,1,2,5,0,0
1292,Very_High,46.8,96.9,63.3,LIGHT,13.0,1017.0,82.0,3.0,sem observação,sem chuva,7,1,6,0,1
1293,None_Existent,45.8,2.4,78.2,DARK,15.0,1020.0,100.0,2.0,nuvens quebradas,sem chuva,0,1,9,0,0
1294,None_Existent,32.0,5.7,84.3,DARK,19.0,1014.0,93.0,1.0,sem observação,sem chuva,0,4,7,0,0
1295,Medium,33.1,41.5,91.0,LIGHT,23.0,1015.0,77.0,4.0,nuvens dispersas,sem chuva,14,3,7,0,0
1296,None_Existent,38.0,6.6,76.2,DARK,12.0,1030.0,93.0,1.0,nuvens quebrados,sem chuva,4,4,12,0,0
1297,High,38.4,94.0,91.5,LIGHT,22.0,1015.0,77.0,4.0,céu pouco nublado,sem chuva,15,6,7,1,0
1298,High,42.8,55.7,82.8,LIGHT,29.0,1014.0,51.0,6.0,sem observação,sem chuva,17,2,7,0,1
1299,None_Existent,48.1,0.0,74.8,DARK,9.0,1022.0,100.0,1.0,céu claro,sem chuva,21,0,11,0,0
1300,Medium,38.0,15.6,89.1,DARK,8.0,1029.0,87.0,1.0,céu claro,sem chuva,22,1,2,0,0
1301,None_Existent,40.1,0.0,68.0,DARK,14.0,1019.0,93.0,1.0,sem observação,sem chuva,23,6,6,1,0
1302,High,41.9,49.3,74.5,LIGHT,14.0,1021.0,76.0,6.0,céu pouco nublado,sem chuva,17,3,4,0,1
1303,Low,43.3,18.2,86.6,LIGHT,19.0,1021.0,68.0,6.0,céu claro,sem chuva,9,3,8,0,1
1304,None_Existent,45.5,1.7,84.3,DARK,13.0,1016.0,100.0,1.0,céu claro,sem chuva,22,4,10,0,0
1305,None_Existent,46.1,0.0,79.4,DARK,12.0,1021.0,71.0,5.0,céu claro,sem chuva,1,6,10,1,0
1306,None_Existent,44.0,0.0,85.5,DARK,15.0,1020.0,82.0,2.0,céu claro,sem chuva,6,0,10,0,0
1307,Low,35.1,8.9,83.5,LIGHT,20.0,1014.0,94.0,4.0,nuvens quebradas,sem chuva,9,5,7,1,1
1308,Medium,47.8,2.1,71.1,DARK,10.0,985.0,97.0,0.0,tempo nublado,sem chuva,3,0,11,0,0
1309,Very_High,45.4,78.9,75.3,DARK,12.0,1014.0,82.0,5.0,nuvens dispersas,sem chuva,18,4,11,0,1
1310,None_Existent,45.4,7.7,83.1,LOW_LIGHT,8.0,1018.0,93.0,3.0,algumas nuvens,sem chuva,8,6,1,1,1
1311,None_Existent,39.2,3.1,86.0,DARK,15.0,1014.0,87.0,1.0,algumas nuvens,sem chuva,20,4,10,0,0
1312,Low,34.4,4.4,67.7,LIGHT,19.0,1018.0,93.0,4.0,nuvens quebradas,sem chuva,10,5,6,1,0
1313,Low,40.0,11.2,88.5,LOW_LIGHT,16.0,1021.0,100.0,1.0,sem observação,sem chuva,6,5,8,1,0
1314,Medium,30.9,31.6,77.7,LIGHT,14.0,1021.0,77.0,3.0,sem observação,sem chuva,12,1,12,0,0
1315,None_Existent,35.4,4.1,73.5,DARK,9.0,1013.0,81.0,1.0,nuvens dispersas,sem chuva,3,4,11,0,0
1316,High,40.6,32.1,83.5,LIGHT,13.0,1018.0,87.0,1.0,nuvens quebradas,sem chuva,10,1,4,0,0
1317,Low,39.2,3.6,70.6,DARK,9.0,997.0,100.0,1.0,sem observação,chuva moderada,0,1,4,0,0
1318,Low,37.9,13.1,65.3,DARK,10.0,1019.0,100.0,5.0,sem observação,sem chuva,4,6,6,1,0
1319,None_Existent,46.2,1.6,74.0,DARK,18.0,1020.0,93.0,2.0,nublado,sem chuva,23,6,9,1,0
1320,None_Existent,43.0,0.0,86.9,DARK,18.0,1014.0,64.0,1.0,céu claro,sem chuva,3,1,8,0,0
1321,None_Existent,38.4,4.8,89.5,DARK,15.0,1019.0,100.0,0.0,céu claro,sem chuva,22,6,9,1,0
1322,None_Existent,39.8,0.0,86.9,DARK,17.0,1015.0,100.0,0.0,nublado,sem chuva,3,0,7,0,0
1323,None_Existent,42.3,0.0,76.0,DARK,8.0,1031.0,100.0,0.0,sem observação,sem chuva,6,5,12,1,0
1324,Low,36.0,13.3,94.9,DARK,12.0,1028.0,93.0,1.0,nuvens quebradas,sem chuva,21,4,3,0,0
1325,Medium,47.8,10.2,99.4,DARK,6.0,1030.0,93.0,1.0,céu claro,sem chuva,23,0,2,0,0
1326,Very_High,42.9,67.0,87.9,LIGHT,14.0,1021.0,100.0,1.0,sem observação,sem chuva,9,0,10,0,1
1327,Medium,42.8,23.4,82.0,LIGHT,28.0,1020.0,17.0,5.0,céu claro,sem chuva,14,1,10,0,0
1328,Low,44.4,1.8,88.3,DARK,5.0,1031.0,100.0,0.0,algumas nuvens,sem chuva,7,3,2,0,1
1329,Medium,33.1,15.9,76.9,LIGHT,17.0,1002.0,77.0,4.0,nuvens quebradas,sem chuva,13,0,4,0,0
1330,Medium,41.7,13.3,83.1,LIGHT,24.0,1017.0,94.0,2.0,nuvens quebradas,sem chuva,13,1,7,0,0
1331,None_Existent,41.6,0.0,77.3,DARK,7.0,1032.0,100.0,0.0,nuvens quebrados,sem chuva,7,6,12,1,1
1332,None_Existent,39.5,0.0,69.8,DARK,17.0,1002.0,67.0,3.0,céu claro,sem chuva,2,6,11,1,0
1333,High,40.1,35.7,79.6,LIGHT,23.0,1011.0,53.0,7.0,sem observação,sem chuva,15,4,5,0,0
1334,Very_High,46.3,94.5,60.2,LIGHT,12.0,1016.0,100.0,1.0,nuvens dispersas,sem chuva,7,2,6,0,1
1335,Medium,34.9,22.6,77.7,LIGHT,18.0,1021.0,55.0,3.0,sem observação,sem chuva,13,6,6,1,0
1336,Low,46.9,1.2,72.4,DARK,11.0,1006.0,93.0,2.0,nuvens quebrados,sem chuva,3,2,11,0,0
1337,Medium,31.8,40.9,99.6,LIGHT,15.0,1021.0,82.0,8.0,nuvens quebradas,sem chuva,15,6,3,1,0
1338,Medium,34.7,22.5,85.4,LIGHT,13.0,1026.0,76.0,2.0,algumas nuvens,sem chuva,14,2,2,0,0
1339,High,32.2,42.8,80.6,LIGHT,15.0,1019.0,76.0,7.0,céu pouco nublado,sem chuva,15,2,4,0,0
1340,Low,45.6,18.9,85.7,LIGHT,28.0,1021.0,45.0,5.0,sem observação,sem chuva,12,5,9,1,0
1341,None_Existent,41.8,6.9,88.6,DARK,20.0,1014.0,88.0,1.0,céu claro,sem chuva,3,4,8,0,0
1342,High,39.6,65.0,87.8,LIGHT,21.0,1020.0,69.0,3.0,céu claro,sem chuva,18,0,9,0,1
1343,High,38.8,35.1,75.9,DARK,11.0,1022.0,100.0,3.0,algumas nuvens,sem chuva,19,1,12,0,1
1344,None_Existent,42.5,0.0,72.3,DARK,13.0,1015.0,87.0,1.0,céu pouco nublado,sem chuva,1,2,6,0,0
1345,None_Existent,44.3,2.1,70.1,DARK,16.0,1020.0,93.0,5.0,nuvens dispersas,sem chuva,22,0,9,0,0
1346,None_Existent,44.7,0.0,87.8,DARK,17.0,1019.0,55.0,2.0,céu claro,sem chuva,4,2,9,0,0
1347,Very_High,42.7,104.0,65.7,LIGHT,20.0,1018.0,82.0,3.0,nuvens quebradas,sem chuva,11,3,6,0,0
1348,None_Existent,44.8,0.0,68.2,DARK,5.0,1025.0,100.0,1.0,algumas nuvens,sem chuva,1,1,1,0,0
1349,Low,32.7,8.4,76.9,DARK,12.0,1032.0,100.0,1.0,sem observação,sem chuva,22,4,12,0,0
1350,Medium,43.8,6.5,88.5,DARK,15.0,1021.0,93.0,0.0,céu claro,sem chuva,22,4,8,0,0
1351,None_Existent,42.3,6.3,88.8,DARK,5.0,1030.0,100.0,0.0,céu claro,sem chuva,1,1,2,0,0
1352,None_Existent,40.0,1.9,85.4,LOW_LIGHT,19.0,1016.0,93.0,1.0,sem observação,sem chuva,20,0,7,0,0
1353,Low,35.6,15.1,73.6,LIGHT,23.0,1019.0,64.0,8.0,sem observação,sem chuva,18,5,5,1,1
1354,Very_High,45.6,147.7,69.4,LIGHT,14.0,1015.0,77.0,1.0,céu pouco nublado,sem chuva,9,0,5,0,1
1355,None_Existent,45.7,0.0,88.3,DARK,12.0,1004.0,55.0,4.0,céu claro,sem chuva,3,2,10,0,0
1356,None_Existent,41.7,4.1,89.8,DARK,17.0,1022.0,100.0,3.0,nuvens dispersas,sem chuva,0,3,9,0,0
1357,Very_High,42.8,80.5,70.8,LIGHT,26.0,1015.0,25.0,2.0,sem observação,sem chuva,17,1,5,0,1
1358,High,44.4,52.2,69.7,LIGHT,8.0,1022.0,100.0,0.0,céu limpo,sem chuva,7,3,4,0,1
1359,Low,35.6,11.6,62.8,DARK,13.0,1019.0,100.0,1.0,sem observação,sem chuva,5,4,6,0,0
1360,Medium,43.4,15.9,82.2,LOW_LIGHT,28.0,1015.0,48.0,4.0,sem observação,sem chuva,19,0,9,0,1
1361,None_Existent,38.4,5.2,86.7,DARK,15.0,1018.0,71.0,0.0,céu claro,sem chuva,21,3,10,0,0
1362,Low,41.0,11.2,82.6,LIGHT,19.0,1017.0,93.0,1.0,nuvens quebrados,sem chuva,19,6,8,1,1
1363,None_Existent,40.0,0.0,67.8,DARK,14.0,1015.0,93.0,3.0,sem observação,chuva fraca,5,1,6,0,0
1364,Medium,43.4,49.0,80.2,LIGHT,27.0,1018.0,54.0,4.0,céu pouco nublado,sem chuva,15,6,9,1,0
1365,Medium,40.0,24.3,76.4,DARK,14.0,1003.0,87.0,0.0,algumas nuvens,sem chuva,17,0,11,0,1
1366,None_Existent,41.1,5.0,80.2,DARK,15.0,1017.0,100.0,2.0,sem observação,sem chuva,3,6,9,1,0
1367,Low,47.3,1.8,83.2,DARK,5.0,1024.0,100.0,3.0,sem observação,sem chuva,4,4,2,0,0
1368,Low,43.3,10.6,79.1,DARK,13.0,1018.0,93.0,7.0,sem observação,sem chuva,4,1,8,0,0
1369,None_Existent,40.8,6.9,83.7,DARK,20.0,1013.0,60.0,2.0,céu claro,sem chuva,20,3,9,0,0
1370,High,38.6,144.3,84.8,LIGHT,25.0,1019.0,83.0,6.0,sem observação,sem chuva,15,4,8,0,0
1371,Medium,51.6,3.2,69.7,DARK,8.0,999.0,93.0,6.0,sem observação,chuva moderada,2,2,4,0,0
1372,Low,42.0,0.6,79.0,DARK,9.0,1022.0,81.0,4.0,céu claro,sem chuva,0,2,11,0,0
1373,High,42.3,52.4,82.3,LIGHT,19.0,1019.0,53.0,8.0,céu claro,sem chuva,9,1,9,0,1
1374,Medium,40.0,20.9,83.8,LIGHT,29.0,1014.0,42.0,2.0,céu claro,sem chuva,13,1,8,0,0
1375,Low,46.5,1.1,84.1,DARK,17.0,1016.0,49.0,4.0,céu claro,sem chuva,5,5,10,1,0
1376,High,38.8,46.0,73.7,LIGHT,22.0,1018.0,77.0,3.0,céu pouco nublado,sem chuva,16,3,6,0,0
1377,Low,44.2,1.5,77.8,LOW_LIGHT,15.0,1023.0,100.0,2.0,sem observação,sem chuva,7,4,11,0,1
1378,Low,37.1,14.8,89.0,LIGHT,21.0,1017.0,94.0,0.0,nuvens quebradas,sem chuva,12,1,7,0,0
1379,Medium,38.9,35.4,94.6,LIGHT,19.0,1017.0,45.0,5.0,céu claro,sem chuva,10,0,10,0,0
1380,Medium,35.4,54.1,80.5,DARK,18.0,1020.0,82.0,5.0,sem observação,sem chuva,22,5,5,1,0
1381,None_Existent,40.3,3.3,67.9,DARK,11.0,1022.0,93.0,5.0,sem observação,sem chuva,1,0,6,0,0
1382,Low,42.4,15.7,86.1,LIGHT,20.0,1020.0,30.0,2.0,céu claro,sem chuva,13,6,10,1,0
1383,Very_High,43.3,179.9,69.8,LIGHT,20.0,1016.0,77.0,6.0,sem observação,sem chuva,18,1,5,0,1
1384,Low,38.5,5.9,70.7,LOW_LIGHT,16.0,1014.0,72.0,4.0,céu pouco nublado,sem chuva,20,1,6,0,0
1385,None_Existent,46.1,0.0,81.9,LOW_LIGHT,12.0,1012.0,87.0,4.0,sem observação,chuva,7,6,10,1,1
1386,None_Existent,37.3,6.1,82.5,DARK,19.0,1013.0,93.0,14.0,sem observação,sem chuva,22,1,7,0,0
1387,Low,47.2,3.5,81.4,DARK,7.0,1009.0,75.0,3.0,céu claro,sem chuva,1,6,10,1,0
1388,None_Existent,50.1,0.0,77.8,DARK,18.0,1016.0,40.0,6.0,sem observação,sem chuva,6,6,9,1,0
1389,Medium,40.4,26.4,87.4,LOW_LIGHT,15.0,1018.0,100.0,2.0,sem observação,sem chuva,18,6,9,1,1
1390,Low,35.6,14.9,95.3,LIGHT,21.0,1015.0,82.0,4.0,sem observação,sem chuva,9,5,7,1,1
1391,Medium,36.5,34.0,79.5,LIGHT,18.0,1016.0,63.0,3.0,céu claro,sem chuva,16,2,11,0,0
1392,Very_High,43.5,120.7,87.4,LIGHT,13.0,1011.0,100.0,3.0,algumas nuvens,sem chuva,8,3,10,0,1
1393,Very_High,46.1,76.4,75.5,LIGHT,13.0,1019.0,76.0,7.0,nuvens quebrados,sem chuva,8,0,11,0,1
1394,Medium,34.2,32.4,92.5,LIGHT,18.0,1020.0,34.0,2.0,céu claro,sem chuva,12,6,10,1,0
1395,High,42.7,61.7,83.2,LIGHT,25.0,1016.0,78.0,6.0,sem observação,sem chuva,17,3,7,0,1
1396,Low,41.4,3.1,87.0,DARK,15.0,1023.0,100.0,3.0,sem observação,sem chuva,6,4,11,0,0
1397,None_Existent,44.9,1.6,68.4,DARK,7.0,1014.0,87.0,3.0,céu limpo,sem chuva,6,2,4,0,0
1398,Medium,37.8,25.7,82.4,LIGHT,13.0,1018.0,67.0,5.0,nuvens dispersas,sem chuva,16,0,2,0,0
1399,Medium,32.1,55.2,86.4,LIGHT,14.0,1032.0,76.0,1.0,céu claro,sem chuva,13,5,12,1,0
1400,High,46.2,26.2,85.1,DARK,13.0,1025.0,82.0,2.0,céu claro,sem chuva,19,3,2,0,1
1401,None_Existent,42.0,0.0,76.8,DARK,9.0,1023.0,87.0,2.0,céu claro,sem chuva,23,1,12,0,0
1402,None_Existent,37.8,1.1,63.2,DARK,14.0,1017.0,87.0,3.0,nuvens dispersas,sem chuva,3,1,6,0,0
1403,None_Existent,44.8,0.0,82.8,DARK,13.0,1013.0,72.0,3.0,nuvens dispersas,sem chuva,23,6,10,1,0
1404,None_Existent,40.4,0.0,89.8,DARK,14.0,1021.0,100.0,1.0,céu claro,sem chuva,6,0,9,0,0
1405,Low,39.6,4.7,79.1,DARK,17.0,1017.0,67.0,0.0,céu claro,sem chuva,20,3,10,0,0
1406,Low,34.2,7.8,82.2,LOW_LIGHT,12.0,1016.0,76.0,4.0,nuvens quebradas,sem chuva,19,3,4,0,1
1407,Low,41.1,3.0,85.6,DARK,11.0,1028.0,100.0,0.0,sem observação,sem chuva,5,5,3,1,0
1408,None_Existent,44.5,0.0,85.0,DARK,15.0,1022.0,38.0,3.0,céu claro,sem chuva,3,1,10,0,0
1409,Low,40.7,5.3,61.9,DARK,18.0,1018.0,82.0,0.0,sem observação,sem chuva,1,5,6,1,0
1410,None_Existent,38.4,13.0,83.7,DARK,19.0,1018.0,88.0,2.0,céu claro,sem chuva,19,6,9,1,1
1411,None_Existent,42.5,0.0,62.9,DARK,11.0,1016.0,93.0,2.0,céu pouco nublado,sem chuva,1,1,5,0,0
1412,None_Existent,43.8,8.6,86.3,DARK,18.0,1016.0,93.0,5.0,tempo nublado,sem chuva,3,1,8,0,0
1413,Low,36.8,16.2,84.6,LIGHT,15.0,1021.0,72.0,2.0,céu pouco nublado,sem chuva,10,6,6,1,0
1414,Low,34.3,15.6,89.2,LIGHT,19.0,1015.0,100.0,1.0,sem observação,sem chuva,19,2,7,0,1
1415,Low,46.3,13.0,88.7,DARK,17.0,1018.0,82.0,5.0,sem observação,sem chuva,21,6,8,1,0
1416,Low,35.2,10.5,98.6,LIGHT,14.0,1023.0,67.0,5.0,algumas nuvens,sem chuva,14,6,2,1,0
1417,None_Existent,42.0,0.0,75.6,DARK,11.0,1021.0,100.0,3.0,sem observação,sem chuva,4,4,11,0,0
1418,Medium,38.7,49.9,87.7,LIGHT,18.0,1014.0,88.0,3.0,nuvens quebradas,sem chuva,11,4,9,0,0
1419,High,40.0,59.0,75.6,LIGHT,20.0,1010.0,60.0,7.0,sem observação,chuva fraca,18,4,5,0,1
1420,Low,43.7,11.7,75.5,LOW_LIGHT,28.0,1018.0,50.0,3.0,sem observação,sem chuva,19,1,9,0,1
1421,None_Existent,40.1,1.3,67.4,DARK,16.0,1018.0,93.0,2.0,sem observação,sem chuva,23,6,5,1,0
1422,High,40.6,63.1,85.0,LIGHT,21.0,1015.0,78.0,1.0,nuvens quebradas,sem chuva,18,0,7,0,1
1423,Medium,36.3,36.8,81.0,DARK,14.0,1021.0,82.0,2.0,sem observação,sem chuva,23,5,6,1,0
1424,Medium,41.7,18.6,80.9,LIGHT,22.0,1018.0,57.0,3.0,céu claro,sem chuva,14,3,8,0,0
1425,None_Existent,47.1,0.0,68.5,DARK,17.0,1019.0,93.0,2.0,sem observação,sem chuva,22,2,8,0,0
1426,Medium,41.5,13.0,70.7,LOW_LIGHT,19.0,1017.0,93.0,1.0,nuvens dispersas,sem chuva,20,3,7,0,0
1427,Medium,40.4,42.3,87.9,LIGHT,20.0,1020.0,68.0,6.0,céu claro,sem chuva,15,2,8,0,0
1428,Very_High,44.0,163.3,85.5,LIGHT,16.0,1008.0,100.0,4.0,sem observação,chuva fraca,8,3,10,0,1
1429,High,41.9,37.9,93.4,DARK,12.0,1020.0,81.0,1.0,nuvens dispersas,sem chuva,19,0,3,0,1
1430,Medium,33.8,28.6,70.3,LIGHT,18.0,1018.0,88.0,2.0,céu pouco nublado,sem chuva,11,2,5,0,0
1431,None_Existent,48.5,0.0,80.1,DARK,15.0,1020.0,100.0,0.0,sem observação,sem chuva,23,6,9,1,0
1432,None_Existent,45.5,1.4,81.8,DARK,16.0,1018.0,93.0,7.0,nublado,sem chuva,4,1,9,0,0
1433,None_Existent,42.3,2.7,88.7,DARK,11.0,1023.0,100.0,4.0,sem observação,chuva fraca,3,5,2,1,0
1434,Low,33.9,16.8,79.6,LIGHT,19.0,1022.0,46.0,3.0,sem observação,sem chuva,10,5,5,1,0
1435,Low,40.4,3.2,83.7,DARK,16.0,1017.0,100.0,2.0,sem observação,sem chuva,22,4,9,0,0
1436,Low,38.5,9.8,83.3,LIGHT,12.0,1013.0,87.0,5.0,sem observação,chuva fraca,8,5,11,1,1
1437,None_Existent,40.5,7.6,85.3,LIGHT,25.0,1017.0,69.0,1.0,céu claro,sem chuva,8,5,8,1,1
1438,Medium,47.1,2.6,84.0,DARK,11.0,1025.0,62.0,5.0,algumas nuvens,sem chuva,7,2,2,0,1
1439,Very_High,46.1,89.0,85.7,LIGHT,21.0,1013.0,60.0,2.0,céu claro,sem chuva,17,4,10,0,1
1440,High,44.2,20.9,87.8,LIGHT,15.0,1020.0,93.0,1.0,sem observação,sem chuva,7,2,9,0,1
1441,High,35.2,53.7,78.5,LIGHT,13.0,1020.0,82.0,6.0,céu pouco nublado,sem chuva,18,2,4,0,1
1442,High,41.5,57.3,81.3,LIGHT,28.0,1018.0,57.0,4.0,sem observação,sem chuva,16,2,9,0,0
1443,None_Existent,42.0,0.0,73.6,LIGHT,10.0,1019.0,87.0,2.0,céu limpo,sem chuva,7,5,4,1,1
1444,None_Existent,42.8,1.7,86.2,DARK,14.0,1020.0,93.0,0.0,céu claro,sem chuva,5,0,10,0,0
1445,None_Existent,37.9,2.0,64.8,DARK,13.0,1013.0,82.0,3.0,sem observação,sem chuva,1,1,6,0,0
1446,Medium,37.1,26.5,92.5,LIGHT,26.0,1016.0,61.0,2.0,céu claro,sem chuva,9,4,8,0,1
1447,High,42.3,49.8,84.3,LIGHT,14.0,1016.0,100.0,10.0,sem observação,chuva leve,15,4,11,0,0
1448,Medium,41.2,21.1,82.5,DARK,15.0,1015.0,93.0,8.0,nuvens quebrados,sem chuva,20,4,11,0,0
1449,High,38.0,171.2,88.5,LIGHT,18.0,1009.0,68.0,5.0,céu pouco nublado,sem chuva,17,6,4,1,1
1450,Low,44.4,17.5,89.8,LIGHT,16.0,1018.0,100.0,1.0,sem observação,sem chuva,7,5,8,1,1
1451,None_Existent,36.5,0.0,69.3,LIGHT,14.0,1020.0,87.0,0.0,sem observação,sem chuva,6,6,5,1,0
1452,High,46.7,29.5,76.1,DARK,13.0,1003.0,93.0,0.0,algumas nuvens,sem chuva,19,0,11,0,1
1453,Low,45.9,5.3,80.9,DARK,15.0,1010.0,100.0,8.0,sem observação,chuva fraca,4,5,11,1,0
1454,High,42.1,33.8,83.4,LIGHT,15.0,1017.0,100.0,0.0,sem observação,sem chuva,9,0,9,0,1
1455,None_Existent,38.0,1.4,64.2,DARK,16.0,1015.0,72.0,3.0,sem observação,sem chuva,0,2,5,0,0
1456,Low,35.3,12.5,92.5,DARK,11.0,1018.0,81.0,2.0,nuvens dispersas,sem chuva,20,1,1,0,0
1457,Medium,41.0,25.4,78.3,DARK,9.0,1019.0,93.0,1.0,sem observação,sem chuva,19,1,1,0,1
1458,None_Existent,45.8,0.0,86.6,LIGHT,13.0,1024.0,100.0,0.0,nuvens quebrados,sem chuva,8,5,11,1,1
1459,Low,50.5,2.8,73.8,DARK,19.0,1014.0,93.0,1.0,sem observação,sem chuva,3,3,7,0,0
1460,None_Existent,39.7,0.0,87.1,LOW_LIGHT,20.0,1015.0,88.0,3.0,sem observação,sem chuva,20,0,7,0,0
1461,High,42.0,43.3,73.3,LIGHT,18.0,1015.0,67.0,3.0,sem observação,sem chuva,17,0,5,0,1
1462,None_Existent,44.5,0.0,85.0,DARK,22.0,1016.0,31.0,3.0,céu claro,sem chuva,4,0,8,0,0
1463,Medium,42.2,17.7,84.7,DARK,19.0,1019.0,100.0,4.0,nuvens dispersas,sem chuva,20,4,8,0,0
1464,Medium,37.9,24.3,86.3,DARK,18.0,1007.0,55.0,1.0,céu claro,sem chuva,19,1,10,0,1
1465,None_Existent,39.2,0.0,71.2,DARK,7.0,1025.0,100.0,3.0,algumas nuvens,sem chuva,2,5,12,1,0
1466,None_Existent,45.7,0.0,78.1,DARK,15.0,1018.0,93.0,1.0,sem observação,sem chuva,5,2,9,0,0
1467,High,34.4,87.5,91.6,LIGHT,23.0,1018.0,68.0,8.0,nuvens quebrados,sem chuva,15,4,10,0,0
1468,Medium,33.1,30.3,93.2,LIGHT,14.0,1027.0,87.0,4.0,nuvens quebradas,sem chuva,17,4,3,0,1
1469,None_Existent,37.5,0.0,91.9,DARK,17.0,1017.0,100.0,1.0,sem observação,sem chuva,23,1,7,0,0
1470,High,34.6,105.0,73.4,LIGHT,18.0,1023.0,72.0,4.0,sem observação,sem chuva,11,5,5,1,0
1471,Medium,42.8,4.7,77.8,DARK,6.0,1016.0,93.0,2.0,nuvens quebrados,sem chuva,7,2,1,0,1
1472,Medium,39.5,28.8,85.1,DARK,7.0,1005.0,91.0,1.0,céu claro,sem chuva,17,0,11,0,1
1473,High,34.7,53.5,78.2,LIGHT,16.0,1014.0,77.0,8.0,nuvens dispersas,sem chuva,14,3,5,0,0
1474,None_Existent,39.6,3.4,87.7,DARK,18.0,1018.0,100.0,2.0,sem observação,sem chuva,1,0,7,0,0
1475,Low,37.5,10.2,82.8,LIGHT,33.0,1014.0,30.0,2.0,céu claro,sem chuva,14,5,9,1,0
1476,Very_High,47.9,32.1,76.0,LIGHT,19.0,1013.0,100.0,3.0,sem observação,sem chuva,7,3,7,0,1
1477,High,31.9,73.1,77.1,LIGHT,11.0,1018.0,93.0,2.0,sem observação,sem chuva,16,2,1,0,0
1478,Medium,50.3,5.1,83.6,DARK,16.0,1017.0,93.0,1.0,céu pouco nublado,sem chuva,22,2,6,0,0
1479,High,40.9,38.2,86.5,LIGHT,21.0,1012.0,77.0,2.0,nuvens quebrados,sem chuva,18,0,9,0,1
1480,Medium,36.5,56.5,83.8,LIGHT,15.0,1023.0,82.0,3.0,céu pouco nublado,sem chuva,9,5,5,1,1
1481,Medium,32.0,23.9,90.1,LIGHT,6.0,1031.0,65.0,4.0,céu claro,sem chuva,11,0,2,0,0
1482,High,45.2,52.6,68.2,LIGHT,14.0,1008.0,87.0,3.0,nuvens quebradas,sem chuva,18,3,6,0,1
1483,Very_High,45.3,119.5,77.1,DARK,13.0,1024.0,54.0,2.0,sem observação,sem chuva,19,0,12,0,1
1484,Medium,34.7,26.8,72.9,LIGHT,29.0,1017.0,19.0,3.0,sem observação,sem chuva,15,0,5,0,0
1485,None_Existent,39.8,0.0,68.8,DARK,15.0,1013.0,72.0,3.0,sem observação,sem chuva,21,0,6,0,0
1486,None_Existent,42.4,0.0,86.6,DARK,16.0,1020.0,87.0,1.0,céu claro,sem chuva,4,1,9,0,0
1487,Medium,34.7,21.7,93.1,LIGHT,14.0,1022.0,58.0,3.0,céu claro,sem chuva,16,2,2,0,0
1488,None_Existent,50.6,0.0,72.6,DARK,14.0,1021.0,100.0,0.0,sem observação,sem chuva,1,3,9,0,0
1489,High,37.6,47.4,78.8,LIGHT,17.0,1017.0,72.0,6.0,céu limpo,sem chuva,15,1,4,0,0
1490,High,44.5,90.2,79.1,DARK,13.0,1023.0,87.0,0.0,nuvens quebrados,sem chuva,18,1,12,0,1
1491,High,40.9,45.9,91.4,LIGHT,22.0,1012.0,100.0,8.0,sem observação,chuva fraca,13,3,8,0,0
1492,High,41.8,68.3,88.1,LIGHT,20.0,1018.0,77.0,7.0,céu claro,sem chuva,17,0,8,0,1
1493,Medium,37.4,36.0,92.1,LIGHT,21.0,1022.0,56.0,4.0,céu claro,sem chuva,11,0,10,0,0
1494,Low,44.0,13.0,87.4,LIGHT,20.0,1021.0,31.0,4.0,céu claro,sem chuva,12,0,10,0,0
1495,Low,40.8,7.9,84.9,DARK,14.0,1019.0,100.0,1.0,sem observação,sem chuva,23,1,10,0,0
1496,Medium,39.0,43.2,87.4,LIGHT,15.0,1013.0,58.0,8.0,algumas nuvens,sem chuva,14,5,10,1,0
1497,Low,43.5,11.5,76.1,LIGHT,17.0,1008.0,93.0,8.0,sem observação,chuva fraca,9,5,9,1,1
1498,None_Existent,43.0,0.0,71.3,DARK,10.0,1014.0,82.0,2.0,nuvens dispersas,sem chuva,4,4,6,0,0
1499,Medium,46.5,20.7,76.5,LIGHT,18.0,1014.0,100.0,4.0,nuvens quebradas,sem chuva,7,4,8,0,1
1500,Low,42.0,11.0,87.8,DARK,16.0,1018.0,100.0,5.0,sem observação,sem chuva,3,5,9,1,0
1501,Medium,35.7,18.7,88.3,LIGHT,19.0,1017.0,100.0,0.0,nuvens quebradas,sem chuva,11,1,7,0,0
1502,Low,42.1,4.7,86.6,DARK,11.0,1027.0,81.0,4.0,céu claro,sem chuva,3,4,2,0,0
1503,Medium,39.4,21.0,67.6,LIGHT,17.0,1014.0,77.0,7.0,nuvens quebradas,sem chuva,13,3,5,0,0
1504,High,34.1,41.6,75.1,LIGHT,20.0,1018.0,82.0,3.0,nuvens quebradas,sem chuva,11,0,6,0,0
1505,None_Existent,44.2,5.5,76.9,DARK,17.0,1018.0,93.0,0.0,sem observação,sem chuva,5,6,9,1,0
1506,None_Existent,36.9,0.0,77.1,DARK,11.0,1020.0,87.0,5.0,nuvens dispersas,sem chuva,22,5,1,1,0
1507,High,35.9,74.0,88.6,LIGHT,24.0,1013.0,77.0,4.0,sem observação,sem chuva,16,2,7,0,0
1508,Medium,35.0,23.2,99.9,LIGHT,23.0,1015.0,73.0,3.0,céu pouco nublado,sem chuva,11,5,7,1,0
1509,High,40.4,44.0,87.4,LIGHT,20.0,1019.0,64.0,6.0,céu claro,sem chuva,15,4,9,0,0
1510,Medium,41.7,14.4,91.7,LIGHT,16.0,1013.0,100.0,4.0,sem observação,sem chuva,8,1,8,0,1
1511,Medium,32.2,27.4,93.9,LIGHT,13.0,1022.0,58.0,3.0,sem observação,chuva fraca,11,0,3,0,0
1512,High,37.1,123.5,89.6,LIGHT,23.0,1018.0,54.0,4.0,céu claro,sem chuva,11,4,8,0,0
1513,High,35.3,79.2,81.9,LIGHT,21.0,1020.0,88.0,6.0,céu pouco nublado,sem chuva,17,6,6,1,1
1514,None_Existent,43.2,0.0,87.9,LOW_LIGHT,18.0,1016.0,93.0,3.0,nuvens quebrados,sem chuva,6,3,7,0,0
1515,Low,42.2,6.4,88.2,LIGHT,30.0,1016.0,58.0,2.0,céu claro,sem chuva,10,6,8,1,0
1516,Medium,43.5,12.4,75.0,DARK,18.0,1014.0,100.0,2.0,sem observação,chuva moderada,21,6,8,1,0
1517,High,44.0,48.4,86.0,DARK,13.0,1007.0,100.0,6.0,sem observação,chuva fraca,18,2,1,0,1
1518,Medium,34.9,30.9,76.0,LIGHT,13.0,1017.0,93.0,10.0,sem observação,chuva moderada,16,2,1,0,0
1519,Low,42.4,11.3,82.6,DARK,16.0,1018.0,100.0,1.0,sem observação,sem chuva,4,5,8,1,0
1520,Medium,35.2,16.1,71.9,DARK,18.0,1013.0,82.0,9.0,céu pouco nublado,sem chuva,22,5,4,1,0
1521,Medium,34.0,19.1,79.2,LIGHT,30.0,1018.0,35.0,3.0,sem observação,sem chuva,15,5,6,1,0
1522,High,36.1,54.3,87.7,LIGHT,19.0,1017.0,100.0,1.0,nuvens quebradas,sem chuva,10,1,7,0,0
1523,None_Existent,43.0,0.0,69.3,DARK,11.0,1017.0,76.0,2.0,nuvens dispersas,sem chuva,0,5,5,1,0
1524,High,44.8,41.1,77.2,DARK,13.0,1018.0,93.0,5.0,algumas nuvens,sem chuva,19,3,1,0,1
1525,Very_High,44.8,130.7,74.2,LIGHT,12.0,1012.0,93.0,4.0,céu pouco nublado,sem chuva,8,3,4,0,1
1526,Medium,32.1,18.8,86.1,LIGHT,11.0,1030.0,54.0,2.0,céu claro,sem chuva,14,0,2,0,0
1527,High,34.6,91.3,80.2,LIGHT,20.0,1015.0,49.0,5.0,céu pouco nublado,sem chuva,15,4,4,0,0
1528,Medium,43.5,9.1,77.3,DARK,6.0,1020.0,100.0,1.0,céu claro,sem chuva,7,4,1,0,1
1529,Low,38.2,14.1,88.4,LIGHT,28.0,1016.0,35.0,4.0,céu claro,sem chuva,17,6,8,1,1
1530,None_Existent,37.4,2.0,66.2,DARK,12.0,1018.0,66.0,4.0,sem observação,sem chuva,1,2,6,0,0
1531,High,37.7,112.6,89.4,LIGHT,22.0,1022.0,69.0,4.0,céu claro,sem chuva,16,6,9,1,0
1532,Medium,39.9,28.7,84.1,LIGHT,20.0,1017.0,77.0,5.0,sem observação,sem chuva,18,5,8,1,1
1533,Medium,44.0,17.3,77.9,DARK,10.0,1017.0,93.0,5.0,sem observação,chuva fraca,2,0,2,0,0
1534,High,40.7,106.7,83.8,LIGHT,18.0,1016.0,93.0,2.0,sem observação,sem chuva,17,2,9,0,1
1535,High,40.4,72.0,87.4,LIGHT,25.0,1019.0,47.0,5.0,céu claro,sem chuva,18,1,9,0,1
1536,High,43.1,45.1,77.5,DARK,12.0,1022.0,93.0,2.0,sem observação,sem chuva,18,1,12,0,1
1537,Medium,36.3,46.4,82.3,LIGHT,26.0,1017.0,53.0,4.0,céu pouco nublado,sem chuva,17,6,9,1,1
1538,Medium,32.8,25.8,88.8,LIGHT,13.0,1029.0,87.0,2.0,sem observação,sem chuva,11,5,3,1,0
1539,None_Existent,40.0,3.3,68.0,DARK,12.0,1017.0,100.0,2.0,sem observação,sem chuva,3,2,5,0,0
1540,Medium,34.2,47.1,92.5,LIGHT,21.0,1012.0,83.0,3.0,nuvens quebrados,sem chuva,14,0,9,0,0
1541,None_Existent,41.9,0.0,86.8,DARK,9.0,1016.0,100.0,1.0,sem observação,chuva fraca,5,0,2,0,0
1542,Medium,31.3,23.4,103.9,LIGHT,16.0,1029.0,77.0,1.0,nuvens quebradas,sem chuva,13,5,3,1,0
1543,High,38.0,32.2,79.5,LIGHT,12.0,1004.0,76.0,1.0,céu claro,sem chuva,15,0,11,0,0
1544,High,41.0,69.7,90.0,LIGHT,26.0,1014.0,78.0,2.0,sem observação,sem chuva,17,2,7,0,1
1545,None_Existent,42.1,0.6,64.5,DARK,18.0,1004.0,63.0,3.0,céu claro,sem chuva,23,5,11,1,0
1546,Low,34.1,8.6,87.7,DARK,16.0,1015.0,77.0,3.0,céu claro,sem chuva,22,5,8,1,0
1547,None_Existent,45.0,1.6,67.7,LIGHT,9.0,1014.0,100.0,6.0,sem observação,chuva leve,10,5,1,1,0
1548,None_Existent,41.1,0.0,84.9,DARK,12.0,1004.0,93.0,3.0,nuvens quebrados,sem chuva,22,1,11,0,0
1549,Medium,38.3,16.2,73.6,LIGHT,11.0,1018.0,87.0,2.0,sem observação,sem chuva,14,2,1,0,0
1550,Very_High,45.1,104.9,70.0,LIGHT,12.0,1001.0,93.0,2.0,sem observação,chuva moderada,9,1,11,0,1
1551,Medium,34.1,40.2,80.5,LIGHT,19.0,1014.0,72.0,2.0,sem observação,sem chuva,18,0,6,0,1
1552,Medium,32.6,36.2,83.6,LIGHT,16.0,1021.0,71.0,3.0,nuvens dispersas,sem chuva,13,3,4,0,0
1553,High,39.6,179.9,87.4,LIGHT,24.0,1021.0,64.0,4.0,sem observação,sem chuva,15,1,8,0,0
1554,High,38.3,72.0,80.1,LIGHT,15.0,1020.0,93.0,3.0,sem observação,chuva fraca,14,5,4,1,0
1555,None_Existent,41.8,0.0,76.0,DARK,11.0,1016.0,76.0,5.0,céu limpo,sem chuva,0,2,4,0,0
1556,High,41.1,36.9,72.3,LIGHT,19.0,1017.0,63.0,8.0,sem observação,sem chuva,16,1,6,0,0
1557,Medium,42.4,40.9,88.7,LIGHT,28.0,1022.0,48.0,4.0,céu claro,sem chuva,14,2,9,0,0
1558,None_Existent,38.9,4.6,96.0,LOW_LIGHT,20.0,1016.0,82.0,2.0,sem observação,sem chuva,20,3,7,0,0
1559,None_Existent,41.9,1.4,87.0,DARK,15.0,1011.0,58.0,2.0,céu claro,sem chuva,3,1,10,0,0
1560,High,32.3,65.7,80.7,LIGHT,17.0,1019.0,77.0,2.0,céu limpo,sem chuva,16,4,4,0,0
1561,High,37.9,195.3,92.6,LIGHT,22.0,1018.0,88.0,4.0,nuvens dispersas,sem chuva,15,4,8,0,0
1562,None_Existent,40.5,1.3,68.6,LOW_LIGHT,11.0,1018.0,100.0,1.0,sem observação,chuva fraca,6,1,4,0,0
1563,Medium,42.5,14.2,68.8,DARK,13.0,1016.0,82.0,1.0,sem observação,sem chuva,23,0,5,0,0
1564,Medium,37.7,35.1,89.8,LIGHT,19.0,1016.0,72.0,3.0,céu claro,sem chuva,14,5,9,1,0
1565,High,42.9,28.2,74.5,LIGHT,17.0,1025.0,40.0,3.0,céu claro,sem chuva,15,0,12,0,0
1566,None_Existent,42.7,0.0,83.7,DARK,9.0,1010.0,93.0,1.0,algumas nuvens,sem chuva,0,0,11,0,0
1567,None_Existent,38.5,1.2,71.6,DARK,15.0,1013.0,100.0,3.0,sem observação,chuva fraca,5,4,5,0,0
1568,None_Existent,45.1,0.0,86.6,DARK,16.0,1018.0,100.0,0.0,sem observação,sem chuva,4,6,9,1,0
1569,None_Existent,38.6,0.9,70.0,DARK,14.0,1020.0,100.0,1.0,nuvens quebradas,sem chuva,23,2,5,0,0
1570,Low,48.2,4.1,76.6,DARK,18.0,1013.0,94.0,2.0,sem observação,sem chuva,23,6,8,1,0
1571,Very_High,46.9,137.8,76.5,LIGHT,14.0,1016.0,72.0,1.0,sem observação,sem chuva,8,1,5,0,1
1572,None_Existent,40.6,8.0,89.5,DARK,11.0,1023.0,100.0,4.0,nuvens quebrados,sem chuva,21,4,2,0,0
1573,High,41.9,96.5,91.9,LIGHT,23.0,1020.0,78.0,6.0,sem observação,sem chuva,12,4,8,0,0
1574,None_Existent,47.9,0.0,67.9,LIGHT,18.0,1021.0,37.0,8.0,sem observação,sem chuva,8,6,5,1,1
1575,None_Existent,37.5,3.5,64.9,DARK,13.0,1023.0,76.0,3.0,sem observação,sem chuva,22,4,6,0,0
1576,High,37.5,69.9,84.2,LIGHT,22.0,1020.0,68.0,2.0,nuvens quebradas,sem chuva,15,6,9,1,0
1577,Low,40.2,5.4,68.0,DARK,17.0,1018.0,87.0,2.0,sem observação,sem chuva,3,5,6,1,0
1578,None_Existent,37.9,1.8,65.3,DARK,17.0,1019.0,93.0,1.0,nuvens dispersas,sem chuva,22,6,6,1,0
1579,Medium,48.5,2.7,85.4,DARK,13.0,1008.0,82.0,2.0,algumas nuvens,sem chuva,4,2,11,0,0
1580,Low,37.9,18.7,89.6,DARK,17.0,1017.0,88.0,3.0,céu claro,sem chuva,20,5,7,1,0
1581,Low,40.9,16.1,90.3,LIGHT,19.0,1022.0,88.0,3.0,algumas nuvens,sem chuva,13,3,9,0,0
1582,None_Existent,42.6,0.0,83.4,DARK,18.0,1015.0,100.0,1.0,céu pouco nublado,sem chuva,1,1,7,0,0
1583,Medium,38.2,27.4,86.9,LIGHT,25.0,1017.0,83.0,2.0,nuvens dispersas,sem chuva,14,1,7,0,0
1584,None_Existent,44.4,2.5,82.6,DARK,15.0,1022.0,100.0,1.0,tempo nublado,sem chuva,3,4,11,0,0
1585,Low,45.9,12.3,80.1,LIGHT,19.0,1014.0,100.0,4.0,sem observação,sem chuva,8,6,8,1,1
1586,None_Existent,41.3,0.0,90.1,LIGHT,13.0,1023.0,82.0,3.0,nuvens quebradas,sem chuva,9,6,3,1,1
1587,None_Existent,37.7,1.3,64.5,DARK,15.0,1017.0,93.0,3.0,céu pouco nublado,sem chuva,23,4,6,0,0
1588,Low,46.6,15.9,80.9,LIGHT,14.0,1016.0,100.0,9.0,sem observação,sem chuva,7,6,9,1,1
1589,Medium,39.8,29.1,89.6,LIGHT,23.0,1015.0,47.0,4.0,céu claro,sem chuva,19,1,8,0,1
1590,None_Existent,37.6,0.0,66.0,DARK,16.0,1016.0,100.0,1.0,nuvens quebradas,sem chuva,5,5,6,1,0
1591,Low,39.8,26.9,90.6,LIGHT,23.0,1019.0,69.0,5.0,nuvens dispersas,sem chuva,13,0,7,0,0
1592,Medium,38.3,22.3,76.7,LIGHT,15.0,1020.0,67.0,2.0,céu claro,sem chuva,15,5,1,1,0
1593,Medium,44.6,4.1,87.1,DARK,3.0,1021.0,93.0,5.0,céu claro,sem chuva,7,2,2,0,1
1594,None_Existent,46.2,2.4,67.5,DARK,18.0,1017.0,100.0,3.0,nuvens quebradas,sem chuva,23,0,9,0,0
1595,Low,33.0,13.4,71.5,DARK,18.0,1014.0,59.0,2.0,sem observação,sem chuva,20,5,5,1,0
1596,Medium,33.4,20.9,98.4,LIGHT,19.0,1029.0,38.0,2.0,céu claro,sem chuva,14,0,2,0,0
1597,Very_High,45.8,117.0,74.5,LIGHT,15.0,1017.0,100.0,1.0,sem observação,sem chuva,8,3,9,0,1
1598,Low,45.7,4.9,74.9,DARK,17.0,1014.0,82.0,2.0,céu claro,sem chuva,20,6,8,1,0
1599,Medium,32.1,20.8,82.6,LIGHT,16.0,1016.0,82.0,4.0,sem observação,chuva fraca,12,1,5,0,0
1600,Very_High,44.8,57.5,81.2,LIGHT,19.0,1014.0,100.0,4.0,sem observação,sem chuva,8,3,7,0,1
1601,Very_High,42.8,128.3,81.3,LIGHT,23.0,1012.0,82.0,2.0,sem observação,sem chuva,18,2,7,0,1
1602,Very_High,43.7,89.0,79.4,LIGHT,27.0,1014.0,54.0,3.0,sem observação,sem chuva,17,4,7,0,1
1603,Low,43.5,1.1,86.5,DARK,15.0,1020.0,55.0,2.0,céu claro,sem chuva,0,1,10,0,0
1604,Medium,34.7,23.1,97.5,LIGHT,10.0,1028.0,100.0,3.0,sem observação,sem chuva,10,4,3,0,0
1605,None_Existent,39.5,5.4,86.6,DARK,19.0,1014.0,93.0,2.0,sem observação,sem chuva,23,1,7,0,0
1606,Very_High,41.9,75.3,71.5,LIGHT,14.0,1013.0,59.0,3.0,céu limpo,sem chuva,9,0,4,0,1
1607,Very_High,47.1,145.2,62.4,LIGHT,12.0,1014.0,87.0,1.0,céu pouco nublado,sem chuva,8,4,6,0,1
1608,Low,42.2,4.5,71.8,DARK,8.0,1020.0,93.0,1.0,algumas nuvens,sem chuva,20,1,1,0,0
1609,Medium,36.8,52.6,92.0,LIGHT,24.0,1015.0,54.0,4.0,céu claro,sem chuva,15,2,8,0,0
1610,None_Existent,38.5,3.1,72.1,LIGHT,18.0,1017.0,93.0,2.0,nuvens quebradas,sem chuva,9,5,6,1,1
1611,High,40.0,40.6,87.9,LIGHT,18.0,1017.0,88.0,4.0,céu claro,sem chuva,17,1,10,0,1
1612,None_Existent,44.5,0.0,87.0,DARK,15.0,1014.0,93.0,0.0,céu claro,sem chuva,2,0,8,0,0
1613,Medium,48.6,2.9,68.2,LIGHT,13.0,1017.0,82.0,3.0,sem observação,sem chuva,6,1,6,0,0
1614,Low,38.8,4.5,77.4,LIGHT,16.0,1018.0,100.0,1.0,sem observação,sem chuva,8,3,8,0,1
1615,High,31.6,113.6,98.7,LIGHT,22.0,1026.0,26.0,6.0,céu claro,sem chuva,16,4,2,0,0
1616,High,42.7,47.0,79.6,LIGHT,13.0,1008.0,82.0,11.0,sem observação,chuva moderada,16,5,11,1,0
1617,None_Existent,37.4,6.5,93.0,DARK,9.0,1021.0,76.0,3.0,nuvens dispersas,sem chuva,0,6,2,1,0
1618,None_Existent,39.0,4.5,95.1,LIGHT,19.0,1016.0,77.0,1.0,nuvens quebradas,sem chuva,10,6,7,1,0
1619,High,40.6,102.5,71.3,LIGHT,20.0,1015.0,46.0,3.0,céu pouco nublado,sem chuva,17,4,4,0,1
1620,None_Existent,44.5,1.7,84.3,LIGHT,21.0,1016.0,69.0,3.0,céu claro,sem chuva,6,5,8,1,0
1621,Low,39.9,20.1,82.2,LIGHT,23.0,1016.0,88.0,2.0,sem observação,sem chuva,13,1,9,0,0
1622,Low,37.1,9.2,90.7,DARK,21.0,1019.0,88.0,2.0,nuvens quebrados,sem chuva,20,0,7,0,0
1623,Medium,37.6,27.3,89.9,LIGHT,17.0,1015.0,100.0,0.0,sem observação,sem chuva,9,2,8,0,1
1624,Very_High,44.7,77.1,87.8,LOW_LIGHT,12.0,1016.0,51.0,4.0,céu claro,sem chuva,7,0,10,0,1
1625,Low,35.7,11.3,97.5,LIGHT,12.0,1029.0,87.0,0.0,sem observação,sem chuva,10,5,3,1,0
1626,High,38.4,48.5,86.2,LIGHT,24.0,1017.0,78.0,3.0,sem observação,sem chuva,14,0,9,0,0
1627,Low,33.4,15.1,95.1,LIGHT,15.0,1023.0,77.0,9.0,nuvens quebradas,sem chuva,12,6,3,1,0
1628,None_Existent,43.5,3.5,88.8,DARK,14.0,1011.0,93.0,1.0,nuvens quebrados,sem chuva,3,3,10,0,0
1629,High,43.0,47.1,82.4,LOW_LIGHT,11.0,1019.0,62.0,3.0,céu claro,sem chuva,18,1,2,0,1
1630,Medium,39.8,48.2,82.2,DARK,17.0,1024.0,48.0,1.0,céu claro,sem chuva,17,0,12,0,1
1631,Medium,34.6,23.1,89.4,LIGHT,14.0,1010.0,82.0,9.0,sem observação,chuva fraca,13,5,11,1,0
1632,Medium,38.2,18.1,84.7,LIGHT,16.0,1023.0,77.0,2.0,céu claro,sem chuva,16,1,11,0,0
1633,None_Existent,42.5,4.2,77.6,DARK,17.0,1015.0,100.0,3.0,sem observação,sem chuva,21,4,7,0,0
1634,Medium,40.0,36.4,84.2,LIGHT,24.0,1021.0,53.0,3.0,sem observação,sem chuva,10,5,9,1,0
1635,Medium,35.2,17.1,81.1,LIGHT,15.0,1027.0,77.0,5.0,céu claro,sem chuva,12,2,12,0,0
1636,Medium,33.8,28.9,103.9,LIGHT,13.0,1030.0,54.0,2.0,céu claro,sem chuva,15,0,2,0,0
1637,None_Existent,44.5,0.0,85.0,DARK,18.0,1014.0,63.0,5.0,céu claro,sem chuva,6,5,10,1,0
1638,None_Existent,42.4,0.0,86.1,DARK,21.0,1016.0,28.0,3.0,céu claro,sem chuva,5,6,8,1,0
1639,Medium,37.1,47.9,86.8,LIGHT,22.0,1018.0,69.0,3.0,céu pouco nublado,sem chuva,11,0,9,0,0
1640,High,37.1,70.8,90.7,LIGHT,21.0,1019.0,60.0,3.0,nuvens quebrados,sem chuva,16,6,7,1,0
1641,High,38.6,85.2,87.5,LIGHT,19.0,1016.0,88.0,2.0,nuvens quebradas,sem chuva,16,3,9,0,0
1642,None_Existent,38.4,0.0,74.1,DARK,9.0,1012.0,81.0,1.0,nuvens dispersas,sem chuva,2,4,11,0,0
1643,Medium,37.5,30.9,84.3,LIGHT,17.0,1019.0,67.0,5.0,céu claro,sem chuva,11,2,11,0,0
1644,High,42.8,64.7,81.9,LIGHT,28.0,1017.0,57.0,2.0,sem observação,sem chuva,17,2,9,0,1
1645,None_Existent,37.9,0.9,64.5,DARK,13.0,1021.0,87.0,2.0,sem observação,sem chuva,23,6,6,1,0
1646,Medium,40.2,15.0,81.1,LIGHT,15.0,1032.0,71.0,2.0,céu claro,sem chuva,13,3,2,0,0
1647,Medium,35.6,19.8,76.9,LIGHT,15.0,1022.0,72.0,3.0,sem observação,sem chuva,10,5,6,1,0
1648,High,37.4,85.5,89.3,DARK,20.0,1007.0,42.0,3.0,céu claro,sem chuva,18,1,10,0,1
1649,Low,35.4,3.2,90.1,DARK,19.0,1016.0,77.0,6.0,céu claro,sem chuva,20,3,8,0,0
1650,High,43.1,28.7,69.2,DARK,16.0,1020.0,59.0,3.0,sem observação,sem chuva,3,2,5,0,0
1651,Very_High,40.8,135.6,83.0,LIGHT,18.0,1016.0,93.0,1.0,nuvens quebradas,sem chuva,18,3,9,0,1
1652,None_Existent,38.0,0.0,85.2,DARK,16.0,1018.0,100.0,2.0,céu claro,sem chuva,22,3,9,0,0
1653,None_Existent,46.3,0.0,82.7,DARK,1.0,1031.0,86.0,0.0,céu claro,sem chuva,4,0,2,0,0
1654,Low,40.5,17.1,81.2,LIGHT,15.0,1016.0,100.0,0.0,sem observação,sem chuva,8,6,8,1,1
1655,None_Existent,40.3,6.8,86.9,DARK,9.0,1023.0,66.0,6.0,algumas nuvens,sem chuva,20,5,2,1,0
1656,Medium,33.5,23.5,84.1,LIGHT,13.0,1025.0,58.0,4.0,céu claro,sem chuva,14,0,1,0,0
1657,None_Existent,37.7,3.4,64.2,DARK,15.0,1017.0,93.0,2.0,céu pouco nublado,sem chuva,0,3,6,0,0
1658,Medium,41.7,45.1,87.2,LIGHT,20.0,1017.0,88.0,2.0,nuvens quebrados,sem chuva,18,6,8,1,1
1659,None_Existent,41.5,2.1,74.9,DARK,13.0,1022.0,100.0,0.0,sem observação,sem chuva,5,1,12,0,0
1660,None_Existent,43.8,0.0,86.3,DARK,14.0,1017.0,100.0,0.0,sem observação,sem chuva,4,1,8,0,0
1661,None_Existent,38.5,3.1,55.7,LIGHT,14.0,1014.0,100.0,3.0,sem observação,sem chuva,8,6,9,1,1
1662,Medium,39.4,36.8,90.0,LIGHT,20.0,1017.0,64.0,3.0,céu claro,sem chuva,14,1,8,0,0
1663,Low,42.7,11.8,92.7,DARK,12.0,1020.0,100.0,6.0,sem observação,sem chuva,5,1,8,0,0
1664,Medium,34.6,26.2,97.8,LIGHT,13.0,1027.0,82.0,1.0,sem observação,sem chuva,12,4,3,0,0
1665,None_Existent,40.4,0.0,86.3,DARK,18.0,1015.0,100.0,0.0,nublado,sem chuva,4,0,7,0,0
1666,Medium,34.1,28.6,80.9,LIGHT,22.0,1015.0,82.0,3.0,sem observação,sem chuva,12,2,5,0,0
1667,None_Existent,42.0,0.0,75.5,LOW_LIGHT,17.0,1000.0,67.0,5.0,céu claro,sem chuva,7,6,11,1,1
1668,Medium,34.7,26.9,92.4,DARK,9.0,1023.0,70.0,6.0,algumas nuvens,sem chuva,19,5,2,1,1
1669,High,32.7,49.2,99.7,LIGHT,12.0,1025.0,87.0,1.0,algumas nuvens,sem chuva,17,2,2,0,1
1670,None_Existent,39.4,2.6,71.3,LIGHT,12.0,1013.0,87.0,6.0,sem observação,chuva fraca,9,5,11,1,1
1671,Medium,45.4,12.5,77.5,DARK,16.0,1011.0,93.0,5.0,tempo nublado,sem chuva,20,5,11,1,0
1672,Very_High,43.5,85.0,70.2,LIGHT,21.0,1017.0,64.0,8.0,sem observação,sem chuva,18,4,5,0,1
1673,Medium,39.2,32.6,92.1,LIGHT,21.0,1022.0,42.0,4.0,céu claro,sem chuva,17,3,2,0,1
1674,None_Existent,41.6,0.0,74.9,DARK,15.0,1011.0,100.0,7.0,sem observação,chuva moderada,3,2,5,0,0
1675,Low,34.3,7.2,87.2,LIGHT,18.0,1024.0,73.0,1.0,sem observação,sem chuva,10,6,9,1,0
1676,High,37.3,145.9,85.9,LIGHT,21.0,1015.0,82.0,4.0,nuvens quebradas,sem chuva,10,3,7,0,0
1677,None_Existent,41.4,0.0,85.6,DARK,13.0,1004.0,100.0,6.0,sem observação,chuva moderada,5,3,1,0,0
1678,Medium,41.4,42.1,76.3,LIGHT,20.0,1011.0,55.0,3.0,céu pouco nublado,sem chuva,15,6,3,1,0
1679,Medium,35.8,22.8,88.4,LIGHT,29.0,1019.0,28.0,3.0,sem observação,sem chuva,12,1,9,0,0
1680,Medium,49.7,4.9,76.0,DARK,9.0,1017.0,100.0,2.0,nuvens quebrados,sem chuva,7,0,2,0,1
1681,Low,36.6,14.2,70.8,LIGHT,19.0,1020.0,88.0,4.0,nuvens dispersas,sem chuva,19,6,6,1,1
1682,Low,35.8,9.4,84.7,LIGHT,14.0,1019.0,82.0,3.0,nuvens quebrados,sem chuva,14,3,11,0,0
1683,Low,40.9,12.1,90.3,DARK,21.0,1018.0,77.0,7.0,nuvens quebrados,sem chuva,20,4,10,0,0
1684,Medium,34.2,23.1,87.8,LIGHT,13.0,1003.0,82.0,5.0,nuvens dispersas,sem chuva,11,2,10,0,0
1685,Low,40.1,26.0,95.5,DARK,11.0,1021.0,93.0,2.0,céu pouco nublado,sem chuva,22,2,4,0,0
1686,Very_High,47.0,71.7,68.8,LIGHT,9.0,1013.0,93.0,1.0,nuvens quebrados,sem chuva,8,4,11,0,1
1687,High,40.4,51.1,82.7,LIGHT,17.0,1015.0,93.0,3.0,sem observação,sem chuva,18,0,9,0,1
1688,Low,40.4,5.4,68.1,DARK,16.0,1014.0,88.0,3.0,céu pouco nublado,sem chuva,4,2,6,0,0
1689,High,43.0,38.7,74.3,DARK,13.0,1017.0,93.0,7.0,sem observação,chuva moderada,18,2,1,0,1
1690,High,39.6,96.4,88.7,LIGHT,19.0,1017.0,77.0,3.0,nuvens dispersas,sem chuva,11,3,8,0,0
1691,None_Existent,40.8,3.7,86.8,DARK,13.0,1003.0,100.0,4.0,sem observação,chuva fraca,19,6,11,1,1
1692,None_Existent,46.7,5.3,76.7,DARK,14.0,1016.0,100.0,5.0,sem observação,sem chuva,4,6,8,1,0
1693,Medium,31.5,40.8,98.3,LIGHT,17.0,1027.0,77.0,3.0,céu pouco nublado,sem chuva,16,5,3,1,0
1694,High,33.4,53.6,91.6,LIGHT,20.0,1017.0,83.0,2.0,céu pouco nublado,sem chuva,10,1,7,0,0
1695,None_Existent,42.5,0.0,73.9,DARK,11.0,1023.0,93.0,2.0,nuvens quebrados,sem chuva,5,2,12,0,0
1696,Medium,40.4,21.9,89.8,LIGHT,16.0,1018.0,87.0,2.0,nuvens quebrados,sem chuva,10,2,10,0,0
1697,None_Existent,42.2,3.3,87.7,DARK,15.0,1017.0,93.0,0.0,céu claro,sem chuva,0,2,8,0,0
1698,Medium,38.2,19.6,88.9,LIGHT,20.0,1018.0,53.0,1.0,céu claro,sem chuva,13,3,10,0,0
1699,None_Existent,41.3,2.0,75.6,LIGHT,7.0,1032.0,100.0,2.0,algumas nuvens,sem chuva,8,6,12,1,1
1700,Low,43.2,5.0,88.2,LIGHT,19.0,1019.0,93.0,2.0,nuvens quebrados,sem chuva,7,1,7,0,1
1701,Medium,33.3,48.2,76.3,LIGHT,19.0,1017.0,88.0,3.0,nuvens dispersas,sem chuva,14,3,6,0,0
1702,None_Existent,41.9,0.0,86.8,DARK,17.0,1022.0,88.0,1.0,céu claro,sem chuva,21,6,9,1,0
1703,High,39.4,31.8,87.3,LIGHT,12.0,1009.0,100.0,4.0,sem observação,chuva moderada,16,2,1,0,0
1704,High,39.4,91.7,90.0,LIGHT,20.0,1016.0,73.0,7.0,algumas nuvens,sem chuva,16,1,8,0,0
1705,Low,42.0,5.5,65.5,DARK,7.0,1024.0,93.0,3.0,céu claro,sem chuva,1,1,11,0,0
1706,Low,37.8,6.3,90.4,DARK,10.0,1023.0,76.0,2.0,céu claro,sem chuva,20,2,2,0,0
1707,None_Existent,44.9,1.7,79.5,DARK,11.0,1019.0,93.0,3.0,sem observação,sem chuva,5,6,9,1,0
1708,None_Existent,33.3,1.2,89.0,DARK,10.0,1028.0,58.0,4.0,céu claro,sem chuva,3,0,2,0,0
1709,Medium,34.5,35.9,78.5,LIGHT,27.0,1020.0,39.0,5.0,sem observação,sem chuva,16,2,5,0,0
1710,Low,42.0,3.7,74.1,DARK,13.0,1016.0,76.0,10.0,nuvens quebrados,sem chuva,5,3,11,0,0
1711,High,41.4,54.2,88.3,DARK,12.0,1029.0,66.0,3.0,céu claro,sem chuva,18,0,2,0,1
1712,None_Existent,40.4,3.5,83.7,DARK,12.0,1022.0,100.0,0.0,sem observação,sem chuva,6,6,9,1,0
1713,None_Existent,46.5,2.8,86.5,DARK,13.0,1014.0,93.0,0.0,céu claro,sem chuva,5,6,8,1,0
1714,Medium,34.1,34.8,92.7,LOW_LIGHT,20.0,1022.0,69.0,4.0,céu claro,sem chuva,18,6,9,1,1
1715,Low,31.3,14.3,90.3,DARK,12.0,1026.0,93.0,0.0,céu pouco nublado,sem chuva,20,5,3,1,0
1716,Low,34.9,12.5,87.0,LIGHT,15.0,1015.0,100.0,1.0,nuvens dispersas,sem chuva,7,6,7,1,1
1717,Medium,40.0,34.1,87.9,LIGHT,20.0,1003.0,68.0,5.0,céu claro,sem chuva,16,2,10,0,0
1718,Medium,42.4,24.6,78.1,LIGHT,13.0,1011.0,76.0,8.0,algumas nuvens,sem chuva,12,3,11,0,0
1719,Low,43.4,9.1,91.1,DARK,15.0,1021.0,93.0,2.0,sem observação,sem chuva,0,2,8,0,0
1720,Low,41.1,13.4,86.9,DARK,19.0,1019.0,93.0,3.0,sem observação,sem chuva,0,2,9,0,0
1721,Medium,39.7,43.0,84.1,LIGHT,18.0,1018.0,77.0,3.0,sem observação,sem chuva,10,0,8,0,0
1722,Medium,35.6,26.2,73.6,LIGHT,11.0,1024.0,66.0,2.0,nuvens dispersas,sem chuva,11,1,12,0,0
1723,Medium,43.2,11.6,80.3,LIGHT,18.0,1017.0,88.0,2.0,nuvens dispersas,sem chuva,8,1,8,0,1
1724,Medium,40.9,29.7,90.4,DARK,18.0,1014.0,77.0,3.0,céu claro,sem chuva,20,4,10,0,0
1725,Medium,33.1,34.3,81.9,LIGHT,24.0,1016.0,49.0,4.0,céu limpo,sem chuva,14,5,4,1,0
1726,None_Existent,46.7,0.0,74.7,DARK,13.0,1018.0,93.0,0.0,nuvens quebrados,sem chuva,1,6,11,1,0
1727,Low,39.4,5.7,89.1,LIGHT,30.0,1016.0,58.0,2.0,céu claro,sem chuva,13,6,8,1,0
1728,Medium,40.3,40.4,90.4,LIGHT,24.0,1020.0,77.0,6.0,sem observação,sem chuva,13,4,8,0,0
1729,High,34.1,102.1,79.1,LIGHT,16.0,1013.0,63.0,4.0,céu pouco nublado,sem chuva,11,3,6,0,0
1730,Medium,42.9,76.2,90.0,LIGHT,20.0,1016.0,68.0,3.0,céu claro,sem chuva,14,4,10,0,0
1731,None_Existent,37.9,0.0,61.6,DARK,15.0,1013.0,100.0,1.0,céu pouco nublado,sem chuva,4,0,6,0,0
1732,Low,37.9,8.7,64.9,DARK,14.0,1015.0,82.0,3.0,nuvens dispersas,sem chuva,22,1,6,0,0
1733,Medium,33.5,22.5,92.5,LIGHT,12.0,1019.0,76.0,5.0,algumas nuvens,sem chuva,12,0,2,0,0
1734,Low,36.3,2.6,69.9,LIGHT,11.0,1009.0,66.0,5.0,sem observação,aguaceiros fracos,9,3,4,0,1
1735,None_Existent,45.3,1.0,81.6,DARK,11.0,1019.0,93.0,2.0,algumas nuvens,sem chuva,3,4,11,0,0
1736,High,37.6,63.8,90.4,LIGHT,19.0,1018.0,82.0,2.0,sem observação,sem chuva,15,5,9,1,0
1737,Low,36.9,9.0,89.1,LIGHT,23.0,1016.0,83.0,2.0,nuvens quebradas,sem chuva,12,6,7,1,0
1738,Very_High,45.4,142.0,73.8,LIGHT,15.0,1015.0,100.0,2.0,sem observação,sem chuva,8,2,5,0,1
1739,Low,37.6,33.3,83.6,LIGHT,16.0,1016.0,59.0,2.0,algumas nuvens,sem chuva,13,2,11,0,0
1740,None_Existent,48.8,0.0,79.1,DARK,16.0,1020.0,93.0,6.0,nublado,sem chuva,22,0,9,0,0
1741,Low,36.5,9.9,71.3,DARK,11.0,1020.0,100.0,1.0,sem observação,sem chuva,1,4,11,0,0
1742,None_Existent,39.2,1.1,72.1,DARK,12.0,1011.0,77.0,3.0,céu claro,sem chuva,4,5,11,1,0
1743,Medium,43.6,10.6,75.8,DARK,17.0,1016.0,93.0,1.0,nublado,sem chuva,21,3,9,0,0
1744,Medium,32.1,49.1,93.8,LIGHT,24.0,1018.0,78.0,6.0,sem observação,sem chuva,16,5,7,1,0
1745,Low,42.8,2.8,81.4,DARK,10.0,1000.0,71.0,3.0,sem observação,chuva fraca,20,1,4,0,0
1746,None_Existent,45.8,0.0,84.7,DARK,16.0,1021.0,100.0,2.0,algumas nuvens,sem chuva,1,3,9,0,0
1747,Medium,39.1,27.7,93.1,LIGHT,20.0,1017.0,88.0,3.0,nuvens dispersas,sem chuva,10,3,7,0,0
1748,Low,40.6,14.9,84.1,DARK,16.0,1019.0,88.0,4.0,céu claro,sem chuva,22,5,8,1,0
1749,High,43.2,54.6,81.1,LIGHT,18.0,1021.0,36.0,8.0,céu claro,sem chuva,9,1,10,0,1
1750,Medium,36.1,29.4,91.5,LIGHT,12.0,1023.0,87.0,5.0,tempo nublado,sem chuva,16,4,2,0,0
1751,High,39.4,59.7,69.8,LIGHT,21.0,1016.0,72.0,6.0,sem observação,sem chuva,15,1,5,0,0
1752,Medium,35.4,25.7,75.1,LIGHT,20.0,1018.0,77.0,2.0,sem observação,sem chuva,10,4,6,0,0
1753,None_Existent,45.1,6.2,84.4,DARK,17.0,1020.0,100.0,2.0,nuvens quebradas,sem chuva,2,5,8,1,0
1754,None_Existent,42.1,1.5,73.3,DARK,21.0,1019.0,88.0,1.0,sem observação,sem chuva,23,5,9,1,0
1755,High,43.3,167.5,85.0,LIGHT,21.0,1016.0,77.0,2.0,nuvens dispersas,sem chuva,18,0,9,0,1
1756,Medium,44.7,36.7,85.7,DARK,19.0,1017.0,68.0,1.0,céu claro,sem chuva,23,5,10,1,0
1757,None_Existent,38.7,6.1,84.7,DARK,21.0,1012.0,82.0,1.0,céu claro,sem chuva,20,6,9,1,0
1758,High,39.8,55.1,75.6,LIGHT,12.0,1000.0,87.0,3.0,sem observação,aguaceiros fracos,17,2,4,0,1
1759,Medium,35.7,31.9,99.9,LIGHT,13.0,1024.0,71.0,4.0,tempo nublado,sem chuva,12,4,2,0,0
1760,Medium,37.9,34.2,88.8,LIGHT,21.0,1014.0,64.0,3.0,algumas nuvens,sem chuva,16,3,9,0,0
1761,None_Existent,39.5,5.5,70.5,DARK,17.0,1016.0,88.0,1.0,nuvens quebradas,sem chuva,22,0,6,0,0
1762,High,39.0,83.7,73.3,LIGHT,17.0,1021.0,77.0,3.0,nuvens quebradas,sem chuva,10,3,5,0,0
1763,Low,36.3,4.3,62.1,LIGHT,13.0,1020.0,76.0,4.0,sem observação,sem chuva,6,5,5,1,0
1764,Medium,37.5,22.8,77.4,LIGHT,12.0,998.0,76.0,6.0,nuvens dispersas,sem chuva,10,2,4,0,0
1765,Medium,39.6,10.5,70.9,DARK,14.0,1012.0,100.0,4.0,sem observação,chuva moderada,2,6,6,1,0
1766,High,36.1,52.7,80.1,LIGHT,19.0,1018.0,68.0,7.0,sem observação,sem chuva,18,6,6,1,1
1767,Medium,38.8,21.4,82.3,LIGHT,10.0,1014.0,100.0,4.0,sem observação,chuva fraca,12,2,1,0,0
1768,Medium,36.1,87.7,91.3,LIGHT,19.0,1014.0,87.0,6.0,nuvens dispersas,sem chuva,19,2,5,0,1
1769,Low,36.2,2.5,65.7,DARK,13.0,1015.0,93.0,1.0,céu limpo,sem chuva,22,3,4,0,0
1770,Medium,38.7,21.1,80.2,DARK,10.0,1021.0,87.0,3.0,algumas nuvens,sem chuva,19,6,1,1,1
1771,Very_High,39.0,113.3,77.9,LIGHT,13.0,1022.0,82.0,3.0,sem observação,sem chuva,8,1,9,0,1
1772,Medium,36.3,35.4,74.9,LIGHT,30.0,1021.0,28.0,5.0,sem observação,sem chuva,16,3,5,0,0
1773,Medium,45.9,16.8,79.3,DARK,14.0,1008.0,93.0,10.0,sem observação,chuva fraca,19,5,11,1,1
1774,None_Existent,42.3,4.6,68.3,DARK,19.0,1023.0,72.0,3.0,sem observação,sem chuva,23,3,9,0,0
1775,None_Existent,42.4,0.0,88.7,DARK,18.0,1014.0,100.0,0.0,sem observação,sem chuva,3,2,8,0,0
1776,Medium,34.0,29.3,80.4,LIGHT,16.0,1028.0,67.0,3.0,sem observação,sem chuva,11,5,4,1,0
1777,Medium,34.3,30.9,82.1,LIGHT,14.0,1014.0,87.0,3.0,sem observação,chuva fraca,10,4,4,0,0
1778,None_Existent,39.8,0.0,77.5,DARK,19.0,1020.0,60.0,1.0,sem observação,sem chuva,0,4,5,0,0
1779,Low,41.8,6.7,70.9,DARK,20.0,1018.0,64.0,2.0,sem observação,sem chuva,21,1,9,0,0
1780,Very_High,45.1,54.6,85.3,LIGHT,25.0,1022.0,57.0,3.0,céu claro,sem chuva,9,0,9,0,1
1781,Medium,38.9,26.5,94.6,LIGHT,20.0,1017.0,56.0,2.0,céu claro,sem chuva,14,3,10,0,0
1782,None_Existent,44.2,0.0,85.8,DARK,11.0,1022.0,100.0,5.0,nuvens quebrados,sem chuva,4,5,2,1,0
1783,Low,36.3,17.3,96.3,DARK,17.0,1019.0,93.0,4.0,sem observação,sem chuva,22,5,7,1,0
1784,None_Existent,39.4,7.3,80.4,DARK,9.0,996.0,100.0,2.0,sem observação,chuva moderada,1,1,4,0,0
1785,Low,47.3,12.0,82.6,LIGHT,17.0,1018.0,93.0,1.0,nuvens quebradas,sem chuva,8,5,8,1,1
1786,High,36.6,24.5,73.8,LIGHT,21.0,1010.0,63.0,5.0,sem observação,sem chuva,19,4,5,0,1
1787,Low,36.5,7.0,91.5,DARK,9.0,1029.0,87.0,0.0,céu claro,sem chuva,20,0,2,0,0
1788,Low,39.7,7.8,88.7,LIGHT,21.0,1019.0,56.0,2.0,algumas nuvens,sem chuva,10,6,7,1,0
1789,None_Existent,40.9,0.0,87.0,DARK,19.0,1012.0,73.0,5.0,sem observação,trovoada com chuva,4,5,9,1,0
1790,None_Existent,37.3,0.0,74.5,DARK,11.0,1013.0,87.0,0.0,céu limpo,sem chuva,2,6,3,1,0
1791,None_Existent,41.3,2.4,82.6,DARK,10.0,1005.0,93.0,0.0,nuvens quebrados,sem chuva,22,1,10,0,0
1792,High,43.6,20.0,62.2,LIGHT,9.0,1025.0,81.0,2.0,nuvens quebradas,sem chuva,7,4,4,0,1
1793,None_Existent,45.5,1.9,84.0,DARK,14.0,1013.0,62.0,1.0,céu claro,sem chuva,23,0,10,0,0
1794,None_Existent,46.1,0.0,79.4,DARK,9.0,1013.0,66.0,1.0,algumas nuvens,sem chuva,22,6,10,1,0
1795,Medium,47.0,3.9,84.0,DARK,8.0,1027.0,100.0,1.0,sem observação,sem chuva,7,4,3,0,1
1796,None_Existent,43.9,0.0,89.3,DARK,16.0,1013.0,100.0,1.0,sem observação,sem chuva,5,1,10,0,0
1797,Low,36.8,3.9,61.5,DARK,17.0,1020.0,55.0,3.0,sem observação,sem chuva,1,2,5,0,0
1798,Medium,44.6,9.2,71.6,LIGHT,26.0,1018.0,26.0,4.0,sem observação,sem chuva,13,5,9,1,0
1799,Medium,34.3,33.0,78.6,LIGHT,23.0,1016.0,64.0,2.0,céu pouco nublado,sem chuva,14,1,6,0,0
1800,High,42.4,21.6,86.1,LIGHT,14.0,1020.0,100.0,1.0,sem observação,sem chuva,7,3,9,0,1
1801,Low,43.5,6.9,77.1,DARK,7.0,1025.0,93.0,1.0,céu claro,sem chuva,22,0,11,0,0
1802,None_Existent,42.1,0.0,74.8,LIGHT,13.0,1023.0,87.0,6.0,nuvens quebrados,sem chuva,8,6,12,1,1
1803,Medium,37.8,24.0,83.3,LIGHT,22.0,1019.0,82.0,3.0,sem observação,sem chuva,12,5,8,1,0
1804,Very_High,49.2,143.4,63.5,LIGHT,12.0,1011.0,72.0,7.0,nuvens quebradas,sem chuva,8,3,6,0,1
1805,Medium,40.4,27.2,83.2,LIGHT,11.0,1001.0,87.0,2.0,nuvens dispersas,sem chuva,12,1,10,0,0
1806,High,39.2,46.4,70.2,LIGHT,17.0,1014.0,72.0,4.0,céu pouco nublado,sem chuva,18,1,6,0,1
1807,Low,32.1,20.5,91.5,LIGHT,17.0,1025.0,48.0,2.0,céu claro,sem chuva,14,4,2,0,0
1808,Medium,40.0,28.3,90.1,LIGHT,12.0,1012.0,62.0,3.0,céu claro,sem chuva,10,0,10,0,0
1809,High,37.3,67.3,85.4,LIGHT,19.0,1015.0,88.0,1.0,nuvens quebradas,sem chuva,10,2,7,0,0
1810,None_Existent,46.4,2.1,82.2,DARK,17.0,1012.0,93.0,3.0,sem observação,trovoada com chuva leve,1,1,8,0,0
1811,High,37.5,46.6,77.5,LIGHT,15.0,1028.0,58.0,4.0,céu pouco nublado,sem chuva,17,4,4,0,1
1812,Medium,38.0,22.0,81.5,LIGHT,11.0,995.0,76.0,9.0,sem observação,chuva moderada,13,4,2,0,0
1813,Very_High,46.9,109.6,78.9,DARK,11.0,1020.0,93.0,1.0,céu claro,sem chuva,19,4,1,0,1
1814,High,38.2,114.4,86.5,LIGHT,21.0,1017.0,77.0,4.0,sem observação,sem chuva,16,6,5,1,0
1815,High,33.9,100.9,74.7,LIGHT,17.0,1016.0,59.0,6.0,sem observação,sem chuva,15,6,5,1,0
1816,Low,35.6,9.1,83.9,LIGHT,17.0,1017.0,93.0,4.0,nuvens quebradas,sem chuva,11,6,4,1,0
1817,Low,35.7,6.1,86.8,DARK,10.0,1029.0,81.0,1.0,céu claro,sem chuva,20,1,2,0,0
1818,Low,40.4,4.4,93.3,DARK,11.0,1020.0,81.0,4.0,céu claro,sem chuva,20,0,2,0,0
1819,None_Existent,37.9,2.3,65.2,DARK,16.0,1019.0,93.0,1.0,nuvens quebradas,sem chuva,0,0,6,0,0
1820,None_Existent,41.1,0.0,71.3,LOW_LIGHT,11.0,1022.0,100.0,2.0,sem observação,sem chuva,6,6,4,1,0
1821,None_Existent,42.9,0.0,90.6,DARK,17.0,1014.0,100.0,0.0,sem observação,sem chuva,5,2,8,0,0
1822,Low,43.7,8.8,79.3,DARK,17.0,1017.0,82.0,2.0,sem observação,sem chuva,21,0,8,0,0
1823,Medium,37.5,26.9,78.8,LIGHT,17.0,1022.0,77.0,1.0,sem observação,sem chuva,9,2,8,0,1
1824,Very_High,45.0,81.3,72.8,LIGHT,16.0,1012.0,100.0,8.0,sem observação,chuva fraca,17,1,6,0,1
1825,None_Existent,43.5,0.0,87.9,DARK,14.0,1018.0,100.0,2.0,sem observação,sem chuva,5,2,10,0,0
1826,None_Existent,45.1,0.0,82.5,DARK,11.0,1019.0,100.0,3.0,nuvens quebrados,sem chuva,4,4,11,0,0
1827,Medium,42.8,34.2,85.7,LIGHT,20.0,1019.0,68.0,6.0,algumas nuvens,sem chuva,16,4,9,0,0
1828,Low,40.0,3.5,83.1,DARK,10.0,1022.0,81.0,4.0,algumas nuvens,sem chuva,20,6,1,1,0
1829,Medium,41.9,23.2,75.4,DARK,17.0,1016.0,93.0,1.0,nuvens quebradas,sem chuva,20,3,9,0,0
1830,Low,39.1,14.4,71.2,LIGHT,13.0,1024.0,82.0,2.0,nuvens dispersas,sem chuva,12,4,11,0,0
1831,None_Existent,42.2,4.0,89.3,LIGHT,22.0,1023.0,69.0,3.0,céu claro,sem chuva,13,6,9,1,0
1832,Very_High,41.3,58.6,86.4,DARK,10.0,1006.0,93.0,2.0,sem observação,chuva moderada,19,0,10,0,1
1833,Medium,35.4,25.3,82.6,LIGHT,23.0,1017.0,77.0,7.0,sem observação,sem chuva,15,5,6,1,0
1834,None_Existent,43.8,0.0,86.3,LIGHT,14.0,1015.0,100.0,1.0,nuvens quebrados,sem chuva,7,2,8,0,1
1835,Low,33.4,5.7,65.6,LIGHT,22.0,1017.0,72.0,6.0,céu pouco nublado,sem chuva,12,0,5,0,0
1836,None_Existent,47.1,0.0,83.4,DARK,3.0,1021.0,93.0,4.0,céu claro,sem chuva,4,2,2,0,0
1837,Low,37.0,15.4,91.1,LIGHT,16.0,1020.0,100.0,1.0,sem observação,sem chuva,10,4,8,0,0
1838,None_Existent,36.9,2.3,88.2,DARK,16.0,1015.0,100.0,0.0,sem observação,sem chuva,1,4,9,0,0
1839,None_Existent,39.4,0.0,89.7,DARK,12.0,1017.0,93.0,0.0,nuvens dispersas,sem chuva,21,6,2,1,0
1840,None_Existent,44.4,5.8,80.9,DARK,17.0,1010.0,77.0,4.0,nuvens quebradas,sem chuva,2,5,9,1,0
1841,Low,48.5,1.2,77.9,DARK,20.0,1014.0,68.0,3.0,sem observação,sem chuva,20,6,9,1,0
1842,High,34.1,50.4,92.7,LIGHT,24.0,999.0,68.0,1.0,céu claro,sem chuva,10,2,8,0,0
1843,Low,37.7,12.9,67.5,LIGHT,12.0,1019.0,87.0,4.0,sem observação,chuva moderada,11,1,1,0,0
1844,None_Existent,33.6,5.3,68.5,DARK,14.0,1013.0,100.0,3.0,nuvens quebradas,sem chuva,6,6,9,1,0
1845,High,41.9,46.3,86.6,LIGHT,22.0,1021.0,73.0,5.0,céu claro,sem chuva,16,4,9,0,0
1846,Medium,42.1,28.6,81.2,LIGHT,14.0,1020.0,67.0,5.0,céu claro,sem chuva,10,2,11,0,0
1847,Medium,38.6,32.6,77.8,LIGHT,24.0,1017.0,77.0,7.0,sem observação,sem chuva,16,5,6,1,0
1848,Medium,47.8,10.4,66.8,DARK,10.0,1023.0,54.0,6.0,céu claro,sem chuva,23,0,12,0,0
1849,High,36.1,59.9,87.6,LIGHT,25.0,1014.0,78.0,3.0,sem observação,sem chuva,15,1,7,0,0
1850,Medium,38.1,36.8,89.1,LIGHT,19.0,1019.0,88.0,2.0,sem observação,sem chuva,9,4,8,0,1
1851,None_Existent,42.6,0.0,89.2,LIGHT,15.0,1017.0,87.0,3.0,tempo nublado,sem chuva,6,6,7,1,0
1852,None_Existent,41.3,1.3,82.6,DARK,16.0,1010.0,100.0,0.0,sem observação,sem chuva,21,0,10,0,0
1853,Low,45.3,4.8,64.2,DARK,19.0,1019.0,56.0,2.0,sem observação,sem chuva,2,4,5,0,0
1854,Medium,32.7,39.3,94.1,LIGHT,11.0,1021.0,57.0,7.0,algumas nuvens,sem chuva,16,5,2,1,0
1855,Medium,35.0,18.0,89.0,LIGHT,25.0,1022.0,21.0,5.0,céu claro,sem chuva,11,2,10,0,0
1856,Very_High,46.3,95.1,68.5,LIGHT,22.0,1017.0,88.0,7.0,céu pouco nublado,sem chuva,19,4,6,0,1
1857,None_Existent,37.0,3.0,95.2,DARK,9.0,1023.0,87.0,2.0,nuvens dispersas,sem chuva,0,3,2,0,0
1858,Medium,33.5,15.5,75.8,LIGHT,16.0,1020.0,67.0,4.0,nuvens dispersas,sem chuva,13,0,5,0,0
1859,High,41.4,110.4,67.4,LIGHT,14.0,1013.0,87.0,6.0,nuvens quebradas,sem chuva,9,3,5,0,1
1860,High,40.9,58.0,83.2,LIGHT,21.0,1021.0,77.0,3.0,céu pouco nublado,sem chuva,16,3,9,0,0
1861,Medium,49.0,4.4,66.4,DARK,8.0,1013.0,93.0,2.0,sem observação,chuva moderada,7,4,11,0,1
1862,High,35.9,113.8,88.4,LIGHT,24.0,1016.0,73.0,6.0,sem observação,sem chuva,16,2,7,0,0
1863,Medium,39.4,27.0,89.5,LIGHT,21.0,1016.0,73.0,6.0,algumas nuvens,sem chuva,16,4,7,0,0
1864,Medium,40.7,30.9,88.5,LOW_LIGHT,18.0,1020.0,68.0,5.0,céu claro,sem chuva,19,4,8,0,1
1865,High,39.0,36.1,73.3,LIGHT,25.0,1017.0,68.0,6.0,sem observação,sem chuva,15,4,6,0,0
1866,High,40.7,104.4,89.9,LIGHT,10.0,1023.0,66.0,5.0,céu claro,sem chuva,10,3,2,0,0
1867,None_Existent,38.4,5.4,99.1,LIGHT,16.0,1010.0,77.0,4.0,céu claro,sem chuva,9,5,11,1,1
1868,Medium,34.3,14.9,78.7,LIGHT,21.0,1018.0,82.0,5.0,nuvens quebradas,sem chuva,12,5,6,1,0
1869,Very_High,43.5,103.2,75.5,DARK,13.0,1030.0,100.0,3.0,sem observação,sem chuva,18,4,12,0,1
1870,None_Existent,41.4,0.0,85.4,DARK,12.0,998.0,76.0,2.0,nuvens quebrados,sem chuva,23,3,1,0,0
1871,Medium,40.1,31.5,88.8,DARK,16.0,1011.0,87.0,4.0,nuvens dispersas,sem chuva,18,5,11,1,1
1872,Very_High,45.8,96.9,81.3,LIGHT,2.0,1021.0,100.0,2.0,sem observação,sem chuva,9,1,2,0,1
1873,Medium,40.0,40.1,87.7,LIGHT,27.0,1016.0,34.0,5.0,sem observação,sem chuva,15,6,9,1,0
1874,Low,36.1,5.7,67.0,DARK,14.0,1025.0,93.0,3.0,sem observação,chuva fraca,22,5,4,1,0
1875,None_Existent,42.3,0.0,75.6,DARK,6.0,1020.0,100.0,1.0,sem observação,sem chuva,1,3,1,0,0
1876,Medium,46.5,2.2,85.8,DARK,12.0,1003.0,93.0,1.0,sem observação,chuva moderada,21,6,11,1,0
1877,Low,46.1,3.3,81.6,DARK,14.0,1022.0,100.0,2.0,sem observação,sem chuva,2,0,9,0,0
1878,None_Existent,39.1,0.0,86.8,DARK,0.0,1027.0,93.0,0.0,céu claro,sem chuva,4,6,2,1,0
1879,Medium,36.1,45.6,86.8,LIGHT,20.0,1022.0,68.0,9.0,sem observação,sem chuva,15,1,9,0,0
1880,Medium,35.3,38.3,89.6,LIGHT,19.0,1022.0,64.0,2.0,sem observação,sem chuva,11,6,4,1,0
1881,High,44.3,19.9,85.8,LOW_LIGHT,24.0,1016.0,73.0,2.0,céu claro,sem chuva,19,4,8,0,1
1882,Low,41.1,11.6,82.0,LIGHT,23.0,1020.0,57.0,3.0,céu claro,sem chuva,13,5,8,1,0
1883,Medium,40.6,8.2,67.3,DARK,12.0,1017.0,87.0,9.0,sem observação,chuva moderada,7,2,1,0,1
1884,High,43.7,52.8,75.3,DARK,14.0,1030.0,100.0,3.0,sem observação,sem chuva,17,4,12,0,1
1885,Low,42.8,3.3,75.2,DARK,17.0,1021.0,59.0,0.0,céu claro,sem chuva,20,1,10,0,0
1886,None_Existent,42.6,0.0,70.2,DARK,12.0,1017.0,71.0,2.0,sem observação,sem chuva,2,2,6,0,0
1887,Medium,38.3,27.5,83.1,LIGHT,13.0,1019.0,62.0,7.0,algumas nuvens,sem chuva,15,0,2,0,0
1888,None_Existent,43.9,0.7,70.3,DARK,16.0,1022.0,77.0,8.0,sem observação,sem chuva,21,1,9,0,0
1889,None_Existent,39.3,0.0,70.9,LIGHT,8.0,1024.0,93.0,3.0,nuvens quebrados,sem chuva,9,5,12,1,1
1890,None_Existent,38.1,1.3,65.3,DARK,14.0,1017.0,93.0,1.0,sem observação,sem chuva,0,2,5,0,0
1891,Low,39.0,6.5,79.8,DARK,15.0,1021.0,72.0,4.0,sem observação,sem chuva,21,6,6,1,0
1892,None_Existent,38.3,7.7,75.7,DARK,12.0,1022.0,81.0,3.0,nuvens quebrados,sem chuva,0,2,11,0,0
1893,Low,43.8,1.8,83.3,DARK,11.0,1003.0,100.0,3.0,sem observação,chuva moderada,23,6,11,1,0
1894,Low,47.4,1.3,73.2,DARK,8.0,1020.0,93.0,2.0,céu claro,sem chuva,4,4,1,0,0
1895,None_Existent,44.9,3.8,82.5,DARK,16.0,1017.0,100.0,0.0,nuvens quebradas,sem chuva,4,2,8,0,0
1896,None_Existent,41.4,0.0,89.6,DARK,10.0,1016.0,87.0,5.0,nuvens quebradas,sem chuva,6,1,3,0,0
1897,Low,36.0,13.1,111.1,DARK,11.0,1029.0,81.0,1.0,céu claro,sem chuva,22,5,2,1,0
1898,Low,40.1,6.3,64.3,DARK,15.0,1012.0,100.0,7.0,sem observação,sem chuva,20,3,5,0,0
1899,Low,36.8,4.5,76.6,DARK,12.0,1023.0,51.0,6.0,céu claro,sem chuva,21,0,12,0,0
1900,Medium,35.9,17.7,90.4,LIGHT,18.0,1021.0,93.0,2.0,sem observação,sem chuva,13,6,9,1,0
1901,Medium,45.7,5.1,79.5,DARK,5.0,1021.0,100.0,0.0,céu claro,sem chuva,2,1,2,0,0
1902,Very_High,43.5,103.2,69.6,LIGHT,28.0,1020.0,28.0,7.0,sem observação,sem chuva,18,3,5,0,1
1903,Medium,40.2,37.0,80.3,LIGHT,21.0,1025.0,52.0,3.0,sem observação,sem chuva,11,2,9,0,0
1904,None_Existent,36.9,0.0,55.9,DARK,15.0,1012.0,93.0,8.0,sem observação,sem chuva,1,2,5,0,0
1905,Medium,39.8,8.6,70.6,LIGHT,22.0,1017.0,82.0,3.0,céu pouco nublado,sem chuva,12,1,6,0,0
1906,Low,37.3,4.5,77.4,LOW_LIGHT,11.0,1004.0,87.0,4.0,céu limpo,sem chuva,6,0,4,0,0
1907,Medium,39.7,27.4,78.8,LIGHT,26.0,1016.0,32.0,3.0,sem observação,sem chuva,18,5,9,1,1
1908,None_Existent,36.7,4.8,79.1,DARK,15.0,1029.0,82.0,2.0,nuvens quebrados,sem chuva,23,2,12,0,0
1909,High,31.2,92.6,82.8,DARK,15.0,1022.0,87.0,7.0,nuvens quebrados,sem chuva,17,6,12,1,1
1910,Medium,38.1,70.4,92.1,LOW_LIGHT,16.0,1020.0,62.0,1.0,céu claro,sem chuva,18,5,2,1,1
1911,Low,48.5,3.9,78.5,DARK,12.0,993.0,71.0,7.0,nuvens quebrados,sem chuva,6,4,2,0,0
1912,Very_High,46.1,147.1,79.4,LIGHT,15.0,1021.0,100.0,1.0,sem observação,sem chuva,8,3,9,0,1
1913,High,40.4,52.4,87.4,LIGHT,24.0,1016.0,47.0,5.0,algumas nuvens,sem chuva,15,5,10,1,0
1914,High,40.9,61.3,87.0,LIGHT,22.0,1021.0,77.0,4.0,sem observação,sem chuva,16,5,8,1,0
1915,High,40.9,84.0,88.9,LOW_LIGHT,21.0,1026.0,40.0,4.0,céu claro,sem chuva,18,4,2,0,1
1916,Medium,38.8,17.3,81.9,DARK,12.0,1024.0,100.0,5.0,nuvens quebrados,sem chuva,22,5,12,1,0
1917,Low,33.5,7.5,87.9,DARK,14.0,1028.0,71.0,2.0,céu claro,sem chuva,20,6,2,1,0
1918,None_Existent,44.2,0.0,67.8,DARK,10.0,1005.0,76.0,7.0,sem observação,aguaceiros fracos,2,3,4,0,0
1919,Low,37.9,15.7,81.6,DARK,16.0,1019.0,93.0,3.0,céu claro,sem chuva,20,4,9,0,0
1920,None_Existent,38.2,4.7,88.9,DARK,20.0,1011.0,78.0,2.0,sem observação,chuva,21,0,8,0,0
1921,None_Existent,45.4,0.0,78.7,DARK,17.0,1015.0,100.0,2.0,sem observação,sem chuva,2,1,8,0,0
1922,None_Existent,40.8,6.6,90.5,DARK,17.0,1020.0,100.0,2.0,sem observação,sem chuva,1,4,8,0,0
1923,Very_High,46.1,125.5,81.9,LOW_LIGHT,16.0,1006.0,93.0,3.0,sem observação,chuva fraca,7,3,10,0,1
1924,None_Existent,42.0,0.0,77.7,DARK,13.0,1017.0,76.0,4.0,céu pouco nublado,sem chuva,22,4,5,0,0
1925,High,39.8,36.5,75.6,LIGHT,13.0,1000.0,87.0,7.0,sem observação,aguaceiros fracos,15,2,4,0,0
1926,High,43.5,43.7,64.3,LIGHT,12.0,1024.0,93.0,5.0,sem observação,chuva moderada,10,0,1,0,0
1927,None_Existent,45.2,0.0,84.2,DARK,15.0,1018.0,93.0,2.0,sem observação,sem chuva,2,5,9,1,0
1928,None_Existent,43.1,0.0,82.7,LIGHT,19.0,1016.0,49.0,6.0,céu claro,sem chuva,7,5,8,1,1
1929,Medium,37.3,36.1,90.3,LIGHT,29.0,1015.0,39.0,3.0,céu claro,sem chuva,12,1,8,0,0
1930,Medium,37.9,21.7,89.3,LIGHT,22.0,1015.0,53.0,3.0,céu claro,sem chuva,14,6,8,1,0
1931,Very_High,41.0,65.0,84.2,DARK,14.0,1016.0,93.0,1.0,céu claro,sem chuva,19,3,11,0,1
1932,Medium,52.1,3.5,69.2,DARK,13.0,1014.0,66.0,7.0,nuvens quebrados,sem chuva,1,0,11,0,0
1933,Medium,43.2,32.5,87.1,LIGHT,22.0,1019.0,82.0,3.0,sem observação,sem chuva,18,3,8,0,1
1934,None_Existent,41.8,1.2,86.5,DARK,16.0,1015.0,77.0,6.0,céu claro,sem chuva,23,3,10,0,0
1935,None_Existent,44.1,0.0,86.4,DARK,15.0,1015.0,100.0,2.0,sem observação,sem chuva,5,2,9,0,0
1936,Low,46.1,15.2,82.4,DARK,17.0,1015.0,88.0,0.0,sem observação,sem chuva,6,4,8,0,0
1937,Low,31.5,16.8,72.9,LIGHT,13.0,1023.0,71.0,6.0,nuvens quebrados,sem chuva,11,2,11,0,0
1938,High,34.6,79.7,97.2,LIGHT,25.0,1020.0,78.0,5.0,sem observação,sem chuva,17,3,8,0,1
1939,High,46.1,44.2,83.4,LIGHT,21.0,1011.0,60.0,5.0,algumas nuvens,sem chuva,17,3,10,0,1
1940,Medium,46.5,15.7,78.1,LIGHT,12.0,1021.0,93.0,3.0,sem observação,chuva leve,13,1,1,0,0
1941,None_Existent,43.3,1.2,85.7,DARK,16.0,1017.0,100.0,1.0,sem observação,sem chuva,6,3,8,0,0
1942,None_Existent,46.6,2.1,85.3,DARK,18.0,1011.0,88.0,0.0,céu claro,sem chuva,1,0,9,0,0
1943,None_Existent,40.1,1.9,67.8,DARK,16.0,1015.0,77.0,0.0,sem observação,sem chuva,0,1,5,0,0
1944,High,42.4,37.1,86.6,LOW_LIGHT,22.0,1019.0,46.0,5.0,céu claro,sem chuva,18,0,10,0,1
1945,None_Existent,40.7,1.9,78.5,LIGHT,20.0,1014.0,68.0,1.0,algumas nuvens,sem chuva,9,5,9,1,1
1946,Medium,38.4,12.3,80.2,LIGHT,14.0,1019.0,100.0,5.0,sem observação,chuva fraca,18,5,4,1,1
1947,None_Existent,43.5,5.1,75.6,DARK,17.0,1021.0,88.0,2.0,céu claro,sem chuva,20,0,10,0,0
1948,High,44.7,36.7,78.1,DARK,13.0,1017.0,93.0,7.0,sem observação,chuva moderada,19,2,1,0,1
1949,High,41.0,37.3,84.3,DARK,11.0,1021.0,66.0,3.0,algumas nuvens,sem chuva,18,3,1,0,1
1950,None_Existent,39.6,0.0,89.1,DARK,18.0,1021.0,68.0,3.0,céu claro,sem chuva,21,0,9,0,0
1951,Low,48.5,3.5,81.1,DARK,9.0,1016.0,100.0,3.0,nuvens quebrados,sem chuva,6,0,2,0,0
1952,High,36.9,71.3,90.5,LIGHT,21.0,1016.0,83.0,3.0,nuvens quebrados,sem chuva,16,0,8,0,0
1953,Low,38.3,4.2,64.5,DARK,15.0,1020.0,72.0,9.0,sem observação,sem chuva,4,6,5,1,0
1954,Low,40.6,12.5,79.8,DARK,18.0,1018.0,100.0,3.0,sem observação,sem chuva,21,2,8,0,0
1955,None_Existent,36.9,0.0,93.4,DARK,18.0,1013.0,88.0,1.0,sem observação,sem chuva,22,2,7,0,0
1956,None_Existent,40.8,0.0,82.7,DARK,16.0,1013.0,100.0,2.0,sem observação,sem chuva,2,2,9,0,0
1957,None_Existent,40.8,4.9,76.2,LIGHT,17.0,1018.0,77.0,1.0,sem observação,sem chuva,7,5,6,1,1
1958,Low,31.3,19.9,98.5,LIGHT,17.0,1028.0,72.0,3.0,nuvens dispersas,sem chuva,14,5,3,1,0
1959,None_Existent,44.9,0.0,84.6,DARK,16.0,1019.0,100.0,0.0,sem observação,sem chuva,1,4,8,0,0
1960,High,42.4,61.5,86.6,LIGHT,20.0,1018.0,73.0,2.0,céu claro,sem chuva,16,3,9,0,0
1961,Medium,38.8,17.2,88.8,DARK,16.0,1020.0,82.0,3.0,céu claro,sem chuva,20,4,8,0,0
1962,Low,42.5,2.9,75.1,LIGHT,20.0,1017.0,72.0,4.0,céu pouco nublado,sem chuva,13,6,9,1,0
1963,Low,37.2,12.9,93.9,DARK,10.0,1024.0,81.0,1.0,algumas nuvens,sem chuva,21,4,2,0,0
1964,None_Existent,40.8,3.8,67.3,DARK,12.0,1016.0,82.0,6.0,sem observação,aguaceiros fracos,1,4,5,0,0
1965,Low,41.4,4.1,65.3,DARK,16.0,1013.0,52.0,2.0,céu limpo,sem chuva,2,6,4,1,0
1966,Low,42.4,8.1,90.7,DARK,15.0,1018.0,93.0,1.0,sem observação,sem chuva,3,0,8,0,0
1967,None_Existent,42.1,2.5,82.6,DARK,6.0,1025.0,81.0,1.0,algumas nuvens,sem chuva,22,5,2,1,0
1968,High,41.0,72.5,72.8,LIGHT,24.0,1018.0,49.0,7.0,sem observação,sem chuva,17,1,5,0,1
1969,Very_High,43.0,83.4,82.5,LIGHT,29.0,1017.0,31.0,4.0,sem observação,sem chuva,16,3,9,0,0
1970,None_Existent,44.8,0.0,81.4,DARK,17.0,1018.0,88.0,5.0,nuvens quebrados,sem chuva,1,3,8,0,0
1971,Medium,47.3,4.3,68.0,DARK,11.0,1022.0,93.0,2.0,nuvens quebrados,sem chuva,7,2,12,0,1
1972,Very_High,47.9,91.1,68.8,LIGHT,8.0,1027.0,58.0,5.0,céu claro,sem chuva,8,0,12,0,1
1973,Low,35.5,12.6,82.3,LOW_LIGHT,18.0,1014.0,93.0,4.0,sem observação,sem chuva,20,4,7,0,0
1974,None_Existent,43.5,0.0,76.5,DARK,18.0,1019.0,93.0,2.0,nuvens quebradas,sem chuva,0,0,9,0,0
1975,None_Existent,44.5,5.2,88.6,DARK,18.0,1016.0,100.0,3.0,sem observação,sem chuva,1,3,8,0,0
1976,Low,46.1,13.9,88.6,DARK,20.0,1013.0,100.0,4.0,sem observação,chuva fraca,1,4,8,0,0
1977,Low,40.7,6.2,83.9,DARK,13.0,1021.0,100.0,4.0,sem observação,sem chuva,20,3,11,0,0
1978,None_Existent,44.3,1.6,80.8,DARK,18.0,1016.0,100.0,3.0,sem observação,sem chuva,1,1,7,0,0
1979,Medium,36.0,53.4,96.4,LIGHT,13.0,1023.0,58.0,5.0,céu claro,sem chuva,11,3,2,0,0
1980,Medium,42.2,27.7,88.8,LIGHT,18.0,1018.0,93.0,1.0,sem observação,sem chuva,18,5,9,1,1
1981,High,37.5,66.7,85.5,LIGHT,22.0,1021.0,73.0,4.0,sem observação,sem chuva,15,5,8,1,0
1982,Low,41.8,8.8,87.9,DARK,13.0,1020.0,93.0,7.0,sem observação,sem chuva,4,1,8,0,0
1983,Low,35.4,4.1,67.6,DARK,12.0,1020.0,76.0,2.0,céu limpo,sem chuva,22,4,3,0,0
1984,High,41.7,105.1,84.4,LIGHT,21.0,1017.0,88.0,3.0,céu pouco nublado,sem chuva,16,4,8,0,0
1985,Low,35.5,11.8,46.4,LIGHT,21.0,1022.0,73.0,4.0,céu pouco nublado,sem chuva,16,6,8,1,0
1986,Medium,42.6,9.4,81.3,LIGHT,17.0,1015.0,100.0,3.0,sem observação,sem chuva,6,0,7,0,0
1987,Medium,45.1,6.5,65.6,LIGHT,11.0,1017.0,93.0,1.0,sem observação,sem chuva,6,2,5,0,0
1988,Medium,34.4,30.8,91.6,LIGHT,24.0,1023.0,33.0,6.0,céu claro,sem chuva,14,1,10,0,0
1989,None_Existent,42.9,0.0,82.1,DARK,17.0,1013.0,88.0,3.0,nuvens quebradas,sem chuva,2,3,7,0,0
1990,None_Existent,40.5,0.0,88.3,DARK,17.0,1016.0,100.0,1.0,sem observação,sem chuva,1,2,7,0,0
1991,None_Existent,42.4,0.0,75.1,DARK,12.0,1029.0,93.0,0.0,sem observação,sem chuva,6,3,12,0,0
1992,Medium,38.1,37.9,83.9,LIGHT,22.0,1021.0,64.0,6.0,céu claro,sem chuva,14,2,9,0,0
1993,Medium,45.7,14.4,85.4,DARK,14.0,1019.0,100.0,0.0,nuvens dispersas,sem chuva,21,1,10,0,0
1994,Medium,51.7,3.9,79.6,DARK,9.0,1024.0,87.0,1.0,céu claro,sem chuva,2,5,2,1,0
1995,High,43.4,42.7,80.8,LIGHT,22.0,1013.0,35.0,4.0,céu claro,sem chuva,17,0,10,0,1
1996,Medium,39.1,15.1,70.6,LIGHT,16.0,1018.0,51.0,4.0,céu limpo,sem chuva,7,5,4,1,1
1997,None_Existent,45.8,0.0,87.0,DARK,17.0,1010.0,100.0,2.0,algumas nuvens,sem chuva,4,0,9,0,0
1998,Low,36.1,4.5,60.3,DARK,8.0,1015.0,100.0,0.0,sem observação,sem chuva,4,6,5,1,0
1999,Medium,35.8,19.9,78.9,LOW_LIGHT,17.0,1019.0,72.0,5.0,sem observação,sem chuva,20,6,6,1,0
2000,Medium,42.4,23.1,83.3,LIGHT,27.0,1013.0,39.0,3.0,céu claro,sem chuva,17,1,8,0,1
2001,Very_High,47.2,99.6,71.0,LIGHT,9.0,1020.0,87.0,3.0,sem observação,sem chuva,7,4,5,0,1
2002,Medium,34.9,32.9,96.9,LIGHT,14.0,1032.0,87.0,2.0,céu claro,sem chuva,12,6,12,1,0
2003,None_Existent,42.0,0.0,75.6,LOW_LIGHT,10.0,1021.0,81.0,4.0,nuvens quebrados,sem chuva,8,6,1,1,1
2004,Very_High,46.2,97.3,63.1,LIGHT,3.0,1025.0,100.0,2.0,céu claro,sem chuva,9,0,1,0,1
2005,Low,39.5,10.2,90.2,LIGHT,17.0,1014.0,88.0,1.0,nuvens quebradas,sem chuva,10,0,6,0,0
2006,High,36.3,79.6,69.3,LIGHT,18.0,1020.0,72.0,6.0,sem observação,sem chuva,16,5,6,1,0
2007,None_Existent,44.9,0.0,85.9,DARK,19.0,1016.0,60.0,3.0,céu claro,sem chuva,2,5,8,1,0
2008,Medium,42.9,34.2,75.1,LIGHT,9.0,993.0,81.0,7.0,sem observação,chuva,12,4,2,0,0
2009,Low,44.0,14.8,85.5,LIGHT,28.0,1015.0,33.0,6.0,céu claro,sem chuva,11,5,9,1,0
2010,None_Existent,41.0,0.0,90.9,DARK,10.0,1024.0,62.0,4.0,céu claro,sem chuva,5,1,2,0,0
2011,None_Existent,41.8,5.8,88.6,LIGHT,18.0,1016.0,100.0,1.0,sem observação,sem chuva,6,0,8,0,0
2012,Low,37.0,13.3,97.4,LIGHT,15.0,1029.0,77.0,1.0,nuvens quebradas,sem chuva,12,5,3,1,0
2013,Medium,39.9,36.3,90.2,LIGHT,20.0,1022.0,68.0,7.0,céu pouco nublado,sem chuva,13,1,9,0,0
2014,Low,45.2,6.3,77.0,DARK,19.0,1014.0,93.0,1.0,céu claro,sem chuva,23,1,8,0,0
2015,High,45.4,40.7,84.4,LIGHT,21.0,1022.0,77.0,4.0,céu pouco nublado,sem chuva,14,6,8,1,0
2016,None_Existent,39.8,0.0,68.8,DARK,10.0,1020.0,93.0,1.0,sem observação,sem chuva,5,6,6,1,0
2017,High,34.1,57.5,95.9,LIGHT,28.0,1025.0,39.0,4.0,sem observação,sem chuva,15,3,9,0,0
2018,Low,42.3,10.8,73.0,LIGHT,15.0,1019.0,100.0,1.0,sem observação,sem chuva,7,4,8,0,1
2019,Very_High,45.4,62.4,74.5,LIGHT,13.0,1007.0,100.0,2.0,sem observação,chuva fraca,17,3,6,0,1
2020,None_Existent,35.0,4.0,87.1,DARK,18.0,1013.0,100.0,5.0,nuvens quebradas,sem chuva,0,2,7,0,0
2021,Low,36.2,9.7,82.7,DARK,17.0,1022.0,93.0,3.0,sem observação,sem chuva,21,4,9,0,0
2022,Very_High,43.2,82.7,71.2,LIGHT,22.0,1016.0,77.0,7.0,sem observação,sem chuva,18,4,6,0,1
2023,Low,41.9,11.6,73.6,DARK,18.0,1017.0,77.0,4.0,sem observação,sem chuva,20,0,8,0,0
2024,Low,38.6,5.9,62.9,DARK,13.0,1016.0,76.0,5.0,céu pouco nublado,sem chuva,20,4,5,0,0
2025,Medium,33.6,23.7,76.5,LIGHT,21.0,1020.0,82.0,1.0,céu pouco nublado,sem chuva,11,0,7,0,0
2026,High,42.9,53.2,86.5,LIGHT,16.0,1014.0,82.0,4.0,algumas nuvens,sem chuva,15,4,10,0,0
2027,Very_High,48.0,112.7,82.3,LIGHT,15.0,1023.0,42.0,7.0,céu claro,sem chuva,8,1,10,0,1
2028,Very_High,47.2,52.0,78.5,LIGHT,8.0,1026.0,71.0,4.0,céu claro,sem chuva,8,4,2,0,1
2029,Very_High,44.5,81.0,77.3,LIGHT,16.0,1021.0,87.0,3.0,céu pouco nublado,sem chuva,9,0,9,0,1
2030,High,39.7,76.5,71.8,LIGHT,20.0,1016.0,82.0,2.0,nuvens quebradas,sem chuva,17,2,6,0,1
2031,High,39.8,59.6,75.1,LIGHT,21.0,1016.0,77.0,3.0,nuvens quebradas,sem chuva,16,2,6,0,0
2032,Medium,37.3,56.6,93.3,LIGHT,19.0,1017.0,100.0,1.0,sem observação,sem chuva,11,1,9,0,0
2033,Low,33.1,9.2,83.9,DARK,11.0,1032.0,100.0,1.0,sem observação,sem chuva,23,4,12,0,0
2034,High,42.2,21.6,81.9,LIGHT,18.0,1016.0,93.0,2.0,sem observação,sem chuva,8,1,8,0,1
2035,Medium,37.2,50.4,83.0,LIGHT,14.0,1020.0,71.0,5.0,nuvens dispersas,sem chuva,16,6,1,1,0
2036,None_Existent,49.2,0.0,81.3,DARK,11.0,1019.0,100.0,0.0,céu claro,sem chuva,5,3,8,0,0
2037,Low,37.6,4.6,62.4,LIGHT,16.0,1015.0,88.0,2.0,nuvens dispersas,sem chuva,9,5,6,1,1
2038,Low,38.2,6.9,65.3,LOW_LIGHT,14.0,1015.0,71.0,4.0,sem observação,sem chuva,20,6,5,1,0
2039,Medium,36.6,19.4,86.6,LIGHT,24.0,1020.0,60.0,3.0,sem observação,sem chuva,12,6,5,1,0
2040,Low,44.7,7.2,84.4,DARK,17.0,1016.0,100.0,2.0,nuvens quebrados,sem chuva,23,2,8,0,0
2041,Medium,38.3,16.1,88.3,DARK,16.0,1018.0,100.0,5.0,nuvens quebradas,sem chuva,6,2,8,0,0
2042,Low,41.6,11.9,82.5,LIGHT,21.0,1019.0,64.0,3.0,algumas nuvens,sem chuva,13,6,7,1,0
2043,Low,35.9,3.9,71.5,DARK,11.0,1014.0,82.0,5.0,nuvens dispersas,sem chuva,22,4,11,0,0
2044,None_Existent,39.9,1.8,80.4,DARK,17.0,1017.0,100.0,3.0,céu pouco nublado,sem chuva,1,5,7,1,0
2045,Medium,34.0,44.6,87.4,LIGHT,19.0,1020.0,100.0,2.0,nuvens quebradas,sem chuva,11,1,9,0,0
2046,Low,41.1,9.2,71.8,LIGHT,26.0,1020.0,47.0,5.0,sem observação,sem chuva,19,2,5,0,1
2047,High,38.4,28.0,83.9,LIGHT,18.0,1015.0,68.0,2.0,céu claro,sem chuva,10,4,10,0,0
2048,Medium,43.8,8.5,68.3,LIGHT,16.0,1018.0,100.0,1.0,sem observação,sem chuva,6,0,6,0,0
2049,Very_High,41.1,86.1,82.3,LIGHT,25.0,1015.0,73.0,4.0,sem observação,sem chuva,17,1,7,0,1
2050,Medium,37.6,26.4,87.4,LIGHT,24.0,1019.0,41.0,2.0,céu claro,sem chuva,11,3,10,0,0
2051,High,43.5,31.5,72.1,LOW_LIGHT,13.0,1007.0,82.0,5.0,sem observação,aguaceiros fracos,19,2,4,0,1
2052,Low,44.1,6.9,86.8,DARK,17.0,1023.0,93.0,1.0,céu claro,sem chuva,22,5,9,1,0
2053,Low,47.8,8.9,82.1,DARK,14.0,1020.0,100.0,3.0,nuvens dispersas,sem chuva,5,6,8,1,0
2054,Medium,35.8,45.5,88.2,LIGHT,22.0,1016.0,88.0,3.0,nuvens quebradas,sem chuva,15,0,7,0,0
2055,Very_High,38.4,90.9,86.7,LIGHT,29.0,1015.0,61.0,5.0,sem observação,sem chuva,14,2,7,0,0
2056,Low,38.5,2.7,79.8,DARK,10.0,1030.0,87.0,2.0,sem observação,sem chuva,23,4,4,0,0
2057,None_Existent,42.8,0.0,86.2,DARK,17.0,1013.0,93.0,2.0,sem observação,sem chuva,6,2,9,0,0
2058,Medium,39.4,28.2,90.0,LIGHT,23.0,1016.0,44.0,5.0,céu claro,sem chuva,18,1,8,0,1
2059,Low,33.4,11.6,83.0,DARK,14.0,1014.0,82.0,3.0,céu pouco nublado,sem chuva,20,3,4,0,0
2060,None_Existent,43.3,0.0,85.7,DARK,14.0,1016.0,100.0,0.0,céu claro,sem chuva,3,4,8,0,0
2061,None_Existent,47.0,0.0,72.7,DARK,8.0,996.0,76.0,5.0,nuvens dispersas,sem chuva,4,1,4,0,0
2062,None_Existent,42.6,0.0,92.0,DARK,12.0,1015.0,62.0,6.0,céu claro,sem chuva,5,5,10,1,0
2063,Very_High,44.4,167.5,82.6,LIGHT,5.0,1024.0,93.0,0.0,sem observação,sem chuva,9,1,11,0,1
2064,Medium,39.7,13.7,78.0,LIGHT,18.0,1026.0,63.0,4.0,céu claro,sem chuva,14,2,12,0,0
2065,None_Existent,40.1,0.0,68.4,LIGHT,9.0,1020.0,100.0,5.0,sem observação,sem chuva,6,0,6,0,0
2066,Medium,36.4,18.2,71.2,LIGHT,16.0,1016.0,93.0,4.0,sem observação,chuva fraca,13,1,5,0,0
2067,None_Existent,40.0,2.0,87.9,DARK,13.0,1017.0,100.0,0.0,algumas nuvens,sem chuva,2,0,9,0,0
2068,High,34.6,78.1,73.6,LIGHT,22.0,1013.0,49.0,5.0,sem observação,sem chuva,17,5,6,1,1
2069,None_Existent,37.8,1.8,67.4,LOW_LIGHT,10.0,1010.0,100.0,3.0,nuvens dispersas,sem chuva,6,3,4,0,0
2070,Medium,45.3,28.1,70.3,LIGHT,22.0,1016.0,68.0,6.0,céu pouco nublado,sem chuva,15,0,5,0,0
2071,None_Existent,47.7,0.0,71.3,DARK,8.0,1025.0,93.0,1.0,nuvens quebrados,sem chuva,23,6,1,1,0
2072,None_Existent,45.0,0.0,87.3,DARK,15.0,1015.0,100.0,3.0,sem observação,sem chuva,4,2,9,0,0
2073,High,45.9,56.3,69.4,LOW_LIGHT,26.0,1018.0,68.0,4.0,sem observação,sem chuva,19,4,9,0,1
2074,Medium,38.1,21.0,81.5,LIGHT,17.0,1019.0,100.0,3.0,sem observação,sem chuva,9,3,8,0,1
2075,High,38.7,71.7,81.6,LIGHT,25.0,1014.0,73.0,3.0,sem observação,sem chuva,16,1,7,0,0
2076,None_Existent,43.3,1.5,79.5,LIGHT,13.0,1024.0,100.0,1.0,nuvens quebrados,sem chuva,9,5,11,1,1
2077,Medium,45.7,5.6,64.0,DARK,10.0,1011.0,87.0,7.0,sem observação,chuva,3,3,11,0,0
2078,Low,44.4,7.1,82.2,DARK,20.0,1016.0,60.0,3.0,sem observação,sem chuva,20,6,9,1,0
2079,Low,37.5,10.8,85.7,LOW_LIGHT,19.0,1013.0,88.0,3.0,algumas nuvens,sem chuva,19,1,9,0,1
2080,High,37.6,27.9,72.4,LIGHT,16.0,1019.0,87.0,2.0,nuvens quebradas,sem chuva,19,4,5,0,1
2081,None_Existent,37.8,0.0,80.1,DARK,16.0,1022.0,82.0,6.0,céu claro,sem chuva,21,3,8,0,0
2082,Medium,33.5,21.8,85.4,LIGHT,15.0,1019.0,58.0,3.0,nuvens quebradas,sem chuva,11,5,4,1,0
2083,Very_High,42.5,91.1,70.7,LIGHT,12.0,1016.0,77.0,5.0,céu claro,sem chuva,9,4,11,0,1
2084,Medium,34.2,32.6,92.5,LIGHT,25.0,1022.0,41.0,4.0,céu claro,sem chuva,11,2,9,0,0
2085,Medium,37.0,32.2,80.1,LIGHT,26.0,1015.0,69.0,3.0,céu pouco nublado,sem chuva,14,0,8,0,0
2086,None_Existent,39.2,0.0,71.9,DARK,8.0,1022.0,87.0,4.0,céu claro,sem chuva,21,6,1,1,0
2087,Medium,35.9,38.4,87.9,LIGHT,24.0,1019.0,77.0,5.0,sem observação,sem chuva,15,3,8,0,0
2088,None_Existent,45.0,0.0,80.6,DARK,19.0,1005.0,68.0,8.0,nuvens quebrados,sem chuva,0,3,10,0,0
2089,High,40.8,31.3,87.2,LIGHT,29.0,1015.0,35.0,2.0,céu claro,sem chuva,17,0,8,0,1
2090,Low,38.0,21.9,88.7,LIGHT,17.0,1017.0,100.0,0.0,nuvens quebrados,sem chuva,9,3,8,0,1
2091,Medium,37.0,36.5,89.2,LIGHT,31.0,1014.0,61.0,4.0,sem observação,sem chuva,15,3,7,0,0
2092,High,44.5,36.5,89.0,LIGHT,13.0,998.0,93.0,6.0,sem observação,chuva fraca,18,0,4,0,1
2093,Low,51.7,2.1,77.1,DARK,12.0,994.0,66.0,7.0,nuvens quebrados,sem chuva,5,4,2,0,0
2094,None_Existent,45.1,4.9,83.1,LOW_LIGHT,11.0,1019.0,87.0,3.0,sem observação,sem chuva,7,6,9,1,1
2095,None_Existent,41.6,1.9,73.8,DARK,7.0,1018.0,70.0,3.0,céu limpo,sem chuva,6,5,3,1,0
2096,Medium,40.7,16.1,77.9,DARK,17.0,1023.0,67.0,3.0,céu claro,sem chuva,19,2,10,0,1
2097,None_Existent,45.7,0.0,75.7,DARK,13.0,1022.0,87.0,1.0,céu claro,sem chuva,22,2,10,0,0
2098,None_Existent,44.9,0.0,84.6,DARK,19.0,1005.0,68.0,8.0,nuvens quebrados,sem chuva,1,3,10,0,0
2099,None_Existent,47.9,5.5,75.5,DARK,17.0,1018.0,42.0,3.0,sem observação,sem chuva,6,5,9,1,0
2100,High,37.8,106.9,88.3,LIGHT,22.0,1017.0,77.0,7.0,céu pouco nublado,sem chuva,15,6,8,1,0
2101,None_Existent,44.4,2.8,75.9,DARK,22.0,1020.0,53.0,3.0,sem observação,sem chuva,4,5,9,1,0
2102,Medium,39.5,29.5,83.7,LIGHT,21.0,1011.0,100.0,8.0,sem observação,chuva fraca,19,3,8,0,1
2103,None_Existent,38.6,2.2,64.9,DARK,16.0,1016.0,82.0,5.0,sem observação,sem chuva,23,0,5,0,0
2104,None_Existent,44.2,1.4,82.1,DARK,15.0,1017.0,93.0,0.0,céu claro,sem chuva,0,1,8,0,0
2105,None_Existent,45.7,2.3,90.9,DARK,5.0,1013.0,100.0,1.0,céu claro,sem chuva,3,0,10,0,0
2106,None_Existent,42.6,0.0,80.6,DARK,17.0,1013.0,100.0,2.0,nuvens quebradas,sem chuva,5,0,7,0,0
2107,None_Existent,45.3,1.9,82.4,DARK,14.0,1017.0,87.0,1.0,céu claro,sem chuva,0,4,8,0,0
2108,Low,37.3,14.6,90.8,LIGHT,18.0,1015.0,72.0,1.0,céu claro,sem chuva,10,6,8,1,0
2109,Medium,33.1,22.2,86.5,LIGHT,29.0,1017.0,73.0,2.0,sem observação,sem chuva,15,0,7,0,0
2110,None_Existent,42.3,0.0,75.8,DARK,8.0,1023.0,93.0,3.0,céu claro,sem chuva,4,1,11,0,0
2111,High,41.0,66.7,80.9,LIGHT,21.0,1015.0,73.0,3.0,céu pouco nublado,sem chuva,18,3,7,0,1
2112,None_Existent,45.7,0.8,88.3,DARK,12.0,1017.0,50.0,2.0,céu claro,sem chuva,3,0,10,0,0
2113,None_Existent,41.4,0.0,89.4,DARK,11.0,1024.0,87.0,5.0,nuvens quebradas,sem chuva,7,6,3,1,1
2114,None_Existent,45.6,2.2,68.2,DARK,12.0,1019.0,93.0,2.0,céu pouco nublado,sem chuva,1,1,4,0,0
2115,Medium,40.8,29.3,81.0,LIGHT,26.0,1020.0,19.0,6.0,céu claro,sem chuva,11,1,9,0,0
2116,Medium,43.3,30.6,85.2,LIGHT,20.0,1012.0,77.0,2.0,nuvens quebrados,sem chuva,16,0,9,0,0
2117,Low,32.3,12.1,69.2,LIGHT,15.0,1020.0,63.0,3.0,nuvens quebradas,sem chuva,12,0,5,0,0
2118,Medium,38.9,34.0,92.0,LIGHT,30.0,1015.0,33.0,3.0,céu claro,sem chuva,16,0,8,0,0
2119,High,40.7,29.5,83.2,DARK,14.0,1016.0,67.0,2.0,algumas nuvens,sem chuva,17,2,11,0,1
2120,Low,34.1,5.1,85.7,LIGHT,14.0,1012.0,77.0,9.0,nuvens quebradas,sem chuva,13,1,3,0,0
2121,None_Existent,42.6,0.0,82.9,DARK,18.0,1018.0,88.0,2.0,sem observação,sem chuva,0,0,7,0,0
2122,Medium,46.2,3.0,81.4,DARK,13.0,1006.0,100.0,6.0,sem observação,chuva fraca,22,1,11,0,0
2123,None_Existent,42.1,0.0,76.0,DARK,12.0,1009.0,93.0,2.0,nuvens dispersas,sem chuva,2,6,11,1,0
2124,High,40.4,51.9,87.0,LIGHT,27.0,1025.0,54.0,2.0,céu claro,sem chuva,14,3,9,0,0
2125,Low,45.5,5.0,84.0,DARK,10.0,1019.0,87.0,3.0,nuvens dispersas,sem chuva,0,1,3,0,0
2126,Medium,36.1,12.3,74.1,DARK,22.0,1018.0,68.0,2.0,sem observação,sem chuva,21,5,9,1,0
2127,Medium,36.4,43.9,74.6,LIGHT,17.0,1016.0,60.0,2.0,sem observação,sem chuva,10,1,5,0,0
2128,Low,34.5,16.9,78.8,LIGHT,20.0,1016.0,63.0,3.0,sem observação,sem chuva,12,1,5,0,0
2129,None_Existent,40.0,0.0,67.4,DARK,18.0,1016.0,93.0,4.0,nuvens dispersas,sem chuva,23,1,6,0,0
2130,High,47.4,18.7,76.9,LIGHT,25.0,1014.0,31.0,1.0,sem observação,sem chuva,19,1,5,0,1
2131,Medium,37.1,12.9,81.6,LIGHT,17.0,1013.0,100.0,6.0,sem observação,chuva fraca,19,1,6,0,1
2132,Low,46.4,7.7,62.2,DARK,15.0,1011.0,100.0,3.0,sem observação,chuva fraca,4,6,6,1,0
2133,None_Existent,40.6,5.2,87.3,LIGHT,13.0,1020.0,100.0,2.0,algumas nuvens,sem chuva,7,2,8,0,1
2134,Medium,34.3,45.8,90.0,LIGHT,25.0,1022.0,40.0,4.0,céu claro,sem chuva,11,0,9,0,0
2135,High,38.5,45.3,87.9,LIGHT,21.0,1014.0,35.0,4.0,céu claro,sem chuva,16,0,10,0,0
2136,None_Existent,46.0,0.0,89.3,DARK,17.0,1011.0,88.0,1.0,céu claro,sem chuva,2,0,9,0,0
2137,Very_High,41.2,147.6,66.6,LIGHT,13.0,1013.0,87.0,5.0,nuvens dispersas,sem chuva,8,3,5,0,1
2138,Medium,34.9,31.4,87.1,LIGHT,15.0,1016.0,62.0,2.0,algumas nuvens,sem chuva,16,2,11,0,0
2139,Medium,31.9,27.0,95.8,LIGHT,14.0,1021.0,71.0,7.0,nuvens quebrados,sem chuva,16,5,2,1,0
2140,Medium,38.9,40.9,90.3,LIGHT,19.0,1018.0,72.0,7.0,algumas nuvens,sem chuva,14,5,10,1,0
2141,None_Existent,43.3,1.1,85.7,DARK,18.0,1014.0,88.0,1.0,céu claro,sem chuva,0,4,9,0,0
2142,None_Existent,42.6,2.5,79.0,DARK,16.0,1021.0,93.0,3.0,sem observação,sem chuva,20,6,9,1,0
2143,None_Existent,41.5,3.2,81.2,LIGHT,15.0,1018.0,82.0,2.0,sem observação,sem chuva,9,5,8,1,1
2144,Medium,33.9,10.5,75.2,LIGHT,17.0,1013.0,93.0,3.0,nuvens quebradas,sem chuva,13,6,6,1,0
2145,Medium,40.0,42.1,88.8,LIGHT,24.0,1017.0,44.0,6.0,céu claro,sem chuva,14,5,10,1,0
2146,High,44.2,20.7,77.7,LIGHT,14.0,1024.0,100.0,3.0,tempo nublado,sem chuva,8,4,11,0,1
2147,Low,42.9,15.7,84.2,LIGHT,21.0,1022.0,56.0,5.0,céu claro,sem chuva,13,4,8,0,0
2148,Medium,39.0,19.1,77.9,LIGHT,14.0,986.0,82.0,0.0,nuvens quebrados,sem chuva,14,0,11,0,0
2149,Low,44.6,12.9,90.3,LIGHT,21.0,1013.0,69.0,2.0,céu claro,sem chuva,12,0,8,0,0
2150,High,41.8,30.4,68.1,DARK,13.0,1020.0,71.0,1.0,céu limpo,sem chuva,21,4,3,0,0
2151,Medium,36.4,29.2,79.4,LIGHT,13.0,1000.0,71.0,3.0,sem observação,aguaceiros fracos,15,1,4,0,0
2152,Medium,34.5,37.3,97.2,LIGHT,20.0,1019.0,78.0,4.0,nuvens dispersas,sem chuva,11,1,7,0,0
2153,Medium,37.8,18.3,86.8,LIGHT,17.0,1021.0,67.0,4.0,céu pouco nublado,sem chuva,11,0,6,0,0
2154,Low,41.3,16.5,85.8,DARK,19.0,1020.0,88.0,3.0,sem observação,sem chuva,22,3,8,0,0
2155,None_Existent,43.5,4.0,85.3,DARK,15.0,1017.0,100.0,0.0,sem observação,sem chuva,5,3,7,0,0
2156,None_Existent,41.6,0.0,76.1,DARK,11.0,1004.0,87.0,3.0,céu limpo,sem chuva,5,0,4,0,0
2157,Low,43.5,4.3,87.4,DARK,17.0,1024.0,93.0,0.0,céu claro,sem chuva,6,3,9,0,0
2158,Low,37.1,25.3,89.6,LIGHT,27.0,1017.0,36.0,5.0,céu claro,sem chuva,11,5,8,1,0
2159,High,45.9,29.1,82.1,DARK,22.0,1015.0,73.0,4.0,sem observação,sem chuva,21,1,7,0,0
2160,Low,37.4,15.9,86.6,LIGHT,18.0,1019.0,55.0,2.0,céu claro,sem chuva,11,3,10,0,0
2161,Low,38.4,15.4,91.7,LIGHT,21.0,1022.0,69.0,3.0,céu claro,sem chuva,13,2,9,0,0
2162,Medium,40.1,10.8,83.5,LOW_LIGHT,20.0,1015.0,82.0,2.0,céu pouco nublado,sem chuva,20,0,7,0,0
2163,Low,43.1,15.1,83.9,LIGHT,14.0,1007.0,76.0,6.0,algumas nuvens,sem chuva,13,0,11,0,0
2164,Low,44.4,1.6,88.2,DARK,7.0,1022.0,81.0,4.0,céu claro,sem chuva,3,3,2,0,0
2165,None_Existent,46.8,0.0,84.0,DARK,7.0,1023.0,62.0,2.0,céu claro,sem chuva,6,4,2,0,0
2166,None_Existent,45.0,4.9,81.6,DARK,18.0,1014.0,77.0,4.0,sem observação,sem chuva,3,0,9,0,0
2167,None_Existent,36.5,0.7,66.9,DARK,10.0,1012.0,71.0,1.0,céu limpo,sem chuva,6,6,3,1,0
2168,None_Existent,50.4,0.8,67.1,DARK,16.0,1011.0,93.0,3.0,céu pouco nublado,sem chuva,23,4,9,0,0
2169,None_Existent,43.8,0.0,74.5,DARK,10.0,1012.0,93.0,5.0,sem observação,chuva moderada,0,4,11,0,0
2170,Low,49.5,6.4,81.9,DARK,18.0,1013.0,100.0,3.0,nublado,sem chuva,2,3,7,0,0
2171,Medium,34.9,18.9,83.3,LIGHT,13.0,1022.0,71.0,3.0,céu claro,sem chuva,12,5,1,1,0
2172,Medium,33.0,24.8,82.0,LIGHT,16.0,1003.0,87.0,5.0,nuvens quebradas,sem chuva,11,0,4,0,0
2173,Low,34.4,12.6,91.2,LIGHT,21.0,1024.0,33.0,5.0,céu claro,sem chuva,13,1,2,0,0
2174,Medium,43.9,6.9,60.7,LIGHT,14.0,1010.0,93.0,6.0,nuvens quebradas,sem chuva,6,0,4,0,0
2175,None_Existent,42.4,1.5,86.6,DARK,13.0,1020.0,100.0,1.0,algumas nuvens,sem chuva,5,2,9,0,0
2176,None_Existent,43.7,0.0,68.5,DARK,8.0,995.0,93.0,5.0,sem observação,chuva moderada,4,2,4,0,0
2177,None_Existent,41.5,0.0,87.4,DARK,11.0,1022.0,100.0,1.0,sem observação,chuva fraca,7,5,2,1,1
2178,Medium,37.8,9.7,80.2,DARK,4.0,1023.0,100.0,3.0,nuvens quebrados,sem chuva,7,4,2,0,1
2179,High,37.8,38.5,88.0,LIGHT,23.0,1021.0,64.0,5.0,sem observação,sem chuva,13,1,8,0,0
2180,Medium,43.6,12.3,82.2,LIGHT,15.0,1023.0,67.0,4.0,nuvens quebrados,sem chuva,14,1,12,0,0
2181,None_Existent,42.4,0.0,82.5,DARK,17.0,1013.0,100.0,7.0,sem observação,sem chuva,5,4,7,0,0
2182,Low,35.5,8.9,74.5,LOW_LIGHT,19.0,1014.0,88.0,3.0,céu pouco nublado,sem chuva,20,6,7,1,0
2183,High,39.9,44.2,72.6,LIGHT,15.0,1023.0,77.0,2.0,algumas nuvens,sem chuva,16,4,11,0,0
2184,Medium,33.0,34.2,82.4,LIGHT,15.0,1017.0,82.0,5.0,nuvens dispersas,sem chuva,10,1,5,0,0
2185,Medium,39.1,21.8,69.8,DARK,14.0,1018.0,100.0,3.0,sem observação,chuva fraca,2,6,4,1,0
2186,High,39.3,55.3,80.4,DARK,18.0,1014.0,72.0,2.0,nuvens dispersas,sem chuva,17,4,11,0,1
2187,Very_High,42.4,92.6,88.3,LIGHT,22.0,1013.0,53.0,4.0,céu claro,sem chuva,16,4,10,0,0
2188,Medium,35.9,42.3,81.3,LIGHT,17.0,1020.0,77.0,3.0,céu limpo,sem chuva,13,4,4,0,0
2189,Low,47.2,1.0,74.6,DARK,17.0,1019.0,93.0,5.0,sem observação,sem chuva,21,1,8,0,0
2190,None_Existent,42.9,0.0,87.0,DARK,17.0,1019.0,59.0,2.0,céu claro,sem chuva,1,2,9,0,0
2191,Medium,43.7,20.1,76.6,LIGHT,19.0,1017.0,49.0,4.0,sem observação,sem chuva,7,2,8,0,1
2192,High,37.3,103.4,90.8,LIGHT,23.0,1017.0,50.0,4.0,sem observação,chuva,16,6,10,1,0
2193,None_Existent,49.5,2.6,77.7,LIGHT,15.0,1017.0,100.0,1.0,sem observação,sem chuva,7,5,8,1,1
2194,Medium,38.9,27.3,98.2,LIGHT,8.0,1021.0,71.0,2.0,céu claro,sem chuva,11,1,2,0,0
2195,Very_High,43.7,138.3,77.5,LIGHT,13.0,1025.0,58.0,4.0,céu claro,sem chuva,9,1,2,0,1
2196,Medium,40.4,17.6,83.2,LOW_LIGHT,24.0,1018.0,53.0,3.0,céu claro,sem chuva,19,1,9,0,1
2197,Low,41.9,4.1,73.8,DARK,13.0,1016.0,77.0,3.0,céu claro,sem chuva,22,3,11,0,0
2198,None_Existent,39.3,4.2,82.0,DARK,22.0,1014.0,64.0,3.0,sem observação,sem chuva,23,2,7,0,0
2199,Medium,40.9,36.4,89.3,LIGHT,29.0,1022.0,32.0,4.0,céu claro,sem chuva,12,2,9,0,0
2200,Low,50.1,0.9,72.3,DARK,20.0,1019.0,37.0,2.0,sem observação,sem chuva,1,4,9,0,0
2201,Low,34.1,6.4,73.2,DARK,16.0,1019.0,76.0,3.0,céu limpo,sem chuva,0,5,4,1,0
2202,None_Existent,52.3,0.0,69.6,DARK,13.0,1018.0,93.0,8.0,nuvens quebrados,sem chuva,22,2,1,0,0
2203,Very_High,48.6,58.5,76.2,LIGHT,1.0,1029.0,100.0,2.0,céu claro,sem chuva,8,0,2,0,1
2204,Very_High,39.6,97.8,88.2,LIGHT,12.0,1032.0,81.0,1.0,céu claro,sem chuva,11,3,2,0,0
2205,None_Existent,45.3,0.0,85.1,DARK,20.0,1024.0,88.0,0.0,céu claro,sem chuva,0,3,9,0,0
2206,Medium,37.5,31.8,89.0,DARK,13.0,1007.0,93.0,8.0,sem observação,chuva fraca,18,5,11,1,1
2207,None_Existent,40.2,3.0,67.1,DARK,19.0,1021.0,64.0,3.0,sem observação,sem chuva,2,3,5,0,0
2208,Low,39.9,4.2,83.5,LOW_LIGHT,19.0,1015.0,88.0,5.0,sem observação,sem chuva,20,3,7,0,0
2209,Very_High,38.9,139.7,72.8,LIGHT,14.0,1015.0,82.0,2.0,nuvens dispersas,sem chuva,10,0,5,0,0
2210,High,37.0,54.8,90.6,LIGHT,28.0,1022.0,54.0,3.0,céu claro,sem chuva,15,2,9,0,0
2211,Medium,37.9,37.7,88.8,LIGHT,21.0,1014.0,69.0,2.0,algumas nuvens,sem chuva,15,3,9,0,0
2212,High,36.2,57.6,84.2,LIGHT,24.0,1019.0,77.0,4.0,sem observação,sem chuva,17,3,8,0,1
2213,None_Existent,41.9,0.0,74.3,DARK,14.0,1017.0,100.0,5.0,sem observação,chuva fraca,5,1,5,0,0
2214,None_Existent,40.3,0.0,67.8,DARK,16.0,1016.0,100.0,0.0,nuvens quebradas,sem chuva,4,3,6,0,0
2215,Low,40.4,7.2,90.8,LIGHT,15.0,1018.0,100.0,0.0,sem observação,sem chuva,9,5,9,1,1
2216,High,38.8,115.8,80.8,LIGHT,14.0,1023.0,93.0,6.0,nuvens dispersas,sem chuva,16,5,12,1,0
2217,High,41.5,35.5,82.9,LIGHT,12.0,1016.0,100.0,7.0,sem observação,chuva leve,15,1,1,0,0
2218,None_Existent,44.4,0.0,82.6,DARK,2.0,1027.0,100.0,2.0,céu claro,sem chuva,3,6,2,1,0
2219,None_Existent,42.6,0.0,71.7,DARK,7.0,1018.0,93.0,3.0,algumas nuvens,sem chuva,2,5,1,1,0
2220,Low,47.3,9.1,83.1,DARK,12.0,1029.0,100.0,1.0,nuvens quebradas,sem chuva,1,5,3,1,0
2221,Medium,36.9,35.8,83.3,LIGHT,13.0,1016.0,100.0,3.0,nuvens quebrados,sem chuva,15,3,11,0,0
2222,Very_High,50.4,58.9,72.9,LOW_LIGHT,3.0,1026.0,100.0,1.0,sem observação,sem chuva,8,2,2,0,1
2223,Low,43.1,6.6,77.9,DARK,14.0,1021.0,62.0,5.0,céu claro,sem chuva,22,5,10,1,0
2224,None_Existent,34.4,4.6,81.3,DARK,10.0,1004.0,100.0,5.0,sem observação,chuva leve,21,0,10,0,0
2225,Medium,47.6,8.2,78.5,DARK,13.0,1005.0,93.0,9.0,sem observação,chuva de intensidade pesado,0,6,10,1,0
2226,Medium,44.9,5.8,82.0,LOW_LIGHT,11.0,1011.0,87.0,1.0,algumas nuvens,sem chuva,7,2,11,0,1
2227,Medium,43.4,5.3,63.0,LIGHT,9.0,1012.0,100.0,1.0,sem observação,sem chuva,6,3,6,0,0
2228,Low,40.8,8.3,81.9,LOW_LIGHT,21.0,1012.0,77.0,2.0,nuvens dispersas,sem chuva,19,0,9,0,1
2229,None_Existent,41.3,1.4,78.0,DARK,17.0,1016.0,100.0,3.0,sem observação,sem chuva,21,1,7,0,0
2230,None_Existent,35.5,5.4,75.0,DARK,7.0,1024.0,87.0,4.0,céu claro,sem chuva,0,1,11,0,0
2231,High,36.0,53.3,75.4,LIGHT,19.0,1021.0,77.0,7.0,nuvens dispersas,sem chuva,16,3,5,0,0
2232,Medium,46.8,6.2,61.2,LIGHT,12.0,1017.0,76.0,2.0,sem observação,sem chuva,6,1,5,0,0
2233,High,34.4,63.2,91.6,LIGHT,22.0,1021.0,73.0,5.0,céu claro,sem chuva,15,4,9,0,0
2234,None_Existent,37.3,7.0,94.4,DARK,8.0,1026.0,100.0,2.0,sem observação,sem chuva,23,2,2,0,0
2235,High,36.4,44.8,79.5,LIGHT,14.0,1028.0,67.0,4.0,céu pouco nublado,sem chuva,18,4,4,0,1
2236,None_Existent,39.9,0.0,68.3,DARK,16.0,1014.0,100.0,4.0,sem observação,sem chuva,1,2,6,0,0
2237,None_Existent,40.9,4.9,85.1,DARK,11.0,1024.0,76.0,4.0,algumas nuvens,sem chuva,20,6,1,1,0
2238,None_Existent,41.9,0.0,87.0,DARK,11.0,1004.0,66.0,1.0,céu claro,sem chuva,4,2,10,0,0
2239,None_Existent,41.3,1.1,82.1,DARK,16.0,1018.0,93.0,2.0,sem observação,sem chuva,4,2,9,0,0
2240,High,39.4,142.4,78.9,DARK,14.0,1024.0,93.0,4.0,nuvens dispersas,sem chuva,18,5,12,1,1
2241,Very_High,45.6,114.7,86.2,LIGHT,16.0,1021.0,93.0,1.0,algumas nuvens,sem chuva,8,4,9,0,1
2242,High,40.7,49.3,75.1,DARK,16.0,1015.0,87.0,2.0,céu claro,sem chuva,18,3,11,0,1
2243,None_Existent,37.3,0.9,67.6,DARK,10.0,1023.0,87.0,2.0,nuvens dispersas,sem chuva,22,1,12,0,0
2244,None_Existent,42.6,0.0,85.5,DARK,15.0,1015.0,100.0,3.0,sem observação,sem chuva,2,2,9,0,0
2245,Low,43.1,15.1,80.3,LIGHT,30.0,1012.0,33.0,5.0,céu claro,sem chuva,18,5,9,1,1
2246,None_Existent,40.1,0.0,90.7,DARK,17.0,1015.0,100.0,3.0,sem observação,sem chuva,4,3,8,0,0
2247,Medium,39.6,25.0,89.1,LIGHT,17.0,1016.0,100.0,3.0,sem observação,sem chuva,11,1,8,0,0
2248,None_Existent,42.1,0.0,76.0,DARK,8.0,1021.0,66.0,1.0,céu claro,sem chuva,5,1,12,0,0
2249,None_Existent,40.6,0.0,83.4,DARK,16.0,1017.0,93.0,1.0,céu claro,sem chuva,23,0,8,0,0
2250,Medium,38.5,36.4,91.7,LIGHT,23.0,1021.0,57.0,5.0,algumas nuvens,sem chuva,16,0,9,0,0
2251,None_Existent,45.1,0.0,88.8,LIGHT,16.0,1019.0,100.0,1.0,sem observação,sem chuva,7,6,9,1,1
2252,None_Existent,40.1,1.8,84.7,DARK,21.0,1014.0,83.0,0.0,céu claro,sem chuva,2,4,8,0,0
2253,None_Existent,41.5,0.0,84.4,DARK,14.0,1018.0,100.0,0.0,algumas nuvens,sem chuva,1,6,7,1,0
2254,None_Existent,44.7,0.0,85.7,DARK,15.0,1021.0,44.0,3.0,céu claro,sem chuva,1,2,10,0,0
2255,None_Existent,41.8,0.0,73.3,DARK,14.0,1010.0,93.0,6.0,nuvens quebradas,sem chuva,5,0,4,0,0
2256,Very_High,44.2,139.5,87.6,LIGHT,20.0,1022.0,64.0,6.0,algumas nuvens,sem chuva,11,3,8,0,0
2257,High,40.0,37.3,83.3,LIGHT,15.0,1005.0,100.0,4.0,sem observação,chuva leve,11,0,10,0,0
2258,Medium,40.4,18.5,81.1,LIGHT,29.0,1017.0,69.0,2.0,sem observação,sem chuva,13,4,8,0,0
2259,Very_High,41.8,85.2,88.7,DARK,12.0,1022.0,87.0,3.0,sem observação,chuva,18,4,2,0,1
2260,Low,40.4,5.2,87.4,LIGHT,26.0,1018.0,31.0,4.0,céu claro,sem chuva,10,6,8,1,0
2261,Medium,33.8,34.6,98.7,LIGHT,25.0,1015.0,78.0,2.0,céu pouco nublado,sem chuva,14,2,7,0,0
2262,Medium,40.6,34.5,83.4,LIGHT,20.0,1014.0,73.0,1.0,nuvens quebradas,sem chuva,13,4,9,0,0
2263,High,45.8,13.7,83.7,DARK,23.0,1014.0,68.0,3.0,sem observação,sem chuva,22,2,7,0,0
2264,Medium,39.4,38.1,89.1,LIGHT,35.0,1016.0,46.0,1.0,céu claro,sem chuva,14,4,8,0,0
2265,Low,44.1,0.9,87.8,DARK,15.0,1020.0,100.0,1.0,sem observação,sem chuva,6,3,9,0,0
2266,Low,42.5,9.4,93.9,DARK,13.0,1018.0,100.0,1.0,sem observação,sem chuva,5,1,8,0,0
2267,None_Existent,41.0,0.0,71.6,LOW_LIGHT,11.0,1014.0,93.0,4.0,sem observação,sem chuva,6,6,5,1,0
2268,Very_High,41.5,61.9,81.0,LIGHT,20.0,1017.0,82.0,5.0,sem observação,sem chuva,14,1,4,0,0
2269,Medium,36.9,26.7,95.4,LIGHT,15.0,1017.0,93.0,2.0,sem observação,sem chuva,9,1,8,0,1
2270,Medium,42.2,24.4,75.1,LIGHT,19.0,1015.0,94.0,7.0,nuvens quebradas,sem chuva,9,4,8,0,1
2271,None_Existent,48.4,0.0,84.8,DARK,17.0,1017.0,100.0,2.0,sem observação,sem chuva,1,1,9,0,0
2272,High,46.8,68.0,71.3,DARK,13.0,1020.0,93.0,0.0,sem observação,sem chuva,23,5,11,1,0
2273,None_Existent,42.5,0.0,61.0,DARK,19.0,1021.0,64.0,3.0,sem observação,sem chuva,1,3,5,0,0
2274,None_Existent,38.0,6.6,76.2,DARK,12.0,1029.0,93.0,1.0,nuvens quebrados,sem chuva,5,4,12,0,0
2275,Medium,38.4,6.9,82.4,DARK,12.0,1009.0,93.0,3.0,sem observação,chuva fraca,19,6,11,1,1
2276,High,39.5,143.9,87.2,LIGHT,23.0,1012.0,88.0,10.0,nuvens quebradas,sem chuva,15,3,8,0,0
2277,High,42.4,59.3,86.1,LOW_LIGHT,23.0,1020.0,33.0,1.0,céu claro,sem chuva,18,1,10,0,1
2278,High,34.5,87.3,78.2,LIGHT,22.0,1014.0,50.0,7.0,sem observação,sem chuva,10,1,5,0,0
2279,Medium,38.7,45.0,72.8,DARK,14.0,1021.0,82.0,2.0,sem observação,sem chuva,22,5,6,1,0
2280,High,34.1,76.8,92.7,LIGHT,21.0,1016.0,64.0,5.0,céu claro,sem chuva,17,3,8,0,1
2281,High,34.4,69.7,80.4,LIGHT,23.0,1014.0,50.0,5.0,céu limpo,sem chuva,17,5,4,1,1
2282,High,41.3,50.2,71.5,LIGHT,21.0,1016.0,77.0,6.0,sem observação,sem chuva,16,1,5,0,0
2283,None_Existent,48.1,1.7,84.0,DARK,19.0,1017.0,77.0,3.0,céu claro,sem chuva,0,5,10,1,0
2284,Medium,34.6,22.5,77.4,LIGHT,20.0,1018.0,49.0,3.0,céu limpo,sem chuva,10,5,4,1,0
2285,Medium,41.5,30.6,88.3,LIGHT,25.0,1017.0,53.0,4.0,sem observação,sem chuva,18,6,9,1,1
2286,Very_High,44.6,118.9,77.2,LIGHT,19.0,1023.0,56.0,4.0,sem observação,sem chuva,8,4,9,0,1
2287,None_Existent,41.0,0.0,88.2,LIGHT,9.0,1019.0,87.0,2.0,algumas nuvens,sem chuva,9,6,1,1,1
2288,Medium,38.8,23.6,79.8,LIGHT,21.0,1018.0,77.0,4.0,céu pouco nublado,sem chuva,13,3,6,0,0
2289,None_Existent,38.0,2.3,63.3,LIGHT,28.0,1019.0,20.0,3.0,sem observação,sem chuva,19,6,5,1,1
2290,None_Existent,45.7,0.0,74.9,DARK,15.0,1023.0,100.0,0.0,céu claro,sem chuva,0,6,9,1,0
2291,None_Existent,45.6,7.9,83.6,DARK,15.0,1019.0,100.0,1.0,sem observação,sem chuva,3,3,8,0,0
2292,Medium,34.2,50.2,96.6,LIGHT,21.0,1015.0,88.0,2.0,nuvens dispersas,sem chuva,10,2,7,0,0
2293,None_Existent,55.6,0.0,73.1,DARK,18.0,1016.0,37.0,5.0,sem observação,sem chuva,1,6,9,1,0
2294,Very_High,44.7,55.9,59.3,DARK,16.0,1017.0,93.0,2.0,céu pouco nublado,sem chuva,21,2,6,0,0
2295,None_Existent,39.4,0.0,89.0,DARK,10.0,1028.0,66.0,5.0,céu claro,sem chuva,6,6,2,1,0
2296,High,37.0,74.2,90.6,LIGHT,20.0,1009.0,82.0,2.0,nuvens quebrados,sem chuva,17,5,10,1,1
2297,None_Existent,42.1,0.0,75.5,DARK,8.0,1018.0,87.0,3.0,nuvens quebrados,sem chuva,6,2,1,0,0
2298,Low,40.4,0.9,87.9,DARK,12.0,1014.0,76.0,5.0,sem observação,sem chuva,2,5,10,1,0
2299,Medium,34.3,14.1,96.1,LIGHT,20.0,1016.0,83.0,3.0,céu pouco nublado,sem chuva,19,3,7,0,1
2300,Low,35.1,11.9,91.4,LIGHT,16.0,1018.0,100.0,2.0,sem observação,sem chuva,19,3,8,0,1
2301,None_Existent,43.0,0.0,91.6,DARK,15.0,1022.0,100.0,1.0,sem observação,sem chuva,4,0,9,0,0
2302,Very_High,42.7,96.4,83.0,LIGHT,23.0,1017.0,64.0,2.0,sem observação,sem chuva,17,4,7,0,1
2303,Medium,39.9,6.7,84.2,DARK,19.0,1014.0,93.0,2.0,nuvens dispersas,sem chuva,21,2,7,0,0
2304,Medium,42.8,6.2,70.2,LOW_LIGHT,7.0,1021.0,100.0,0.0,sem observação,sem chuva,6,3,4,0,0
2305,Medium,37.4,24.6,86.4,LIGHT,22.0,1019.0,73.0,4.0,nuvens dispersas,sem chuva,12,1,7,0,0
2306,None_Existent,41.4,0.0,76.3,DARK,15.0,1017.0,87.0,3.0,nuvens quebradas,sem chuva,21,6,5,1,0
2307,Medium,39.2,22.3,91.6,LIGHT,21.0,1017.0,72.0,5.0,céu claro,sem chuva,18,5,7,1,1
2308,Medium,34.3,33.2,86.6,LIGHT,17.0,1028.0,72.0,3.0,sem observação,sem chuva,12,5,4,1,0
2309,Medium,37.4,34.0,85.0,LIGHT,22.0,1023.0,43.0,3.0,céu claro,sem chuva,15,2,10,0,0
2310,Medium,40.8,42.3,80.9,LIGHT,21.0,1020.0,94.0,3.0,nuvens quebradas,sem chuva,15,1,9,0,0
2311,High,35.9,101.2,85.8,LIGHT,22.0,1015.0,88.0,3.0,nuvens quebradas,sem chuva,15,0,7,0,0
2312,None_Existent,47.3,0.0,72.6,DARK,14.0,1017.0,100.0,1.0,nuvens quebradas,sem chuva,1,3,6,0,0
2313,None_Existent,43.8,0.0,85.4,DARK,20.0,1018.0,68.0,1.0,céu claro,sem chuva,21,1,9,0,0
2314,None_Existent,50.1,2.5,77.9,DARK,17.0,1017.0,100.0,1.0,sem observação,sem chuva,23,6,9,1,0
2315,Medium,37.2,30.4,76.4,LIGHT,25.0,1015.0,77.0,5.0,sem observação,sem chuva,14,4,7,0,0
2316,None_Existent,36.5,0.9,67.1,DARK,17.0,1018.0,63.0,3.0,céu limpo,sem chuva,1,5,4,1,0
2317,Medium,38.1,17.0,81.6,LIGHT,21.0,1013.0,78.0,2.0,sem observação,sem chuva,9,0,8,0,1
2318,Low,40.8,25.7,72.3,DARK,12.0,1011.0,87.0,1.0,céu limpo,sem chuva,6,0,4,0,0
2319,Low,41.2,2.0,60.7,DARK,14.0,1023.0,76.0,3.0,sem observação,sem chuva,21,4,6,0,0
2320,None_Existent,39.2,4.0,89.9,DARK,12.0,1020.0,100.0,6.0,nuvens quebrados,sem chuva,22,5,2,1,0
2321,Very_High,45.9,95.2,80.9,LIGHT,12.0,1014.0,82.0,1.0,nuvens quebrados,sem chuva,9,2,11,0,1
2322,High,47.2,14.7,72.8,DARK,19.0,1018.0,49.0,5.0,sem observação,sem chuva,21,1,5,0,0
2323,Medium,37.4,36.4,86.9,LIGHT,21.0,1015.0,82.0,5.0,sem observação,sem chuva,19,3,7,0,1
2324,None_Existent,46.8,0.0,83.8,DARK,8.0,1025.0,66.0,5.0,céu claro,sem chuva,3,3,2,0,0
2325,Low,42.9,5.7,88.3,DARK,15.0,1020.0,100.0,1.0,algumas nuvens,sem chuva,5,2,8,0,0
2326,Low,33.6,8.7,72.6,LIGHT,19.0,1018.0,82.0,5.0,nuvens quebradas,sem chuva,11,5,6,1,0
2327,None_Existent,37.1,1.2,89.6,DARK,13.0,1016.0,50.0,4.0,céu claro,sem chuva,6,0,10,0,0
2328,Low,44.9,11.0,82.6,DARK,17.0,1018.0,87.0,3.0,sem observação,sem chuva,22,6,8,1,0
2329,Medium,34.5,23.1,91.3,LIGHT,12.0,1004.0,87.0,4.0,sem observação,chuva fraca,14,2,10,0,0
2330,None_Existent,36.8,5.1,89.1,DARK,10.0,1022.0,87.0,0.0,céu claro,sem chuva,21,5,2,1,0
2331,None_Existent,42.6,0.0,89.2,DARK,17.0,1013.0,93.0,1.0,céu claro,sem chuva,4,3,8,0,0
2332,Low,45.7,2.3,84.3,DARK,11.0,997.0,93.0,3.0,nuvens dispersas,sem chuva,4,1,10,0,0
2333,Medium,43.4,16.6,86.9,LIGHT,15.0,1019.0,100.0,0.0,sem observação,sem chuva,7,4,8,0,1
2334,Medium,36.5,23.1,87.3,LIGHT,22.0,1013.0,82.0,2.0,sem observação,sem chuva,19,1,7,0,1
2335,Medium,39.3,33.8,84.9,LIGHT,22.0,1015.0,78.0,1.0,céu pouco nublado,sem chuva,18,5,7,1,1
2336,None_Existent,43.1,0.0,85.6,DARK,13.0,1020.0,82.0,5.0,sem observação,sem chuva,5,1,9,0,0
2337,Low,32.4,11.8,80.2,LIGHT,15.0,1024.0,77.0,3.0,nuvens dispersas,sem chuva,13,4,11,0,0
2338,None_Existent,40.4,1.3,83.2,DARK,18.0,1024.0,93.0,0.0,céu claro,sem chuva,3,3,9,0,0
2339,Medium,39.3,27.9,88.2,LIGHT,22.0,1018.0,68.0,3.0,sem observação,sem chuva,13,0,8,0,0
2340,Low,41.6,9.1,85.3,LIGHT,13.0,1016.0,93.0,1.0,céu claro,sem chuva,8,4,8,0,1
2341,Low,37.8,20.3,87.8,LIGHT,20.0,1021.0,77.0,3.0,céu claro,sem chuva,12,4,9,0,0
2342,High,35.1,54.3,86.9,LIGHT,23.0,1016.0,73.0,3.0,nuvens quebradas,sem chuva,15,3,7,0,0
2343,Medium,48.8,14.9,74.4,DARK,11.0,1006.0,100.0,3.0,sem observação,chuva leve,18,6,11,1,1
2344,None_Existent,43.6,4.1,78.6,DARK,18.0,1020.0,100.0,1.0,nublado,sem chuva,22,6,9,1,0
2345,Low,40.0,15.4,87.9,LIGHT,13.0,1015.0,87.0,5.0,sem observação,chuva,11,6,10,1,0
2346,Medium,37.1,17.0,90.1,DARK,17.0,1016.0,93.0,0.0,céu claro,sem chuva,20,5,9,1,0
2347,High,46.5,27.0,78.2,DARK,12.0,1014.0,82.0,4.0,sem observação,chuva moderada,20,4,11,0,0
2348,High,37.4,51.2,88.2,LIGHT,16.0,1025.0,87.0,2.0,nuvens dispersas,sem chuva,15,4,11,0,0
2349,None_Existent,40.0,0.7,87.9,DARK,15.0,1021.0,100.0,0.0,céu claro,sem chuva,3,0,9,0,0
2350,Low,42.4,7.9,82.3,DARK,16.0,1018.0,87.0,1.0,sem observação,sem chuva,0,1,8,0,0
2351,None_Existent,41.6,0.0,76.1,DARK,11.0,1017.0,87.0,0.0,céu limpo,sem chuva,0,1,4,0,0
2352,Medium,42.8,26.1,76.9,LIGHT,15.0,1023.0,93.0,2.0,sem observação,sem chuva,8,0,8,0,1
2353,Low,32.7,10.6,86.9,LIGHT,10.0,1033.0,93.0,1.0,céu claro,sem chuva,11,5,12,1,0
2354,None_Existent,39.2,0.0,92.1,DARK,14.0,1028.0,76.0,4.0,céu claro,sem chuva,0,5,2,1,0
2355,High,38.5,80.6,88.6,LIGHT,26.0,1023.0,39.0,6.0,sem observação,sem chuva,18,3,9,0,1
2356,Very_High,45.3,66.8,87.4,DARK,17.0,1019.0,88.0,3.0,céu claro,sem chuva,19,4,9,0,1
2357,High,45.5,68.7,84.8,LIGHT,26.0,1016.0,69.0,7.0,sem observação,sem chuva,15,3,7,0,0
2358,High,44.5,18.1,73.8,DARK,11.0,1019.0,100.0,0.0,sem observação,sem chuva,20,3,11,0,0
2359,Low,51.1,3.8,70.2,DARK,17.0,1020.0,93.0,5.0,céu pouco nublado,sem chuva,21,0,9,0,0
2360,None_Existent,45.8,0.0,88.4,DARK,13.0,1011.0,76.0,4.0,sem observação,chuva moderada,4,6,10,1,0
2361,Very_High,44.2,52.9,63.2,LOW_LIGHT,11.0,1019.0,100.0,3.0,nuvens quebrados,sem chuva,8,1,1,0,1
2362,None_Existent,47.8,0.0,73.0,DARK,9.0,1028.0,66.0,5.0,céu claro,sem chuva,6,0,12,0,0
2363,None_Existent,45.6,0.0,86.2,DARK,14.0,1019.0,100.0,0.0,sem observação,sem chuva,3,0,10,0,0
2364,High,37.0,48.3,91.2,LIGHT,22.0,1016.0,77.0,3.0,algumas nuvens,sem chuva,18,0,8,0,1
2365,Very_High,44.5,133.3,87.0,LIGHT,13.0,1015.0,93.0,1.0,sem observação,sem chuva,8,4,10,0,1
2366,Low,42.9,19.9,90.0,LIGHT,17.0,1021.0,100.0,2.0,sem observação,sem chuva,12,6,9,1,0
2367,None_Existent,40.6,4.2,77.5,LOW_LIGHT,18.0,1016.0,100.0,2.0,sem observação,sem chuva,20,2,7,0,0
2368,High,40.6,54.1,75.2,LIGHT,16.0,1031.0,87.0,1.0,algumas nuvens,sem chuva,12,3,12,0,0
2369,Medium,38.3,11.7,87.3,LIGHT,15.0,1013.0,100.0,1.0,céu pouco nublado,sem chuva,6,3,7,0,0
2370,Medium,38.7,18.1,96.8,LIGHT,15.0,1027.0,82.0,3.0,nuvens quebradas,sem chuva,14,4,3,0,0
2371,High,34.4,52.9,91.6,LIGHT,30.0,1016.0,31.0,3.0,céu claro,sem chuva,15,0,8,0,0
2372,High,39.2,38.7,75.5,LIGHT,13.0,1006.0,100.0,5.0,sem observação,chuva fraca,15,2,4,0,0
2373,None_Existent,45.8,1.5,87.0,DARK,13.0,1010.0,87.0,4.0,nuvens dispersas,sem chuva,3,6,10,1,0
2374,None_Existent,46.4,3.0,83.7,DARK,15.0,1019.0,100.0,0.0,sem observação,sem chuva,6,6,9,1,0
2375,None_Existent,44.7,1.7,85.7,DARK,17.0,1015.0,72.0,6.0,céu claro,sem chuva,0,4,10,0,0
2376,Medium,38.5,19.3,90.5,LIGHT,23.0,1014.0,44.0,3.0,céu claro,sem chuva,13,4,10,0,0
2377,High,38.4,38.8,81.0,LIGHT,21.0,1013.0,64.0,2.0,céu claro,sem chuva,16,4,11,0,0
2378,None_Existent,35.4,4.1,74.1,DARK,6.0,1020.0,100.0,0.0,sem observação,sem chuva,2,3,1,0,0
2379,Medium,33.4,25.2,81.4,LOW_LIGHT,22.0,1013.0,56.0,3.0,céu limpo,sem chuva,19,5,4,1,1
2380,Low,37.7,9.1,65.7,DARK,16.0,1013.0,82.0,2.0,nuvens quebradas,sem chuva,4,1,6,0,0
2381,None_Existent,41.7,0.0,92.4,DARK,17.0,1014.0,100.0,7.0,sem observação,sem chuva,5,1,7,0,0
2382,None_Existent,38.0,2.3,70.1,DARK,21.0,1021.0,72.0,0.0,sem observação,sem chuva,22,2,5,0,0
2383,None_Existent,35.9,5.3,89.2,DARK,5.0,1030.0,100.0,1.0,céu claro,sem chuva,0,1,2,0,0
2384,None_Existent,42.8,0.0,81.6,DARK,16.0,1015.0,100.0,2.0,sem observação,sem chuva,5,1,7,0,0
2385,None_Existent,44.9,1.9,76.2,DARK,17.0,1018.0,77.0,1.0,céu claro,sem chuva,1,6,10,1,0
2386,None_Existent,36.2,0.6,73.7,DARK,12.0,1009.0,87.0,5.0,sem observação,aguaceiros fracos,23,2,4,0,0
2387,Medium,37.8,24.2,77.2,LIGHT,19.0,1020.0,77.0,1.0,sem observação,sem chuva,9,1,8,0,1
2388,None_Existent,37.4,4.5,93.0,LIGHT,9.0,1021.0,81.0,2.0,algumas nuvens,sem chuva,9,6,2,1,1
2389,None_Existent,44.5,0.0,66.1,DARK,13.0,1015.0,100.0,0.0,nuvens dispersas,sem chuva,4,5,6,1,0
2390,High,45.9,44.6,86.5,LIGHT,22.0,1019.0,83.0,3.0,nuvens quebrados,sem chuva,17,0,7,0,1
2391,Low,37.8,5.7,79.2,DARK,12.0,1008.0,93.0,5.0,nuvens dispersas,sem chuva,22,2,4,0,0
2392,None_Existent,44.6,1.5,87.0,DARK,12.0,1014.0,100.0,0.0,céu claro,sem chuva,6,6,8,1,0
2393,Medium,44.0,29.1,85.5,LIGHT,22.0,1026.0,43.0,3.0,céu claro,sem chuva,10,2,10,0,0
2394,Very_High,43.7,96.7,85.1,LIGHT,22.0,1017.0,68.0,2.0,sem observação,sem chuva,18,4,7,0,1
2395,None_Existent,45.5,5.1,88.4,DARK,13.0,1014.0,82.0,5.0,sem observação,sem chuva,22,2,6,0,0
2396,High,43.0,60.3,78.3,LIGHT,21.0,1015.0,82.0,2.0,nuvens quebradas,sem chuva,17,0,7,0,1
2397,Very_High,42.5,79.7,73.8,LOW_LIGHT,17.0,1019.0,59.0,1.0,céu limpo,sem chuva,19,4,3,0,1
2398,None_Existent,46.5,6.9,79.2,DARK,15.0,1017.0,93.0,2.0,sem observação,sem chuva,5,6,9,1,0
2399,High,44.6,44.0,86.5,DARK,21.0,1018.0,82.0,7.0,nuvens quebrados,sem chuva,19,4,10,0,1
2400,None_Existent,40.4,0.0,65.8,DARK,15.0,1012.0,100.0,5.0,sem observação,sem chuva,21,3,5,0,0
2401,None_Existent,44.0,0.0,81.4,DARK,20.0,1012.0,64.0,2.0,céu claro,sem chuva,1,5,9,1,0
2402,Medium,40.7,13.9,69.9,LIGHT,15.0,1014.0,93.0,2.0,nuvens dispersas,sem chuva,6,2,6,0,0
2403,Very_High,39.7,96.3,76.1,LIGHT,15.0,1013.0,77.0,2.0,céu pouco nublado,sem chuva,18,3,4,0,1
2404,None_Existent,34.2,1.9,84.8,DARK,6.0,1028.0,100.0,1.0,algumas nuvens,sem chuva,23,1,2,0,0
2405,Medium,35.7,18.7,78.2,LIGHT,19.0,1017.0,88.0,2.0,céu pouco nublado,sem chuva,19,2,6,0,1
2406,None_Existent,45.9,0.0,83.0,DARK,9.0,1020.0,81.0,5.0,céu claro,sem chuva,6,2,11,0,0
2407,Medium,43.0,28.9,86.4,LIGHT,20.0,1014.0,60.0,5.0,céu claro,sem chuva,17,6,8,1,1
2408,Medium,34.9,48.1,79.6,LIGHT,14.0,1019.0,100.0,1.0,sem observação,chuva fraca,10,1,4,0,0
2409,Medium,31.9,30.4,86.7,LIGHT,18.0,1028.0,56.0,2.0,céu claro,sem chuva,15,0,2,0,0
2410,High,39.8,86.2,80.0,LIGHT,26.0,1017.0,65.0,3.0,sem observação,sem chuva,18,2,8,0,1
2411,Very_High,44.0,114.2,85.5,LIGHT,21.0,1026.0,69.0,1.0,céu claro,sem chuva,9,3,9,0,1
2412,High,40.0,22.2,89.6,LIGHT,19.0,1021.0,73.0,1.0,céu claro,sem chuva,9,1,9,0,1
2413,Medium,40.3,19.5,85.2,LIGHT,26.0,1019.0,51.0,3.0,sem observação,sem chuva,11,6,9,1,0
2414,None_Existent,38.6,4.9,71.2,DARK,14.0,1015.0,71.0,6.0,nuvens dispersas,sem chuva,20,3,5,0,0
2415,Medium,33.0,30.8,99.3,LIGHT,15.0,1018.0,62.0,5.0,algumas nuvens,sem chuva,15,6,2,1,0
2416,None_Existent,42.0,0.0,76.6,DARK,9.0,1019.0,93.0,1.0,nuvens dispersas,sem chuva,1,2,1,0,0
2417,None_Existent,45.6,0.0,86.2,DARK,15.0,1013.0,93.0,0.0,céu claro,sem chuva,3,0,8,0,0
2418,Medium,34.9,54.7,92.2,LIGHT,11.0,1029.0,57.0,3.0,céu claro,sem chuva,17,6,2,1,1
2419,Medium,39.0,36.4,83.3,LIGHT,13.0,1024.0,54.0,3.0,algumas nuvens,sem chuva,15,0,1,0,0
2420,None_Existent,42.4,0.8,81.2,DARK,16.0,1019.0,100.0,1.0,sem observação,sem chuva,20,3,8,0,0
2421,None_Existent,41.8,0.0,83.0,DARK,10.0,1015.0,82.0,1.0,nuvens quebradas,sem chuva,5,1,5,0,0
2422,Medium,37.0,15.5,70.8,LIGHT,16.0,1014.0,93.0,5.0,céu pouco nublado,sem chuva,9,0,6,0,1
2423,None_Existent,43.1,1.9,63.4,DARK,18.0,1015.0,68.0,0.0,sem observação,sem chuva,23,0,5,0,0
2424,High,42.4,128.7,86.1,DARK,15.0,1016.0,82.0,0.0,nuvens quebrados,sem chuva,18,3,10,0,1
2425,High,39.9,91.7,75.4,LIGHT,26.0,1019.0,32.0,5.0,sem observação,sem chuva,9,4,5,0,1
2426,High,44.4,18.3,75.5,DARK,13.0,1017.0,93.0,0.0,sem observação,sem chuva,21,3,10,0,0
2427,High,35.5,66.9,83.7,DARK,19.0,1006.0,59.0,4.0,céu claro,sem chuva,17,5,11,1,1
2428,None_Existent,37.5,2.7,66.0,DARK,14.0,1017.0,100.0,1.0,nuvens quebradas,sem chuva,1,5,6,1,0
2429,Very_High,45.8,80.6,61.8,LIGHT,11.0,1017.0,81.0,3.0,sem observação,sem chuva,7,2,6,0,1
2430,Low,37.1,9.6,87.4,DARK,9.0,1022.0,87.0,3.0,nuvens dispersas,sem chuva,23,5,2,1,0
2431,None_Existent,44.3,0.0,68.3,DARK,7.0,1015.0,87.0,3.0,céu limpo,sem chuva,5,2,4,0,0
2432,High,34.5,58.5,93.8,DARK,11.0,1007.0,93.0,2.0,algumas nuvens,sem chuva,18,2,10,0,1
2433,Medium,36.8,29.1,80.8,LIGHT,19.0,1017.0,77.0,5.0,sem observação,sem chuva,19,0,8,0,1
2434,None_Existent,39.4,0.0,90.0,LOW_LIGHT,13.0,1017.0,100.0,1.0,sem observação,sem chuva,6,1,8,0,0
2435,Low,33.6,12.6,76.2,LIGHT,15.0,1003.0,87.0,5.0,sem observação,chuvisco fraco,10,0,4,0,0
2436,Medium,41.9,24.8,86.6,LIGHT,22.0,1018.0,57.0,4.0,céu claro,sem chuva,17,3,8,0,1
2437,Low,39.2,23.1,95.8,DARK,16.0,1028.0,67.0,2.0,céu claro,sem chuva,19,6,2,1,1
2438,Medium,33.6,34.8,88.6,LIGHT,23.0,1016.0,78.0,4.0,céu pouco nublado,sem chuva,16,5,7,1,0
2439,None_Existent,43.1,0.0,87.3,DARK,16.0,1021.0,100.0,0.0,céu claro,sem chuva,21,2,9,0,0
2440,None_Existent,40.1,0.0,99.4,DARK,0.0,1028.0,100.0,1.0,céu claro,sem chuva,7,6,2,1,1
2441,Low,48.5,1.0,79.9,DARK,19.0,1013.0,100.0,7.0,sem observação,sem chuva,5,3,7,0,0
2442,None_Existent,43.2,0.0,74.6,DARK,18.0,1022.0,93.0,5.0,nuvens quebrados,sem chuva,22,2,9,0,0
2443,Very_High,45.3,69.3,83.3,LIGHT,21.0,1018.0,77.0,2.0,céu claro,sem chuva,17,3,9,0,1
2444,None_Existent,41.9,5.0,87.0,DARK,16.0,1020.0,88.0,0.0,céu claro,sem chuva,2,1,9,0,0
2445,High,38.8,56.9,73.9,LIGHT,17.0,1017.0,72.0,4.0,céu pouco nublado,sem chuva,16,4,6,0,0
2446,None_Existent,44.5,1.4,81.3,DARK,17.0,1021.0,50.0,4.0,céu claro,sem chuva,2,2,10,0,0
2447,None_Existent,40.2,0.0,67.9,DARK,12.0,1013.0,82.0,5.0,sem observação,sem chuva,0,3,6,0,0
2448,Medium,42.4,3.5,61.8,LIGHT,15.0,1021.0,82.0,2.0,céu pouco nublado,sem chuva,9,6,6,1,1
2449,None_Existent,47.4,0.7,69.6,DARK,15.0,1019.0,100.0,1.0,sem observação,sem chuva,4,4,8,0,0
2450,Very_High,48.6,46.8,77.8,DARK,15.0,1013.0,77.0,3.0,nuvens dispersas,sem chuva,19,4,11,0,1
2451,High,31.1,162.2,99.3,LIGHT,15.0,1020.0,87.0,10.0,nuvens quebradas,sem chuva,17,6,3,1,1
2452,Low,44.1,6.2,78.3,LIGHT,17.0,1014.0,100.0,1.0,nuvens quebradas,sem chuva,6,2,7,0,0
2453,High,36.8,69.0,89.1,LIGHT,20.0,1018.0,72.0,4.0,sem observação,sem chuva,11,0,8,0,0
2454,Medium,45.5,6.6,64.5,LIGHT,13.0,1013.0,100.0,1.0,sem observação,sem chuva,6,2,5,0,0
2455,Medium,37.2,28.7,85.8,LIGHT,18.0,1022.0,64.0,3.0,céu claro,sem chuva,10,0,10,0,0
2456,None_Existent,41.9,0.0,74.9,DARK,10.0,1024.0,100.0,0.0,nuvens quebrados,sem chuva,0,2,12,0,0
2457,Medium,36.2,33.3,90.2,LIGHT,25.0,1016.0,73.0,4.0,céu pouco nublado,sem chuva,14,6,7,1,0
2458,High,42.0,49.0,82.1,LIGHT,26.0,1014.0,61.0,3.0,sem observação,sem chuva,19,4,7,0,1
2459,Low,39.3,7.4,79.7,LIGHT,19.0,1020.0,82.0,1.0,sem observação,sem chuva,9,6,7,1,1
2460,None_Existent,39.2,0.0,91.7,DARK,11.0,1031.0,93.0,0.0,céu claro,sem chuva,21,2,2,0,0
2461,None_Existent,39.3,0.0,90.8,DARK,9.0,1026.0,76.0,1.0,céu claro,sem chuva,22,2,2,0,0
2462,Low,39.6,3.8,66.1,DARK,16.0,1013.0,100.0,4.0,sem observação,sem chuva,21,1,6,0,0
2463,Low,34.8,11.9,79.6,DARK,17.0,1017.0,100.0,1.0,céu pouco nublado,sem chuva,0,5,7,1,0
2464,Low,41.7,14.6,93.9,DARK,19.0,1019.0,93.0,2.0,céu pouco nublado,sem chuva,20,4,8,0,0
2465,Medium,33.8,18.5,73.3,LIGHT,17.0,1016.0,82.0,3.0,nuvens dispersas,sem chuva,11,0,6,0,0
2466,None_Existent,41.6,0.0,87.1,DARK,3.0,1021.0,100.0,1.0,sem observação,sem chuva,6,1,2,0,0
2467,Low,36.1,8.9,90.3,LIGHT,12.0,1019.0,82.0,3.0,céu limpo,sem chuva,8,5,4,1,1
2468,Very_High,41.6,66.5,82.4,LIGHT,24.0,1015.0,68.0,6.0,sem observação,sem chuva,17,2,7,0,1
2469,None_Existent,37.9,1.7,64.1,LOW_LIGHT,17.0,1017.0,88.0,3.0,nuvens dispersas,sem chuva,20,3,6,0,0
2470,Low,38.2,11.7,88.9,DARK,18.0,1015.0,64.0,4.0,céu claro,sem chuva,22,4,10,0,0
2471,High,42.0,124.0,83.7,LIGHT,19.0,1020.0,93.0,3.0,nuvens quebradas,sem chuva,18,1,9,0,1
2472,None_Existent,43.6,1.1,66.5,DARK,12.0,1010.0,93.0,3.0,algumas nuvens,sem chuva,3,6,11,1,0
2473,High,40.9,55.9,87.3,DARK,20.0,1008.0,82.0,1.0,nuvens quebrados,sem chuva,18,5,10,1,1
2474,High,33.1,50.9,81.2,LIGHT,24.0,1017.0,44.0,2.0,céu limpo,sem chuva,12,5,4,1,0
2475,Low,36.4,4.8,87.6,DARK,10.0,1031.0,93.0,1.0,céu claro,sem chuva,22,2,2,0,0
2476,Very_High,43.0,97.5,69.7,LIGHT,13.0,1017.0,71.0,5.0,nuvens dispersas,sem chuva,8,4,5,0,1
2477,High,41.3,53.4,82.2,LIGHT,25.0,1020.0,93.0,2.0,nuvens quebradas,sem chuva,14,4,8,0,0
2478,Medium,41.5,24.4,88.5,LIGHT,23.0,1012.0,64.0,3.0,céu claro,sem chuva,18,6,9,1,1
2479,Low,41.5,18.3,75.4,LIGHT,21.0,1016.0,42.0,3.0,céu pouco nublado,sem chuva,15,5,3,1,0
2480,None_Existent,39.0,0.0,69.4,DARK,15.0,1012.0,93.0,4.0,nuvens quebradas,sem chuva,1,0,4,0,0
2481,High,33.6,110.3,90.7,LIGHT,24.0,1016.0,69.0,5.0,sem observação,sem chuva,15,2,7,0,0
2482,Low,43.0,0.9,85.8,DARK,14.0,1016.0,93.0,0.0,nuvens quebrados,sem chuva,4,5,7,1,0
2483,None_Existent,47.8,0.0,89.5,DARK,12.0,1016.0,100.0,1.0,sem observação,sem chuva,6,0,9,0,0
2484,Medium,36.0,18.1,91.9,LIGHT,22.0,1015.0,88.0,4.0,sem observação,sem chuva,19,0,7,0,1
2485,Low,39.3,3.7,88.5,DARK,4.0,1029.0,100.0,1.0,céu claro,sem chuva,3,1,2,0,0
2486,Low,37.3,7.2,77.8,LIGHT,11.0,1025.0,87.0,3.0,nuvens quebrados,sem chuva,10,5,12,1,0
2487,Low,38.1,10.8,84.2,LIGHT,28.0,1015.0,69.0,2.0,sem observação,sem chuva,13,4,7,0,0
2488,High,40.5,76.3,84.4,LIGHT,18.0,1007.0,100.0,8.0,sem observação,chuva moderada,15,5,9,1,0
2489,High,37.3,54.5,92.7,LIGHT,25.0,1015.0,78.0,2.0,nuvens dispersas,sem chuva,15,2,7,0,0
2490,None_Existent,46.1,0.0,79.4,DARK,12.0,1013.0,71.0,3.0,céu claro,sem chuva,0,1,10,0,0
2491,High,37.0,77.5,93.4,DARK,16.0,1029.0,62.0,2.0,céu claro,sem chuva,19,5,2,1,1
2492,Medium,41.1,19.5,77.5,LIGHT,20.0,1019.0,82.0,7.0,céu pouco nublado,sem chuva,18,6,6,1,1
2493,None_Existent,35.4,4.3,98.4,DARK,11.0,1026.0,93.0,0.0,céu pouco nublado,sem chuva,21,5,3,1,0
2494,High,38.3,68.7,85.0,DARK,17.0,1013.0,93.0,0.0,céu pouco nublado,sem chuva,21,6,6,1,0
2495,Medium,40.2,24.2,49.1,DARK,16.0,1014.0,100.0,1.0,nuvens quebradas,sem chuva,1,0,6,0,0
2496,High,41.5,38.3,76.7,LIGHT,22.0,1013.0,69.0,3.0,sem observação,chuva fraca,18,6,8,1,1
2497,Medium,36.5,27.2,69.6,LIGHT,23.0,1018.0,73.0,3.0,céu pouco nublado,sem chuva,14,3,6,0,0
2498,None_Existent,44.3,0.0,81.3,DARK,17.0,1015.0,93.0,1.0,nuvens dispersas,sem chuva,23,2,9,0,0
2499,Medium,37.1,27.5,90.1,LIGHT,20.0,1004.0,77.0,6.0,céu claro,sem chuva,15,2,10,0,0
2500,None_Existent,36.5,2.7,103.2,DARK,9.0,1024.0,81.0,1.0,céu claro,sem chuva,23,4,2,0,0
2501,Very_High,43.5,52.3,62.8,LIGHT,14.0,1019.0,93.0,0.0,sem observação,sem chuva,7,4,6,0,1
2502,High,42.1,30.0,88.2,LIGHT,26.0,1015.0,39.0,4.0,céu claro,sem chuva,16,4,8,0,0
2503,Medium,37.1,25.4,89.6,LIGHT,27.0,1026.0,54.0,2.0,céu claro,sem chuva,13,3,9,0,0
2504,High,37.1,112.6,90.2,LIGHT,13.0,1024.0,71.0,5.0,algumas nuvens,sem chuva,16,6,2,1,0
2505,Low,45.7,10.2,91.7,DARK,17.0,1017.0,100.0,3.0,sem observação,sem chuva,1,2,7,0,0
2506,Low,38.3,5.9,77.5,DARK,24.0,1018.0,53.0,4.0,sem observação,sem chuva,20,1,9,0,0
2507,Medium,38.0,18.6,88.3,LOW_LIGHT,20.0,1014.0,93.0,2.0,nuvens dispersas,sem chuva,20,2,7,0,0
2508,Medium,42.3,19.5,78.8,LIGHT,28.0,1019.0,57.0,2.0,sem observação,sem chuva,12,2,9,0,0
2509,Medium,37.8,15.9,83.2,LIGHT,13.0,999.0,67.0,7.0,sem observação,aguaceiros,11,2,4,0,0
2510,High,42.9,39.5,87.9,LOW_LIGHT,16.0,1026.0,48.0,2.0,céu claro,sem chuva,18,2,2,0,1
2511,Medium,34.4,18.3,78.3,LIGHT,21.0,1018.0,82.0,4.0,céu pouco nublado,sem chuva,13,2,5,0,0
2512,High,37.8,37.2,88.9,LIGHT,20.0,1020.0,72.0,6.0,sem observação,sem chuva,19,1,8,0,1
2513,Medium,41.2,7.0,84.3,DARK,13.0,1020.0,87.0,6.0,tempo nublado,sem chuva,20,5,2,1,0
2514,Very_High,44.0,161.0,85.5,LOW_LIGHT,19.0,1016.0,77.0,8.0,nuvens quebrados,sem chuva,7,4,10,0,1
2515,High,40.1,53.9,80.7,LIGHT,20.0,1018.0,93.0,0.0,nublado,sem chuva,11,1,8,0,0
2516,Low,49.2,1.0,63.5,DARK,12.0,1015.0,93.0,1.0,nuvens dispersas,sem chuva,1,3,5,0,0
2517,None_Existent,37.6,4.4,65.1,DARK,16.0,1018.0,100.0,1.0,sem observação,sem chuva,4,6,6,1,0
2518,None_Existent,44.5,1.8,85.0,DARK,11.0,1015.0,100.0,0.0,sem observação,sem chuva,3,4,10,0,0
2519,Medium,37.1,21.0,90.2,LIGHT,23.0,1015.0,57.0,4.0,céu claro,sem chuva,14,2,8,0,0
2520,None_Existent,40.9,5.2,93.1,DARK,15.0,1019.0,100.0,0.0,algumas nuvens,sem chuva,20,1,10,0,0
2521,High,43.7,30.5,78.7,DARK,14.0,1002.0,82.0,2.0,nuvens quebrados,sem chuva,17,1,11,0,1
2522,None_Existent,45.8,4.3,72.1,DARK,18.0,1017.0,93.0,1.0,sem observação,sem chuva,22,6,9,1,0
2523,None_Existent,33.1,1.9,79.3,DARK,12.0,1016.0,82.0,2.0,céu claro,sem chuva,0,4,11,0,0
2524,Medium,39.9,7.4,64.1,LOW_LIGHT,15.0,1013.0,100.0,4.0,sem observação,chuva fraca,6,4,5,0,0
2525,Medium,41.3,45.0,85.1,LIGHT,26.0,1016.0,83.0,4.0,céu pouco nublado,sem chuva,16,5,8,1,0
2526,Medium,41.1,31.6,78.9,LIGHT,24.0,1017.0,64.0,7.0,sem observação,sem chuva,19,1,8,0,1
2527,Very_High,45.2,91.5,72.9,LIGHT,16.0,1015.0,100.0,1.0,sem observação,sem chuva,7,1,9,0,1
2528,None_Existent,45.1,1.6,88.9,DARK,14.0,1019.0,100.0,1.0,sem observação,sem chuva,4,0,10,0,0
2529,High,40.0,51.7,75.1,LIGHT,17.0,1021.0,63.0,3.0,nuvens dispersas,sem chuva,14,4,6,0,0
2530,Low,44.4,8.3,75.3,DARK,10.0,1004.0,71.0,5.0,céu pouco nublado,sem chuva,0,3,4,0,0
2531,None_Existent,42.4,0.0,88.7,DARK,15.0,1021.0,50.0,4.0,céu claro,sem chuva,3,2,10,0,0
2532,Medium,38.7,64.9,89.1,LIGHT,19.0,1017.0,88.0,1.0,nuvens quebradas,sem chuva,12,3,9,0,0
2533,Low,50.5,0.7,69.6,DARK,15.0,1017.0,100.0,0.0,céu pouco nublado,sem chuva,23,2,6,0,0
2534,Low,37.6,7.5,92.5,DARK,8.0,1025.0,100.0,1.0,nuvens quebrados,sem chuva,21,3,2,0,0
2535,Medium,41.1,32.5,85.8,LIGHT,18.0,1008.0,100.0,7.0,sem observação,chuva moderada,12,5,9,1,0
2536,Very_High,43.1,126.6,68.8,LIGHT,15.0,1015.0,82.0,1.0,nuvens dispersas,sem chuva,9,4,6,0,1
2537,Very_High,43.7,75.7,76.2,LIGHT,12.0,1016.0,100.0,8.0,sem observação,chuva moderada,10,3,11,0,0
2538,Medium,45.4,12.8,77.0,LIGHT,24.0,1017.0,36.0,4.0,sem observação,sem chuva,11,6,9,1,0
2539,Low,42.8,8.8,82.0,LIGHT,19.0,1017.0,82.0,3.0,céu claro,sem chuva,12,5,9,1,0
2540,Medium,40.4,36.8,87.4,LIGHT,19.0,1018.0,49.0,4.0,céu claro,sem chuva,16,6,10,1,0
2541,High,39.9,45.6,77.9,LOW_LIGHT,11.0,1018.0,93.0,2.0,sem observação,sem chuva,17,2,1,0,1
2542,Low,34.1,11.9,75.2,LIGHT,17.0,1017.0,93.0,5.0,nuvens quebradas,sem chuva,13,6,4,1,0
2543,High,41.2,32.5,79.5,DARK,12.0,985.0,87.0,1.0,sem observação,chuva fraca,18,6,11,1,1
2544,None_Existent,42.7,0.0,87.5,DARK,17.0,1016.0,88.0,3.0,céu claro,sem chuva,1,2,8,0,0
2545,Low,38.4,5.8,78.3,LIGHT,10.0,1016.0,76.0,2.0,sem observação,aguaceiros fracos,8,5,5,1,1
2546,Medium,34.4,42.1,86.3,DARK,13.0,1024.0,87.0,6.0,nuvens quebrados,sem chuva,23,5,12,1,0
2547,None_Existent,41.6,0.0,75.2,DARK,14.0,1014.0,62.0,7.0,nuvens quebrados,sem chuva,2,0,11,0,0
2548,Medium,40.1,23.8,89.4,LIGHT,26.0,1019.0,73.0,4.0,sem observação,sem chuva,14,6,7,1,0
2549,Medium,34.6,74.8,93.4,LIGHT,22.0,1014.0,78.0,5.0,céu pouco nublado,sem chuva,17,5,7,1,1
2550,Very_High,46.5,46.3,64.8,LOW_LIGHT,11.0,1024.0,87.0,4.0,nuvens quebrados,sem chuva,8,0,1,0,1
2551,Low,43.8,11.4,75.1,DARK,9.0,996.0,76.0,3.0,céu pouco nublado,sem chuva,2,1,4,0,0
2552,Medium,35.1,18.8,100.1,LIGHT,16.0,1026.0,45.0,1.0,céu claro,sem chuva,13,4,2,0,0
2553,High,40.0,59.1,88.3,LIGHT,22.0,1018.0,57.0,4.0,céu claro,sem chuva,15,3,8,0,0
2554,High,45.2,38.8,89.0,LIGHT,12.0,1008.0,100.0,4.0,sem observação,chuva moderada,17,2,1,0,1
2555,Medium,40.4,20.1,77.9,LOW_LIGHT,22.0,1022.0,64.0,5.0,sem observação,sem chuva,19,2,9,0,1
2556,Very_High,44.3,160.9,77.2,LIGHT,16.0,1016.0,100.0,1.0,sem observação,sem chuva,8,1,9,0,1
2557,Low,41.9,13.9,80.8,LIGHT,21.0,1018.0,77.0,2.0,sem observação,sem chuva,19,3,6,0,1
2558,None_Existent,44.7,4.6,83.2,DARK,10.0,1011.0,66.0,4.0,algumas nuvens,sem chuva,20,5,10,1,0
2559,None_Existent,38.8,0.0,71.0,DARK,12.0,1013.0,93.0,1.0,céu limpo,sem chuva,4,4,4,0,0
2560,None_Existent,44.2,1.5,69.4,DARK,17.0,1016.0,46.0,3.0,sem observação,sem chuva,0,6,9,1,0
2561,Medium,43.8,22.7,80.6,DARK,13.0,1023.0,82.0,5.0,céu claro,sem chuva,20,1,11,0,0
2562,High,41.7,62.4,74.6,LIGHT,16.0,1019.0,77.0,2.0,céu limpo,sem chuva,17,4,4,0,1
2563,None_Existent,37.2,0.0,93.6,DARK,10.0,1027.0,81.0,4.0,céu claro,sem chuva,0,4,2,0,0
2564,Medium,37.6,19.1,87.8,LIGHT,13.0,1009.0,76.0,4.0,sem observação,chuva fraca,14,6,11,1,0
2565,None_Existent,41.3,5.0,92.5,LIGHT,22.0,1017.0,31.0,5.0,céu claro,sem chuva,8,6,8,1,1
2566,None_Existent,39.4,3.6,89.1,DARK,23.0,1015.0,73.0,0.0,céu claro,sem chuva,0,4,8,0,0
2567,Low,37.3,17.3,90.3,LIGHT,30.0,1013.0,33.0,4.0,céu claro,sem chuva,16,5,9,1,0
2568,High,39.4,142.7,89.1,LIGHT,19.0,1018.0,88.0,2.0,nuvens quebrados,sem chuva,15,6,8,1,0
2569,None_Existent,43.5,3.2,86.0,DARK,15.0,1021.0,100.0,0.0,sem observação,sem chuva,0,3,9,0,0
2570,None_Existent,44.2,2.3,86.2,DARK,9.0,1005.0,93.0,1.0,algumas nuvens,sem chuva,3,2,10,0,0
2571,High,32.4,179.9,98.3,LIGHT,19.0,1027.0,52.0,2.0,céu claro,sem chuva,17,6,2,1,1
2572,High,33.1,116.8,79.8,LIGHT,21.0,1017.0,77.0,4.0,sem observação,sem chuva,15,6,5,1,0
2573,Medium,46.4,12.8,74.9,DARK,15.0,1021.0,100.0,1.0,sem observação,sem chuva,22,2,9,0,0
2574,None_Existent,34.8,0.0,80.4,DARK,15.0,1019.0,100.0,0.0,sem observação,sem chuva,20,6,9,1,0
2575,None_Existent,38.0,1.8,73.4,DARK,7.0,1020.0,100.0,1.0,céu claro,sem chuva,22,4,1,0,0
2576,Medium,34.8,108.7,95.7,LOW_LIGHT,14.0,1020.0,93.0,9.0,nuvens quebradas,sem chuva,18,6,3,1,1
2577,Low,41.5,15.8,78.5,DARK,17.0,1018.0,93.0,4.0,céu pouco nublado,sem chuva,23,5,8,1,0
2578,Low,42.6,8.3,82.1,DARK,16.0,1015.0,100.0,3.0,sem observação,sem chuva,3,2,9,0,0
2579,None_Existent,39.2,0.0,90.9,DARK,9.0,1020.0,76.0,4.0,algumas nuvens,sem chuva,6,6,2,1,0
2580,Low,35.1,7.7,65.7,DARK,17.0,1021.0,87.0,1.0,sem observação,sem chuva,22,5,5,1,0
2581,Medium,37.1,21.8,89.9,LIGHT,18.0,1018.0,68.0,3.0,céu claro,sem chuva,10,5,8,1,0
2582,Medium,38.2,46.3,88.4,LIGHT,20.0,1021.0,77.0,5.0,céu claro,sem chuva,18,2,9,0,1
2583,None_Existent,47.7,0.0,72.4,DARK,10.0,1016.0,81.0,6.0,nuvens dispersas,sem chuva,4,6,1,1,0
2584,None_Existent,44.7,0.0,85.7,DARK,18.0,1014.0,64.0,6.0,céu claro,sem chuva,5,5,10,1,0
2585,Medium,44.6,32.0,75.0,LIGHT,25.0,1018.0,77.0,6.0,céu pouco nublado,sem chuva,15,5,8,1,0
2586,High,41.6,35.8,83.5,LIGHT,6.0,1018.0,86.0,2.0,algumas nuvens,sem chuva,10,5,2,1,0
2587,High,36.8,74.3,83.5,LIGHT,17.0,1016.0,55.0,6.0,sem observação,sem chuva,14,6,5,1,0
2588,None_Existent,48.4,0.0,80.4,DARK,18.0,1016.0,60.0,3.0,céu claro,sem chuva,1,5,10,1,0
2589,High,40.6,106.5,90.0,LIGHT,21.0,1018.0,73.0,6.0,céu claro,sem chuva,16,0,8,0,0
2590,None_Existent,43.3,4.0,87.9,DARK,14.0,1019.0,100.0,0.0,sem observação,sem chuva,6,3,9,0,0
2591,Low,36.8,6.3,67.8,LIGHT,19.0,1014.0,67.0,3.0,sem observação,sem chuva,19,0,6,0,1
2592,None_Existent,36.9,5.8,87.7,DARK,2.0,1031.0,86.0,2.0,céu claro,sem chuva,2,0,2,0,0
2593,None_Existent,41.5,0.0,74.9,LIGHT,13.0,1018.0,62.0,0.0,céu limpo,sem chuva,9,5,3,1,1
2594,Medium,38.9,22.0,84.1,LIGHT,18.0,1008.0,100.0,9.0,sem observação,chuva fraca,13,5,9,1,0
2595,None_Existent,42.9,0.0,70.9,DARK,9.0,1014.0,87.0,0.0,sem observação,sem chuva,4,0,5,0,0
2596,High,43.5,35.5,67.1,LIGHT,27.0,1020.0,41.0,5.0,sem observação,sem chuva,18,2,5,0,1
2597,High,41.5,69.7,72.6,LIGHT,16.0,1012.0,100.0,7.0,sem observação,chuva fraca,16,3,5,0,0
2598,Medium,39.4,27.4,89.8,LIGHT,18.0,1017.0,93.0,1.0,tempo nublado,sem chuva,10,3,8,0,0
2599,Medium,33.7,13.1,76.6,LIGHT,15.0,1014.0,93.0,5.0,nuvens quebradas,sem chuva,12,2,5,0,0
2600,Medium,37.7,37.7,87.8,LIGHT,13.0,1008.0,82.0,4.0,algumas nuvens,sem chuva,16,0,11,0,0
2601,Low,42.5,14.1,83.8,LIGHT,30.0,1012.0,33.0,5.0,céu claro,sem chuva,17,5,9,1,1
2602,None_Existent,42.2,0.0,81.8,DARK,9.0,1017.0,87.0,3.0,algumas nuvens,sem chuva,22,2,11,0,0
2603,None_Existent,37.8,0.0,54.6,LOW_LIGHT,14.0,1014.0,100.0,1.0,nuvens dispersas,sem chuva,7,6,9,1,1
2604,Medium,31.9,77.6,82.9,LIGHT,13.0,1021.0,58.0,5.0,algumas nuvens,sem chuva,16,3,1,0,0
2605,Medium,44.3,10.1,84.5,DARK,2.0,1020.0,100.0,1.0,céu claro,sem chuva,7,1,2,0,1
2606,Low,41.6,4.9,74.0,DARK,10.0,1020.0,100.0,0.0,sem observação,sem chuva,22,3,11,0,0
2607,Medium,32.4,16.9,87.6,LIGHT,13.0,1027.0,82.0,2.0,nuvens quebrados,sem chuva,12,3,2,0,0
2608,Low,32.1,8.9,100.7,LIGHT,21.0,1029.0,33.0,3.0,céu claro,sem chuva,13,6,2,1,0
2609,None_Existent,39.7,4.4,77.0,DARK,10.0,1021.0,87.0,2.0,céu limpo,sem chuva,22,3,4,0,0
2610,None_Existent,42.3,0.0,82.3,DARK,12.0,1008.0,100.0,8.0,sem observação,chuva leve,3,0,10,0,0
2611,None_Existent,43.8,5.8,80.9,DARK,16.0,1017.0,82.0,2.0,céu claro,sem chuva,0,4,8,0,0
2612,None_Existent,44.5,0.0,85.0,DARK,16.0,1013.0,100.0,1.0,sem observação,sem chuva,5,2,9,0,0
2613,High,43.1,111.0,84.3,LIGHT,22.0,1017.0,77.0,7.0,sem observação,sem chuva,16,6,8,1,0
2614,High,40.0,72.7,87.9,LIGHT,23.0,1022.0,36.0,2.0,céu claro,sem chuva,10,2,9,0,0
2615,Medium,32.9,17.4,83.0,LIGHT,20.0,1016.0,45.0,3.0,sem observação,sem chuva,14,5,3,1,0
2616,Medium,41.6,17.4,71.0,LIGHT,13.0,1018.0,93.0,4.0,nuvens quebrados,sem chuva,13,1,1,0,0
2617,None_Existent,45.8,1.1,84.7,DARK,18.0,1021.0,93.0,1.0,tempo nublado,sem chuva,0,4,9,0,0
2618,None_Existent,44.9,0.0,67.1,DARK,6.0,1020.0,100.0,2.0,céu claro,sem chuva,2,5,1,1,0
2619,Medium,34.5,18.2,83.5,LIGHT,17.0,1014.0,93.0,3.0,nuvens dispersas,sem chuva,18,6,4,1,1
2620,Medium,42.1,15.3,87.0,DARK,16.0,1017.0,87.0,0.0,céu claro,sem chuva,23,4,7,0,0
2621,Medium,43.4,26.5,83.7,LOW_LIGHT,23.0,1012.0,64.0,2.0,céu claro,sem chuva,19,6,9,1,1
2622,High,37.1,48.8,76.7,LIGHT,25.0,1019.0,64.0,6.0,sem observação,sem chuva,16,6,5,1,0
2623,None_Existent,43.2,4.5,76.5,DARK,16.0,1015.0,100.0,1.0,sem observação,sem chuva,5,1,7,0,0
2624,None_Existent,42.7,0.0,88.9,DARK,16.0,1016.0,100.0,3.0,sem observação,sem chuva,22,0,9,0,0
2625,None_Existent,43.7,4.1,82.0,DARK,16.0,1009.0,93.0,2.0,tempo nublado,sem chuva,20,0,10,0,0
2626,High,35.8,48.5,88.6,LIGHT,24.0,1014.0,83.0,2.0,sem observação,sem chuva,14,1,7,0,0
2627,None_Existent,41.9,0.0,75.8,DARK,12.0,1022.0,76.0,4.0,nuvens quebrados,sem chuva,4,2,11,0,0
2628,Low,44.7,12.9,79.1,LIGHT,27.0,1012.0,42.0,2.0,céu claro,sem chuva,17,6,9,1,1
2629,None_Existent,38.7,3.8,77.8,DARK,18.0,1005.0,82.0,7.0,tempo nublado,sem chuva,20,2,10,0,0
2630,High,40.3,62.0,81.7,LIGHT,12.0,1011.0,100.0,8.0,sem observação,chuva moderada,11,3,11,0,0
2631,None_Existent,41.9,0.0,72.8,DARK,15.0,1012.0,67.0,6.0,sem observação,sem chuva,1,5,5,1,0
2632,Low,40.1,6.9,83.6,LIGHT,22.0,1017.0,68.0,3.0,nuvens dispersas,sem chuva,12,5,7,1,0
2633,Medium,33.8,34.9,77.2,LIGHT,15.0,1014.0,77.0,7.0,nuvens quebradas,sem chuva,11,3,5,0,0
2634,None_Existent,37.3,2.6,94.8,DARK,12.0,1020.0,100.0,6.0,sem observação,sem chuva,21,5,2,1,0
2635,None_Existent,43.9,0.0,71.2,DARK,11.0,1019.0,82.0,8.0,nuvens dispersas,sem chuva,0,3,11,0,0
2636,High,31.5,71.5,81.4,LIGHT,16.0,1012.0,77.0,4.0,nuvens dispersas,sem chuva,11,3,4,0,0
2637,High,41.3,31.7,74.7,LIGHT,24.0,1017.0,50.0,5.0,sem observação,sem chuva,9,3,8,0,1
2638,None_Existent,42.8,1.5,77.3,DARK,15.0,1019.0,100.0,1.0,sem observação,sem chuva,5,4,8,0,0
2639,Medium,33.6,27.9,73.6,LIGHT,27.0,1015.0,36.0,3.0,sem observação,sem chuva,14,1,5,0,0
2640,High,39.0,57.8,73.4,LIGHT,17.0,1021.0,67.0,3.0,nuvens dispersas,sem chuva,15,4,6,0,0
2641,None_Existent,36.8,2.8,91.1,DARK,17.0,1015.0,100.0,2.0,sem observação,sem chuva,2,1,7,0,0
2642,High,42.1,34.4,72.5,LIGHT,20.0,1016.0,77.0,2.0,céu pouco nublado,sem chuva,19,0,6,0,1
2643,Medium,37.5,34.9,84.9,LIGHT,22.0,1018.0,77.0,4.0,sem observação,sem chuva,17,6,6,1,1
2644,Low,46.1,11.3,79.7,DARK,17.0,1020.0,100.0,9.0,sem observação,sem chuva,4,3,8,0,0
2645,High,40.7,117.8,85.1,LIGHT,14.0,1022.0,82.0,2.0,nuvens quebrados,sem chuva,16,5,11,1,0
2646,High,42.7,66.4,84.4,LIGHT,21.0,1020.0,73.0,6.0,céu pouco nublado,sem chuva,16,0,9,0,0
2647,High,34.9,66.4,78.3,LIGHT,17.0,1019.0,77.0,2.0,céu limpo,sem chuva,15,4,4,0,0
2648,Very_High,47.5,100.7,65.6,LIGHT,18.0,1018.0,38.0,6.0,sem observação,sem chuva,7,4,5,0,1
2649,None_Existent,46.5,0.0,88.7,DARK,12.0,1014.0,100.0,0.0,sem observação,sem chuva,4,4,10,0,0
2650,Low,39.5,18.8,77.7,LIGHT,13.0,1008.0,93.0,8.0,sem observação,chuva fraca,13,6,11,1,0
2651,High,39.6,69.1,87.8,LIGHT,25.0,1017.0,54.0,6.0,céu claro,sem chuva,15,4,8,0,0
2652,None_Existent,45.1,0.0,84.5,DARK,15.0,1017.0,100.0,0.0,sem observação,sem chuva,4,4,9,0,0
2653,None_Existent,46.5,0.0,86.5,DARK,20.0,1016.0,72.0,4.0,céu claro,sem chuva,1,5,10,1,0
2654,Low,37.8,12.7,87.1,DARK,14.0,1013.0,76.0,4.0,céu pouco nublado,sem chuva,21,3,6,0,0
2655,None_Existent,42.7,0.0,92.2,LIGHT,15.0,1015.0,93.0,1.0,céu claro,sem chuva,7,2,8,0,1
2656,Low,37.3,13.4,86.1,LIGHT,20.0,1008.0,56.0,6.0,algumas nuvens,sem chuva,13,5,11,1,0
2657,Low,37.2,8.3,83.0,LIGHT,12.0,1014.0,93.0,2.0,sem observação,chuva fraca,8,4,4,0,1
2658,None_Existent,41.6,0.0,88.8,LIGHT,9.0,1029.0,58.0,2.0,céu claro,sem chuva,9,6,2,1,1
2659,None_Existent,45.8,0.0,84.7,DARK,21.0,1014.0,60.0,7.0,céu claro,sem chuva,4,5,10,1,0
2660,Medium,34.2,36.2,74.5,LIGHT,17.0,1018.0,52.0,6.0,nuvens dispersas,sem chuva,11,1,6,0,0
2661,None_Existent,49.3,0.6,62.7,DARK,16.0,1020.0,100.0,2.0,nuvens quebradas,sem chuva,2,0,7,0,0
2662,Very_High,46.2,107.9,85.7,LOW_LIGHT,14.0,1004.0,100.0,4.0,sem observação,chuva fraca,7,0,10,0,1
2663,None_Existent,41.8,7.7,89.0,DARK,15.0,1021.0,100.0,2.0,sem observação,sem chuva,21,6,9,1,0
2664,Very_High,42.7,96.2,87.0,LIGHT,20.0,1022.0,60.0,6.0,algumas nuvens,sem chuva,14,3,8,0,0
2665,Medium,32.8,32.3,99.4,LIGHT,12.0,1023.0,81.0,3.0,nuvens quebrados,sem chuva,11,4,2,0,0
2666,Low,35.9,12.8,80.6,DARK,13.0,1022.0,76.0,3.0,nuvens quebrados,sem chuva,20,1,11,0,0
2667,Low,36.8,3.0,65.6,DARK,15.0,1011.0,59.0,2.0,sem observação,sem chuva,0,5,5,1,0
2668,None_Existent,43.8,0.0,84.5,DARK,19.0,1019.0,82.0,2.0,nuvens quebrados,sem chuva,4,0,7,0,0
2669,None_Existent,48.2,0.0,88.2,DARK,15.0,1015.0,93.0,1.0,céu claro,sem chuva,5,2,8,0,0
2670,Low,38.4,11.1,63.5,DARK,19.0,1019.0,56.0,3.0,sem observação,sem chuva,3,4,5,0,0
2671,High,38.7,93.2,78.2,LIGHT,13.0,1018.0,72.0,2.0,céu pouco nublado,sem chuva,9,4,6,0,1
2672,High,40.5,202.4,84.2,LIGHT,19.0,1021.0,82.0,3.0,sem observação,sem chuva,18,3,9,0,1
2673,Low,34.4,10.2,86.7,DARK,23.0,1015.0,83.0,2.0,céu claro,sem chuva,20,6,8,1,0
2674,Medium,40.1,20.2,79.4,LIGHT,28.0,1017.0,78.0,2.0,céu pouco nublado,sem chuva,14,0,7,0,0
2675,Medium,37.4,42.5,85.0,LIGHT,19.0,1016.0,88.0,2.0,sem observação,sem chuva,17,2,8,0,1
2676,None_Existent,38.3,0.0,74.7,DARK,11.0,1022.0,76.0,4.0,tempo nublado,sem chuva,2,2,11,0,0
2677,Medium,36.3,33.6,90.2,LIGHT,18.0,1020.0,100.0,3.0,nuvens quebradas,sem chuva,10,3,8,0,0
2678,None_Existent,40.0,0.0,68.2,DARK,10.0,1015.0,82.0,1.0,céu pouco nublado,sem chuva,5,4,6,0,0
2679,None_Existent,47.7,0.6,84.7,DARK,13.0,1011.0,82.0,3.0,nuvens dispersas,sem chuva,5,1,11,0,0
2680,None_Existent,39.2,1.6,71.0,DARK,11.0,1020.0,100.0,2.0,sem observação,sem chuva,3,4,11,0,0
2681,Medium,37.4,28.1,89.3,LIGHT,17.0,1021.0,100.0,1.0,sem observação,sem chuva,11,6,9,1,0
2682,High,33.9,51.3,85.5,LIGHT,18.0,1026.0,82.0,7.0,céu pouco nublado,sem chuva,18,5,4,1,1
2683,None_Existent,39.3,1.6,82.6,DARK,18.0,1019.0,82.0,0.0,céu claro,sem chuva,21,6,10,1,0
2684,Low,37.2,18.0,80.6,LIGHT,20.0,1017.0,82.0,1.0,nuvens quebradas,sem chuva,12,2,6,0,0
2685,Low,40.6,12.0,74.9,DARK,8.0,1022.0,87.0,2.0,céu claro,sem chuva,20,3,1,0,0
2686,Low,36.2,4.1,71.1,LIGHT,21.0,1015.0,72.0,7.0,sem observação,sem chuva,19,0,5,0,1
2687,High,37.3,93.6,76.5,LIGHT,19.0,1015.0,59.0,7.0,céu pouco nublado,sem chuva,15,2,6,0,0
2688,Low,41.3,15.6,83.2,LIGHT,22.0,1024.0,37.0,7.0,céu claro,sem chuva,12,1,10,0,0
2689,Medium,44.9,4.8,78.2,DARK,1.0,1030.0,80.0,1.0,céu claro,sem chuva,7,0,2,0,1
2690,Medium,41.6,29.4,84.6,LIGHT,29.0,1018.0,26.0,2.0,céu claro,sem chuva,16,1,9,0,0
2691,Medium,41.9,33.3,86.6,LIGHT,31.0,1017.0,25.0,5.0,céu claro,sem chuva,11,0,8,0,0
2692,Low,46.9,13.8,73.5,DARK,20.0,1017.0,93.0,5.0,céu pouco nublado,sem chuva,20,4,8,0,0
2693,None_Existent,42.0,0.0,76.0,DARK,8.0,1022.0,100.0,1.0,nuvens quebrados,sem chuva,3,1,1,0,0
2694,Medium,39.3,26.2,94.5,LOW_LIGHT,17.0,1020.0,93.0,3.0,sem observação,sem chuva,19,6,9,1,1
2695,Medium,34.5,21.2,91.3,LIGHT,15.0,1020.0,100.0,1.0,sem observação,sem chuva,9,4,8,0,1
2696,High,40.6,41.1,79.8,DARK,14.0,1023.0,100.0,3.0,sem observação,sem chuva,18,0,12,0,1
2697,None_Existent,42.0,0.0,83.5,LIGHT,14.0,1021.0,93.0,1.0,céu claro,sem chuva,7,5,8,1,1
2698,Medium,34.8,23.8,87.6,LIGHT,22.0,1012.0,82.0,1.0,sem observação,sem chuva,19,2,7,0,1
2699,Low,41.6,2.5,83.4,DARK,8.0,1026.0,93.0,3.0,tempo nublado,sem chuva,2,3,2,0,0
2700,Low,47.6,7.6,72.4,DARK,16.0,1017.0,100.0,1.0,sem observação,sem chuva,20,2,9,0,0
2701,High,40.5,81.1,92.7,DARK,13.0,1029.0,71.0,1.0,céu claro,sem chuva,19,1,2,0,1
2702,Low,45.8,6.4,70.4,DARK,18.0,1017.0,63.0,2.0,sem observação,sem chuva,6,2,8,0,0
2703,Medium,49.2,2.3,78.9,DARK,9.0,1025.0,62.0,5.0,céu claro,sem chuva,7,1,2,0,1
2704,None_Existent,41.9,0.0,76.8,DARK,11.0,1013.0,93.0,5.0,nuvens dispersas,sem chuva,6,5,11,1,0
2705,Low,42.3,4.5,75.8,LIGHT,21.0,1014.0,60.0,2.0,céu claro,sem chuva,16,3,11,0,0
2706,High,34.3,111.9,90.9,LIGHT,22.0,1012.0,94.0,9.0,nuvens quebradas,sem chuva,14,3,8,0,0
2707,Medium,45.1,6.9,71.5,DARK,16.0,1017.0,100.0,1.0,sem observação,sem chuva,6,0,9,0,0
2708,Medium,38.1,14.4,84.2,LIGHT,25.0,1017.0,62.0,0.0,sem observação,sem chuva,13,5,7,1,0
2709,None_Existent,44.3,4.3,84.7,DARK,17.0,1025.0,82.0,0.0,céu claro,sem chuva,20,1,10,0,0
2710,None_Existent,41.4,0.0,79.1,DARK,19.0,1016.0,37.0,4.0,sem observação,sem chuva,4,6,9,1,0
2711,High,42.9,44.4,85.6,DARK,16.0,1018.0,93.0,3.0,algumas nuvens,sem chuva,18,1,10,0,1
2712,Very_High,44.5,137.6,71.6,LIGHT,15.0,1013.0,100.0,5.0,sem observação,chuva fraca,9,1,6,0,1
2713,Low,39.9,15.4,95.5,DARK,10.0,1021.0,93.0,1.0,céu pouco nublado,sem chuva,1,3,4,0,0
2714,Low,34.9,13.0,66.2,DARK,12.0,1020.0,93.0,1.0,sem observação,sem chuva,2,6,6,1,0
2715,Medium,37.9,17.3,75.3,LIGHT,18.0,1017.0,87.0,3.0,nuvens dispersas,sem chuva,12,0,6,0,0
2716,Medium,36.8,23.8,87.3,LIGHT,19.0,1018.0,93.0,2.0,sem observação,sem chuva,10,0,9,0,0
2717,Medium,39.0,42.0,79.5,DARK,15.0,1023.0,87.0,5.0,nuvens quebrados,sem chuva,19,6,12,1,1
2718,Low,43.5,12.9,83.8,LIGHT,20.0,1019.0,68.0,2.0,céu claro,sem chuva,12,3,8,0,0
2719,Low,40.5,3.0,66.9,DARK,16.0,1015.0,72.0,3.0,sem observação,sem chuva,1,2,5,0,0
2720,High,31.9,88.7,81.6,LIGHT,15.0,1022.0,72.0,3.0,nuvens dispersas,sem chuva,11,3,4,0,0
2721,None_Existent,43.5,2.1,86.5,DARK,15.0,1020.0,93.0,1.0,céu claro,sem chuva,23,2,8,0,0
2722,Medium,38.8,18.9,70.0,DARK,15.0,1019.0,77.0,2.0,nuvens quebradas,sem chuva,20,0,5,0,0
2723,High,44.9,30.0,77.3,LIGHT,16.0,1015.0,100.0,1.0,sem observação,sem chuva,7,2,7,0,1
2724,None_Existent,42.6,4.2,82.6,DARK,12.0,1014.0,93.0,1.0,céu claro,sem chuva,23,4,10,0,0
2725,Very_High,47.4,62.3,70.9,LIGHT,11.0,986.0,96.0,1.0,nuvens quebrados,sem chuva,8,0,11,0,1
2726,Medium,38.3,36.8,87.1,LIGHT,20.0,1020.0,94.0,3.0,nuvens quebradas,sem chuva,14,1,9,0,0
2727,Medium,37.5,16.4,74.4,LIGHT,18.0,1017.0,67.0,9.0,sem observação,sem chuva,19,1,6,0,1
2728,Very_High,43.2,80.4,89.2,LIGHT,9.0,1018.0,100.0,2.0,nuvens dispersas,sem chuva,9,0,2,0,1
2729,None_Existent,47.3,0.0,77.6,DARK,16.0,1012.0,100.0,5.0,nuvens quebradas,sem chuva,4,2,7,0,0
2730,Low,35.1,3.8,63.6,DARK,14.0,1021.0,100.0,3.0,nublado,sem chuva,23,4,5,0,0
2731,High,37.3,30.4,76.7,LIGHT,24.0,1018.0,68.0,5.0,céu pouco nublado,sem chuva,15,0,7,0,0
2732,None_Existent,37.3,1.1,82.6,DARK,18.0,1016.0,100.0,1.0,nuvens quebradas,sem chuva,23,6,7,1,0
2733,None_Existent,35.4,0.8,86.2,DARK,17.0,1014.0,100.0,10.0,sem observação,sem chuva,4,1,7,0,0
2734,None_Existent,52.7,0.0,76.9,DARK,15.0,1020.0,100.0,3.0,nublado,sem chuva,1,1,9,0,0
2735,Medium,40.3,24.7,78.0,DARK,14.0,1023.0,76.0,4.0,nuvens dispersas,sem chuva,17,1,11,0,1
2736,None_Existent,43.1,0.0,71.3,DARK,11.0,1017.0,100.0,2.0,sem observação,sem chuva,4,0,6,0,0
2737,Low,38.8,19.1,86.7,DARK,22.0,1012.0,61.0,2.0,céu claro,sem chuva,23,5,9,1,0
2738,Low,46.4,3.0,79.8,DARK,14.0,1005.0,93.0,6.0,sem observação,chuva fraca,4,3,1,0,0
2739,Low,44.3,3.3,75.7,DARK,14.0,1019.0,100.0,2.0,céu pouco nublado,sem chuva,23,6,9,1,0
2740,None_Existent,41.8,0.0,82.1,DARK,13.0,1016.0,87.0,1.0,tempo nublado,sem chuva,23,3,10,0,0
2741,None_Existent,38.0,6.3,85.6,DARK,10.0,1028.0,100.0,0.0,céu pouco nublado,sem chuva,1,4,3,0,0
2742,None_Existent,43.3,2.0,78.5,DARK,18.0,1014.0,72.0,3.0,sem observação,sem chuva,4,0,9,0,0
2743,High,33.9,99.8,75.9,LIGHT,16.0,1015.0,82.0,7.0,céu pouco nublado,sem chuva,15,2,5,0,0
2744,High,43.3,52.6,85.2,DARK,20.0,1014.0,73.0,1.0,céu claro,sem chuva,18,4,10,0,1
2745,Very_High,45.0,109.0,82.7,LIGHT,12.0,1004.0,51.0,2.0,céu claro,sem chuva,9,2,10,0,1
2746,High,39.1,64.7,80.2,LIGHT,19.0,1025.0,59.0,2.0,sem observação,sem chuva,10,2,9,0,0
2747,Low,46.9,1.2,85.2,DARK,15.0,1020.0,88.0,2.0,céu claro,sem chuva,2,0,10,0,0
2748,None_Existent,44.5,0.0,83.7,DARK,21.0,1016.0,88.0,0.0,céu claro,sem chuva,2,5,8,1,0
2749,None_Existent,39.1,0.0,91.1,DARK,13.0,1021.0,100.0,2.0,sem observação,sem chuva,0,4,11,0,0
2750,Medium,46.1,12.8,75.1,DARK,13.0,1018.0,93.0,6.0,nuvens quebrados,sem chuva,20,2,1,0,0
2751,Low,44.2,14.6,74.1,DARK,17.0,1017.0,100.0,2.0,nuvens quebradas,sem chuva,3,5,8,1,0
2752,Low,36.3,15.0,94.2,LIGHT,21.0,1016.0,77.0,3.0,nuvens dispersas,sem chuva,12,6,7,1,0
2753,None_Existent,43.8,2.2,80.9,DARK,17.0,1015.0,82.0,0.0,céu claro,sem chuva,2,5,9,1,0
2754,Very_High,41.9,65.3,72.4,LIGHT,12.0,1018.0,87.0,10.0,sem observação,chuva moderada,9,2,1,0,1
2755,None_Existent,36.8,0.0,91.8,LIGHT,8.0,1017.0,100.0,2.0,sem observação,sem chuva,8,3,11,0,1
2756,Low,43.4,3.3,72.1,DARK,11.0,1018.0,87.0,2.0,algumas nuvens,sem chuva,22,3,11,0,0
2757,None_Existent,44.8,17.2,89.3,LOW_LIGHT,18.0,1015.0,93.0,2.0,sem observação,sem chuva,6,2,7,0,0
2758,Medium,38.9,36.2,87.7,LIGHT,15.0,1022.0,67.0,4.0,céu claro,sem chuva,15,1,12,0,0
2759,None_Existent,47.8,0.0,69.0,DARK,16.0,1017.0,93.0,2.0,sem observação,sem chuva,1,1,7,0,0
2760,Medium,42.1,7.3,87.6,DARK,11.0,1024.0,93.0,4.0,nuvens quebradas,sem chuva,6,6,3,1,0
2761,None_Existent,36.6,2.3,69.6,LIGHT,5.0,1022.0,93.0,1.0,sem observação,sem chuva,10,5,1,1,0
2762,High,40.0,55.7,75.1,LIGHT,18.0,1017.0,72.0,4.0,céu pouco nublado,sem chuva,15,4,6,0,0
2763,None_Existent,39.7,0.0,69.7,DARK,17.0,1016.0,93.0,1.0,céu pouco nublado,sem chuva,0,3,6,0,0
2764,None_Existent,34.9,3.7,80.8,DARK,7.0,1012.0,100.0,1.0,nuvens dispersas,sem chuva,2,3,11,0,0
2765,Medium,30.8,18.0,100.8,LIGHT,18.0,1027.0,42.0,5.0,céu claro,sem chuva,12,4,2,0,0
2766,Medium,39.1,20.3,81.8,LIGHT,16.0,1030.0,87.0,2.0,algumas nuvens,sem chuva,14,3,12,0,0
2767,None_Existent,37.8,1.6,89.9,DARK,14.0,1027.0,81.0,1.0,céu claro,sem chuva,21,0,2,0,0
2768,Low,41.9,16.5,92.3,LIGHT,24.0,1017.0,41.0,6.0,céu claro,sem chuva,10,5,8,1,0
2769,Medium,37.8,29.1,86.2,LIGHT,13.0,1011.0,93.0,7.0,sem observação,chuva,12,3,11,0,0
2770,None_Existent,42.0,0.0,75.9,DARK,13.0,1015.0,72.0,5.0,céu claro,sem chuva,23,2,11,0,0
2771,None_Existent,41.7,6.5,74.5,DARK,14.0,1006.0,71.0,6.0,nuvens quebrados,sem chuva,20,6,11,1,0
2772,Low,36.9,6.6,90.7,LIGHT,19.0,1016.0,93.0,1.0,sem observação,sem chuva,9,0,8,0,1
2773,None_Existent,42.9,0.0,70.8,DARK,13.0,1019.0,100.0,2.0,céu pouco nublado,sem chuva,4,3,5,0,0
2774,None_Existent,41.8,0.0,86.9,DARK,4.0,1021.0,100.0,1.0,céu claro,sem chuva,4,1,2,0,0
2775,None_Existent,43.4,1.5,89.5,DARK,17.0,1016.0,100.0,3.0,sem observação,sem chuva,3,3,8,0,0
2776,Medium,39.3,33.3,74.3,LIGHT,13.0,1008.0,76.0,4.0,sem observação,chuva fraca,15,6,11,1,0
2777,Low,34.1,9.6,84.9,DARK,18.0,1017.0,93.0,1.0,céu pouco nublado,sem chuva,23,4,7,0,0
2778,Very_High,41.6,117.6,67.1,LIGHT,15.0,1011.0,93.0,6.0,nublado,sem chuva,8,1,6,0,1
2779,Low,37.6,15.8,89.9,LIGHT,23.0,1024.0,29.0,1.0,céu claro,sem chuva,13,2,10,0,0
2780,High,40.3,50.4,78.9,LIGHT,18.0,1013.0,93.0,4.0,nublado,sem chuva,9,2,7,0,1
2781,None_Existent,39.5,1.1,70.5,DARK,23.0,1018.0,33.0,3.0,sem observação,sem chuva,22,3,9,0,0
2782,High,41.1,119.9,81.6,LIGHT,13.0,1023.0,66.0,6.0,nuvens dispersas,sem chuva,16,6,1,1,0
2783,High,43.4,48.7,71.4,LIGHT,15.0,1017.0,62.0,5.0,sem observação,sem chuva,9,2,6,0,1
2784,Low,40.5,4.4,88.3,DARK,18.0,1016.0,68.0,2.0,céu claro,sem chuva,1,5,8,1,0
2785,Low,39.5,3.1,70.0,DARK,9.0,1016.0,76.0,4.0,céu limpo,sem chuva,2,2,4,0,0
2786,None_Existent,40.6,0.0,86.7,LIGHT,9.0,1007.0,71.0,4.0,sem observação,aguaceiros fracos,7,3,4,0,1
2787,Medium,40.4,23.4,88.8,LIGHT,13.0,1009.0,66.0,3.0,nuvens dispersas,sem chuva,14,0,10,0,0
2788,Medium,41.0,21.2,80.7,LIGHT,19.0,1018.0,82.0,3.0,céu pouco nublado,sem chuva,18,6,9,1,1
2789,Medium,38.9,50.3,91.4,LIGHT,17.0,1018.0,93.0,2.0,sem observação,sem chuva,18,3,8,0,1
2790,Low,37.3,6.6,74.9,DARK,20.0,1019.0,72.0,3.0,sem observação,sem chuva,23,4,5,0,0
2791,Medium,37.1,36.9,92.7,LIGHT,17.0,1024.0,55.0,1.0,céu claro,sem chuva,17,4,2,0,1
2792,None_Existent,45.4,3.0,89.2,DARK,14.0,1017.0,100.0,0.0,céu claro,sem chuva,2,1,8,0,0
2793,None_Existent,37.8,0.0,62.9,DARK,15.0,1018.0,100.0,6.0,céu pouco nublado,sem chuva,0,4,6,0,0
2794,Medium,36.7,40.2,84.9,LIGHT,19.0,1017.0,87.0,2.0,céu pouco nublado,sem chuva,18,6,5,1,1
2795,High,43.8,43.9,82.7,LIGHT,18.0,1022.0,82.0,2.0,céu claro,sem chuva,10,2,9,0,0
2796,Low,42.8,6.8,63.3,DARK,11.0,1020.0,93.0,5.0,sem observação,sem chuva,3,6,6,1,0
2797,None_Existent,41.6,0.0,85.5,DARK,9.0,1018.0,81.0,0.0,algumas nuvens,sem chuva,23,1,1,0,0
2798,Low,35.4,3.0,73.5,DARK,17.0,1016.0,93.0,1.0,céu pouco nublado,sem chuva,0,6,7,1,0
2799,Low,35.8,11.6,79.6,LIGHT,21.0,1019.0,82.0,3.0,sem observação,sem chuva,11,6,6,1,0
2800,None_Existent,37.1,0.0,90.2,DARK,18.0,1016.0,93.0,4.0,tempo nublado,sem chuva,5,1,8,0,0
2801,Low,42.9,4.3,62.3,DARK,9.0,1016.0,93.0,3.0,sem observação,sem chuva,2,6,5,1,0
2802,Low,45.4,13.8,64.7,DARK,11.0,1018.0,100.0,2.0,sem observação,sem chuva,3,0,6,0,0
2803,High,41.7,38.5,68.2,LIGHT,13.0,1018.0,93.0,6.0,nuvens dispersas,sem chuva,10,3,1,0,0
2804,None_Existent,42.6,0.0,72.3,DARK,16.0,1016.0,100.0,1.0,sem observação,sem chuva,4,1,7,0,0
2805,None_Existent,41.6,0.0,74.3,LOW_LIGHT,11.0,1014.0,100.0,1.0,sem observação,chuva fraca,6,2,5,0,0
2806,None_Existent,47.3,0.0,71.1,DARK,7.0,1018.0,87.0,1.0,céu limpo,sem chuva,4,5,3,1,0
2807,Low,48.6,5.1,83.6,DARK,13.0,1019.0,100.0,8.0,sem observação,chuva moderada,7,6,2,1,1
2808,High,39.6,80.0,87.8,LIGHT,16.0,1015.0,93.0,4.0,sem observação,chuva moderada,15,2,10,0,0
2809,None_Existent,46.8,2.3,84.1,DARK,18.0,1018.0,49.0,6.0,sem observação,sem chuva,5,4,9,0,0
2810,Medium,43.9,21.2,87.0,LIGHT,17.0,1006.0,93.0,4.0,sem observação,sem chuva,15,0,10,0,0
2811,None_Existent,43.7,13.5,88.5,DARK,15.0,1016.0,100.0,9.0,sem observação,sem chuva,4,6,9,1,0
2812,Medium,40.6,25.8,80.7,LOW_LIGHT,19.0,1016.0,93.0,1.0,céu pouco nublado,sem chuva,20,1,7,0,0
2813,Low,41.2,12.4,76.2,LIGHT,29.0,1019.0,19.0,3.0,sem observação,sem chuva,18,6,5,1,1
2814,None_Existent,35.4,0.6,76.8,LIGHT,18.0,1015.0,93.0,1.0,nuvens quebradas,sem chuva,7,6,7,1,1
2815,None_Existent,35.2,1.6,67.9,DARK,18.0,1017.0,93.0,5.0,céu pouco nublado,sem chuva,21,4,6,0,0
2816,None_Existent,40.2,5.3,85.5,DARK,18.0,1017.0,88.0,0.0,céu claro,sem chuva,22,3,7,0,0
2817,Low,42.8,15.7,86.5,LIGHT,17.0,1021.0,100.0,1.0,sem observação,chuva fraca,8,5,8,1,1
2818,Very_High,45.1,132.4,84.7,LIGHT,12.0,1011.0,87.0,11.0,sem observação,chuva fraca,9,3,11,0,1
2819,Low,45.8,2.0,84.1,DARK,13.0,1025.0,48.0,4.0,céu claro,sem chuva,6,2,10,0,0
2820,High,39.4,43.7,87.4,LIGHT,14.0,998.0,100.0,7.0,sem observação,chuva moderada,17,3,1,0,1
2821,Low,40.9,0.9,87.5,DARK,20.0,1012.0,77.0,2.0,céu claro,sem chuva,3,6,9,1,0
2822,High,34.4,100.9,77.8,LIGHT,19.0,1016.0,77.0,4.0,céu pouco nublado,sem chuva,17,3,6,0,1
2823,None_Existent,42.8,0.0,83.2,DARK,16.0,1019.0,100.0,2.0,céu pouco nublado,sem chuva,0,3,8,0,0
2824,High,42.5,36.8,89.4,LIGHT,21.0,1017.0,69.0,0.0,nublado,sem chuva,13,2,8,0,0
2825,Medium,44.5,7.4,65.0,DARK,15.0,1018.0,93.0,2.0,nuvens quebradas,sem chuva,3,4,6,0,0
2826,None_Existent,39.3,5.7,85.5,LIGHT,28.0,1014.0,51.0,4.0,céu claro,sem chuva,12,6,9,1,0
2827,Medium,40.4,16.1,83.2,DARK,21.0,1015.0,94.0,1.0,céu pouco nublado,sem chuva,20,5,8,1,0
2828,None_Existent,41.9,0.0,86.6,DARK,18.0,1018.0,50.0,4.0,céu claro,sem chuva,3,1,9,0,0
2829,Medium,36.1,18.9,75.3,LIGHT,19.0,1018.0,40.0,5.0,céu pouco nublado,sem chuva,13,1,6,0,0
2830,Low,32.4,15.4,98.6,LIGHT,23.0,1016.0,88.0,2.0,nublado,sem chuva,12,2,7,0,0
2831,Low,39.2,9.6,86.8,DARK,20.0,1017.0,33.0,6.0,sem observação,sem chuva,6,1,9,0,0
2832,None_Existent,41.3,0.0,87.0,DARK,3.0,1030.0,86.0,3.0,céu claro,sem chuva,6,0,2,0,0
2833,None_Existent,46.9,0.0,76.4,DARK,13.0,1025.0,100.0,1.0,sem observação,sem chuva,5,5,11,1,0
2834,High,38.1,40.3,75.1,LIGHT,20.0,1017.0,72.0,2.0,céu pouco nublado,sem chuva,16,2,6,0,0
2835,Low,37.4,3.6,65.2,DARK,11.0,1020.0,93.0,0.0,céu limpo,sem chuva,0,5,4,1,0
2836,None_Existent,41.3,0.0,90.0,DARK,13.0,1019.0,100.0,7.0,nuvens quebrados,sem chuva,5,6,2,1,0
2837,Very_High,45.7,71.8,80.1,LOW_LIGHT,7.0,1026.0,100.0,0.0,sem observação,sem chuva,8,3,2,0,1
2838,Medium,44.8,19.8,74.0,DARK,18.0,1012.0,88.0,2.0,sem observação,sem chuva,20,4,9,0,0
2839,None_Existent,38.4,0.0,72.3,DARK,11.0,1017.0,71.0,5.0,sem observação,sem chuva,4,2,6,0,0
2840,Medium,43.4,19.2,87.3,DARK,19.0,1016.0,100.0,0.0,céu pouco nublado,sem chuva,22,5,8,1,0
2841,None_Existent,42.4,1.5,81.2,DARK,22.0,1014.0,57.0,3.0,céu claro,sem chuva,20,4,8,0,0
2842,None_Existent,42.5,0.0,84.4,DARK,9.0,1011.0,70.0,5.0,algumas nuvens,sem chuva,21,5,10,1,0
2843,Medium,37.2,30.9,77.2,LIGHT,19.0,1022.0,68.0,4.0,céu pouco nublado,sem chuva,14,5,6,1,0
2844,Very_High,49.2,85.5,74.1,LIGHT,10.0,1006.0,93.0,5.0,nuvens quebrados,sem chuva,8,2,11,0,1
2845,Low,40.1,9.5,80.3,LIGHT,15.0,1021.0,87.0,4.0,nuvens quebradas,sem chuva,10,6,9,1,0
2846,High,36.2,53.2,75.3,LIGHT,23.0,1013.0,56.0,4.0,sem observação,sem chuva,16,5,6,1,0
2847,Low,36.5,17.5,89.7,DARK,21.0,1019.0,68.0,1.0,sem observação,sem chuva,22,4,5,0,0
2848,Low,31.7,21.8,99.5,LIGHT,15.0,1022.0,55.0,2.0,céu claro,sem chuva,14,5,2,1,0
2849,Low,38.2,17.3,88.4,DARK,18.0,1013.0,82.0,5.0,céu claro,sem chuva,19,3,10,0,1
2850,Low,39.4,5.2,70.3,DARK,12.0,1029.0,81.0,3.0,sem observação,sem chuva,21,4,4,0,0
2851,None_Existent,42.3,1.2,62.0,DARK,16.0,1013.0,88.0,2.0,nuvens quebradas,sem chuva,3,1,6,0,0
2852,Very_High,49.6,63.5,67.8,LIGHT,17.0,1013.0,100.0,2.0,nuvens quebradas,sem chuva,7,0,7,0,1
2853,High,41.9,39.1,90.2,LIGHT,13.0,1022.0,82.0,4.0,tempo nublado,sem chuva,17,4,2,0,1
2854,High,34.1,69.7,92.5,LIGHT,20.0,1019.0,77.0,4.0,nuvens quebrados,sem chuva,13,0,8,0,0
2855,Low,42.3,4.3,71.7,DARK,13.0,1015.0,82.0,4.0,nuvens dispersas,sem chuva,0,2,6,0,0
2856,High,53.3,9.2,70.5,DARK,10.0,1010.0,87.0,6.0,sem observação,chuva moderada,7,3,11,0,1
2857,Low,38.2,13.5,88.4,LIGHT,31.0,1013.0,38.0,3.0,céu claro,sem chuva,15,5,9,1,0
2858,Medium,39.6,17.2,83.3,LIGHT,21.0,1022.0,73.0,3.0,céu pouco nublado,sem chuva,12,6,8,1,0
2859,None_Existent,45.9,0.0,72.7,LIGHT,17.0,1016.0,100.0,8.0,sem observação,sem chuva,9,6,9,1,1
2860,High,35.3,111.6,75.3,DARK,17.0,1017.0,88.0,6.0,sem observação,sem chuva,22,5,6,1,0
2861,Very_High,49.4,47.2,68.1,LIGHT,12.0,1012.0,81.0,2.0,céu limpo,sem chuva,7,0,4,0,1
2862,None_Existent,43.1,0.0,71.4,DARK,17.0,1018.0,93.0,1.0,céu pouco nublado,sem chuva,21,6,6,1,0
2863,None_Existent,39.0,0.0,74.9,DARK,16.0,1019.0,82.0,3.0,sem observação,sem chuva,21,6,6,1,0
2864,Medium,38.1,21.0,93.8,DARK,13.0,1020.0,87.0,7.0,nuvens quebrados,sem chuva,19,5,2,1,1
2865,Medium,39.6,36.8,89.1,LIGHT,17.0,1019.0,82.0,3.0,algumas nuvens,sem chuva,12,3,8,0,0
2866,Medium,37.0,40.9,90.6,LIGHT,22.0,1021.0,73.0,3.0,céu claro,sem chuva,14,4,9,0,0
2867,None_Existent,43.7,0.0,82.0,DARK,6.0,1009.0,81.0,5.0,céu claro,sem chuva,3,6,10,1,0
2868,Very_High,46.0,82.3,68.6,LIGHT,9.0,1015.0,87.0,3.0,sem observação,sem chuva,7,0,5,0,1
2869,None_Existent,41.5,0.0,76.3,DARK,15.0,1013.0,58.0,5.0,céu limpo,sem chuva,4,6,4,1,0
2870,Low,41.6,14.4,89.2,DARK,22.0,1016.0,78.0,1.0,céu claro,sem chuva,21,4,8,0,0
2871,None_Existent,45.1,0.0,83.3,DARK,9.0,1013.0,70.0,3.0,algumas nuvens,sem chuva,21,6,10,1,0
2872,None_Existent,38.4,0.0,99.2,DARK,14.0,1019.0,93.0,9.0,nuvens quebradas,sem chuva,20,6,3,1,0
2873,High,34.0,191.1,89.7,LIGHT,22.0,1022.0,68.0,6.0,céu pouco nublado,sem chuva,14,0,8,0,0
2874,Medium,37.3,22.1,90.3,LIGHT,25.0,1018.0,33.0,2.0,céu claro,sem chuva,13,3,10,0,0
2875,None_Existent,42.7,2.8,83.5,DARK,15.0,1019.0,93.0,2.0,céu claro,sem chuva,0,6,8,1,0
2876,None_Existent,44.7,2.1,85.7,DARK,10.0,998.0,93.0,5.0,sem observação,chuva fraca,2,1,10,0,0
2877,Medium,37.2,45.7,83.4,LIGHT,12.0,1033.0,82.0,1.0,céu claro,sem chuva,12,5,12,1,0
2878,Low,39.5,2.8,89.7,DARK,4.0,1007.0,100.0,0.0,nuvens quebrados,sem chuva,23,3,2,0,0
2879,Low,31.4,16.9,99.4,LIGHT,12.0,1023.0,66.0,3.0,céu claro,sem chuva,12,2,2,0,0
2880,None_Existent,37.8,4.3,87.0,LOW_LIGHT,17.0,1013.0,100.0,5.0,sem observação,chuva fraca,20,1,6,0,0
2881,Very_High,38.4,111.9,86.7,LIGHT,16.0,1017.0,100.0,2.0,sem observação,sem chuva,8,3,7,0,1
2882,Medium,35.9,35.1,91.3,LIGHT,26.0,1016.0,42.0,5.0,sem observação,sem chuva,12,0,9,0,0
2883,Medium,43.1,23.9,81.9,LIGHT,19.0,1017.0,77.0,6.0,sem observação,sem chuva,19,6,8,1,1
2884,Low,34.2,17.7,82.1,LIGHT,23.0,1015.0,73.0,5.0,céu pouco nublado,sem chuva,12,3,7,0,0
2885,Low,38.5,22.9,90.5,LIGHT,22.0,1023.0,69.0,3.0,céu claro,sem chuva,14,6,9,1,0
2886,Low,31.7,13.3,83.0,LIGHT,17.0,1022.0,72.0,1.0,sem observação,sem chuva,10,6,4,1,0
2887,None_Existent,41.4,0.0,89.1,DARK,14.0,1024.0,71.0,1.0,céu claro,sem chuva,23,1,2,0,0
2888,None_Existent,44.5,3.0,85.0,DARK,16.0,1017.0,100.0,4.0,sem observação,sem chuva,5,5,9,1,0
2889,None_Existent,42.5,3.4,83.4,DARK,17.0,1015.0,93.0,1.0,algumas nuvens,sem chuva,22,2,9,0,0
2890,Medium,34.6,23.4,77.9,LIGHT,14.0,1017.0,71.0,3.0,nuvens dispersas,sem chuva,11,5,5,1,0
2891,Medium,43.9,10.5,72.8,LIGHT,22.0,1014.0,88.0,2.0,céu pouco nublado,sem chuva,19,0,8,0,1
2892,Medium,38.1,55.6,89.4,LIGHT,21.0,1016.0,69.0,1.0,nuvens dispersas,sem chuva,18,5,9,1,1
2893,None_Existent,45.9,0.0,80.6,DARK,18.0,1018.0,68.0,4.0,sem observação,sem chuva,5,3,9,0,0
2894,Low,45.1,7.7,86.0,DARK,13.0,1012.0,76.0,6.0,nuvens quebrados,sem chuva,0,0,10,0,0
2895,Low,46.0,4.5,82.6,DARK,12.0,1016.0,100.0,0.0,céu claro,sem chuva,23,4,10,0,0
2896,Medium,37.3,19.5,97.7,LIGHT,14.0,1023.0,67.0,5.0,nuvens dispersas,sem chuva,14,4,2,0,0
2897,High,44.5,75.8,90.2,LOW_LIGHT,14.0,1029.0,62.0,2.0,céu claro,sem chuva,18,1,2,0,1
2898,None_Existent,41.2,0.0,88.6,DARK,19.0,1017.0,82.0,1.0,tempo nublado,sem chuva,23,0,8,0,0
2899,None_Existent,43.7,3.1,73.7,DARK,12.0,1023.0,71.0,4.0,nuvens quebrados,sem chuva,21,1,11,0,0
2900,High,42.0,45.3,89.4,LOW_LIGHT,14.0,1027.0,87.0,2.0,céu pouco nublado,sem chuva,18,4,3,0,1
2901,Low,38.1,19.0,78.4,LIGHT,20.0,1012.0,88.0,4.0,nuvens quebrados,sem chuva,13,0,9,0,0
2902,Low,46.4,7.1,83.4,LIGHT,17.0,1018.0,82.0,0.0,nuvens quebrados,sem chuva,7,6,7,1,1
2903,Low,37.1,13.3,90.1,LIGHT,16.0,1021.0,88.0,1.0,céu claro,sem chuva,9,2,8,0,1
2904,Low,43.6,8.0,85.7,DARK,12.0,1021.0,100.0,1.0,nuvens quebrados,sem chuva,21,5,11,1,0
2905,None_Existent,41.9,0.0,79.8,DARK,19.0,1014.0,94.0,3.0,nuvens quebradas,sem chuva,23,2,7,0,0
2906,Low,44.4,4.2,79.4,LIGHT,17.0,1018.0,93.0,1.0,sem observação,sem chuva,7,6,9,1,1
2907,High,40.4,34.4,85.0,LIGHT,17.0,1014.0,93.0,3.0,sem observação,sem chuva,8,2,9,0,1
2908,Low,43.8,10.6,75.1,DARK,13.0,1021.0,100.0,6.0,nuvens dispersas,sem chuva,4,5,9,1,0
2909,None_Existent,45.1,0.8,86.6,DARK,16.0,1011.0,100.0,0.0,algumas nuvens,sem chuva,3,1,8,0,0
2910,Medium,43.3,24.6,81.3,LIGHT,26.0,1015.0,69.0,3.0,sem observação,sem chuva,14,6,9,1,0
2911,None_Existent,43.0,0.0,82.2,DARK,17.0,1017.0,93.0,3.0,nuvens quebrados,sem chuva,2,0,8,0,0
2912,Very_High,45.5,128.6,61.5,LIGHT,13.0,1013.0,82.0,1.0,sem observação,sem chuva,8,3,6,0,1
2913,High,38.6,42.7,78.0,LIGHT,18.0,1019.0,77.0,2.0,nuvens quebradas,sem chuva,10,4,6,0,0
2914,None_Existent,40.9,2.5,66.6,DARK,10.0,1016.0,87.0,1.0,céu pouco nublado,sem chuva,3,5,5,1,0
2915,Very_High,45.1,75.6,86.6,LIGHT,15.0,1014.0,93.0,2.0,nuvens quebrados,sem chuva,17,2,10,0,1
2916,High,40.3,56.4,82.9,LIGHT,22.0,1014.0,82.0,2.0,céu pouco nublado,sem chuva,14,6,8,1,0
2917,Low,40.4,15.4,84.6,LIGHT,20.0,1013.0,83.0,3.0,nuvens quebrados,sem chuva,12,0,9,0,0
2918,High,42.6,52.1,88.3,LIGHT,24.0,1016.0,51.0,5.0,céu claro,sem chuva,16,4,8,0,0
2919,High,42.4,36.8,86.1,LIGHT,17.0,1004.0,48.0,3.0,céu claro,sem chuva,10,2,10,0,0
2920,Medium,36.3,29.2,66.6,LIGHT,15.0,1016.0,62.0,4.0,céu pouco nublado,sem chuva,11,6,5,1,0
2921,Medium,34.9,27.0,75.3,DARK,17.0,1020.0,72.0,3.0,sem observação,sem chuva,0,6,5,1,0
2922,None_Existent,35.1,6.7,86.3,DARK,18.0,1014.0,100.0,4.0,sem observação,sem chuva,4,2,7,0,0
2923,Medium,34.9,29.4,94.5,LIGHT,29.0,1021.0,33.0,2.0,céu claro,sem chuva,13,0,9,0,0
2924,High,41.1,41.2,76.6,LIGHT,18.0,1018.0,42.0,5.0,sem observação,sem chuva,9,1,5,0,1
2925,None_Existent,34.4,2.6,87.2,DARK,6.0,1031.0,100.0,0.0,céu claro,sem chuva,4,3,2,0,0
2926,Medium,37.4,25.6,89.8,LIGHT,19.0,1018.0,77.0,2.0,nuvens dispersas,sem chuva,12,1,9,0,0
2927,Medium,35.5,30.5,106.9,LIGHT,22.0,1022.0,33.0,3.0,céu claro,sem chuva,15,1,2,0,0
2928,None_Existent,39.3,0.0,70.8,DARK,8.0,1025.0,100.0,0.0,nuvens dispersas,sem chuva,22,4,11,0,0
2929,Medium,36.6,15.8,83.8,LOW_LIGHT,11.0,1000.0,71.0,3.0,nuvens dispersas,sem chuva,19,1,4,0,1
2930,None_Existent,45.6,4.6,85.6,DARK,18.0,1021.0,100.0,3.0,nuvens quebradas,sem chuva,1,3,8,0,0
2931,None_Existent,42.7,0.0,83.8,DARK,9.0,1021.0,81.0,4.0,céu claro,sem chuva,3,2,11,0,0
2932,Very_High,41.5,75.8,86.6,LIGHT,23.0,1015.0,100.0,6.0,nuvens quebradas,sem chuva,17,4,7,0,1
2933,Very_High,44.9,120.1,76.2,LIGHT,21.0,1014.0,88.0,2.0,sem observação,sem chuva,8,3,7,0,1
2934,High,36.7,106.7,85.5,LIGHT,23.0,1018.0,68.0,5.0,sem observação,sem chuva,14,0,8,0,0
2935,Very_High,46.4,78.9,66.9,LIGHT,14.0,1023.0,93.0,6.0,sem observação,sem chuva,8,0,12,0,1
2936,Low,47.1,5.3,76.0,DARK,16.0,1020.0,93.0,7.0,nuvens quebradas,sem chuva,1,1,9,0,0
2937,Medium,51.9,2.3,70.3,DARK,8.0,1020.0,100.0,3.0,céu claro,sem chuva,3,4,1,0,0
2938,None_Existent,46.5,3.3,78.4,DARK,12.0,1021.0,100.0,1.0,sem observação,sem chuva,4,2,9,0,0
2939,Low,41.7,8.5,87.8,DARK,17.0,1015.0,100.0,3.0,sem observação,sem chuva,5,3,8,0,0
2940,None_Existent,35.1,3.7,83.3,DARK,17.0,1017.0,100.0,1.0,sem observação,sem chuva,0,3,7,0,0
2941,High,38.2,124.8,79.9,LIGHT,18.0,1019.0,100.0,2.0,sem observação,chuva fraca,10,1,9,0,0
2942,Low,42.4,4.0,78.5,DARK,11.0,1018.0,76.0,3.0,nuvens dispersas,sem chuva,21,3,4,0,0
2943,High,33.9,57.7,74.3,LIGHT,21.0,1022.0,64.0,4.0,sem observação,sem chuva,14,5,5,1,0
2944,Medium,34.7,35.9,92.0,LIGHT,24.0,1017.0,57.0,4.0,céu claro,sem chuva,14,4,8,0,0
2945,High,33.4,70.4,79.5,LIGHT,14.0,1009.0,77.0,10.0,nuvens quebradas,sem chuva,11,3,6,0,0
2946,High,38.7,40.1,74.6,LIGHT,15.0,1032.0,82.0,1.0,algumas nuvens,sem chuva,11,3,12,0,0
2947,High,38.8,76.4,79.4,LIGHT,14.0,1030.0,87.0,3.0,sem observação,sem chuva,16,4,12,0,0
2948,None_Existent,40.5,20.9,71.1,DARK,15.0,1024.0,87.0,7.0,tempo nublado,sem chuva,0,0,12,0,0
2949,None_Existent,42.3,0.6,83.4,DARK,17.0,1018.0,93.0,2.0,sem observação,sem chuva,2,0,9,0,0
2950,Very_High,40.6,77.4,81.6,LIGHT,24.0,1018.0,50.0,2.0,sem observação,sem chuva,11,2,8,0,0
2951,Medium,37.8,33.6,83.6,LIGHT,12.0,1011.0,82.0,2.0,sem observação,trovoada com chuva leve,15,3,11,0,0
2952,Low,39.8,15.2,89.6,LIGHT,19.0,1018.0,83.0,4.0,nuvens dispersas,sem chuva,12,6,8,1,0
2953,Medium,45.4,18.4,76.8,DARK,26.0,1016.0,47.0,2.0,sem observação,sem chuva,20,3,8,0,0
2954,None_Existent,49.4,2.3,77.4,DARK,16.0,1019.0,93.0,2.0,céu pouco nublado,sem chuva,21,6,9,1,0
2955,None_Existent,45.0,2.3,65.2,DARK,16.0,1016.0,93.0,1.0,nuvens dispersas,sem chuva,1,3,6,0,0
2956,None_Existent,41.6,0.0,77.3,DARK,8.0,1032.0,100.0,0.0,céu claro,sem chuva,4,6,12,1,0
2957,High,38.4,75.5,93.4,LIGHT,22.0,1017.0,88.0,4.0,nuvens quebradas,sem chuva,16,1,7,0,0
2958,Low,41.2,15.8,76.2,LOW_LIGHT,17.0,1019.0,82.0,8.0,sem observação,sem chuva,19,0,9,0,1
2959,Medium,40.8,12.6,80.4,DARK,15.0,1028.0,77.0,2.0,nuvens quebrados,sem chuva,20,2,12,0,0
2960,None_Existent,44.8,0.0,90.3,DARK,16.0,1020.0,93.0,1.0,tempo nublado,sem chuva,5,4,9,0,0
2961,High,46.9,66.0,63.6,LIGHT,16.0,1015.0,100.0,0.0,sem observação,sem chuva,7,1,7,0,1
2962,None_Existent,45.3,1.7,71.3,DARK,17.0,1017.0,100.0,3.0,sem observação,sem chuva,0,1,9,0,0
2963,High,39.8,64.1,89.6,LIGHT,22.0,1017.0,60.0,3.0,céu claro,sem chuva,15,1,8,0,0
2964,None_Existent,41.8,4.2,87.7,DARK,17.0,1021.0,100.0,5.0,sem observação,sem chuva,0,3,8,0,0
2965,None_Existent,48.2,0.0,66.2,DARK,13.0,1010.0,76.0,1.0,céu limpo,sem chuva,22,1,4,0,0
2966,None_Existent,46.0,2.6,83.2,DARK,5.0,1023.0,100.0,2.0,céu claro,sem chuva,6,1,11,0,0
2967,None_Existent,36.6,0.0,76.6,DARK,16.0,1019.0,93.0,1.0,sem observação,sem chuva,0,4,6,0,0
2968,High,40.9,96.1,73.8,LIGHT,8.0,1022.0,87.0,2.0,céu claro,sem chuva,11,3,1,0,0
2969,None_Existent,42.9,0.0,72.0,DARK,16.0,1014.0,88.0,3.0,céu pouco nublado,sem chuva,2,2,6,0,0
2970,None_Existent,47.2,2.4,80.1,DARK,10.0,1011.0,93.0,2.0,algumas nuvens,sem chuva,3,1,11,0,0
2971,Medium,40.4,33.8,87.9,DARK,20.0,1016.0,68.0,0.0,céu claro,sem chuva,22,5,8,1,0
2972,Low,38.4,4.4,83.4,DARK,13.0,1022.0,54.0,4.0,céu claro,sem chuva,4,4,2,0,0
2973,Very_High,43.8,61.1,83.8,LIGHT,7.0,1024.0,58.0,5.0,céu claro,sem chuva,9,4,2,0,1
2974,Low,41.9,2.7,86.9,DARK,12.0,1024.0,76.0,1.0,céu claro,sem chuva,1,2,2,0,0
2975,High,39.0,63.5,89.3,LIGHT,20.0,1016.0,83.0,2.0,nuvens dispersas,sem chuva,11,2,7,0,0
2976,Medium,37.4,42.7,89.3,LIGHT,17.0,1018.0,93.0,3.0,sem observação,sem chuva,16,5,9,1,0
2977,High,40.3,42.5,71.9,DARK,14.0,1018.0,82.0,5.0,algumas nuvens,sem chuva,18,3,1,0,1
2978,None_Existent,40.7,3.5,81.4,DARK,9.0,1016.0,81.0,3.0,algumas nuvens,sem chuva,0,3,11,0,0
2979,Low,50.9,1.7,69.4,DARK,13.0,1007.0,71.0,4.0,céu limpo,sem chuva,4,2,4,0,0
2980,Medium,32.6,29.2,96.6,LIGHT,14.0,1022.0,62.0,3.0,céu claro,sem chuva,17,2,2,0,1
2981,Low,38.4,6.4,64.6,DARK,15.0,1016.0,100.0,8.0,sem observação,sem chuva,5,6,6,1,0
2982,Medium,36.8,16.6,84.0,LIGHT,21.0,1021.0,30.0,7.0,sem observação,sem chuva,10,6,5,1,0
2983,None_Existent,37.2,2.3,87.8,DARK,8.0,1011.0,100.0,1.0,sem observação,sem chuva,23,2,10,0,0
2984,High,38.3,126.8,81.5,LIGHT,23.0,1023.0,47.0,4.0,sem observação,sem chuva,9,4,9,0,1
2985,High,37.8,74.8,77.0,LIGHT,12.0,1018.0,93.0,2.0,nuvens quebradas,sem chuva,9,1,4,0,1
2986,Low,34.6,9.7,72.6,LIGHT,24.0,1017.0,77.0,5.0,sem observação,sem chuva,13,4,6,0,0
2987,None_Existent,39.6,3.2,88.3,DARK,17.0,1018.0,100.0,1.0,sem observação,sem chuva,0,3,8,0,0
2988,High,40.5,35.6,79.1,LIGHT,12.0,1024.0,71.0,4.0,céu claro,sem chuva,17,0,1,0,1
2989,None_Existent,48.2,0.0,83.4,DARK,12.0,1015.0,93.0,2.0,nuvens quebrados,sem chuva,6,6,11,1,0
2990,Medium,45.7,18.1,69.3,DARK,18.0,1017.0,88.0,3.0,sem observação,sem chuva,20,5,8,1,0
2991,High,43.0,38.0,70.9,LIGHT,29.0,1016.0,20.0,2.0,sem observação,sem chuva,16,0,5,0,0
2992,Low,37.7,22.1,89.4,LIGHT,20.0,1013.0,88.0,3.0,nuvens quebrados,sem chuva,11,0,9,0,0
2993,Low,39.7,12.6,88.7,DARK,17.0,1016.0,93.0,6.0,nuvens dispersas,sem chuva,20,1,8,0,0
2994,None_Existent,33.7,6.4,84.2,LIGHT,15.0,1012.0,55.0,2.0,céu limpo,sem chuva,10,6,3,1,0
2995,High,46.8,40.3,78.7,DARK,13.0,1019.0,93.0,0.0,nuvens quebrados,sem chuva,0,6,11,1,0
2996,Low,35.6,14.2,73.5,LIGHT,17.0,1026.0,67.0,3.0,céu claro,sem chuva,13,2,12,0,0
2997,High,41.3,164.6,85.9,LIGHT,22.0,1021.0,83.0,6.0,sem observação,sem chuva,16,2,8,0,0
2998,Low,40.9,17.8,88.4,LIGHT,21.0,1020.0,88.0,2.0,sem observação,sem chuva,12,3,8,0,0
2999,High,37.3,116.1,71.8,LIGHT,17.0,1015.0,59.0,6.0,sem observação,sem chuva,16,6,5,1,0
3000,Medium,34.1,25.6,79.3,LIGHT,19.0,1021.0,82.0,3.0,nuvens quebradas,sem chuva,12,3,5,0,0
3001,None_Existent,37.4,6.5,93.0,DARK,8.0,1021.0,81.0,1.0,céu claro,sem chuva,3,6,2,1,0
3002,Low,47.6,1.3,70.0,DARK,11.0,1018.0,100.0,7.0,sem observação,sem chuva,5,1,4,0,0
3003,Low,40.0,18.9,83.8,LIGHT,17.0,1018.0,82.0,3.0,nuvens quebrados,sem chuva,11,2,10,0,0
3004,None_Existent,48.4,0.0,87.4,DARK,14.0,1019.0,100.0,1.0,sem observação,sem chuva,4,6,9,1,0
3005,High,37.7,43.2,71.5,LIGHT,28.0,1022.0,30.0,5.0,sem observação,sem chuva,11,3,5,0,0
3006,None_Existent,36.3,0.6,77.8,DARK,7.0,1020.0,100.0,1.0,sem observação,sem chuva,0,3,1,0,0
3007,Very_High,40.8,136.9,82.1,LIGHT,17.0,1017.0,77.0,1.0,sem observação,sem chuva,9,3,7,0,1
3008,None_Existent,43.2,0.0,81.6,DARK,14.0,1016.0,100.0,1.0,céu claro,sem chuva,5,4,8,0,0
3009,None_Existent,42.4,0.0,86.6,DARK,19.0,1014.0,73.0,0.0,céu claro,sem chuva,0,1,8,0,0
3010,Medium,42.4,3.8,74.9,DARK,17.0,1015.0,77.0,6.0,céu claro,sem chuva,22,3,10,0,0
3011,Low,35.0,11.6,90.9,LIGHT,21.0,1016.0,83.0,2.0,nuvens quebradas,sem chuva,11,6,7,1,0
3012,None_Existent,41.0,0.0,94.0,LIGHT,20.0,1021.0,72.0,1.0,sem observação,sem chuva,7,5,9,1,1
3013,Medium,39.1,27.1,77.4,LIGHT,23.0,1018.0,77.0,4.0,sem observação,sem chuva,16,6,6,1,0
3014,High,42.8,43.1,82.5,LIGHT,26.0,1015.0,57.0,1.0,sem observação,sem chuva,16,4,7,0,0
3015,Medium,48.3,32.5,70.8,LIGHT,11.0,1008.0,76.0,4.0,sem observação,chuva,15,2,11,0,0
3016,None_Existent,47.6,0.0,81.3,DARK,16.0,1019.0,100.0,0.0,sem observação,sem chuva,6,6,9,1,0
3017,Medium,38.3,14.7,69.6,LIGHT,19.0,1015.0,59.0,6.0,céu pouco nublado,sem chuva,13,2,6,0,0
3018,Low,44.4,11.9,86.1,DARK,13.0,1021.0,93.0,6.0,sem observação,sem chuva,4,2,8,0,0
3019,Low,43.8,6.7,81.5,DARK,20.0,1015.0,77.0,1.0,céu claro,sem chuva,20,1,8,0,0
3020,None_Existent,46.9,0.0,87.8,LIGHT,20.0,1013.0,64.0,2.0,céu claro,sem chuva,8,6,9,1,1
3021,Medium,43.8,16.4,74.1,LIGHT,17.0,1023.0,59.0,3.0,céu claro,sem chuva,14,1,11,0,0
3022,Low,44.2,3.0,90.7,DARK,15.0,1017.0,93.0,0.0,céu claro,sem chuva,2,4,8,0,0
3023,High,40.7,95.1,84.4,LIGHT,20.0,1021.0,63.0,6.0,sem observação,sem chuva,17,1,9,0,1
3024,Medium,36.1,19.2,78.2,LIGHT,25.0,1017.0,73.0,3.0,céu pouco nublado,sem chuva,13,1,7,0,0
3025,Low,38.5,16.1,82.3,DARK,10.0,1010.0,87.0,5.0,algumas nuvens,sem chuva,20,2,11,0,0
3026,High,32.1,51.1,78.8,LIGHT,17.0,1016.0,72.0,4.0,nuvens dispersas,sem chuva,12,4,4,0,0
3027,High,40.9,53.2,78.3,DARK,15.0,1019.0,71.0,1.0,céu limpo,sem chuva,20,4,3,0,0
3028,None_Existent,39.9,0.0,67.4,DARK,14.0,1017.0,93.0,3.0,sem observação,sem chuva,5,0,5,0,0
3029,Very_High,44.2,83.8,79.1,LIGHT,13.0,1003.0,100.0,5.0,sem observação,chuva fraca,9,3,1,0,1
3030,High,40.0,48.1,87.4,LIGHT,20.0,1013.0,82.0,3.0,algumas nuvens,sem chuva,18,1,9,0,1
3031,None_Existent,46.6,2.4,70.1,DARK,11.0,1023.0,100.0,0.0,nuvens quebrados,sem chuva,3,2,12,0,0
3032,None_Existent,45.7,4.1,80.7,DARK,17.0,1017.0,100.0,2.0,sem observação,sem chuva,20,2,8,0,0
3033,Medium,43.8,15.9,80.4,LIGHT,12.0,1001.0,76.0,5.0,nuvens dispersas,sem chuva,14,1,10,0,0
3034,High,37.3,68.2,79.1,LIGHT,16.0,1014.0,77.0,4.0,céu pouco nublado,sem chuva,11,1,6,0,0
3035,High,37.1,62.8,92.6,LIGHT,10.0,1027.0,58.0,4.0,céu claro,sem chuva,10,4,2,0,0
3036,High,45.8,47.6,68.1,LIGHT,3.0,1025.0,100.0,0.0,céu claro,sem chuva,10,0,1,0,0
3037,Low,39.8,11.5,79.8,DARK,17.0,1021.0,100.0,3.0,nuvens dispersas,sem chuva,20,4,9,0,0
3038,Medium,34.0,23.3,102.9,LIGHT,15.0,1028.0,62.0,7.0,nuvens quebrados,sem chuva,11,2,2,0,0
3039,Very_High,45.7,81.3,77.5,LIGHT,19.0,1019.0,68.0,3.0,sem observação,sem chuva,8,3,9,0,1
3040,Medium,36.3,29.1,93.7,DARK,12.0,1029.0,76.0,1.0,céu claro,sem chuva,21,5,2,1,0
3041,None_Existent,45.7,2.0,88.3,DARK,16.0,1017.0,88.0,4.0,céu claro,sem chuva,2,4,8,0,0
3042,Medium,40.4,26.2,87.8,LIGHT,25.0,1010.0,57.0,4.0,algumas nuvens,sem chuva,18,0,8,0,1
3043,None_Existent,41.6,0.0,76.1,DARK,13.0,1018.0,82.0,3.0,nublado,sem chuva,5,0,5,0,0
3044,Low,39.1,14.2,96.1,LIGHT,21.0,1017.0,73.0,3.0,sem observação,sem chuva,12,6,9,1,0
3045,None_Existent,39.4,2.4,70.8,DARK,11.0,1019.0,93.0,5.0,sem observação,chuva moderada,1,2,1,0,0
3046,None_Existent,35.6,3.4,62.8,DARK,13.0,1019.0,93.0,0.0,nuvens dispersas,sem chuva,4,4,6,0,0
3047,High,33.7,72.3,93.1,LIGHT,20.0,1017.0,77.0,7.0,céu pouco nublado,sem chuva,17,6,8,1,1
3048,Very_High,49.4,103.1,63.6,LIGHT,14.0,1016.0,93.0,5.0,nuvens quebradas,sem chuva,7,1,5,0,1
3049,Medium,35.2,24.9,90.5,LIGHT,15.0,1019.0,82.0,4.0,nuvens quebrados,sem chuva,15,3,11,0,0
3050,None_Existent,44.7,0.0,87.8,DARK,17.0,1010.0,100.0,2.0,sem observação,sem chuva,5,0,9,0,0
3051,None_Existent,34.0,4.9,76.7,DARK,16.0,1014.0,100.0,3.0,nuvens quebradas,sem chuva,21,6,4,1,0
3052,None_Existent,43.0,2.9,74.9,DARK,16.0,1014.0,93.0,3.0,céu claro,sem chuva,23,6,8,1,0
3053,Low,41.3,2.4,70.4,DARK,13.0,1019.0,93.0,4.0,sem observação,chuva fraca,22,0,4,0,0
3054,Very_High,47.5,99.3,76.1,LIGHT,13.0,1016.0,100.0,0.0,sem observação,sem chuva,8,0,9,0,1
3055,None_Existent,42.0,0.0,75.0,DARK,13.0,1016.0,72.0,3.0,céu claro,sem chuva,1,4,11,0,0
3056,Medium,41.6,34.6,80.4,LIGHT,28.0,1023.0,39.0,4.0,sem observação,sem chuva,11,4,9,0,0
3057,None_Existent,40.3,4.4,67.2,DARK,13.0,1016.0,82.0,5.0,sem observação,sem chuva,3,1,5,0,0
3058,Very_High,47.4,73.9,77.2,LIGHT,9.0,1017.0,100.0,2.0,nuvens quebrados,sem chuva,8,0,2,0,1
3059,Medium,39.3,19.3,86.2,DARK,18.0,1019.0,100.0,1.0,sem observação,sem chuva,22,4,8,0,0
3060,Medium,38.8,21.4,79.6,DARK,12.0,1024.0,54.0,6.0,céu claro,sem chuva,20,0,12,0,0
3061,None_Existent,45.6,4.3,85.5,DARK,16.0,1018.0,100.0,11.0,sem observação,sem chuva,1,0,8,0,0
3062,Medium,36.8,41.5,88.5,LIGHT,24.0,1017.0,78.0,2.0,céu pouco nublado,sem chuva,12,5,8,1,0
3063,Medium,34.6,32.1,81.6,LIGHT,29.0,1019.0,19.0,5.0,céu claro,sem chuva,13,1,9,0,0
3064,None_Existent,45.3,0.0,87.0,LIGHT,15.0,1018.0,100.0,0.0,sem observação,sem chuva,7,6,8,1,1
3065,High,37.4,80.3,76.7,LIGHT,19.0,1020.0,67.0,7.0,sem observação,sem chuva,16,0,6,0,0
3066,Medium,44.9,6.3,84.0,DARK,11.0,1009.0,100.0,1.0,sem observação,chuva fraca,18,6,11,1,1
3067,Medium,37.3,26.1,95.5,LIGHT,8.0,1025.0,54.0,5.0,céu claro,sem chuva,10,4,2,0,0
3068,Very_High,45.3,57.0,75.3,LIGHT,26.0,1017.0,83.0,4.0,sem observação,sem chuva,17,4,8,0,1
3069,High,34.3,105.7,78.6,LIGHT,17.0,1018.0,87.0,3.0,céu pouco nublado,sem chuva,10,2,5,0,0
3070,None_Existent,39.6,0.0,80.7,DARK,11.0,1015.0,87.0,5.0,nuvens dispersas,sem chuva,23,4,11,0,0
3071,High,36.5,136.5,80.4,LIGHT,15.0,1013.0,93.0,5.0,nuvens dispersas,sem chuva,10,2,5,0,0
3072,None_Existent,41.1,0.0,90.6,DARK,5.0,1031.0,100.0,1.0,algumas nuvens,sem chuva,6,3,2,0,0
3073,Medium,32.7,28.8,82.6,DARK,24.0,1018.0,60.0,5.0,sem observação,sem chuva,19,5,9,1,1
3074,None_Existent,47.0,6.1,89.0,LIGHT,17.0,1020.0,100.0,1.0,sem observação,sem chuva,7,3,8,0,1
3075,Very_High,44.4,67.0,84.5,LIGHT,7.0,1015.0,100.0,3.0,sem observação,sem chuva,8,0,11,0,1
3076,Low,40.7,16.6,80.9,LIGHT,16.0,1012.0,93.0,6.0,nuvens quebrados,sem chuva,12,5,11,1,0
3077,None_Existent,38.9,0.0,85.7,DARK,18.0,1016.0,93.0,0.0,nuvens quebrados,sem chuva,0,2,7,0,0
3078,Medium,33.9,23.2,83.1,DARK,11.0,1030.0,100.0,1.0,sem observação,sem chuva,20,6,12,1,0
3079,Very_High,46.9,107.1,78.0,LOW_LIGHT,11.0,1020.0,100.0,0.0,sem observação,sem chuva,7,3,9,0,1
3080,High,41.1,61.0,81.4,LIGHT,18.0,1015.0,100.0,10.0,sem observação,sem chuva,9,2,7,0,1
3081,High,40.0,58.7,84.7,LIGHT,24.0,1017.0,83.0,3.0,céu pouco nublado,sem chuva,15,1,8,0,0
3082,Low,40.3,14.2,86.5,LIGHT,21.0,1017.0,60.0,5.0,céu claro,sem chuva,13,2,11,0,0
3083,Low,40.4,10.4,83.2,LIGHT,21.0,1015.0,60.0,2.0,céu claro,sem chuva,12,6,8,1,0
3084,Very_High,48.4,101.5,79.2,LIGHT,8.0,1016.0,87.0,3.0,sem observação,sem chuva,9,0,11,0,1
3085,High,32.7,52.6,87.1,LIGHT,20.0,1015.0,100.0,7.0,sem observação,sem chuva,10,4,7,0,0
3086,None_Existent,40.5,0.0,88.8,DARK,16.0,1019.0,82.0,2.0,céu claro,sem chuva,1,1,9,0,0
3087,Low,36.9,8.4,85.5,LIGHT,26.0,1021.0,27.0,8.0,sem observação,sem chuva,12,6,5,1,0
3088,None_Existent,42.6,0.5,74.9,DARK,14.0,1021.0,100.0,6.0,sem observação,sem chuva,2,5,9,1,0
3089,Medium,33.1,43.3,77.0,LIGHT,15.0,1015.0,82.0,4.0,sem observação,aguaceiros fracos,10,3,5,0,0
3090,None_Existent,47.2,0.0,81.3,DARK,9.0,1006.0,81.0,5.0,sem observação,chuva,23,4,2,0,0
3091,Low,41.6,15.6,83.8,DARK,15.0,1012.0,100.0,3.0,nuvens quebradas,sem chuva,4,6,9,1,0
3092,Low,42.4,3.1,62.2,DARK,13.0,1017.0,76.0,4.0,céu pouco nublado,sem chuva,21,4,5,0,0
3093,Medium,37.9,64.0,89.3,LIGHT,13.0,1008.0,62.0,3.0,nuvens quebrados,sem chuva,16,0,10,0,0
3094,Low,43.8,10.0,86.3,LIGHT,22.0,1020.0,64.0,2.0,céu claro,sem chuva,12,5,8,1,0
3095,None_Existent,34.8,29.7,84.3,DARK,8.0,1025.0,66.0,5.0,céu claro,sem chuva,5,3,2,0,0
3096,Medium,47.5,4.9,64.8,DARK,15.0,1013.0,100.0,4.0,nuvens quebradas,sem chuva,23,6,4,1,0
3097,High,40.1,46.1,79.6,LIGHT,31.0,1016.0,45.0,4.0,sem observação,sem chuva,17,3,8,0,1
3098,Medium,38.3,18.3,68.3,LIGHT,16.0,1022.0,82.0,2.0,nuvens dispersas,sem chuva,10,5,6,1,0
3099,Medium,33.0,75.1,91.0,DARK,11.0,1024.0,76.0,6.0,nuvens dispersas,sem chuva,18,6,1,1,1
3100,None_Existent,35.6,4.9,89.7,DARK,16.0,1005.0,59.0,3.0,céu claro,sem chuva,21,5,11,1,0
3101,Very_High,49.6,61.7,73.8,LOW_LIGHT,5.0,1021.0,100.0,2.0,sem observação,sem chuva,8,3,1,0,1
3102,Medium,42.6,17.5,74.5,LIGHT,30.0,1019.0,32.0,4.0,sem observação,sem chuva,14,1,9,0,0
3103,Low,40.5,12.4,80.0,DARK,16.0,1017.0,100.0,1.0,sem observação,sem chuva,6,3,8,0,0
3104,None_Existent,47.5,1.6,84.9,LIGHT,21.0,1016.0,88.0,0.0,céu claro,sem chuva,7,6,8,1,1
3105,None_Existent,42.4,0.0,74.0,DARK,4.0,1020.0,93.0,0.0,céu claro,sem chuva,5,5,1,1,0
3106,High,45.6,48.9,74.1,LIGHT,20.0,1012.0,100.0,7.0,sem observação,chuva moderada,9,3,8,0,1
3107,None_Existent,44.3,2.4,85.8,DARK,13.0,1022.0,87.0,2.0,céu claro,sem chuva,2,4,8,0,0
3108,Very_High,45.9,117.2,65.4,LIGHT,13.0,1018.0,71.0,2.0,nublado,sem chuva,7,0,5,0,1
3109,Low,33.8,13.9,85.0,LIGHT,16.0,1017.0,100.0,3.0,sem observação,chuva fraca,10,6,4,1,0
3110,Low,37.6,11.4,91.4,LIGHT,26.0,1016.0,51.0,3.0,céu claro,sem chuva,13,4,8,0,0
3111,Low,36.1,4.0,64.5,LOW_LIGHT,12.0,1006.0,71.0,6.0,nuvens dispersas,sem chuva,6,2,4,0,0
3112,Very_High,45.2,67.5,68.0,LIGHT,19.0,1018.0,88.0,2.0,nuvens quebradas,sem chuva,10,0,6,0,0
3113,Medium,39.3,25.4,82.3,LIGHT,19.0,1023.0,60.0,7.0,céu pouco nublado,sem chuva,12,1,9,0,0
3114,High,33.5,52.5,78.3,LIGHT,20.0,1015.0,82.0,2.0,nuvens dispersas,sem chuva,16,0,6,0,0
3115,Very_High,43.1,63.3,70.1,LIGHT,23.0,1017.0,49.0,7.0,sem observação,sem chuva,18,1,5,0,1
3116,Low,36.2,7.3,73.8,DARK,14.0,1015.0,93.0,2.0,sem observação,sem chuva,22,1,4,0,0
3117,Low,41.7,10.8,83.1,DARK,19.0,1016.0,100.0,3.0,nuvens quebradas,sem chuva,23,5,8,1,0
3118,None_Existent,48.2,0.0,77.0,DARK,13.0,1022.0,71.0,4.0,nuvens quebrados,sem chuva,22,1,11,0,0
3119,None_Existent,44.7,3.7,85.7,DARK,16.0,1017.0,100.0,1.0,sem observação,sem chuva,2,4,9,0,0
3120,Medium,41.0,56.2,87.5,LIGHT,21.0,1012.0,100.0,8.0,sem observação,chuva fraca,12,3,8,0,0
3121,High,39.0,45.0,82.2,LIGHT,10.0,1023.0,100.0,3.0,sem observação,sem chuva,10,4,11,0,0
3122,High,41.4,29.9,94.6,DARK,11.0,1018.0,71.0,5.0,nuvens dispersas,sem chuva,19,1,1,0,1
3123,None_Existent,44.2,2.8,77.8,DARK,6.0,1023.0,100.0,0.0,sem observação,sem chuva,1,1,11,0,0
3124,None_Existent,41.3,1.1,81.9,DARK,10.0,1002.0,93.0,7.0,sem observação,chuva fraca,22,0,10,0,0
3125,Low,45.6,9.3,79.0,DARK,17.0,1017.0,93.0,2.0,sem observação,sem chuva,21,5,8,1,0
3126,High,40.0,74.7,87.4,LIGHT,26.0,1025.0,61.0,2.0,céu claro,sem chuva,15,3,9,0,0
3127,None_Existent,43.0,0.0,71.4,DARK,13.0,1019.0,93.0,1.0,sem observação,sem chuva,0,0,6,0,0
3128,Very_High,40.7,78.4,83.9,LIGHT,27.0,1016.0,78.0,2.0,sem observação,sem chuva,17,0,7,0,1
3129,Very_High,46.6,82.8,87.1,LIGHT,17.0,1016.0,100.0,2.0,sem observação,sem chuva,8,2,7,0,1
3130,None_Existent,46.8,1.5,86.2,DARK,18.0,1016.0,46.0,6.0,céu claro,sem chuva,6,5,8,1,0
3131,None_Existent,35.9,2.5,61.9,LIGHT,17.0,1017.0,100.0,2.0,nuvens quebradas,sem chuva,8,5,6,1,1
3132,Medium,37.1,30.6,89.6,LIGHT,19.0,1017.0,77.0,4.0,céu claro,sem chuva,16,1,10,0,0
3133,Very_High,40.4,62.0,67.0,LIGHT,9.0,1023.0,100.0,2.0,sem observação,sem chuva,9,4,11,0,1
3134,Medium,50.2,13.0,67.0,DARK,21.0,1017.0,72.0,2.0,sem observação,sem chuva,21,1,8,0,0
3135,Medium,34.2,48.9,92.7,LOW_LIGHT,21.0,1017.0,73.0,1.0,sem observação,sem chuva,20,4,7,0,0
3136,Medium,34.9,11.6,76.6,DARK,15.0,1025.0,87.0,6.0,céu pouco nublado,sem chuva,20,5,4,1,0
3137,None_Existent,44.2,0.0,82.1,DARK,16.0,1018.0,93.0,0.0,tempo nublado,sem chuva,4,6,8,1,0
3138,Medium,40.0,26.9,88.8,LIGHT,23.0,1017.0,48.0,2.0,céu claro,sem chuva,11,4,8,0,0
3139,Medium,40.6,24.7,85.7,LIGHT,20.0,1021.0,72.0,6.0,sem observação,sem chuva,19,0,8,0,1
3140,None_Existent,40.5,1.7,77.0,DARK,18.0,1013.0,100.0,1.0,sem observação,sem chuva,3,4,7,0,0
3141,None_Existent,38.0,2.5,82.6,DARK,4.0,1023.0,100.0,0.0,céu claro,sem chuva,0,4,1,0,0
3142,None_Existent,47.8,0.0,72.3,DARK,9.0,1031.0,100.0,0.0,sem observação,sem chuva,2,5,12,1,0
3143,None_Existent,42.5,5.6,82.4,LIGHT,15.0,1018.0,100.0,1.0,sem observação,sem chuva,8,6,8,1,1
3144,Very_High,44.0,112.9,61.7,LIGHT,16.0,1013.0,88.0,3.0,nuvens quebradas,sem chuva,7,1,6,0,1
3145,Medium,37.5,16.6,89.7,DARK,17.0,1015.0,100.0,2.0,sem observação,sem chuva,3,4,7,0,0
3146,None_Existent,41.9,0.0,73.5,DARK,12.0,1012.0,71.0,4.0,sem observação,chuva fraca,5,5,5,1,0
3147,Medium,34.6,34.9,78.4,LIGHT,19.0,1016.0,68.0,3.0,sem observação,sem chuva,11,1,5,0,0
3148,High,34.8,37.5,86.3,LIGHT,18.0,1015.0,82.0,6.0,sem observação,sem chuva,19,1,4,0,1
3149,Medium,43.1,27.3,84.6,LIGHT,21.0,1016.0,73.0,2.0,céu claro,sem chuva,10,2,8,0,0
3150,None_Existent,49.3,4.8,77.7,DARK,18.0,1018.0,49.0,5.0,sem observação,sem chuva,4,4,9,0,0
3151,High,32.0,103.8,82.1,LIGHT,13.0,1031.0,93.0,3.0,tempo nublado,sem chuva,12,4,12,0,0
3152,Medium,40.7,18.8,88.5,DARK,17.0,1017.0,88.0,0.0,céu claro,sem chuva,22,4,7,0,0
3153,Low,41.2,18.7,90.1,DARK,24.0,1017.0,64.0,2.0,céu pouco nublado,sem chuva,19,6,9,1,1
3154,Low,40.2,6.3,72.9,DARK,17.0,1019.0,100.0,1.0,céu pouco nublado,sem chuva,23,2,8,0,0
3155,High,41.3,73.9,82.8,LIGHT,18.0,1018.0,88.0,1.0,sem observação,sem chuva,9,0,9,0,1
3156,High,37.6,58.5,89.9,DARK,19.0,1011.0,68.0,4.0,algumas nuvens,sem chuva,18,3,10,0,1
3157,Very_High,43.3,61.3,66.7,LIGHT,16.0,1022.0,63.0,5.0,céu pouco nublado,sem chuva,19,4,6,0,1
3158,Low,35.7,9.6,78.5,LIGHT,13.0,1021.0,93.0,2.0,céu pouco nublado,sem chuva,8,5,6,1,1
3159,None_Existent,42.1,0.0,74.9,DARK,6.0,1017.0,93.0,4.0,sem observação,chuva fraca,5,5,1,1,0
3160,High,43.0,71.5,82.2,LIGHT,29.0,1014.0,37.0,2.0,céu claro,sem chuva,19,0,8,0,1
3161,High,34.5,110.7,80.4,LIGHT,12.0,1023.0,71.0,6.0,nuvens dispersas,sem chuva,17,6,1,1,1
3162,High,34.8,108.8,84.9,LIGHT,20.0,1019.0,83.0,1.0,sem observação,sem chuva,10,4,8,0,0
3163,Medium,39.7,47.2,79.2,LIGHT,22.0,1017.0,93.0,2.0,sem observação,sem chuva,15,2,9,0,0
3164,None_Existent,37.5,0.0,81.1,LIGHT,20.0,1017.0,73.0,1.0,algumas nuvens,sem chuva,9,5,7,1,1
3165,None_Existent,39.1,0.0,69.1,DARK,10.0,1019.0,87.0,2.0,céu limpo,sem chuva,4,5,4,1,0
3166,Very_High,44.4,115.1,64.4,LIGHT,16.0,1018.0,77.0,4.0,sem observação,sem chuva,8,0,5,0,1
3167,None_Existent,45.7,0.0,80.9,DARK,10.0,1020.0,76.0,2.0,céu claro,sem chuva,5,6,10,1,0
3168,None_Existent,40.0,2.2,67.9,LIGHT,14.0,1016.0,93.0,1.0,nuvens quebradas,sem chuva,6,3,6,0,0
3169,Medium,40.4,37.3,90.8,LIGHT,20.0,1016.0,83.0,2.0,nuvens dispersas,sem chuva,17,5,9,1,1
3170,None_Existent,45.1,0.0,86.6,DARK,12.0,1019.0,93.0,1.0,céu claro,sem chuva,3,3,8,0,0
3171,Low,41.1,19.7,87.7,LIGHT,9.0,1020.0,81.0,3.0,algumas nuvens,sem chuva,10,6,1,1,0
3172,Low,40.1,4.5,90.7,DARK,19.0,1016.0,88.0,1.0,algumas nuvens,sem chuva,20,0,8,0,0
3173,Medium,37.3,5.2,81.7,DARK,16.0,1015.0,100.0,0.0,sem observação,sem chuva,6,1,9,0,0
3174,High,42.4,26.6,78.1,LIGHT,10.0,996.0,71.0,10.0,nuvens quebrados,sem chuva,14,4,2,0,0
3175,Low,41.9,5.4,84.5,DARK,16.0,1017.0,82.0,1.0,céu claro,sem chuva,21,3,8,0,0
3176,Very_High,44.9,120.5,84.6,LIGHT,13.0,1010.0,55.0,4.0,céu claro,sem chuva,8,1,10,0,1
3177,None_Existent,43.3,0.0,85.5,DARK,16.0,1016.0,100.0,1.0,sem observação,sem chuva,4,1,9,0,0
3178,None_Existent,39.1,0.0,92.2,LIGHT,10.0,1028.0,93.0,2.0,sem observação,sem chuva,8,5,3,1,1
3179,None_Existent,45.3,0.0,74.7,DARK,11.0,985.0,96.0,0.0,sem observação,chuva fraca,23,6,11,1,0
3180,Medium,34.8,12.1,67.1,DARK,24.0,1014.0,29.0,1.0,sem observação,sem chuva,20,1,5,0,0
3181,None_Existent,35.3,2.0,71.3,DARK,12.0,1011.0,82.0,2.0,sem observação,aguaceiros,22,3,6,0,0
3182,High,44.3,57.1,70.6,DARK,13.0,1018.0,93.0,1.0,sem observação,sem chuva,18,3,11,0,1
3183,Medium,39.0,37.9,90.1,LIGHT,21.0,1016.0,83.0,5.0,algumas nuvens,sem chuva,12,3,7,0,0
3184,High,36.0,85.5,78.7,LIGHT,18.0,1020.0,67.0,8.0,sem observação,sem chuva,17,0,6,0,1
3185,None_Existent,46.7,0.0,84.7,DARK,7.0,1031.0,100.0,1.0,tempo nublado,sem chuva,2,3,2,0,0
3186,Low,40.4,6.1,61.1,DARK,14.0,1011.0,93.0,3.0,sem observação,chuva fraca,3,6,6,1,0
3187,Medium,44.3,12.2,83.1,LIGHT,20.0,1019.0,73.0,3.0,nuvens quebrados,sem chuva,8,0,7,0,1
3188,None_Existent,37.8,3.8,73.8,DARK,17.0,1001.0,63.0,3.0,céu claro,sem chuva,5,6,11,1,0
3189,Low,36.5,11.1,78.8,DARK,11.0,1021.0,100.0,1.0,sem observação,sem chuva,5,4,11,0,0
3190,Medium,44.6,21.3,91.7,DARK,16.0,1004.0,93.0,10.0,sem observação,chuva moderada,21,5,10,1,0
3191,Medium,38.7,45.1,81.5,LIGHT,16.0,1018.0,93.0,0.0,nuvens quebradas,sem chuva,10,3,9,0,0
3192,High,40.6,51.0,87.6,LIGHT,20.0,1017.0,77.0,5.0,algumas nuvens,sem chuva,18,0,8,0,1
3193,None_Existent,39.2,0.0,91.0,DARK,3.0,1021.0,87.0,4.0,céu claro,sem chuva,6,2,2,0,0
3194,None_Existent,45.5,0.9,82.4,DARK,13.0,1019.0,100.0,3.0,nuvens dispersas,sem chuva,2,0,9,0,0
3195,None_Existent,44.8,1.2,86.1,DARK,13.0,1007.0,93.0,5.0,sem observação,chuva moderada,1,2,11,0,0
3196,None_Existent,36.5,5.0,64.4,LIGHT,11.0,1022.0,93.0,0.0,sem observação,sem chuva,7,6,4,1,1
3197,Medium,43.0,15.5,77.9,LIGHT,15.0,1007.0,67.0,6.0,algumas nuvens,sem chuva,14,0,11,0,0
3198,Medium,40.0,34.9,88.3,LIGHT,19.0,1016.0,100.0,4.0,nuvens quebrados,sem chuva,12,1,8,0,0
3199,None_Existent,39.2,1.0,76.8,DARK,21.0,1016.0,60.0,1.0,céu claro,sem chuva,22,6,8,1,0
3200,None_Existent,40.3,0.0,67.2,DARK,12.0,1016.0,76.0,4.0,sem observação,sem chuva,4,1,5,0,0
3201,Low,45.8,4.6,90.7,DARK,17.0,1022.0,100.0,0.0,algumas nuvens,sem chuva,0,5,9,1,0
3202,Very_High,43.6,138.2,82.0,LIGHT,20.0,1012.0,77.0,3.0,céu pouco nublado,sem chuva,18,4,9,0,1
3203,None_Existent,37.5,8.5,88.4,DARK,19.0,1016.0,88.0,1.0,sem observação,sem chuva,22,3,7,0,0
3204,None_Existent,41.6,3.4,83.3,DARK,15.0,1022.0,100.0,1.0,sem observação,sem chuva,22,3,9,0,0
3205,None_Existent,40.0,0.0,87.9,LIGHT,16.0,1018.0,93.0,1.0,sem observação,sem chuva,8,6,9,1,1
3206,High,37.3,74.6,74.0,LIGHT,15.0,1014.0,72.0,8.0,céu pouco nublado,sem chuva,18,3,5,0,1
3207,None_Existent,44.9,0.0,84.6,DARK,14.0,1020.0,100.0,0.0,sem observação,sem chuva,2,2,9,0,0
3208,None_Existent,37.5,9.1,90.0,DARK,17.0,1015.0,100.0,10.0,sem observação,sem chuva,0,4,7,0,0
3209,None_Existent,39.7,3.1,77.9,DARK,9.0,1021.0,93.0,0.0,céu limpo,sem chuva,0,4,4,0,0
3210,None_Existent,40.7,0.0,92.1,LIGHT,13.0,1022.0,100.0,0.0,sem observação,sem chuva,7,5,9,1,1
3211,Medium,34.8,32.5,99.6,LIGHT,17.0,1030.0,55.0,4.0,céu claro,sem chuva,12,5,2,1,0
3212,None_Existent,42.9,0.0,70.9,DARK,9.0,1014.0,100.0,2.0,sem observação,sem chuva,2,0,5,0,0
3213,None_Existent,47.4,0.0,75.7,DARK,14.0,1021.0,93.0,0.0,céu claro,sem chuva,1,5,8,1,0
3214,Medium,37.3,29.9,77.0,LIGHT,20.0,1017.0,82.0,3.0,sem observação,chuva fraca,14,2,6,0,0
3215,High,39.6,51.3,88.3,LIGHT,18.0,1020.0,88.0,3.0,algumas nuvens,sem chuva,18,3,9,0,1
3216,None_Existent,34.3,8.8,79.7,DARK,16.0,1016.0,100.0,0.0,céu pouco nublado,sem chuva,2,6,7,1,0
3217,None_Existent,37.2,0.0,94.5,DARK,12.0,1028.0,76.0,1.0,céu claro,sem chuva,2,6,2,1,0
3218,Low,36.1,4.9,69.5,LOW_LIGHT,4.0,1020.0,87.0,4.0,céu claro,sem chuva,8,5,1,1,1
3219,None_Existent,42.0,0.0,76.4,DARK,3.0,1022.0,93.0,1.0,céu claro,sem chuva,2,4,1,0,0
3220,None_Existent,40.0,1.8,87.9,DARK,13.0,1006.0,93.0,7.0,sem observação,chuva moderada,1,6,10,1,0
3221,None_Existent,45.5,0.0,81.2,DARK,20.0,1016.0,83.0,1.0,céu claro,sem chuva,3,5,8,1,0
3222,Medium,35.2,40.1,95.3,LIGHT,23.0,1022.0,62.0,2.0,algumas nuvens,sem chuva,12,4,9,0,0
3223,Low,37.4,5.2,79.8,LIGHT,14.0,1016.0,76.0,2.0,sem observação,sem chuva,9,6,5,1,1
3224,Low,41.9,4.3,92.7,DARK,7.0,1010.0,75.0,4.0,nuvens dispersas,sem chuva,2,5,2,1,0
3225,High,52.2,6.4,70.0,DARK,8.0,1027.0,62.0,4.0,céu claro,sem chuva,7,0,12,0,1
3226,Low,40.6,19.5,98.8,DARK,19.0,1016.0,100.0,0.0,céu pouco nublado,sem chuva,21,5,8,1,0
3227,Medium,46.2,8.5,67.1,DARK,18.0,1018.0,100.0,3.0,sem observação,sem chuva,20,4,8,0,0
3228,None_Existent,44.7,1.3,85.7,DARK,17.0,1018.0,31.0,7.0,céu claro,sem chuva,6,1,9,0,0
3229,High,34.5,52.8,91.3,LIGHT,18.0,1012.0,72.0,5.0,céu claro,sem chuva,11,3,10,0,0
3230,High,38.2,52.6,85.7,LIGHT,24.0,1024.0,56.0,3.0,sem observação,sem chuva,14,2,9,0,0
3231,None_Existent,40.9,0.0,75.4,LIGHT,10.0,1016.0,81.0,1.0,nuvens dispersas,sem chuva,7,5,5,1,1
3232,None_Existent,47.0,3.4,68.9,DARK,17.0,1015.0,100.0,1.0,sem observação,sem chuva,20,1,9,0,0
3233,None_Existent,42.2,3.6,78.0,DARK,17.0,1017.0,93.0,4.0,sem observação,sem chuva,0,6,6,1,0
3234,None_Existent,43.6,2.6,89.9,DARK,19.0,1015.0,93.0,1.0,céu pouco nublado,sem chuva,22,0,7,0,0
3235,High,35.9,92.0,86.1,LIGHT,21.0,1019.0,82.0,6.0,céu pouco nublado,sem chuva,16,6,6,1,0
3236,Medium,37.1,16.0,81.0,LIGHT,15.0,1021.0,93.0,1.0,sem observação,sem chuva,7,2,8,0,1
3237,None_Existent,40.2,1.9,66.7,DARK,17.0,1020.0,93.0,1.0,nuvens quebradas,sem chuva,1,0,7,0,0
3238,High,37.1,140.6,89.6,LIGHT,16.0,1018.0,93.0,3.0,sem observação,sem chuva,16,6,9,1,0
3239,High,45.9,15.7,60.8,LOW_LIGHT,20.0,1018.0,52.0,5.0,sem observação,sem chuva,20,1,5,0,0
3240,None_Existent,42.1,0.0,74.8,LIGHT,12.0,1023.0,93.0,7.0,nuvens quebrados,sem chuva,9,6,12,1,1
3241,Medium,41.5,20.1,74.6,DARK,20.0,1017.0,88.0,1.0,sem observação,sem chuva,23,2,8,0,0
3242,None_Existent,45.3,0.8,83.3,DARK,17.0,1015.0,93.0,0.0,sem observação,sem chuva,3,3,9,0,0
3243,Low,31.7,12.9,81.2,LIGHT,14.0,1028.0,71.0,4.0,sem observação,sem chuva,10,5,4,1,0
3244,Medium,39.8,20.3,75.3,LIGHT,21.0,1016.0,68.0,5.0,sem observação,sem chuva,13,1,5,0,0
3245,Very_High,45.0,97.0,80.6,LOW_LIGHT,14.0,1018.0,93.0,2.0,sem observação,sem chuva,7,2,10,0,1
3246,Low,50.2,7.8,80.8,DARK,14.0,1018.0,100.0,1.0,sem observação,sem chuva,2,1,8,0,0
3247,Low,38.1,9.3,72.3,LIGHT,13.0,1016.0,100.0,5.0,sem observação,chuva fraca,13,3,11,0,0
3248,Very_High,45.4,102.6,84.1,LIGHT,16.0,1021.0,64.0,2.0,céu claro,sem chuva,8,2,9,0,1
3249,None_Existent,40.2,1.4,69.1,DARK,11.0,985.0,93.0,0.0,sem observação,chuva fraca,21,6,11,1,0
3250,Very_High,42.4,62.2,76.6,LIGHT,12.0,1022.0,100.0,1.0,sem observação,sem chuva,9,1,12,0,1
3251,None_Existent,45.3,3.6,86.8,DARK,14.0,1020.0,93.0,1.0,céu claro,sem chuva,0,3,8,0,0
3252,Medium,40.4,26.2,87.4,LIGHT,19.0,1018.0,93.0,1.0,nuvens quebrados,sem chuva,11,1,9,0,0
3253,Low,40.4,13.5,83.2,DARK,18.0,1018.0,88.0,2.0,sem observação,sem chuva,19,1,9,0,1
3254,High,49.5,18.2,80.2,DARK,11.0,1023.0,100.0,4.0,sem observação,chuva moderada,20,4,2,0,0
3255,Medium,45.5,3.5,82.1,LOW_LIGHT,10.0,1003.0,93.0,6.0,sem observação,chuva fraca,7,0,11,0,1
3256,High,41.7,62.4,92.8,LOW_LIGHT,24.0,1012.0,47.0,5.0,céu claro,sem chuva,19,4,9,0,1
3257,Low,43.1,11.8,86.2,DARK,18.0,1013.0,100.0,4.0,sem observação,chuva fraca,3,4,8,0,0
3258,Medium,40.3,37.6,88.9,DARK,22.0,1017.0,83.0,2.0,céu claro,sem chuva,22,4,8,0,0
3259,High,44.5,118.6,85.0,LIGHT,15.0,1014.0,100.0,4.0,sem observação,chuva fraca,16,2,10,0,0
3260,Very_High,47.4,296.5,73.4,LOW_LIGHT,11.0,1021.0,100.0,2.0,nuvens dispersas,sem chuva,7,4,9,0,1
3261,High,39.6,46.7,80.2,LIGHT,24.0,1017.0,83.0,3.0,sem observação,sem chuva,18,4,8,0,1
3262,High,36.1,57.6,75.2,LIGHT,15.0,1016.0,62.0,6.0,nuvens dispersas,sem chuva,17,5,5,1,1
3263,Medium,38.9,97.5,79.1,DARK,13.0,1024.0,82.0,0.0,nuvens quebrados,sem chuva,19,1,12,0,1
3264,None_Existent,48.1,1.2,76.7,DARK,16.0,1023.0,77.0,2.0,sem observação,sem chuva,5,4,9,0,0
3265,None_Existent,41.1,0.0,89.6,DARK,5.0,1029.0,70.0,3.0,céu claro,sem chuva,6,1,2,0,0
3266,Medium,40.0,34.7,90.6,LIGHT,19.0,1014.0,60.0,2.0,céu claro,sem chuva,9,4,9,0,1
3267,None_Existent,41.7,0.0,75.0,DARK,13.0,1011.0,82.0,2.0,céu limpo,sem chuva,21,1,4,0,0
3268,None_Existent,44.9,5.0,84.6,DARK,14.0,1014.0,100.0,0.0,céu claro,sem chuva,1,0,8,0,0
3269,None_Existent,36.0,0.0,61.5,DARK,15.0,1014.0,82.0,2.0,sem observação,sem chuva,2,2,5,0,0
3270,High,48.8,44.4,75.2,LOW_LIGHT,6.0,1023.0,100.0,2.0,nuvens quebrados,sem chuva,8,4,2,0,1
3271,Medium,37.5,23.0,76.1,LIGHT,21.0,1017.0,77.0,2.0,nuvens dispersas,sem chuva,15,0,6,0,0
3272,High,32.9,147.8,82.3,LIGHT,14.0,1019.0,100.0,4.0,sem observação,chuva fraca,16,5,4,1,0
3273,None_Existent,44.3,1.6,87.4,DARK,20.0,1016.0,88.0,1.0,céu claro,sem chuva,5,5,8,1,0
3274,Low,45.2,7.6,74.1,DARK,20.0,1016.0,82.0,2.0,sem observação,sem chuva,1,4,8,0,0
3275,None_Existent,43.1,0.0,85.6,DARK,21.0,1017.0,38.0,5.0,sem observação,sem chuva,5,1,9,0,0
3276,Medium,37.0,28.3,91.0,LIGHT,23.0,1016.0,88.0,4.0,céu pouco nublado,sem chuva,15,5,7,1,0
3277,Medium,45.8,16.6,80.5,DARK,17.0,1022.0,87.0,3.0,sem observação,sem chuva,22,0,8,0,0
3278,Medium,37.1,32.0,89.6,LIGHT,22.0,1022.0,73.0,3.0,céu claro,sem chuva,17,5,9,1,1
3279,None_Existent,37.0,4.6,82.2,LIGHT,13.0,1023.0,100.0,2.0,céu pouco nublado,sem chuva,8,5,5,1,1
3280,None_Existent,38.0,0.0,73.3,DARK,13.0,1018.0,67.0,4.0,sem observação,sem chuva,0,2,6,0,0
3281,None_Existent,37.1,1.4,67.2,DARK,12.0,1020.0,87.0,4.0,céu claro,sem chuva,22,3,1,0,0
3282,High,41.6,48.2,84.6,LIGHT,15.0,1019.0,52.0,1.0,céu claro,sem chuva,9,3,10,0,1
3283,Low,37.9,3.0,63.8,DARK,16.0,1014.0,100.0,5.0,nuvens quebradas,sem chuva,23,1,6,0,0
3284,None_Existent,42.1,0.0,78.5,DARK,9.0,1017.0,87.0,3.0,algumas nuvens,sem chuva,23,2,11,0,0
3285,High,40.0,67.8,74.5,LIGHT,18.0,1015.0,59.0,7.0,céu pouco nublado,sem chuva,16,2,6,0,0
3286,High,40.5,53.5,82.0,LIGHT,13.0,1013.0,71.0,5.0,algumas nuvens,sem chuva,15,4,11,0,0
3287,Low,39.2,7.6,80.3,DARK,16.0,1017.0,93.0,1.0,sem observação,sem chuva,22,4,6,0,0
3288,Low,47.9,1.8,71.4,DARK,9.0,1025.0,93.0,1.0,nuvens quebrados,sem chuva,3,0,1,0,0
3289,Medium,34.2,21.4,92.5,LIGHT,16.0,1019.0,100.0,0.0,sem observação,sem chuva,9,3,8,0,1
3290,Medium,37.1,43.8,90.1,LIGHT,27.0,1013.0,47.0,2.0,céu claro,sem chuva,16,1,8,0,0
3291,Medium,52.2,7.0,72.6,DARK,11.0,1025.0,66.0,5.0,céu claro,sem chuva,7,3,2,0,1
3292,None_Existent,43.1,0.0,71.3,DARK,17.0,1019.0,51.0,3.0,sem observação,sem chuva,3,0,5,0,0
3293,High,39.0,102.7,86.0,LIGHT,20.0,1018.0,72.0,6.0,sem observação,sem chuva,17,0,9,0,1
3294,Medium,46.2,14.8,87.7,LIGHT,26.0,1017.0,34.0,3.0,sem observação,sem chuva,12,6,9,1,0
3295,None_Existent,41.0,0.0,87.6,DARK,6.0,1022.0,76.0,5.0,céu claro,sem chuva,6,3,2,0,0
3296,High,39.3,71.0,84.5,LIGHT,23.0,1020.0,88.0,5.0,céu pouco nublado,sem chuva,18,2,8,0,1
3297,None_Existent,40.9,4.8,87.8,DARK,18.0,1013.0,93.0,1.0,sem observação,trovoada com chuva leve,21,1,9,0,0
3298,Medium,40.1,24.6,79.5,LIGHT,19.0,1019.0,93.0,2.0,nuvens quebradas,sem chuva,12,2,8,0,0
3299,Low,33.9,4.9,74.2,DARK,16.0,1014.0,72.0,0.0,sem observação,sem chuva,22,5,5,1,0
3300,Low,42.2,8.3,88.2,DARK,17.0,1018.0,82.0,3.0,céu claro,sem chuva,22,1,7,0,0
3301,Medium,40.1,21.4,90.2,LIGHT,31.0,1017.0,59.0,2.0,céu claro,sem chuva,11,5,8,1,0
3302,High,32.8,59.1,77.5,LIGHT,23.0,1014.0,64.0,5.0,sem observação,sem chuva,15,5,6,1,0
3303,Medium,33.9,39.1,93.4,LIGHT,27.0,1017.0,65.0,4.0,céu claro,sem chuva,12,4,8,0,0
3304,High,39.6,49.2,80.9,LIGHT,16.0,1016.0,72.0,4.0,céu pouco nublado,sem chuva,14,4,6,0,0
3305,Medium,36.7,69.6,89.9,DARK,11.0,1021.0,87.0,3.0,algumas nuvens,sem chuva,18,6,1,1,1
3306,High,37.1,49.5,86.1,LIGHT,25.0,1017.0,94.0,3.0,nuvens quebradas,sem chuva,14,1,7,0,0
3307,None_Existent,37.5,1.5,87.8,DARK,16.0,1019.0,100.0,0.0,céu claro,sem chuva,3,2,9,0,0
3308,Very_High,38.5,120.1,75.1,LIGHT,15.0,1012.0,77.0,3.0,céu pouco nublado,sem chuva,16,3,4,0,0
3309,None_Existent,41.5,0.0,89.0,LIGHT,11.0,1015.0,81.0,6.0,nuvens quebradas,sem chuva,8,1,3,0,1
3310,None_Existent,41.3,0.0,89.7,LIGHT,17.0,1016.0,100.0,2.0,tempo nublado,sem chuva,7,3,8,0,1
3311,None_Existent,48.5,0.0,83.3,DARK,9.0,1023.0,50.0,4.0,céu claro,sem chuva,3,4,2,0,0
3312,None_Existent,42.1,0.0,74.8,DARK,10.0,985.0,97.0,0.0,tempo nublado,sem chuva,2,0,11,0,0
3313,Low,52.4,2.7,74.8,DARK,13.0,1004.0,100.0,6.0,sem observação,chuva fraca,6,3,1,0,0
3314,None_Existent,44.9,1.8,79.1,DARK,9.0,1022.0,100.0,1.0,céu claro,sem chuva,22,0,11,0,0
3315,Low,35.5,15.0,82.9,LIGHT,26.0,1018.0,47.0,2.0,sem observação,sem chuva,10,5,6,1,0
3316,High,42.1,40.3,84.2,DARK,11.0,1001.0,71.0,10.0,sem observação,chuva moderada,19,4,2,0,1
3317,Low,35.1,19.1,93.5,LIGHT,12.0,1031.0,54.0,3.0,céu claro,sem chuva,12,0,2,0,0
3318,High,35.2,134.1,81.1,LIGHT,15.0,1015.0,82.0,2.0,nuvens dispersas,sem chuva,10,4,6,0,0
3319,High,43.3,72.5,85.2,LIGHT,25.0,1024.0,69.0,4.0,céu claro,sem chuva,17,3,9,0,1
3320,None_Existent,43.9,0.0,84.7,LOW_LIGHT,19.0,1015.0,63.0,4.0,céu claro,sem chuva,7,5,10,1,1
3321,None_Existent,41.8,0.0,77.3,DARK,12.0,1011.0,82.0,4.0,algumas nuvens,sem chuva,6,5,11,1,0
3322,Medium,43.4,9.7,80.1,DARK,19.0,1014.0,93.0,2.0,céu pouco nublado,sem chuva,2,5,7,1,0
3323,High,39.6,30.5,79.0,LIGHT,24.0,1014.0,69.0,1.0,nuvens dispersas,sem chuva,17,0,8,0,1
3324,High,36.3,92.6,86.3,LIGHT,20.0,1018.0,77.0,7.0,sem observação,sem chuva,16,0,9,0,0
3325,High,35.0,50.1,81.5,LIGHT,17.0,1022.0,67.0,5.0,sem observação,sem chuva,19,5,6,1,1
3326,High,44.0,12.8,87.0,LIGHT,17.0,1015.0,93.0,1.0,sem observação,sem chuva,7,3,9,0,1
3327,Low,38.0,7.9,78.6,DARK,12.0,1007.0,87.0,7.0,sem observação,aguaceiros fracos,20,2,4,0,0
3328,Medium,39.6,36.5,88.3,LIGHT,17.0,1019.0,72.0,0.0,céu claro,sem chuva,10,3,8,0,0
3329,None_Existent,37.8,0.9,64.0,DARK,12.0,1011.0,93.0,2.0,céu pouco nublado,sem chuva,23,3,6,0,0
3330,Low,40.4,9.9,88.3,DARK,25.0,1013.0,61.0,1.0,céu claro,sem chuva,20,1,8,0,0
3331,Low,51.8,1.1,79.3,DARK,5.0,1023.0,100.0,3.0,sem observação,sem chuva,5,4,2,0,0
3332,Medium,46.2,6.0,87.9,DARK,18.0,1004.0,88.0,7.0,sem observação,chuva fraca,3,3,10,0,0
3333,Medium,46.0,5.2,81.6,DARK,7.0,1010.0,75.0,4.0,céu claro,sem chuva,0,6,10,1,0
3334,None_Existent,41.8,0.0,81.1,DARK,20.0,1019.0,60.0,2.0,céu claro,sem chuva,20,0,9,0,0
3335,Very_High,48.1,90.3,65.4,LIGHT,11.0,1016.0,82.0,2.0,sem observação,sem chuva,7,1,5,0,1
3336,Very_High,47.1,187.1,63.2,LIGHT,16.0,1018.0,93.0,2.0,nuvens quebradas,sem chuva,8,0,6,0,1
3337,Medium,49.3,12.4,72.8,DARK,13.0,1002.0,100.0,2.0,sem observação,chuva moderada,21,0,11,0,0
3338,Medium,37.1,36.1,89.6,LIGHT,20.0,1021.0,82.0,2.0,algumas nuvens,sem chuva,14,3,9,0,0
3339,Medium,45.6,16.1,80.3,LIGHT,16.0,1018.0,100.0,1.0,sem observação,sem chuva,7,2,8,0,1
3340,None_Existent,42.1,2.2,87.9,DARK,13.0,1019.0,100.0,8.0,nuvens quebrados,sem chuva,3,6,2,1,0
3341,None_Existent,45.5,0.0,85.6,DARK,12.0,1010.0,82.0,1.0,nuvens dispersas,sem chuva,6,2,11,0,0
3342,None_Existent,41.9,0.0,86.8,DARK,9.0,1016.0,100.0,1.0,sem observação,chuva fraca,4,0,2,0,0
3343,Low,40.1,4.2,84.1,LIGHT,15.0,1017.0,93.0,2.0,sem observação,sem chuva,7,0,8,0,1
3344,Medium,42.3,19.4,89.1,LIGHT,30.0,1016.0,58.0,2.0,céu claro,sem chuva,11,6,8,1,0
3345,Low,37.2,8.5,94.7,DARK,12.0,1029.0,100.0,1.0,nuvens quebradas,sem chuva,23,4,3,0,0
3346,Very_High,45.5,99.2,75.5,LIGHT,12.0,1007.0,87.0,5.0,nuvens quebrados,sem chuva,9,2,11,0,1
3347,None_Existent,40.9,0.0,87.0,DARK,16.0,1021.0,100.0,2.0,sem observação,sem chuva,2,3,9,0,0
3348,High,40.8,46.0,82.2,LIGHT,32.0,1016.0,48.0,3.0,céu pouco nublado,sem chuva,15,3,8,0,0
3349,Low,44.7,15.3,83.1,DARK,16.0,1018.0,100.0,2.0,sem observação,sem chuva,23,6,8,1,0
3350,Medium,42.9,24.5,81.8,LIGHT,22.0,1018.0,82.0,4.0,sem observação,sem chuva,18,6,6,1,1
3351,None_Existent,35.2,5.0,86.4,LIGHT,18.0,1017.0,88.0,3.0,céu pouco nublado,sem chuva,8,5,7,1,1
3352,Very_High,46.2,97.5,77.6,LIGHT,8.0,1014.0,81.0,4.0,céu limpo,sem chuva,8,2,4,0,1
3353,Low,41.8,13.7,76.8,LIGHT,21.0,1020.0,68.0,3.0,céu claro,sem chuva,13,4,9,0,0
3354,Medium,46.2,27.9,67.1,LIGHT,14.0,1002.0,82.0,3.0,nuvens quebrados,sem chuva,16,1,11,0,0
3355,None_Existent,39.9,0.0,84.6,DARK,17.0,1017.0,100.0,1.0,sem observação,chuva fraca,23,0,7,0,0
3356,None_Existent,44.4,0.0,85.8,DARK,14.0,1016.0,93.0,0.0,nuvens quebrados,sem chuva,3,5,7,1,0
3357,None_Existent,36.8,0.9,66.4,DARK,10.0,1001.0,71.0,4.0,nuvens dispersas,sem chuva,21,1,4,0,0
3358,Medium,37.1,32.7,90.1,LIGHT,20.0,1016.0,82.0,3.0,céu claro,sem chuva,15,0,9,0,0
3359,None_Existent,43.0,0.0,71.6,DARK,16.0,1014.0,88.0,3.0,céu pouco nublado,sem chuva,3,2,6,0,0
3360,None_Existent,41.4,0.0,89.5,LIGHT,9.0,1030.0,76.0,4.0,céu claro,sem chuva,8,5,2,1,1
3361,None_Existent,41.4,0.0,89.0,DARK,8.0,1028.0,58.0,5.0,céu claro,sem chuva,6,0,2,0,0
3362,Medium,34.2,32.1,87.8,LIGHT,18.0,1013.0,93.0,2.0,algumas nuvens,sem chuva,10,1,9,0,0
3363,Low,40.4,12.5,94.4,DARK,16.0,1019.0,88.0,3.0,céu claro,sem chuva,23,5,8,1,0
3364,Medium,41.8,22.3,84.4,LIGHT,15.0,1017.0,93.0,2.0,sem observação,sem chuva,8,0,8,0,1
3365,Very_High,44.1,96.2,73.1,LIGHT,17.0,1017.0,68.0,4.0,céu pouco nublado,sem chuva,18,4,6,0,1
3366,None_Existent,37.7,2.6,78.8,LIGHT,18.0,1018.0,100.0,1.0,sem observação,sem chuva,8,6,6,1,1
3367,Medium,40.4,41.2,79.1,LIGHT,26.0,1019.0,57.0,8.0,sem observação,sem chuva,11,2,9,0,0
3368,Medium,43.4,28.5,82.8,LIGHT,22.0,1015.0,73.0,0.0,céu pouco nublado,sem chuva,12,6,8,1,0
3369,None_Existent,46.4,0.0,86.6,DARK,4.0,1012.0,86.0,1.0,céu claro,sem chuva,6,0,10,0,0
3370,None_Existent,45.3,2.2,83.6,DARK,20.0,1020.0,60.0,2.0,sem observação,sem chuva,6,5,9,1,0
3371,Medium,39.4,40.4,84.3,LIGHT,21.0,1021.0,73.0,2.0,céu pouco nublado,sem chuva,14,3,9,0,0
3372,None_Existent,43.0,0.0,71.6,LIGHT,14.0,1015.0,100.0,1.0,sem observação,sem chuva,7,5,6,1,1
3373,None_Existent,43.1,1.3,83.4,DARK,9.0,1011.0,93.0,1.0,algumas nuvens,sem chuva,1,1,11,0,0
3374,None_Existent,37.1,0.0,68.1,DARK,14.0,1012.0,77.0,4.0,céu claro,sem chuva,1,5,11,1,0
3375,Low,43.6,13.0,87.9,DARK,17.0,1020.0,100.0,9.0,sem observação,sem chuva,2,3,8,0,0
3376,Medium,48.7,2.2,63.6,DARK,11.0,1014.0,82.0,2.0,céu pouco nublado,sem chuva,3,4,6,0,0
3377,None_Existent,39.3,0.0,84.3,DARK,3.0,1026.0,100.0,0.0,algumas nuvens,sem chuva,1,6,2,1,0
3378,None_Existent,39.9,0.8,76.7,DARK,16.0,1012.0,100.0,4.0,sem observação,sem chuva,5,3,7,0,0
3379,Low,36.2,4.2,62.9,DARK,12.0,1024.0,81.0,2.0,sem observação,sem chuva,23,4,6,0,0
3380,Medium,35.1,43.5,82.9,LIGHT,18.0,1008.0,77.0,3.0,nuvens dispersas,sem chuva,18,6,4,1,1
3381,Medium,35.1,37.9,94.3,LIGHT,20.0,1023.0,73.0,4.0,céu claro,sem chuva,14,5,9,1,0
3382,Low,47.9,9.5,74.4,DARK,17.0,1013.0,93.0,1.0,sem observação,sem chuva,5,0,8,0,0
3383,None_Existent,41.6,0.0,84.8,DARK,13.0,1006.0,100.0,4.0,sem observação,chuva fraca,0,3,1,0,0
3384,None_Existent,37.1,13.8,91.7,DARK,18.0,1015.0,100.0,1.0,nuvens quebradas,sem chuva,4,6,7,1,0
3385,None_Existent,37.2,1.2,66.9,DARK,12.0,1001.0,100.0,1.0,nuvens quebrados,sem chuva,4,1,11,0,0
3386,Medium,39.6,8.7,87.8,DARK,16.0,1005.0,100.0,6.0,sem observação,chuva fraca,6,3,10,0,0
3387,None_Existent,45.9,3.1,70.0,DARK,11.0,1023.0,87.0,2.0,nuvens dispersas,sem chuva,20,0,1,0,0
3388,None_Existent,39.4,0.0,71.1,DARK,10.0,1021.0,71.0,2.0,céu claro,sem chuva,4,1,12,0,0
3389,Medium,43.8,5.0,66.5,DARK,10.0,1019.0,100.0,2.0,céu limpo,sem chuva,3,5,4,1,0
3390,None_Existent,39.3,0.8,65.7,DARK,13.0,1016.0,77.0,4.0,céu claro,sem chuva,2,4,11,0,0
3391,None_Existent,44.7,0.0,76.6,DARK,9.0,1023.0,81.0,3.0,nuvens dispersas,sem chuva,5,4,4,0,0
3392,Medium,43.6,26.1,88.4,LIGHT,24.0,1017.0,78.0,2.0,céu pouco nublado,sem chuva,13,1,8,0,0
3393,Medium,36.2,12.5,85.9,DARK,18.0,1016.0,88.0,1.0,céu pouco nublado,sem chuva,21,5,7,1,0
3394,Very_High,45.6,127.8,73.0,LIGHT,18.0,1015.0,100.0,2.0,sem observação,sem chuva,9,2,5,0,1
3395,None_Existent,38.3,0.0,84.8,DARK,11.0,1005.0,93.0,3.0,sem observação,chuva moderada,23,1,10,0,0
3396,None_Existent,36.7,2.5,68.5,LOW_LIGHT,12.0,1022.0,100.0,1.0,céu pouco nublado,sem chuva,6,5,5,1,0
3397,None_Existent,47.1,3.3,75.2,DARK,17.0,1015.0,100.0,3.0,nublado,sem chuva,4,1,8,0,0
3398,Low,41.7,3.1,75.0,DARK,13.0,1030.0,93.0,1.0,nuvens quebrados,sem chuva,22,3,12,0,0
3399,High,37.3,47.5,81.6,LIGHT,15.0,1018.0,100.0,3.0,sem observação,sem chuva,9,0,9,0,1
3400,None_Existent,37.2,4.5,94.4,DARK,13.0,1020.0,93.0,8.0,nuvens quebrados,sem chuva,2,6,2,1,0
3401,None_Existent,40.1,5.1,95.5,DARK,10.0,1021.0,93.0,1.0,céu pouco nublado,sem chuva,23,2,4,0,0
3402,None_Existent,47.4,0.0,88.4,DARK,6.0,1009.0,81.0,4.0,céu claro,sem chuva,2,6,10,1,0
3403,None_Existent,42.0,0.0,73.6,DARK,10.0,1019.0,93.0,2.0,céu limpo,sem chuva,5,5,4,1,0
3404,Low,32.8,10.4,89.4,DARK,9.0,1026.0,100.0,1.0,sem observação,sem chuva,20,2,2,0,0
3405,Medium,42.8,21.1,100.1,LIGHT,22.0,1017.0,88.0,3.0,nuvens dispersas,sem chuva,19,1,7,0,1
3406,None_Existent,39.4,1.2,78.3,DARK,18.0,1014.0,100.0,1.0,sem observação,sem chuva,2,2,7,0,0
3407,Low,42.5,9.3,77.3,LIGHT,19.0,1019.0,93.0,1.0,nublado,sem chuva,12,5,8,1,0
3408,None_Existent,44.2,0.7,76.7,DARK,14.0,1021.0,100.0,1.0,sem observação,sem chuva,2,2,9,0,0
3409,High,40.0,52.2,87.9,LIGHT,17.0,1016.0,93.0,3.0,nuvens quebrados,sem chuva,17,0,9,0,1
3410,None_Existent,47.9,0.0,71.9,DARK,5.0,1023.0,93.0,0.0,nuvens quebrados,sem chuva,6,1,1,0,0
3411,None_Existent,39.8,3.7,83.1,DARK,18.0,1013.0,100.0,3.0,sem observação,chuva fraca,4,3,7,0,0
3412,Medium,48.5,2.2,83.8,DARK,11.0,1024.0,93.0,3.0,nuvens quebradas,sem chuva,3,6,3,1,0
3413,None_Existent,40.2,3.4,78.8,DARK,7.0,1028.0,93.0,0.0,céu claro,sem chuva,22,1,2,0,0
3414,None_Existent,45.6,3.6,86.2,DARK,13.0,1025.0,52.0,4.0,céu claro,sem chuva,5,2,10,0,0
3415,High,42.1,95.0,77.6,LIGHT,29.0,1017.0,83.0,2.0,céu pouco nublado,sem chuva,16,4,8,0,0
3416,Low,42.7,10.2,63.6,DARK,15.0,1011.0,100.0,2.0,sem observação,chuva forte,5,6,6,1,0
3417,Medium,34.1,19.7,83.3,LIGHT,16.0,1018.0,77.0,2.0,céu pouco nublado,sem chuva,12,1,4,0,0
3418,Low,37.6,5.1,77.6,LIGHT,22.0,1021.0,64.0,2.0,sem observação,sem chuva,13,6,4,1,0
3419,Very_High,46.8,77.7,81.1,LIGHT,15.0,1021.0,100.0,1.0,sem observação,sem chuva,7,4,9,0,1
3420,Medium,42.8,27.6,78.0,LIGHT,22.0,1023.0,43.0,4.0,céu claro,sem chuva,16,2,10,0,0
3421,None_Existent,41.6,0.0,76.1,DARK,14.0,1019.0,82.0,2.0,nublado,sem chuva,1,0,5,0,0
3422,None_Existent,33.5,3.3,71.3,DARK,13.0,1031.0,87.0,1.0,nuvens quebrados,sem chuva,0,4,12,0,0
3423,Low,32.3,10.7,78.6,DARK,17.0,1014.0,100.0,2.0,nuvens dispersas,sem chuva,19,6,4,1,1
3424,None_Existent,40.3,0.0,67.3,DARK,18.0,1014.0,68.0,2.0,sem observação,sem chuva,2,1,5,0,0
3425,None_Existent,46.1,0.0,88.9,LIGHT,14.0,1017.0,100.0,1.0,sem observação,sem chuva,7,5,9,1,1
3426,Low,39.1,3.3,69.3,DARK,12.0,1014.0,100.0,9.0,sem observação,sem chuva,2,2,5,0,0
3427,None_Existent,42.3,2.1,85.1,DARK,17.0,1016.0,88.0,3.0,céu claro,sem chuva,0,2,8,0,0
3428,Medium,33.8,44.6,91.9,LIGHT,14.0,1022.0,71.0,6.0,nuvens quebrados,sem chuva,12,2,11,0,0
3429,Very_High,46.7,61.8,77.8,DARK,13.0,1020.0,87.0,5.0,algumas nuvens,sem chuva,19,2,11,0,1
3430,Low,32.4,11.1,89.0,LIGHT,14.0,1002.0,93.0,5.0,sem observação,sem chuva,13,3,1,0,0
3431,None_Existent,44.3,0.0,84.5,DARK,5.0,1028.0,100.0,1.0,céu claro,sem chuva,1,0,2,0,0
3432,Medium,34.5,26.2,86.8,LIGHT,12.0,1004.0,87.0,5.0,sem observação,chuva fraca,13,2,10,0,0
3433,Low,34.9,10.9,73.2,DARK,17.0,1020.0,82.0,4.0,sem observação,sem chuva,23,5,5,1,0
3434,Medium,40.4,28.2,87.4,LIGHT,19.0,1020.0,83.0,1.0,algumas nuvens,sem chuva,11,4,8,0,0
3435,Low,37.9,3.7,67.0,DARK,12.0,1030.0,93.0,0.0,nuvens quebrados,sem chuva,5,3,12,0,0
3436,Medium,34.6,86.5,97.6,LIGHT,15.0,1021.0,82.0,9.0,nuvens quebradas,sem chuva,16,6,3,1,0
3437,Very_High,47.0,79.1,62.9,LIGHT,15.0,1015.0,100.0,2.0,nuvens quebradas,sem chuva,7,2,6,0,1
3438,None_Existent,43.4,1.3,76.4,DARK,15.0,1018.0,100.0,1.0,nublado,sem chuva,2,3,9,0,0
3439,Medium,33.6,25.1,76.8,LIGHT,18.0,1022.0,72.0,1.0,nuvens dispersas,sem chuva,11,5,6,1,0
3440,Low,43.1,4.2,62.4,LIGHT,15.0,1018.0,100.0,3.0,nuvens quebradas,sem chuva,6,4,6,0,0
3441,Low,34.8,15.3,72.3,LIGHT,18.0,1021.0,63.0,6.0,céu pouco nublado,sem chuva,12,0,6,0,0
3442,Very_High,48.2,92.4,78.8,LIGHT,3.0,1030.0,93.0,1.0,céu claro,sem chuva,9,0,2,0,1
3443,Medium,42.5,5.8,82.2,DARK,5.0,1029.0,66.0,4.0,céu claro,sem chuva,7,1,2,0,1
3444,None_Existent,41.1,0.0,89.6,DARK,5.0,1030.0,81.0,2.0,céu claro,sem chuva,5,1,2,0,0
3445,Medium,38.1,34.9,85.6,LIGHT,26.0,1023.0,42.0,4.0,sem observação,sem chuva,10,4,9,0,0
3446,High,41.2,29.9,76.2,LIGHT,18.0,1019.0,93.0,0.0,sem observação,sem chuva,8,2,9,0,1
3447,High,34.4,61.4,68.6,LIGHT,18.0,1014.0,68.0,4.0,céu pouco nublado,sem chuva,15,1,6,0,0
3448,Medium,35.9,15.3,85.4,LIGHT,20.0,1013.0,52.0,4.0,sem observação,sem chuva,19,5,6,1,1
3449,None_Existent,44.5,0.8,68.4,DARK,10.0,1010.0,87.0,6.0,sem observação,chuva moderada,4,3,11,0,0
3450,None_Existent,42.3,2.4,89.7,DARK,13.0,1019.0,100.0,7.0,sem observação,chuva fraca,6,6,2,1,0
3451,Low,39.0,6.9,71.3,DARK,14.0,1015.0,62.0,7.0,nuvens dispersas,sem chuva,4,0,11,0,0
3452,Low,44.5,10.4,81.3,DARK,13.0,1010.0,93.0,9.0,sem observação,chuva fraca,2,0,10,0,0
3453,None_Existent,41.2,1.7,71.6,DARK,6.0,1020.0,100.0,0.0,sem observação,sem chuva,4,3,1,0,0
3454,High,31.7,67.5,82.2,LIGHT,11.0,1018.0,93.0,3.0,sem observação,chuva fraca,15,2,1,0,0
3455,None_Existent,41.9,0.0,87.0,DARK,15.0,1017.0,100.0,0.0,sem observação,sem chuva,3,4,9,0,0
3456,Very_High,49.5,107.1,76.6,LIGHT,5.0,1031.0,100.0,1.0,algumas nuvens,sem chuva,8,3,2,0,1
3457,Very_High,41.9,77.0,87.0,LIGHT,21.0,1018.0,73.0,7.0,nuvens quebrados,sem chuva,17,4,10,0,1
3458,None_Existent,43.3,7.6,77.1,DARK,22.0,1024.0,83.0,2.0,céu claro,sem chuva,22,2,9,0,0
3459,None_Existent,36.2,2.2,61.2,DARK,15.0,1021.0,63.0,2.0,sem observação,sem chuva,2,6,5,1,0
3460,Very_High,46.1,65.2,85.7,LOW_LIGHT,25.0,1020.0,27.0,2.0,céu claro,sem chuva,18,2,10,0,1
3461,Low,42.0,4.6,83.1,DARK,16.0,1018.0,100.0,1.0,nuvens quebradas,sem chuva,5,2,8,0,0
3462,Low,45.1,2.3,88.3,DARK,14.0,1020.0,100.0,1.0,algumas nuvens,sem chuva,6,2,9,0,0
3463,High,40.8,67.4,83.4,LIGHT,23.0,1016.0,83.0,4.0,céu pouco nublado,sem chuva,17,0,7,0,1
3464,Low,37.1,19.8,94.6,DARK,11.0,1026.0,66.0,3.0,céu claro,sem chuva,2,1,2,0,0
3465,Low,41.8,11.5,87.1,DARK,12.0,1029.0,100.0,1.0,nuvens quebradas,sem chuva,22,4,3,0,0
3466,Very_High,47.1,92.6,63.0,LIGHT,11.0,1012.0,82.0,5.0,nuvens dispersas,sem chuva,7,3,6,0,1
3467,High,34.7,70.3,85.5,LIGHT,22.0,1010.0,49.0,7.0,céu pouco nublado,sem chuva,15,6,4,1,0
3468,Medium,37.4,39.8,89.3,LIGHT,27.0,1020.0,48.0,3.0,céu claro,sem chuva,14,0,9,0,0
3469,Low,32.2,14.0,71.8,LIGHT,22.0,1014.0,56.0,3.0,sem observação,sem chuva,13,5,5,1,0
3470,Medium,47.2,17.0,86.1,LIGHT,20.0,1022.0,77.0,3.0,céu pouco nublado,sem chuva,13,6,8,1,0
3471,Very_High,45.2,106.7,72.8,LIGHT,14.0,1016.0,100.0,1.0,sem observação,sem chuva,7,2,9,0,1
3472,Medium,39.5,12.0,71.9,LIGHT,23.0,1018.0,53.0,5.0,sem observação,sem chuva,13,1,5,0,0
3473,Medium,42.1,26.2,87.0,LIGHT,25.0,1014.0,45.0,6.0,céu claro,sem chuva,18,2,8,0,1
3474,None_Existent,42.0,0.0,75.1,DARK,13.0,1018.0,100.0,1.0,sem observação,sem chuva,3,0,4,0,0
3475,None_Existent,40.0,2.1,80.2,DARK,10.0,1026.0,71.0,4.0,céu claro,sem chuva,5,4,2,0,0
3476,Medium,40.4,32.4,87.4,LIGHT,20.0,1017.0,60.0,2.0,céu claro,sem chuva,15,3,10,0,0
3477,None_Existent,37.8,2.1,83.6,DARK,11.0,1030.0,81.0,2.0,sem observação,sem chuva,22,4,4,0,0
3478,None_Existent,46.4,0.0,82.2,DARK,18.0,1018.0,60.0,3.0,céu claro,sem chuva,0,2,9,0,0
3479,None_Existent,40.1,0.0,99.1,DARK,2.0,1027.0,93.0,0.0,algumas nuvens,sem chuva,2,6,2,1,0
3480,High,34.0,161.9,97.1,LIGHT,21.0,1028.0,43.0,1.0,céu claro,sem chuva,16,5,2,1,0
3481,High,40.8,70.1,82.2,LIGHT,24.0,1021.0,57.0,5.0,algumas nuvens,sem chuva,17,0,9,0,1
3482,None_Existent,44.1,3.3,78.9,DARK,13.0,1007.0,71.0,1.0,céu claro,sem chuva,22,1,10,0,0
3483,Low,42.8,9.2,80.4,LIGHT,16.0,1016.0,63.0,3.0,algumas nuvens,sem chuva,14,2,11,0,0
3484,Medium,35.9,20.9,80.1,LIGHT,19.0,1022.0,68.0,3.0,céu pouco nublado,sem chuva,13,5,6,1,0
3485,Medium,39.9,25.2,80.4,LIGHT,20.0,1020.0,100.0,2.0,nuvens quebradas,sem chuva,12,1,9,0,0
3486,Medium,45.1,16.5,71.5,DARK,14.0,1015.0,87.0,5.0,nuvens dispersas,sem chuva,23,2,5,0,0
3487,Very_High,44.3,51.9,72.3,LIGHT,16.0,1015.0,100.0,7.0,sem observação,sem chuva,7,4,7,0,1
3488,None_Existent,41.5,0.0,76.3,DARK,12.0,1006.0,93.0,1.0,céu limpo,sem chuva,3,0,4,0,0
3489,None_Existent,39.0,0.0,69.9,DARK,8.0,1019.0,87.0,1.0,céu limpo,sem chuva,3,5,3,1,0
3490,Medium,42.9,27.1,81.8,LIGHT,20.0,1017.0,64.0,4.0,céu pouco nublado,sem chuva,14,6,9,1,0
3491,High,32.8,92.4,91.6,LIGHT,20.0,1017.0,77.0,4.0,céu pouco nublado,sem chuva,16,6,9,1,0
3492,None_Existent,39.2,0.0,71.4,DARK,11.0,1005.0,93.0,2.0,sem observação,chuva moderada,4,2,11,0,0
3493,None_Existent,37.2,2.6,94.4,DARK,12.0,1028.0,100.0,1.0,nuvens quebradas,sem chuva,3,5,3,1,0
3494,Medium,33.3,30.6,95.1,LIGHT,16.0,1022.0,59.0,3.0,céu claro,sem chuva,13,5,2,1,0
3495,Medium,36.2,24.2,92.4,LIGHT,12.0,1020.0,62.0,3.0,algumas nuvens,sem chuva,14,1,2,0,0
3496,High,35.8,55.1,88.7,LIGHT,24.0,1016.0,69.0,4.0,sem observação,sem chuva,14,2,7,0,0
3497,High,44.0,36.3,83.6,LIGHT,19.0,1013.0,88.0,2.0,nuvens dispersas,sem chuva,18,6,6,1,1
3498,Medium,42.7,18.3,80.8,LIGHT,23.0,1018.0,83.0,4.0,nuvens dispersas,sem chuva,14,5,8,1,0
3499,High,45.0,30.0,89.6,LIGHT,14.0,1008.0,82.0,9.0,sem observação,chuva moderada,15,5,11,1,0
3500,High,33.1,56.2,90.5,LIGHT,23.0,1020.0,68.0,2.0,nuvens quebradas,sem chuva,16,6,9,1,0
3501,Low,37.3,13.2,89.7,DARK,15.0,1012.0,100.0,11.0,sem observação,chuva leve,23,4,11,0,0
3502,Medium,42.2,9.6,74.9,LIGHT,18.0,1018.0,100.0,7.0,sem observação,sem chuva,9,5,8,1,1
3503,None_Existent,41.9,0.0,86.4,LIGHT,14.0,1015.0,93.0,0.0,nuvens dispersas,sem chuva,6,2,8,0,0
3504,High,39.3,119.9,77.6,LIGHT,23.0,1020.0,60.0,4.0,sem observação,sem chuva,16,6,4,1,0
3505,High,40.4,50.2,78.0,LIGHT,18.0,1020.0,67.0,4.0,sem observação,sem chuva,16,0,5,0,0
3506,None_Existent,45.6,0.0,81.7,DARK,11.0,1019.0,100.0,3.0,nuvens dispersas,sem chuva,6,6,9,1,0
3507,None_Existent,42.4,0.0,86.6,DARK,17.0,1013.0,93.0,1.0,sem observação,trovoada com chuva leve,23,0,8,0,0
3508,None_Existent,43.5,1.3,76.3,DARK,15.0,1018.0,100.0,3.0,sem observação,sem chuva,23,2,9,0,0
3509,Medium,31.8,28.3,85.6,LIGHT,11.0,1026.0,93.0,1.0,algumas nuvens,sem chuva,12,2,2,0,0
3510,None_Existent,45.2,1.4,64.5,DARK,14.0,1020.0,82.0,1.0,sem observação,sem chuva,5,6,5,1,0
3511,Medium,36.1,41.3,74.9,LIGHT,16.0,1015.0,67.0,6.0,sem observação,sem chuva,17,6,5,1,1
3512,Low,39.9,8.3,73.7,LIGHT,14.0,1021.0,71.0,4.0,nuvens dispersas,sem chuva,13,0,11,0,0
3513,Low,51.1,1.6,78.7,DARK,7.0,1025.0,100.0,3.0,nuvens quebrados,sem chuva,6,3,2,0,0
3514,Medium,47.0,18.1,86.9,DARK,20.0,1015.0,64.0,3.0,céu claro,sem chuva,21,4,8,0,0
3515,None_Existent,45.9,6.3,83.6,DARK,14.0,1017.0,100.0,1.0,céu claro,sem chuva,1,4,9,0,0
3516,High,42.3,59.5,84.3,LIGHT,15.0,1025.0,100.0,3.0,sem observação,sem chuva,11,4,11,0,0
3517,High,33.1,67.2,76.4,LIGHT,19.0,1020.0,63.0,6.0,sem observação,sem chuva,11,4,5,0,0
3518,None_Existent,42.4,3.1,86.6,DARK,18.0,1013.0,88.0,1.0,céu claro,sem chuva,2,4,9,0,0
3519,High,41.4,62.2,74.2,LIGHT,6.0,1020.0,100.0,2.0,céu claro,sem chuva,9,4,1,0,1
3520,Medium,38.6,19.8,88.1,LIGHT,26.0,1014.0,73.0,3.0,céu pouco nublado,sem chuva,13,0,8,0,0
3521,Low,44.9,4.8,84.6,DARK,10.0,1004.0,71.0,2.0,céu claro,sem chuva,6,2,10,0,0
3522,High,34.9,67.4,91.7,LIGHT,22.0,1022.0,64.0,6.0,céu claro,sem chuva,17,6,9,1,1
3523,Medium,32.9,22.0,81.8,LIGHT,12.0,1027.0,87.0,2.0,nuvens quebrados,sem chuva,10,2,12,0,0
3524,None_Existent,40.2,0.0,67.6,DARK,16.0,1014.0,72.0,3.0,sem observação,sem chuva,3,1,5,0,0
3525,None_Existent,37.9,4.5,89.3,DARK,19.0,1022.0,93.0,3.0,nuvens dispersas,sem chuva,21,4,9,0,0
3526,Medium,35.3,27.0,85.1,LIGHT,9.0,1001.0,81.0,4.0,sem observação,chuva moderada,13,1,10,0,0
3527,Medium,40.8,15.0,82.4,LOW_LIGHT,24.0,1015.0,51.0,3.0,céu claro,sem chuva,19,4,8,0,1
3528,Very_High,43.3,82.3,87.4,LIGHT,26.0,1022.0,61.0,3.0,céu claro,sem chuva,17,2,9,0,1
3529,Medium,34.1,31.6,92.7,LIGHT,24.0,1020.0,20.0,8.0,céu claro,sem chuva,10,1,9,0,0
3530,Low,44.2,2.9,65.6,DARK,16.0,1017.0,87.0,5.0,sem observação,sem chuva,21,1,5,0,0
3531,None_Existent,39.2,0.0,91.0,DARK,9.0,1026.0,66.0,5.0,céu claro,sem chuva,1,3,2,0,0
3532,Low,35.6,6.3,82.2,LIGHT,17.0,1016.0,55.0,4.0,sem observação,sem chuva,9,6,5,1,1
3533,None_Existent,41.4,0.0,85.0,DARK,8.0,1021.0,93.0,1.0,céu claro,sem chuva,0,1,2,0,0
3534,Medium,37.2,19.7,86.2,LIGHT,22.0,1016.0,93.0,3.0,nublado,sem chuva,18,6,7,1,1
3535,Medium,32.9,39.8,76.9,LOW_LIGHT,18.0,1017.0,63.0,7.0,sem observação,sem chuva,20,4,5,0,0
3536,Low,34.1,17.5,81.5,LIGHT,13.0,1011.0,71.0,6.0,nuvens dispersas,sem chuva,12,3,4,0,0
3537,Very_High,44.5,72.1,85.0,LIGHT,17.0,1025.0,93.0,0.0,céu claro,sem chuva,7,3,9,0,1
3538,Medium,43.7,18.3,79.3,LIGHT,13.0,1016.0,100.0,1.0,sem observação,chuva fraca,14,3,11,0,0
3539,Very_High,48.5,69.2,75.3,LIGHT,9.0,1022.0,100.0,3.0,nuvens dispersas,sem chuva,8,4,11,0,1
3540,None_Existent,42.3,2.0,82.3,DARK,15.0,1019.0,100.0,2.0,sem observação,sem chuva,5,4,8,0,0
3541,High,41.0,37.3,78.5,LIGHT,13.0,1017.0,93.0,7.0,sem observação,chuva moderada,17,2,1,0,1
3542,None_Existent,52.0,0.0,70.3,DARK,13.0,1019.0,93.0,6.0,sem observação,chuva leve,2,3,1,0,0
3543,Low,44.0,2.6,87.4,DARK,15.0,1013.0,77.0,5.0,céu claro,sem chuva,6,4,10,0,0
3544,None_Existent,43.6,0.0,82.2,LIGHT,12.0,1021.0,58.0,2.0,céu claro,sem chuva,9,6,10,1,1
3545,Low,39.0,6.4,71.3,LIGHT,13.0,1015.0,100.0,1.0,sem observação,sem chuva,6,5,6,1,0
3546,Low,37.7,11.7,65.8,LIGHT,14.0,1017.0,67.0,3.0,nuvens dispersas,sem chuva,12,5,5,1,0
3547,Low,43.3,1.1,85.7,DARK,5.0,1013.0,93.0,1.0,céu claro,sem chuva,4,0,10,0,0
3548,Medium,39.7,33.2,93.2,LIGHT,26.0,1014.0,61.0,4.0,sem observação,sem chuva,17,6,9,1,1
3549,None_Existent,44.0,0.0,81.4,DARK,15.0,1020.0,100.0,0.0,sem observação,sem chuva,2,6,9,1,0
3550,Medium,38.3,20.2,78.4,LIGHT,21.0,1019.0,77.0,3.0,céu pouco nublado,sem chuva,13,4,6,0,0
3551,None_Existent,44.8,6.2,72.9,DARK,13.0,1022.0,100.0,7.0,sem observação,sem chuva,4,0,8,0,0
3552,None_Existent,41.3,0.0,81.9,LIGHT,28.0,1014.0,37.0,4.0,céu claro,sem chuva,9,5,9,1,1
3553,High,40.3,79.5,76.4,LIGHT,21.0,1026.0,49.0,6.0,sem observação,sem chuva,9,3,9,0,1
3554,Very_High,45.5,116.0,61.9,LIGHT,15.0,1020.0,82.0,0.0,nuvens dispersas,sem chuva,8,3,5,0,1
3555,Low,44.3,3.7,79.9,DARK,17.0,1021.0,88.0,0.0,céu claro,sem chuva,0,1,9,0,0
3556,None_Existent,36.2,3.2,92.3,DARK,18.0,1013.0,93.0,3.0,nuvens quebradas,sem chuva,0,3,7,0,0
3557,Medium,42.9,6.0,72.0,LOW_LIGHT,11.0,994.0,87.0,6.0,sem observação,chuva fraca,6,2,4,0,0
3558,Very_High,42.9,102.4,86.1,LIGHT,18.0,1017.0,93.0,2.0,sem observação,sem chuva,18,4,9,0,1
3559,Low,46.8,1.2,70.8,DARK,14.0,1011.0,71.0,1.0,céu limpo,sem chuva,1,0,4,0,0
3560,None_Existent,41.8,1.9,69.3,DARK,18.0,1017.0,93.0,2.0,sem observação,sem chuva,22,0,7,0,0
3561,None_Existent,35.4,2.1,81.8,DARK,15.0,1019.0,100.0,2.0,sem observação,sem chuva,19,6,9,1,1
3562,Low,36.7,5.1,61.5,DARK,14.0,1021.0,82.0,3.0,sem observação,sem chuva,4,6,5,1,0
3563,Low,37.4,4.7,71.3,LIGHT,18.0,1017.0,88.0,3.0,nuvens quebradas,sem chuva,12,3,6,0,0
3564,Low,40.8,5.1,66.5,LOW_LIGHT,17.0,1016.0,77.0,5.0,sem observação,sem chuva,20,1,5,0,0
3565,Very_High,41.5,69.1,73.9,LIGHT,6.0,1022.0,81.0,1.0,sem observação,sem chuva,9,1,12,0,1
3566,High,35.0,46.7,90.8,LIGHT,19.0,1018.0,88.0,2.0,nuvens dispersas,sem chuva,15,4,9,0,0
3567,Very_High,38.8,68.2,69.8,LIGHT,12.0,1027.0,45.0,5.0,céu claro,sem chuva,11,0,12,0,0
3568,Medium,32.5,23.3,90.1,LIGHT,23.0,1018.0,82.0,3.0,céu pouco nublado,sem chuva,11,0,7,0,0
3569,High,43.6,34.5,66.3,LIGHT,22.0,1015.0,64.0,5.0,sem observação,sem chuva,17,0,5,0,1
3570,None_Existent,47.6,0.0,72.7,DARK,8.0,1032.0,100.0,0.0,sem observação,sem chuva,4,5,12,1,0
3571,None_Existent,42.4,0.0,88.7,DARK,14.0,1013.0,100.0,0.0,céu claro,sem chuva,4,0,8,0,0
3572,Low,45.6,14.1,79.8,DARK,18.0,1018.0,88.0,3.0,céu pouco nublado,sem chuva,19,6,9,1,1
3573,None_Existent,41.2,0.0,90.6,DARK,21.0,1016.0,88.0,1.0,céu claro,sem chuva,0,5,8,1,0
3574,None_Existent,39.9,0.0,87.0,LIGHT,14.0,1010.0,100.0,2.0,sem observação,chuva moderada,10,6,11,1,0
3575,Very_High,43.2,68.8,77.9,DARK,12.0,1018.0,100.0,1.0,sem observação,sem chuva,19,3,11,0,1
3576,Medium,40.5,55.9,88.3,LIGHT,18.0,1019.0,88.0,3.0,nuvens dispersas,sem chuva,15,3,8,0,0
3577,None_Existent,40.8,3.1,78.4,DARK,17.0,1018.0,100.0,0.0,sem observação,sem chuva,22,2,8,0,0
3578,None_Existent,36.2,0.0,83.6,DARK,13.0,1005.0,100.0,4.0,nuvens quebrados,sem chuva,2,3,1,0,0
3579,High,36.0,150.4,78.4,DARK,14.0,1024.0,93.0,3.0,nuvens quebrados,sem chuva,19,5,12,1,1
3580,None_Existent,42.0,0.0,73.6,DARK,13.0,1023.0,100.0,0.0,nuvens quebrados,sem chuva,22,0,12,0,0
3581,Low,41.3,12.0,81.9,DARK,15.0,1018.0,100.0,2.0,algumas nuvens,sem chuva,19,1,10,0,1
3582,High,41.9,42.4,86.6,LIGHT,19.0,1022.0,39.0,5.0,céu claro,sem chuva,9,2,10,0,1
3583,None_Existent,44.7,0.0,81.8,DARK,17.0,1015.0,77.0,7.0,algumas nuvens,sem chuva,3,4,10,0,0
3584,None_Existent,43.6,3.1,70.6,DARK,21.0,1018.0,72.0,1.0,céu pouco nublado,sem chuva,21,6,9,1,0
3585,Medium,40.7,30.2,84.8,LIGHT,21.0,1019.0,88.0,5.0,céu pouco nublado,sem chuva,19,4,8,0,1
3586,Medium,35.3,25.9,74.9,LIGHT,12.0,1022.0,93.0,3.0,nuvens quebrados,sem chuva,10,2,12,0,0
3587,None_Existent,35.1,2.3,74.8,DARK,12.0,1015.0,77.0,4.0,céu claro,sem chuva,4,4,11,0,0
3588,High,42.4,77.0,74.5,LIGHT,8.0,1019.0,93.0,3.0,sem observação,chuva leve,16,4,1,0,0
3589,Low,42.8,19.5,85.8,LIGHT,26.0,1014.0,50.0,4.0,céu claro,sem chuva,10,6,9,1,0
3590,None_Existent,44.4,0.0,82.6,DARK,9.0,1013.0,100.0,2.0,algumas nuvens,sem chuva,3,0,11,0,0
3591,None_Existent,44.4,2.2,79.5,DARK,18.0,1019.0,72.0,1.0,céu claro,sem chuva,22,0,9,0,0
3592,Medium,41.7,24.3,82.2,LIGHT,21.0,1017.0,100.0,1.0,nuvens quebradas,sem chuva,13,2,9,0,0
3593,Medium,39.9,13.8,86.2,DARK,9.0,1017.0,87.0,2.0,nuvens dispersas,sem chuva,20,2,11,0,0
3594,Medium,36.1,31.3,81.4,LIGHT,24.0,1015.0,88.0,3.0,sem observação,sem chuva,12,4,7,0,0
3595,Medium,44.8,17.7,83.4,LIGHT,17.0,1020.0,100.0,2.0,sem observação,sem chuva,8,4,8,0,1
3596,Medium,36.7,22.3,88.3,LOW_LIGHT,16.0,1018.0,77.0,2.0,céu pouco nublado,sem chuva,20,4,6,0,0
3597,Low,43.1,0.8,83.2,DARK,17.0,1022.0,88.0,0.0,céu claro,sem chuva,23,6,9,1,0
3598,Medium,48.2,3.2,79.6,DARK,18.0,1017.0,100.0,4.0,sem observação,sem chuva,21,3,7,0,0
3599,Very_High,43.6,80.1,72.0,LIGHT,28.0,1016.0,30.0,5.0,sem observação,sem chuva,18,0,5,0,1
3600,None_Existent,46.7,0.0,72.2,DARK,10.0,1022.0,87.0,1.0,nuvens quebradas,sem chuva,3,4,4,0,0
3601,None_Existent,39.3,0.0,71.3,DARK,11.0,1024.0,100.0,0.0,nuvens quebrados,sem chuva,22,1,12,0,0
3602,None_Existent,37.5,4.6,79.5,LIGHT,23.0,1019.0,77.0,4.0,sem observação,sem chuva,12,6,6,1,0
3603,Low,42.9,16.8,82.9,LIGHT,19.0,1012.0,52.0,3.0,céu limpo,sem chuva,12,6,3,1,0
3604,None_Existent,46.0,2.2,81.2,DARK,17.0,1019.0,100.0,0.0,sem observação,sem chuva,5,6,9,1,0
3605,High,42.2,129.5,75.5,LIGHT,15.0,1015.0,100.0,3.0,nuvens quebradas,sem chuva,9,4,5,0,1
3606,High,40.8,39.3,82.2,LIGHT,20.0,1017.0,77.0,2.0,algumas nuvens,sem chuva,16,4,9,0,0
3607,Very_High,42.0,86.8,73.9,LIGHT,17.0,1013.0,72.0,5.0,céu pouco nublado,sem chuva,17,3,6,0,1
3608,Medium,40.0,30.7,86.2,LIGHT,14.0,1016.0,100.0,10.0,sem observação,chuva leve,16,4,11,0,0
3609,Very_High,42.0,72.0,75.2,LIGHT,12.0,1031.0,93.0,2.0,tempo nublado,sem chuva,9,4,12,0,1
3610,High,42.0,75.3,76.6,DARK,15.0,1020.0,72.0,3.0,céu claro,sem chuva,18,4,1,0,1
3611,None_Existent,38.8,5.6,75.5,DARK,17.0,1016.0,88.0,0.0,nuvens quebradas,sem chuva,21,0,6,0,0
3612,Medium,34.7,35.2,93.6,LIGHT,21.0,1026.0,38.0,4.0,céu claro,sem chuva,11,2,10,0,0
3613,Low,37.3,15.9,85.7,LIGHT,15.0,1024.0,87.0,7.0,nuvens quebrados,sem chuva,12,6,12,1,0
3614,None_Existent,41.3,0.0,85.8,DARK,7.0,1028.0,61.0,5.0,céu claro,sem chuva,3,2,2,0,0
3615,Medium,38.9,23.1,87.4,LIGHT,23.0,1015.0,88.0,7.0,céu pouco nublado,sem chuva,14,5,7,1,0
3616,Low,38.5,4.8,71.5,LOW_LIGHT,18.0,1016.0,82.0,2.0,céu pouco nublado,sem chuva,20,0,6,0,0
3617,None_Existent,45.1,3.1,86.6,DARK,21.0,1024.0,83.0,1.0,céu claro,sem chuva,23,2,9,0,0
3618,Very_High,46.0,77.1,68.4,LIGHT,13.0,1020.0,100.0,1.0,céu pouco nublado,sem chuva,7,3,5,0,1
3619,Medium,37.5,23.2,88.7,LIGHT,15.0,1025.0,100.0,3.0,nuvens quebrados,sem chuva,10,4,11,0,0
3620,Medium,40.5,40.5,84.8,LIGHT,23.0,1017.0,77.0,6.0,sem observação,sem chuva,16,5,8,1,0
3621,None_Existent,42.8,0.0,86.2,DARK,18.0,1024.0,88.0,0.0,céu claro,sem chuva,5,3,9,0,0
3622,Medium,35.8,19.8,73.2,LIGHT,22.0,1011.0,43.0,5.0,céu pouco nublado,sem chuva,14,6,4,1,0
3623,Medium,37.6,40.7,92.4,LIGHT,21.0,1022.0,42.0,2.0,céu claro,sem chuva,17,1,2,0,1
3624,None_Existent,39.0,6.3,74.9,DARK,9.0,1024.0,100.0,4.0,algumas nuvens,sem chuva,6,2,12,0,0
3625,Medium,41.1,26.0,81.4,LIGHT,19.0,1017.0,53.0,3.0,sem observação,sem chuva,8,2,8,0,1
3626,High,40.8,102.4,73.3,LIGHT,12.0,997.0,82.0,6.0,sem observação,aguaceiros fracos,9,2,4,0,1
3627,High,43.1,63.6,70.5,LIGHT,22.0,1015.0,77.0,3.0,céu pouco nublado,sem chuva,17,1,6,0,1
3628,None_Existent,41.6,0.0,88.1,DARK,5.0,1028.0,100.0,0.0,céu claro,sem chuva,1,2,2,0,0
3629,Medium,36.2,22.2,79.2,LIGHT,24.0,1016.0,93.0,2.0,céu pouco nublado,sem chuva,19,0,7,0,1
3630,Medium,37.1,26.9,89.9,LIGHT,28.0,1020.0,48.0,2.0,céu claro,sem chuva,14,1,9,0,0
3631,None_Existent,38.0,7.4,85.0,DARK,10.0,1029.0,100.0,0.0,sem observação,sem chuva,0,4,3,0,0
3632,None_Existent,42.9,0.0,69.9,DARK,22.0,1014.0,40.0,1.0,sem observação,sem chuva,21,1,5,0,0
3633,Low,43.8,6.3,68.0,DARK,11.0,1020.0,87.0,4.0,sem observação,aguaceiros fracos,22,3,4,0,0
3634,Medium,34.0,20.8,86.4,LIGHT,24.0,1013.0,78.0,5.0,céu pouco nublado,sem chuva,13,2,7,0,0
3635,Low,44.2,13.1,85.3,DARK,17.0,1018.0,100.0,3.0,nuvens quebradas,sem chuva,2,5,8,1,0
3636,Medium,41.5,33.8,75.5,LIGHT,20.0,1019.0,45.0,3.0,céu limpo,sem chuva,16,4,3,0,0
3637,Medium,34.6,20.1,88.9,DARK,10.0,1008.0,100.0,2.0,céu claro,sem chuva,20,2,10,0,0
3638,Low,39.7,6.7,84.7,LIGHT,18.0,1016.0,88.0,1.0,nuvens quebrados,sem chuva,9,2,8,0,1
3639,None_Existent,39.1,0.0,91.8,LIGHT,13.0,1021.0,100.0,4.0,sem observação,chuva leve,11,6,2,1,0
3640,High,38.9,71.9,74.0,LIGHT,19.0,1019.0,82.0,3.0,céu pouco nublado,sem chuva,11,4,6,0,0
3641,Low,39.1,5.9,77.9,LIGHT,17.0,1015.0,100.0,3.0,sem observação,sem chuva,6,2,7,0,0
3642,Very_High,42.3,58.2,73.5,LIGHT,20.0,1016.0,72.0,2.0,céu pouco nublado,sem chuva,17,2,6,0,1
3643,None_Existent,47.3,3.1,78.3,DARK,16.0,1020.0,100.0,1.0,sem observação,sem chuva,1,4,8,0,0
3644,Low,38.3,3.1,73.8,LIGHT,21.0,1021.0,64.0,2.0,sem observação,sem chuva,9,6,5,1,1
3645,None_Existent,39.1,0.0,91.6,DARK,7.0,1028.0,93.0,1.0,céu claro,sem chuva,23,6,2,1,0
3646,None_Existent,48.0,0.0,79.9,DARK,14.0,1018.0,93.0,1.0,céu claro,sem chuva,2,5,8,1,0
3647,Low,44.6,3.8,82.7,DARK,12.0,1011.0,100.0,1.0,sem observação,chuva,6,6,10,1,0
3648,Low,37.8,6.6,82.8,LIGHT,14.0,1009.0,100.0,5.0,sem observação,chuva fraca,12,6,11,1,0
3649,None_Existent,44.5,0.0,86.5,DARK,20.0,1019.0,100.0,2.0,nuvens quebrados,sem chuva,1,1,7,0,0
3650,Low,44.9,0.7,82.0,DARK,12.0,1001.0,87.0,4.0,nuvens dispersas,sem chuva,3,0,11,0,0
3651,None_Existent,47.0,0.0,87.6,LIGHT,16.0,1016.0,88.0,3.0,nuvens quebrados,sem chuva,6,5,7,1,0
3652,High,44.4,40.0,90.8,DARK,12.0,1025.0,87.0,1.0,algumas nuvens,sem chuva,18,2,2,0,1
3653,None_Existent,39.3,0.0,91.3,DARK,8.0,1026.0,100.0,2.0,sem observação,sem chuva,22,2,2,0,0
3654,High,36.8,152.3,86.7,LIGHT,22.0,1017.0,83.0,6.0,nuvens dispersas,sem chuva,14,4,8,0,0
3655,Very_High,45.5,118.5,71.7,LIGHT,15.0,1014.0,100.0,3.0,sem observação,chuva fraca,8,4,5,0,1
3656,Medium,39.4,40.9,90.0,LIGHT,23.0,1019.0,78.0,4.0,nuvens quebrados,sem chuva,14,0,7,0,0
3657,Medium,36.3,36.4,69.6,LIGHT,28.0,1020.0,20.0,4.0,sem observação,sem chuva,16,6,5,1,0
3658,None_Existent,46.1,0.0,87.4,DARK,16.0,1016.0,93.0,0.0,céu claro,sem chuva,0,4,7,0,0
3659,None_Existent,43.1,0.0,76.6,DARK,18.0,1023.0,77.0,2.0,sem observação,sem chuva,22,2,9,0,0
3660,Medium,36.8,25.2,84.4,LIGHT,15.0,1022.0,71.0,3.0,nuvens quebrados,sem chuva,16,1,12,0,0
3661,High,40.3,56.5,69.9,LOW_LIGHT,18.0,1016.0,88.0,6.0,sem observação,sem chuva,20,4,6,0,0
3662,Medium,38.5,49.6,83.2,LIGHT,23.0,1017.0,88.0,3.0,sem observação,sem chuva,15,0,9,0,0
3663,Very_High,48.9,104.0,60.9,LIGHT,14.0,1020.0,72.0,5.0,sem observação,sem chuva,8,4,5,0,1
3664,Low,43.9,12.1,83.9,DARK,16.0,1023.0,87.0,2.0,sem observação,sem chuva,22,6,8,1,0
3665,Medium,37.3,40.7,90.8,LIGHT,16.0,1014.0,72.0,4.0,algumas nuvens,sem chuva,16,6,10,1,0
3666,None_Existent,40.1,0.6,76.5,DARK,16.0,1016.0,100.0,0.0,nublado,sem chuva,23,3,9,0,0
3667,Low,38.2,4.9,88.4,LIGHT,22.0,1017.0,60.0,4.0,céu claro,sem chuva,13,5,8,1,0
3668,Very_High,42.7,87.2,70.5,DARK,21.0,1014.0,77.0,0.0,sem observação,sem chuva,22,4,7,0,0
3669,Medium,40.8,22.6,82.7,LIGHT,22.0,1008.0,43.0,4.0,céu claro,sem chuva,16,1,10,0,0
3670,Medium,33.8,28.0,100.8,LIGHT,12.0,1019.0,58.0,3.0,céu claro,sem chuva,16,1,2,0,0
3671,High,37.5,62.0,77.3,LIGHT,15.0,1019.0,87.0,2.0,céu pouco nublado,sem chuva,18,4,4,0,1
3672,None_Existent,39.4,0.0,88.5,DARK,16.0,1018.0,100.0,1.0,céu claro,sem chuva,21,6,9,1,0
3673,Low,44.2,7.9,82.0,DARK,15.0,1012.0,100.0,9.0,sem observação,chuva fraca,1,5,11,1,0
3674,Low,40.9,19.0,87.0,LIGHT,22.0,1013.0,73.0,2.0,nuvens dispersas,sem chuva,14,1,9,0,0
3675,Low,40.9,5.1,87.8,LIGHT,24.0,1018.0,53.0,2.0,céu claro,sem chuva,12,6,10,1,0
3676,None_Existent,43.5,0.0,86.5,DARK,16.0,1025.0,63.0,4.0,céu claro,sem chuva,1,2,10,0,0
3677,Medium,38.3,22.8,73.1,DARK,15.0,1029.0,82.0,1.0,nuvens quebrados,sem chuva,1,3,12,0,0
3678,Medium,35.8,40.8,80.3,LIGHT,12.0,1019.0,76.0,7.0,nuvens dispersas,sem chuva,16,1,1,0,0
3679,High,42.2,35.0,93.2,DARK,14.0,1026.0,58.0,1.0,céu claro,sem chuva,19,2,2,0,1
3680,Low,43.5,9.4,86.5,DARK,16.0,1017.0,100.0,1.0,sem observação,sem chuva,1,6,8,1,0
3681,Medium,37.7,19.9,100.3,LIGHT,22.0,1023.0,31.0,4.0,céu claro,sem chuva,14,1,2,0,0
3682,Low,43.6,8.5,85.6,DARK,13.0,1019.0,100.0,3.0,nuvens dispersas,sem chuva,1,0,9,0,0
3683,None_Existent,39.0,0.8,70.4,DARK,12.0,1021.0,87.0,4.0,nuvens dispersas,sem chuva,20,2,4,0,0
3684,Medium,36.1,15.9,83.8,LIGHT,19.0,1018.0,88.0,3.0,sem observação,sem chuva,14,5,9,1,0
3685,Medium,36.3,10.3,63.3,DARK,14.0,1025.0,93.0,4.0,céu pouco nublado,sem chuva,21,5,4,1,0
3686,Low,37.3,6.8,90.8,LIGHT,21.0,1016.0,82.0,3.0,algumas nuvens,sem chuva,13,5,9,1,0
3687,Medium,40.4,39.4,87.4,LIGHT,27.0,1011.0,48.0,3.0,algumas nuvens,sem chuva,17,0,8,0,1
3688,High,47.3,39.7,73.1,DARK,10.0,1010.0,76.0,5.0,algumas nuvens,sem chuva,19,2,11,0,1
3689,Medium,34.1,24.1,85.0,DARK,11.0,1027.0,71.0,1.0,céu claro,sem chuva,20,2,2,0,0
3690,Medium,44.9,6.8,79.9,DARK,2.0,1029.0,100.0,1.0,céu claro,sem chuva,7,0,2,0,1
3691,None_Existent,41.8,0.0,74.8,LIGHT,14.0,1017.0,100.0,4.0,sem observação,sem chuva,6,6,4,1,0
3692,Medium,37.7,16.8,91.3,LIGHT,19.0,1012.0,68.0,5.0,céu claro,sem chuva,12,3,10,0,0
3693,Low,43.1,7.9,77.2,DARK,20.0,1017.0,82.0,3.0,sem observação,sem chuva,23,1,8,0,0
3694,None_Existent,41.9,0.0,87.0,DARK,14.0,1020.0,51.0,3.0,céu claro,sem chuva,2,1,10,0,0
3695,Medium,41.4,21.2,83.9,DARK,12.0,1017.0,76.0,5.0,nuvens dispersas,sem chuva,18,1,1,0,1
3696,Very_High,44.5,79.6,81.3,LIGHT,15.0,1021.0,42.0,6.0,céu claro,sem chuva,7,1,10,0,1
3697,High,38.2,59.2,97.2,LIGHT,29.0,1014.0,48.0,5.0,sem observação,sem chuva,18,2,7,0,1
3698,Medium,40.8,27.8,83.3,DARK,17.0,1019.0,77.0,3.0,sem observação,sem chuva,19,5,9,1,1
3699,Low,40.6,6.0,89.2,LIGHT,16.0,1021.0,77.0,5.0,céu claro,sem chuva,8,3,8,0,1
3700,Low,42.3,15.1,86.6,DARK,19.0,1017.0,82.0,1.0,céu claro,sem chuva,21,4,7,0,0
3701,Low,37.8,17.2,84.6,LIGHT,19.0,1016.0,93.0,3.0,sem observação,sem chuva,19,1,7,0,1
3702,Low,37.9,5.6,76.2,DARK,18.0,1013.0,100.0,3.0,nuvens quebradas,sem chuva,3,3,7,0,0
3703,Medium,39.3,25.3,87.8,LIGHT,14.0,1001.0,93.0,7.0,sem observação,chuva fraca,14,3,1,0,0
3704,High,34.8,59.5,83.8,LIGHT,25.0,1017.0,78.0,0.0,sem observação,sem chuva,10,4,8,0,0
3705,Low,39.6,12.9,84.3,DARK,12.0,1018.0,93.0,2.0,sem observação,sem chuva,6,1,8,0,0
3706,Medium,40.2,13.1,79.6,LOW_LIGHT,26.0,1016.0,34.0,3.0,sem observação,sem chuva,19,5,9,1,1
3707,Low,40.7,9.8,81.4,LIGHT,11.0,1011.0,93.0,5.0,sem observação,chuva,13,3,11,0,0
3708,Medium,37.6,34.7,89.9,LIGHT,27.0,1016.0,39.0,4.0,céu claro,sem chuva,17,5,8,1,1
3709,Medium,32.2,26.3,70.2,LIGHT,14.0,1001.0,87.0,3.0,sem observação,chuva moderada,15,1,11,0,0
3710,Very_High,44.0,119.5,85.5,LIGHT,15.0,1005.0,100.0,2.0,sem observação,chuva,9,0,10,0,1
3711,Low,37.1,12.2,89.6,LIGHT,25.0,1017.0,57.0,4.0,sem observação,sem chuva,13,3,7,0,0
3712,None_Existent,36.8,11.6,75.5,DARK,13.0,1011.0,87.0,4.0,sem observação,chuva fraca,5,1,6,0,0
3713,None_Existent,45.5,1.3,86.2,DARK,16.0,1020.0,93.0,4.0,nuvens dispersas,sem chuva,3,2,8,0,0
3714,Low,38.4,5.9,89.1,DARK,15.0,1020.0,100.0,1.0,sem observação,sem chuva,23,5,9,1,0
3715,None_Existent,40.7,1.9,85.9,DARK,9.0,1018.0,93.0,1.0,algumas nuvens,sem chuva,1,4,11,0,0
3716,None_Existent,49.8,0.0,77.6,DARK,18.0,1018.0,63.0,4.0,sem observação,sem chuva,2,3,9,0,0
3717,Very_High,47.1,238.1,77.0,DARK,13.0,1003.0,76.0,0.0,nuvens quebrados,sem chuva,19,1,11,0,1
3718,None_Existent,41.4,0.0,88.6,DARK,11.0,1020.0,93.0,2.0,sem observação,chuva fraca,4,0,3,0,0
3719,Low,38.1,4.9,58.8,DARK,13.0,1010.0,82.0,2.0,nuvens dispersas,sem chuva,21,3,6,0,0
3720,None_Existent,46.8,0.0,78.5,DARK,16.0,1017.0,88.0,4.0,céu claro,sem chuva,1,4,8,0,0
3721,None_Existent,41.6,0.0,88.1,DARK,6.0,1028.0,100.0,0.0,sem observação,sem chuva,0,2,2,0,0
3722,High,39.6,85.3,87.8,DARK,11.0,1003.0,81.0,3.0,algumas nuvens,sem chuva,18,1,10,0,1
3723,Very_High,41.9,110.7,86.6,LIGHT,16.0,1008.0,100.0,3.0,algumas nuvens,sem chuva,9,3,10,0,1
3724,Low,36.3,3.7,72.1,LOW_LIGHT,19.0,1020.0,88.0,5.0,nuvens dispersas,sem chuva,20,6,6,1,0
3725,None_Existent,44.2,2.9,82.1,DARK,20.0,1020.0,100.0,1.0,nuvens quebrados,sem chuva,0,1,7,0,0
3726,Medium,40.3,27.9,88.4,LIGHT,22.0,1016.0,69.0,2.0,algumas nuvens,sem chuva,14,2,8,0,0
3727,None_Existent,41.5,0.0,88.9,DARK,12.0,1025.0,62.0,5.0,céu claro,sem chuva,5,2,2,0,0
3728,High,37.5,37.9,77.4,LIGHT,10.0,1025.0,81.0,2.0,nuvens dispersas,sem chuva,8,4,4,0,1
3729,Medium,39.3,21.2,90.5,LIGHT,26.0,1013.0,44.0,2.0,céu claro,sem chuva,19,1,8,0,1
3730,None_Existent,45.5,0.7,84.0,DARK,6.0,1010.0,81.0,5.0,céu claro,sem chuva,6,6,10,1,0
3731,Very_High,45.8,154.5,65.5,LIGHT,8.0,997.0,93.0,3.0,sem observação,aguaceiros,8,1,4,0,1
3732,None_Existent,44.9,1.2,75.8,DARK,21.0,1017.0,50.0,4.0,sem observação,sem chuva,3,1,9,0,0
3733,Medium,33.2,31.1,85.8,LIGHT,19.0,1020.0,100.0,1.0,sem observação,sem chuva,10,4,8,0,0
3734,None_Existent,45.1,1.5,88.3,LIGHT,21.0,1017.0,35.0,4.0,céu claro,sem chuva,7,6,8,1,1
3735,High,40.3,41.6,79.4,LIGHT,16.0,1022.0,93.0,1.0,nuvens quebrados,sem chuva,9,4,9,0,1
3736,None_Existent,38.1,5.3,81.1,DARK,18.0,1018.0,64.0,1.0,sem observação,sem chuva,4,6,9,1,0
3737,Medium,45.2,5.4,83.0,LIGHT,18.0,1016.0,100.0,0.0,sem observação,sem chuva,7,0,8,0,1
3738,None_Existent,42.7,0.0,83.0,DARK,15.0,1017.0,93.0,0.0,céu claro,sem chuva,1,5,7,1,0
3739,Low,41.3,9.8,82.1,DARK,18.0,1020.0,72.0,5.0,sem observação,sem chuva,20,1,8,0,0
3740,None_Existent,36.9,7.9,95.4,DARK,11.0,1020.0,81.0,3.0,nuvens dispersas,sem chuva,22,0,3,0,0
3741,None_Existent,42.0,0.0,76.8,DARK,10.0,1022.0,93.0,3.0,nuvens dispersas,sem chuva,21,1,12,0,0
3742,Medium,35.2,19.8,75.5,DARK,10.0,1019.0,100.0,1.0,sem observação,sem chuva,20,2,1,0,0
3743,Low,36.2,7.2,62.5,DARK,18.0,1018.0,77.0,1.0,sem observação,sem chuva,0,6,6,1,0
3744,Medium,35.1,36.4,81.7,LIGHT,12.0,1007.0,87.0,6.0,sem observação,chuva fraca,11,2,4,0,0
3745,Low,35.8,6.4,68.5,LIGHT,20.0,1019.0,68.0,3.0,sem observação,sem chuva,12,6,6,1,0
3746,Medium,40.6,74.3,84.0,LIGHT,23.0,999.0,69.0,1.0,céu claro,sem chuva,13,1,8,0,0
3747,None_Existent,42.9,0.0,87.9,DARK,16.0,1016.0,100.0,2.0,nuvens quebrados,sem chuva,3,1,9,0,0
3748,None_Existent,38.9,0.0,90.5,DARK,17.0,1016.0,88.0,6.0,nuvens quebrados,sem chuva,23,1,8,0,0
3749,Low,37.3,18.7,75.5,LIGHT,16.0,1013.0,100.0,2.0,sem observação,chuva fraca,6,0,6,0,0
3750,Low,44.1,4.8,59.7,DARK,15.0,1013.0,93.0,5.0,sem observação,chuva moderada,0,6,6,1,0
3751,Low,50.2,1.9,69.4,DARK,12.0,1011.0,81.0,1.0,sem observação,chuva moderada,22,0,11,0,0
3752,Medium,35.5,15.7,75.5,LIGHT,18.0,1017.0,88.0,2.0,nuvens quebradas,sem chuva,11,3,6,0,0
3753,None_Existent,43.1,4.5,78.8,DARK,22.0,1019.0,77.0,4.0,sem observação,sem chuva,22,1,9,0,0
3754,Low,38.2,5.5,92.4,DARK,19.0,1017.0,100.0,1.0,sem observação,sem chuva,20,6,8,1,0
3755,Very_High,41.1,141.7,69.4,LIGHT,16.0,1020.0,77.0,3.0,nuvens quebradas,sem chuva,19,0,5,0,1
3756,Medium,37.4,34.7,92.1,LIGHT,17.0,1006.0,93.0,3.0,sem observação,sem chuva,16,0,10,0,0
3757,Medium,42.0,22.2,87.8,LIGHT,24.0,1012.0,60.0,3.0,céu claro,sem chuva,13,5,10,1,0
3758,None_Existent,44.5,7.4,87.0,DARK,13.0,1017.0,100.0,0.0,nuvens dispersas,sem chuva,3,0,9,0,0
3759,Medium,45.4,21.4,80.0,LIGHT,27.0,1017.0,65.0,2.0,sem observação,sem chuva,12,4,8,0,0
3760,Low,41.7,7.4,80.4,LIGHT,18.0,1021.0,94.0,2.0,sem observação,sem chuva,9,3,8,0,1
3761,High,39.3,39.7,76.9,LIGHT,17.0,1019.0,55.0,4.0,sem observação,sem chuva,7,4,9,0,1
3762,High,43.7,40.2,81.7,LOW_LIGHT,19.0,1022.0,42.0,1.0,céu claro,sem chuva,18,1,2,0,1
3763,Medium,35.2,31.9,88.5,LIGHT,16.0,1019.0,93.0,1.0,sem observação,sem chuva,10,3,8,0,0
3764,Low,42.4,12.0,80.4,DARK,17.0,1013.0,100.0,0.0,sem observação,sem chuva,4,0,8,0,0
3765,Medium,52.2,3.2,69.2,DARK,10.0,1020.0,93.0,4.0,sem observação,chuva moderada,5,6,1,1,0
3766,Very_High,43.4,99.3,65.5,LIGHT,9.0,1027.0,47.0,4.0,céu claro,sem chuva,9,0,12,0,1
3767,Low,35.8,6.6,85.4,DARK,17.0,1019.0,72.0,3.0,céu limpo,sem chuva,23,4,4,0,0
3768,None_Existent,43.2,1.3,87.6,DARK,18.0,1016.0,93.0,2.0,sem observação,sem chuva,5,3,7,0,0
3769,Medium,36.7,47.5,77.9,LIGHT,24.0,1019.0,60.0,5.0,sem observação,sem chuva,14,6,5,1,0
3770,Low,49.1,2.9,76.3,DARK,18.0,1018.0,45.0,3.0,sem observação,sem chuva,3,5,9,1,0
3771,Very_High,44.0,69.6,85.5,LIGHT,9.0,1003.0,93.0,3.0,nuvens dispersas,sem chuva,8,2,10,0,1
3772,Very_High,51.3,51.5,66.1,LOW_LIGHT,6.0,1020.0,100.0,2.0,céu claro,sem chuva,8,4,1,0,1
3773,None_Existent,43.3,0.7,78.4,DARK,15.0,1017.0,100.0,0.0,nublado,sem chuva,5,3,9,0,0
3774,Medium,40.3,35.6,85.7,LIGHT,14.0,1022.0,87.0,2.0,nuvens quebrados,sem chuva,15,5,11,1,0
3775,High,38.6,96.0,84.8,LIGHT,25.0,1023.0,44.0,6.0,sem observação,sem chuva,15,2,9,0,0
3776,High,45.1,23.0,71.2,LIGHT,16.0,1017.0,93.0,2.0,sem observação,sem chuva,7,3,8,0,1
3777,Low,41.9,4.1,75.2,DARK,13.0,1009.0,93.0,4.0,sem observação,chuva leve,0,6,11,1,0
3778,None_Existent,46.3,4.2,80.4,DARK,14.0,1022.0,100.0,4.0,sem observação,sem chuva,1,2,9,0,0
3779,High,37.2,151.9,87.1,LIGHT,21.0,1021.0,82.0,6.0,sem observação,sem chuva,17,0,8,0,1
3780,Medium,32.4,34.1,84.7,LIGHT,22.0,1016.0,68.0,5.0,sem observação,sem chuva,14,6,5,1,0
3781,None_Existent,34.5,4.9,88.2,LOW_LIGHT,21.0,1013.0,88.0,2.0,sem observação,sem chuva,20,1,7,0,0
3782,Very_High,39.9,57.9,84.2,LIGHT,17.0,1018.0,93.0,2.0,sem observação,sem chuva,8,0,7,0,1
3783,None_Existent,44.2,1.0,86.2,DARK,10.0,998.0,93.0,10.0,sem observação,chuva moderada,1,1,10,0,0
3784,High,41.1,42.3,76.5,LIGHT,13.0,1013.0,71.0,7.0,sem observação,aguaceiros fracos,15,3,4,0,0
3785,High,41.6,83.9,75.1,LIGHT,21.0,1019.0,24.0,5.0,sem observação,sem chuva,9,0,5,0,1
3786,None_Existent,45.8,0.0,87.0,DARK,17.0,1015.0,93.0,0.0,sem observação,sem chuva,4,3,9,0,0
3787,Medium,33.5,25.2,101.0,LIGHT,19.0,1030.0,42.0,2.0,céu claro,sem chuva,14,5,2,1,0
3788,Low,46.3,12.2,83.8,LIGHT,13.0,1021.0,66.0,5.0,nuvens dispersas,sem chuva,13,6,1,1,0
3789,Medium,37.6,24.2,80.4,DARK,19.0,1021.0,88.0,3.0,céu claro,sem chuva,19,4,9,0,1
3790,Low,44.0,15.2,76.7,DARK,16.0,1017.0,100.0,7.0,sem observação,sem chuva,5,5,8,1,0
3791,Low,38.5,6.9,64.3,DARK,14.0,1021.0,100.0,1.0,nublado,sem chuva,1,5,5,1,0
3792,Low,51.8,0.8,77.6,DARK,15.0,1011.0,100.0,9.0,sem observação,chuva fraca,2,5,11,1,0
3793,None_Existent,40.6,2.8,67.2,DARK,11.0,1017.0,81.0,2.0,nuvens quebradas,sem chuva,2,5,5,1,0
3794,Medium,36.9,19.5,69.2,LIGHT,13.0,999.0,82.0,7.0,sem observação,aguaceiros fracos,13,2,4,0,0
3795,Medium,34.0,24.2,73.0,LIGHT,15.0,1016.0,67.0,5.0,céu pouco nublado,sem chuva,18,5,5,1,1
3796,High,44.0,51.0,85.5,LIGHT,21.0,1021.0,77.0,5.0,céu claro,sem chuva,17,4,9,0,1
3797,None_Existent,49.0,0.0,77.3,DARK,18.0,1018.0,45.0,3.0,sem observação,sem chuva,4,5,9,1,0
3798,None_Existent,49.8,0.0,81.4,DARK,11.0,1021.0,71.0,4.0,céu claro,sem chuva,3,6,10,1,0
3799,High,37.9,68.6,79.9,LIGHT,25.0,1018.0,42.0,2.0,sem observação,sem chuva,11,3,8,0,0
3800,None_Existent,39.2,0.0,90.0,LIGHT,13.0,1023.0,76.0,6.0,nuvens dispersas,sem chuva,10,6,3,1,0
3801,Medium,39.6,26.3,88.7,LIGHT,17.0,1021.0,39.0,4.0,céu claro,sem chuva,11,6,10,1,0
3802,Medium,39.7,59.5,89.0,LIGHT,23.0,1020.0,53.0,4.0,sem observação,sem chuva,10,3,9,0,0
3803,None_Existent,40.8,0.0,75.9,DARK,17.0,1016.0,100.0,3.0,céu pouco nublado,sem chuva,22,0,6,0,0
3804,Very_High,46.6,143.9,68.1,LIGHT,14.0,1018.0,82.0,2.0,sem observação,sem chuva,8,2,5,0,1
3805,None_Existent,41.1,2.7,86.8,DARK,17.0,1015.0,82.0,0.0,céu claro,sem chuva,0,5,9,1,0
3806,Medium,40.8,30.5,84.9,DARK,19.0,1024.0,72.0,0.0,céu claro,sem chuva,19,1,10,0,1
3807,Low,33.2,14.5,93.9,LIGHT,21.0,1015.0,77.0,3.0,céu pouco nublado,sem chuva,19,0,7,0,1
3808,None_Existent,41.8,0.0,76.0,DARK,14.0,1015.0,62.0,7.0,nuvens quebrados,sem chuva,3,0,11,0,0
3809,High,40.0,81.4,87.2,LIGHT,18.0,1022.0,82.0,2.0,sem observação,sem chuva,9,1,8,0,1
3810,None_Existent,42.0,0.0,74.0,DARK,7.0,1020.0,100.0,0.0,céu limpo,sem chuva,4,4,4,0,0
3811,Low,43.7,9.9,81.5,DARK,20.0,1012.0,100.0,9.0,sem observação,chuva fraca,21,3,8,0,0
3812,Medium,48.1,15.9,78.3,DARK,20.0,1011.0,100.0,8.0,sem observação,chuva fraca,20,3,8,0,0
3813,None_Existent,44.3,1.3,79.5,DARK,14.0,1020.0,87.0,4.0,céu pouco nublado,sem chuva,3,1,9,0,0
3814,None_Existent,37.9,0.0,89.6,LIGHT,16.0,1015.0,93.0,1.0,céu claro,sem chuva,8,2,8,0,1
3815,Medium,43.3,28.8,78.9,LIGHT,20.0,1016.0,82.0,1.0,nuvens dispersas,sem chuva,11,6,8,1,0
3816,Low,36.4,7.6,93.0,LIGHT,23.0,1016.0,73.0,5.0,céu pouco nublado,sem chuva,13,5,7,1,0
3817,Very_High,45.0,106.6,80.6,LOW_LIGHT,16.0,1022.0,39.0,6.0,céu claro,sem chuva,7,1,10,0,1
3818,Medium,34.3,29.6,78.9,LIGHT,21.0,1016.0,100.0,0.0,nuvens quebradas,sem chuva,11,1,7,0,0
3819,None_Existent,37.7,1.8,88.3,DARK,15.0,1014.0,77.0,1.0,algumas nuvens,sem chuva,19,6,10,1,1
3820,None_Existent,41.2,0.0,86.9,DARK,8.0,1023.0,87.0,3.0,céu claro,sem chuva,23,2,2,0,0
3821,High,35.7,69.2,88.5,LIGHT,21.0,1016.0,93.0,2.0,sem observação,sem chuva,16,2,9,0,0
3822,Low,37.5,12.8,65.9,DARK,14.0,1016.0,93.0,1.0,céu pouco nublado,sem chuva,3,5,6,1,0
3823,Low,37.3,5.5,66.5,DARK,14.0,1019.0,93.0,2.0,sem observação,sem chuva,2,4,6,0,0
3824,None_Existent,45.8,1.6,84.1,LIGHT,9.0,1020.0,81.0,1.0,céu claro,sem chuva,8,6,10,1,1
3825,Very_High,44.5,105.7,85.0,LIGHT,19.0,1018.0,82.0,3.0,sem observação,sem chuva,18,1,9,0,1
3826,None_Existent,41.1,0.0,90.6,LIGHT,13.0,1022.0,71.0,5.0,algumas nuvens,sem chuva,13,6,2,1,0
3827,Low,40.9,3.4,71.6,DARK,16.0,1005.0,59.0,3.0,céu claro,sem chuva,22,5,11,1,0
3828,High,44.3,32.3,85.8,LOW_LIGHT,19.0,1016.0,88.0,7.0,algumas nuvens,sem chuva,19,1,8,0,1
3829,Medium,35.3,29.4,78.5,LIGHT,22.0,1016.0,49.0,2.0,sem observação,sem chuva,12,6,5,1,0
3830,None_Existent,46.8,1.9,83.1,DARK,14.0,1015.0,87.0,1.0,céu claro,sem chuva,1,6,8,1,0
3831,Low,37.8,6.9,81.2,DARK,24.0,1019.0,64.0,1.0,sem observação,sem chuva,21,4,9,0,0
3832,Low,47.6,9.9,74.9,DARK,17.0,1017.0,100.0,2.0,sem observação,sem chuva,4,5,8,1,0
3833,None_Existent,41.0,0.0,89.8,DARK,3.0,1030.0,100.0,1.0,céu claro,sem chuva,2,1,2,0,0
3834,Very_High,46.2,61.0,67.4,LIGHT,12.0,1031.0,87.0,3.0,nuvens quebrados,sem chuva,8,4,12,0,1
3835,Low,37.9,3.5,63.1,LOW_LIGHT,18.0,1018.0,82.0,8.0,sem observação,sem chuva,20,6,5,1,0
3836,Low,38.7,7.3,85.3,LIGHT,14.0,1021.0,71.0,4.0,algumas nuvens,sem chuva,11,6,2,1,0
3837,Low,45.6,7.9,67.9,DARK,11.0,1012.0,87.0,5.0,sem observação,trovoada com chuva leve,21,3,11,0,0
3838,Medium,43.5,14.2,79.7,LIGHT,20.0,1017.0,88.0,4.0,sem observação,sem chuva,19,5,8,1,1
3839,High,44.5,33.0,81.3,LIGHT,27.0,1015.0,37.0,5.0,céu claro,sem chuva,17,4,8,0,1
3840,Medium,40.8,31.7,82.4,DARK,23.0,1016.0,60.0,2.0,céu claro,sem chuva,21,5,8,1,0
3841,None_Existent,43.8,1.2,85.0,DARK,11.0,1002.0,81.0,6.0,nuvens quebrados,sem chuva,5,0,11,0,0
3842,Medium,39.5,15.5,69.1,LIGHT,28.0,1015.0,45.0,3.0,sem observação,sem chuva,19,3,8,0,1
3843,None_Existent,38.4,1.6,72.6,DARK,14.0,1018.0,76.0,7.0,sem observação,sem chuva,23,1,6,0,0
3844,Medium,38.4,26.9,85.8,LIGHT,23.0,1019.0,82.0,5.0,sem observação,sem chuva,19,3,8,0,1
3845,Low,38.5,8.3,64.8,DARK,12.0,1018.0,100.0,0.0,sem observação,sem chuva,2,0,6,0,0
3846,None_Existent,43.7,5.1,91.0,DARK,18.0,1015.0,93.0,1.0,sem observação,sem chuva,5,2,7,0,0
3847,None_Existent,44.2,2.1,82.1,DARK,17.0,1019.0,72.0,1.0,céu claro,sem chuva,21,0,10,0,0
3848,Low,44.3,3.3,65.7,DARK,10.0,1016.0,93.0,0.0,sem observação,aguaceiros fracos,4,5,5,1,0
3849,None_Existent,45.5,0.0,84.0,DARK,12.0,1017.0,100.0,0.0,céu claro,sem chuva,6,5,8,1,0
3850,Very_High,45.1,78.5,86.6,LIGHT,9.0,1012.0,71.0,1.0,céu claro,sem chuva,9,0,10,0,1
3851,Low,35.1,51.2,87.3,DARK,18.0,1015.0,93.0,1.0,nuvens quebradas,sem chuva,5,6,7,1,0
3852,High,42.9,53.6,73.8,LIGHT,14.0,1017.0,100.0,4.0,sem observação,sem chuva,7,0,9,0,1
3853,None_Existent,37.3,2.6,93.9,DARK,12.0,1020.0,93.0,7.0,sem observação,chuva fraca,1,6,2,1,0
3854,High,39.0,63.7,82.5,LIGHT,21.0,1014.0,77.0,2.0,céu pouco nublado,sem chuva,17,6,8,1,1
3855,None_Existent,41.8,0.0,75.8,DARK,7.0,1024.0,87.0,3.0,céu claro,sem chuva,0,0,1,0,0
3856,None_Existent,44.3,3.5,81.8,DARK,5.0,1025.0,86.0,1.0,algumas nuvens,sem chuva,23,5,2,1,0
3857,Medium,39.7,29.9,89.3,LIGHT,22.0,1016.0,73.0,5.0,céu claro,sem chuva,16,3,7,0,0
3858,Low,41.5,5.8,87.2,DARK,18.0,1016.0,93.0,3.0,sem observação,sem chuva,21,2,7,0,0
3859,Medium,40.1,31.2,83.6,LIGHT,21.0,1018.0,60.0,6.0,céu claro,sem chuva,18,1,7,0,1
3860,None_Existent,46.0,0.0,86.9,DARK,13.0,1015.0,93.0,1.0,sem observação,sem chuva,1,4,10,0,0
3861,Low,47.7,4.8,85.5,DARK,20.0,1017.0,60.0,3.0,céu claro,sem chuva,3,6,10,1,0
3862,Very_High,44.9,102.4,76.3,LIGHT,12.0,1023.0,76.0,4.0,nuvens quebrados,sem chuva,9,2,11,0,1
3863,None_Existent,49.8,0.0,74.9,DARK,13.0,1015.0,87.0,1.0,nuvens quebrados,sem chuva,5,6,11,1,0
3864,None_Existent,43.8,2.7,86.3,DARK,13.0,1021.0,87.0,2.0,céu claro,sem chuva,4,4,8,0,0
3865,High,42.7,35.2,77.6,LOW_LIGHT,22.0,1018.0,88.0,2.0,sem observação,sem chuva,19,4,8,0,1
3866,High,38.4,92.5,85.8,LIGHT,21.0,1020.0,68.0,4.0,sem observação,sem chuva,16,5,9,1,0
3867,None_Existent,41.9,0.0,75.8,DARK,12.0,1022.0,76.0,4.0,nuvens quebrados,sem chuva,5,2,11,0,0
3868,None_Existent,48.2,0.0,82.9,DARK,19.0,1011.0,73.0,1.0,céu claro,sem chuva,4,6,9,1,0
3869,High,37.9,50.7,92.2,LIGHT,26.0,1016.0,83.0,4.0,céu pouco nublado,sem chuva,15,5,8,1,0
3870,Very_High,45.2,133.2,87.5,LIGHT,20.0,1021.0,72.0,7.0,sem observação,sem chuva,18,1,8,0,1
3871,High,37.3,54.0,90.4,LIGHT,28.0,1018.0,42.0,3.0,sem observação,sem chuva,18,1,9,0,1
3872,None_Existent,41.6,0.0,88.8,LIGHT,9.0,1028.0,58.0,5.0,céu claro,sem chuva,8,6,2,1,1
3873,Low,41.7,14.6,90.3,LIGHT,23.0,1015.0,69.0,4.0,céu claro,sem chuva,12,5,9,1,0
3874,Medium,37.9,27.8,75.9,LIGHT,19.0,1016.0,82.0,5.0,céu pouco nublado,sem chuva,18,3,6,0,1
3875,Low,45.4,10.3,71.4,DARK,19.0,1016.0,68.0,2.0,sem observação,sem chuva,22,5,9,1,0
3876,Medium,40.1,11.6,68.0,LIGHT,17.0,1019.0,77.0,6.0,céu pouco nublado,sem chuva,19,0,6,0,1
3877,None_Existent,42.6,0.0,81.9,DARK,13.0,1021.0,82.0,1.0,céu claro,sem chuva,23,2,10,0,0
3878,None_Existent,35.6,2.3,60.8,DARK,13.0,1017.0,76.0,2.0,nuvens dispersas,sem chuva,22,2,6,0,0
3879,High,38.4,97.3,88.9,LIGHT,22.0,1022.0,69.0,4.0,céu claro,sem chuva,15,6,9,1,0
3880,High,37.4,95.7,95.6,LIGHT,15.0,1018.0,67.0,4.0,nuvens dispersas,sem chuva,16,6,2,1,0
3881,None_Existent,41.9,0.0,87.0,DARK,19.0,1025.0,88.0,0.0,céu claro,sem chuva,2,3,9,0,0
3882,Low,44.6,10.6,87.3,DARK,14.0,1023.0,100.0,7.0,sem observação,sem chuva,2,0,8,0,0
3883,Medium,43.2,8.8,81.3,LIGHT,15.0,1017.0,72.0,2.0,algumas nuvens,sem chuva,14,0,11,0,0
3884,None_Existent,44.9,1.0,84.6,DARK,15.0,1020.0,100.0,0.0,sem observação,sem chuva,4,3,9,0,0
3885,High,40.5,29.5,83.4,LIGHT,29.0,1016.0,52.0,1.0,céu claro,sem chuva,10,4,8,0,0
3886,None_Existent,46.2,0.0,87.3,LOW_LIGHT,15.0,1010.0,100.0,4.0,nuvens quebrados,sem chuva,7,5,11,1,1
3887,Medium,32.4,22.4,85.6,LIGHT,20.0,1016.0,46.0,4.0,sem observação,sem chuva,11,6,5,1,0
3888,Medium,39.6,34.6,88.3,LIGHT,18.0,1018.0,88.0,2.0,nuvens quebrados,sem chuva,14,4,9,0,0
3889,High,43.1,44.5,83.6,DARK,17.0,1006.0,72.0,2.0,céu claro,sem chuva,18,5,11,1,1
3890,Medium,38.0,20.1,84.7,DARK,18.0,1016.0,93.0,2.0,algumas nuvens,sem chuva,19,5,9,1,1
3891,High,44.3,21.0,64.7,LIGHT,23.0,1018.0,53.0,6.0,sem observação,sem chuva,19,1,5,0,1
3892,High,41.0,93.8,72.7,LIGHT,24.0,1022.0,32.0,5.0,sem observação,sem chuva,10,3,5,0,0
3893,High,35.8,105.9,88.4,LIGHT,21.0,1020.0,68.0,5.0,sem observação,sem chuva,17,5,9,1,1
3894,None_Existent,45.8,0.0,84.7,DARK,10.0,1016.0,93.0,0.0,céu claro,sem chuva,3,4,10,0,0
3895,Medium,40.0,40.2,87.9,LIGHT,28.0,1021.0,20.0,2.0,céu claro,sem chuva,14,2,10,0,0
3896,Low,41.3,3.9,86.7,DARK,12.0,1024.0,67.0,6.0,céu claro,sem chuva,4,2,2,0,0
3897,Low,34.2,9.9,78.6,DARK,18.0,1017.0,52.0,3.0,céu pouco nublado,sem chuva,20,4,4,0,0
3898,Very_High,44.3,96.0,64.6,LIGHT,13.0,1017.0,71.0,2.0,sem observação,sem chuva,8,2,6,0,1
3899,None_Existent,44.0,1.5,80.9,DARK,18.0,1019.0,72.0,0.0,céu claro,sem chuva,21,0,9,0,0
3900,None_Existent,45.3,0.0,91.4,DARK,14.0,1013.0,100.0,2.0,céu claro,sem chuva,5,0,8,0,0
3901,Medium,35.4,26.9,101.3,LIGHT,21.0,1028.0,31.0,2.0,céu claro,sem chuva,14,6,2,1,0
3902,None_Existent,41.5,0.0,76.0,DARK,12.0,1008.0,76.0,4.0,céu limpo,sem chuva,1,2,4,0,0
3903,Low,46.0,15.0,89.2,DARK,14.0,1021.0,100.0,6.0,sem observação,sem chuva,2,2,8,0,0
3904,None_Existent,42.1,0.5,73.3,DARK,17.0,1018.0,93.0,1.0,céu pouco nublado,sem chuva,20,6,9,1,0
3905,Medium,42.0,12.6,88.4,LIGHT,18.0,1016.0,93.0,3.0,nuvens quebrados,sem chuva,7,3,7,0,1
3906,Medium,36.5,28.4,92.2,LIGHT,15.0,1022.0,54.0,4.0,céu claro,sem chuva,15,2,2,0,0
3907,High,36.5,76.2,79.6,LIGHT,14.0,1021.0,71.0,2.0,céu limpo,sem chuva,10,4,4,0,0
3908,Medium,34.7,20.6,82.8,DARK,18.0,1006.0,63.0,3.0,céu claro,sem chuva,19,5,11,1,1
3909,Low,35.1,9.3,72.1,DARK,11.0,1014.0,82.0,5.0,sem observação,chuva moderada,21,4,11,0,0
3910,Low,45.1,8.2,88.7,DARK,9.0,1020.0,93.0,1.0,céu claro,sem chuva,3,3,10,0,0
3911,Low,43.7,9.2,76.3,DARK,16.0,1015.0,87.0,5.0,nuvens quebradas,sem chuva,20,2,5,0,0
3912,None_Existent,42.9,0.0,78.4,DARK,19.0,1012.0,88.0,0.0,céu claro,sem chuva,23,6,9,1,0
3913,None_Existent,40.9,0.0,87.0,DARK,15.0,1021.0,100.0,0.0,sem observação,sem chuva,4,5,9,1,0
3914,High,42.5,68.6,83.2,LIGHT,19.0,1021.0,82.0,3.0,céu pouco nublado,sem chuva,17,2,9,0,1
3915,High,36.7,83.6,85.1,LIGHT,20.0,1012.0,100.0,6.0,sem observação,chuva fraca,10,3,8,0,0
3916,None_Existent,37.3,1.3,67.9,DARK,15.0,1020.0,55.0,3.0,sem observação,sem chuva,5,2,5,0,0
3917,Medium,33.8,40.6,77.4,LIGHT,27.0,1020.0,39.0,5.0,sem observação,sem chuva,11,4,5,0,0
3918,None_Existent,49.0,3.3,75.8,LIGHT,17.0,1016.0,45.0,3.0,sem observação,sem chuva,7,6,9,1,1
3919,None_Existent,42.5,4.2,83.9,LOW_LIGHT,19.0,1016.0,82.0,3.0,sem observação,sem chuva,19,5,8,1,1
3920,Low,34.9,17.1,65.4,DARK,14.0,1021.0,87.0,3.0,sem observação,sem chuva,22,6,6,1,0
3921,Low,36.3,7.8,84.8,LIGHT,19.0,1018.0,82.0,3.0,céu pouco nublado,sem chuva,10,6,6,1,0
3922,Low,45.6,4.3,68.2,DARK,15.0,1011.0,93.0,4.0,nuvens quebradas,sem chuva,22,5,9,1,0
3923,Low,43.8,21.4,80.9,DARK,16.0,1016.0,100.0,1.0,nuvens quebrados,sem chuva,5,1,9,0,0
3924,Low,35.6,9.3,89.7,LIGHT,18.0,1019.0,42.0,3.0,sem observação,sem chuva,9,5,9,1,1
3925,Medium,37.6,30.0,83.5,LIGHT,15.0,1018.0,67.0,2.0,algumas nuvens,sem chuva,15,0,11,0,0
3926,None_Existent,39.4,5.0,89.7,DARK,9.0,1022.0,87.0,1.0,céu claro,sem chuva,22,5,2,1,0
3927,Very_High,46.8,113.0,77.1,LIGHT,14.0,1021.0,82.0,1.0,céu claro,sem chuva,8,0,10,0,1
3928,None_Existent,38.0,0.0,66.1,DARK,17.0,1015.0,88.0,2.0,céu pouco nublado,sem chuva,1,2,6,0,0
3929,None_Existent,46.5,2.5,79.2,DARK,13.0,1022.0,100.0,1.0,sem observação,sem chuva,2,4,9,0,0
3930,Low,32.8,9.7,80.5,DARK,19.0,1016.0,93.0,1.0,nuvens quebradas,sem chuva,21,6,7,1,0
3931,None_Existent,36.5,1.5,64.4,LIGHT,15.0,1015.0,63.0,2.0,sem observação,sem chuva,8,6,5,1,1
3932,Medium,40.0,66.9,88.8,LIGHT,26.0,1016.0,41.0,3.0,céu claro,sem chuva,17,5,10,1,1
3933,High,37.9,57.1,73.0,LIGHT,15.0,1020.0,72.0,3.0,nuvens quebradas,sem chuva,10,0,5,0,0
3934,None_Existent,42.0,0.0,76.6,DARK,7.0,1023.0,87.0,2.0,céu claro,sem chuva,23,6,1,1,0
3935,High,42.7,67.1,71.9,LIGHT,13.0,1007.0,100.0,5.0,sem observação,chuva forte,16,3,6,0,0
3936,Low,43.2,14.1,81.6,LIGHT,17.0,1016.0,100.0,0.0,sem observação,sem chuva,9,6,8,1,1
3937,Low,41.1,11.6,75.5,LIGHT,16.0,1012.0,87.0,7.0,nuvens dispersas,sem chuva,11,5,11,1,0
3938,Very_High,50.1,57.8,76.8,LOW_LIGHT,13.0,1016.0,100.0,0.0,sem observação,sem chuva,7,0,9,0,1
3939,High,31.8,86.1,81.7,DARK,15.0,1023.0,87.0,6.0,nuvens quebrados,sem chuva,18,6,12,1,1
3940,None_Existent,39.2,0.0,70.9,LIGHT,17.0,1000.0,67.0,4.0,céu claro,sem chuva,8,6,11,1,1
3941,High,39.4,56.9,90.4,LIGHT,21.0,1018.0,68.0,6.0,céu claro,sem chuva,17,1,7,0,1
3942,None_Existent,36.1,5.3,89.6,DARK,17.0,1018.0,100.0,1.0,sem observação,sem chuva,23,6,7,1,0
3943,None_Existent,46.3,4.5,66.9,DARK,20.0,1016.0,60.0,2.0,sem observação,sem chuva,21,5,9,1,0
3944,Medium,43.3,31.9,85.7,LIGHT,19.0,1019.0,63.0,6.0,céu claro,sem chuva,11,5,10,1,0
3945,Very_High,45.0,119.6,67.5,LIGHT,17.0,1017.0,68.0,4.0,céu pouco nublado,sem chuva,17,4,6,0,1
3946,Low,43.5,20.5,86.0,DARK,18.0,1015.0,64.0,3.0,céu claro,sem chuva,21,4,10,0,0
3947,High,39.4,216.9,89.1,LIGHT,20.0,1018.0,77.0,5.0,algumas nuvens,sem chuva,15,0,8,0,0
3948,Medium,37.1,54.5,89.6,LIGHT,17.0,1016.0,100.0,0.0,sem observação,sem chuva,10,1,10,0,0
3949,Very_High,37.6,131.4,92.3,LIGHT,14.0,1032.0,71.0,3.0,céu claro,sem chuva,12,3,2,0,0
3950,Medium,34.0,12.8,78.9,LIGHT,16.0,1019.0,93.0,1.0,nuvens quebradas,sem chuva,8,4,6,0,1
3951,High,44.8,92.6,85.7,DARK,13.0,1017.0,82.0,1.0,céu claro,sem chuva,21,6,10,1,0
3952,High,48.2,54.9,80.9,DARK,11.0,1024.0,76.0,2.0,céu claro,sem chuva,18,0,11,0,1
3953,None_Existent,45.8,0.0,85.6,DARK,16.0,1016.0,100.0,1.0,sem observação,sem chuva,3,1,9,0,0
3954,High,39.3,80.6,82.4,LIGHT,21.0,1022.0,82.0,2.0,nuvens quebradas,sem chuva,15,4,9,0,0
3955,Medium,36.4,37.5,74.9,LIGHT,17.0,1016.0,82.0,2.0,céu pouco nublado,sem chuva,15,0,6,0,0
3956,None_Existent,34.5,4.4,93.5,LIGHT,12.0,1022.0,87.0,4.0,sem observação,chuva fraca,12,6,2,1,0
3957,None_Existent,39.2,0.0,70.6,DARK,8.0,1016.0,100.0,4.0,nuvens quebrados,sem chuva,7,5,1,1,1
3958,Low,46.1,9.9,79.4,DARK,13.0,1019.0,100.0,0.0,sem observação,sem chuva,0,2,10,0,0
3959,Low,43.4,3.6,85.4,DARK,18.0,1013.0,93.0,0.0,sem observação,sem chuva,3,5,7,1,0
3960,None_Existent,35.5,2.4,79.1,DARK,16.0,1017.0,100.0,5.0,nuvens quebradas,sem chuva,3,4,7,0,0
3961,None_Existent,41.5,0.0,88.4,DARK,3.0,1021.0,87.0,4.0,céu claro,sem chuva,5,2,2,0,0
3962,None_Existent,41.5,0.0,74.8,DARK,10.0,1023.0,93.0,0.0,nuvens dispersas,sem chuva,22,0,1,0,0
3963,Very_High,46.8,120.8,63.3,LIGHT,13.0,1017.0,93.0,1.0,céu pouco nublado,sem chuva,8,0,6,0,1
3964,None_Existent,45.5,4.5,80.2,DARK,19.0,1014.0,93.0,2.0,céu claro,sem chuva,0,2,8,0,0
3965,Very_High,42.2,75.9,79.4,LIGHT,14.0,999.0,87.0,6.0,sem observação,aguaceiros fracos,17,0,4,0,1
3966,High,39.6,110.0,84.1,LIGHT,22.0,1023.0,68.0,6.0,céu pouco nublado,sem chuva,13,0,8,0,0
3967,None_Existent,42.6,1.9,71.6,DARK,17.0,1015.0,88.0,2.0,nuvens quebradas,sem chuva,0,1,6,0,0
3968,High,41.4,31.2,65.8,LIGHT,13.0,1018.0,87.0,9.0,nuvens quebrados,sem chuva,10,2,1,0,0
3969,High,34.3,117.8,83.4,LIGHT,22.0,1019.0,83.0,4.0,sem observação,sem chuva,18,4,8,0,1
3970,None_Existent,37.6,12.4,86.2,DARK,7.0,1029.0,61.0,6.0,céu claro,sem chuva,2,2,2,0,0
3971,Very_High,42.0,69.4,74.5,LIGHT,18.0,1019.0,51.0,2.0,céu limpo,sem chuva,18,4,3,0,1
3972,Medium,32.2,12.8,62.3,LIGHT,16.0,1016.0,63.0,4.0,sem observação,sem chuva,12,6,5,1,0
3973,Medium,37.5,27.7,82.8,LIGHT,21.0,1022.0,68.0,3.0,céu claro,sem chuva,13,2,9,0,0
3974,Medium,38.5,21.2,90.0,LIGHT,20.0,1015.0,73.0,8.0,céu claro,sem chuva,19,3,8,0,1
3975,Medium,36.6,22.2,90.8,LIGHT,20.0,1024.0,40.0,5.0,céu claro,sem chuva,12,1,2,0,0
3976,Low,39.5,5.4,68.5,DARK,10.0,1019.0,100.0,1.0,céu limpo,sem chuva,2,5,4,1,0
3977,Medium,37.6,17.1,90.9,DARK,16.0,1016.0,100.0,0.0,céu claro,sem chuva,21,5,9,1,0
3978,None_Existent,37.8,0.0,64.1,DARK,14.0,1015.0,87.0,5.0,nuvens quebradas,sem chuva,22,2,5,0,0
3979,High,39.9,64.5,84.5,LIGHT,21.0,1017.0,94.0,5.0,nuvens dispersas,sem chuva,12,4,8,0,0
3980,High,35.4,63.4,81.1,LIGHT,19.0,1020.0,67.0,7.0,sem observação,sem chuva,14,0,6,0,0
3981,None_Existent,43.0,0.0,71.1,DARK,16.0,1014.0,100.0,4.0,nuvens quebradas,sem chuva,22,1,6,0,0
3982,Very_High,43.4,86.6,83.3,LIGHT,22.0,1021.0,83.0,6.0,sem observação,sem chuva,17,2,8,0,1
3983,High,45.6,40.2,77.2,LOW_LIGHT,24.0,1017.0,47.0,3.0,sem observação,sem chuva,19,4,9,0,1
3984,Medium,38.2,26.8,76.3,LIGHT,13.0,1007.0,93.0,7.0,sem observação,chuva fraca,14,2,4,0,0
3985,High,39.5,49.3,88.3,LIGHT,25.0,1015.0,82.0,6.0,céu pouco nublado,sem chuva,16,4,7,0,0
3986,None_Existent,40.2,0.0,67.2,DARK,18.0,1016.0,82.0,3.0,céu pouco nublado,sem chuva,22,1,6,0,0
3987,None_Existent,48.9,2.2,66.3,DARK,10.0,1011.0,87.0,7.0,sem observação,chuva,1,3,11,0,0
3988,Low,41.1,18.9,89.1,LIGHT,28.0,1014.0,61.0,2.0,céu claro,sem chuva,12,3,8,0,0
3989,Very_High,44.9,134.5,84.6,LIGHT,14.0,1021.0,39.0,6.0,céu claro,sem chuva,8,1,10,0,1
3990,Low,44.9,4.4,83.6,DARK,15.0,1018.0,100.0,1.0,nuvens dispersas,sem chuva,2,6,8,1,0
3991,High,36.1,68.0,75.4,LIGHT,19.0,1021.0,59.0,4.0,sem observação,sem chuva,15,5,6,1,0
3992,None_Existent,43.0,0.0,74.9,DARK,18.0,1014.0,88.0,3.0,céu claro,sem chuva,22,3,9,0,0
3993,None_Existent,39.8,1.6,77.7,DARK,14.0,1011.0,100.0,6.0,sem observação,chuva fraca,4,2,5,0,0
3994,Medium,37.7,19.3,92.1,LIGHT,17.0,1027.0,34.0,1.0,céu claro,sem chuva,14,2,2,0,0
3995,Medium,37.3,37.9,92.7,LIGHT,17.0,1018.0,93.0,3.0,sem observação,sem chuva,17,5,9,1,1
3996,High,37.9,43.1,78.2,LIGHT,13.0,1000.0,100.0,7.0,sem observação,chuva fraca,15,3,1,0,0
3997,Low,38.4,7.9,83.2,LIGHT,19.0,1017.0,77.0,3.0,algumas nuvens,sem chuva,13,1,10,0,0
3998,Medium,35.7,14.9,85.9,DARK,12.0,1010.0,87.0,0.0,algumas nuvens,sem chuva,20,0,11,0,0
3999,None_Existent,46.1,0.6,80.0,DARK,16.0,1016.0,100.0,0.0,nuvens quebrados,sem chuva,1,4,7,0,0
4000,None_Existent,42.4,0.0,86.1,DARK,12.0,1016.0,100.0,0.0,sem observação,sem chuva,5,0,9,0,0
4001,Low,39.3,2.7,59.1,DARK,11.0,1016.0,76.0,7.0,nuvens dispersas,sem chuva,3,4,5,0,0
4002,None_Existent,37.4,1.6,66.5,DARK,11.0,985.0,93.0,0.0,sem observação,chuva fraca,20,6,11,1,0
4003,None_Existent,37.8,0.8,90.6,DARK,18.0,1018.0,77.0,4.0,céu claro,sem chuva,20,1,7,0,0
4004,None_Existent,44.0,0.0,85.5,DARK,15.0,1019.0,63.0,2.0,céu claro,sem chuva,6,2,9,0,0
4005,Medium,33.6,19.5,85.4,LIGHT,15.0,1011.0,72.0,10.0,nuvens dispersas,sem chuva,12,5,11,1,0
4006,None_Existent,39.8,0.0,67.3,DARK,13.0,1012.0,76.0,3.0,sem observação,sem chuva,2,1,6,0,0
4007,Medium,31.5,38.1,82.6,LIGHT,17.0,1017.0,67.0,4.0,céu limpo,sem chuva,14,1,4,0,0
4008,High,38.6,59.8,80.8,LIGHT,26.0,1017.0,57.0,1.0,sem observação,sem chuva,11,4,8,0,0
4009,Very_High,46.0,51.8,80.5,LIGHT,11.0,1026.0,62.0,5.0,nuvens dispersas,sem chuva,8,2,2,0,1
4010,Very_High,46.0,77.7,79.6,LIGHT,2.0,1021.0,100.0,2.0,sem observação,sem chuva,8,1,2,0,1
4011,Low,43.4,13.8,83.2,LIGHT,19.0,1018.0,52.0,1.0,céu claro,sem chuva,9,5,10,1,1
4012,High,39.3,62.2,74.2,LIGHT,14.0,1014.0,77.0,5.0,nuvens dispersas,sem chuva,9,3,5,0,1
4013,None_Existent,43.4,0.0,70.0,DARK,13.0,1021.0,100.0,2.0,nublado,sem chuva,3,5,5,1,0
4014,Very_High,44.6,148.7,76.6,LIGHT,13.0,1012.0,67.0,3.0,céu limpo,sem chuva,8,0,4,0,1
4015,None_Existent,44.3,0.0,85.7,DARK,3.0,1028.0,100.0,1.0,nuvens dispersas,sem chuva,6,1,2,0,0
4016,Low,43.7,6.7,84.2,DARK,21.0,1015.0,88.0,0.0,céu claro,sem chuva,3,6,8,1,0
4017,None_Existent,36.3,8.5,78.6,LIGHT,18.0,1014.0,59.0,1.0,céu limpo,sem chuva,9,6,4,1,1
4018,None_Existent,39.1,1.1,71.1,DARK,13.0,1013.0,71.0,7.0,nuvens quebrados,sem chuva,23,6,11,1,0
4019,Medium,35.2,30.4,75.8,DARK,17.0,1016.0,72.0,3.0,céu claro,sem chuva,17,2,11,0,1
4020,Low,43.7,2.3,79.0,DARK,12.0,1021.0,81.0,4.0,sem observação,sem chuva,6,1,9,0,0
4021,Medium,43.2,25.0,71.4,LIGHT,24.0,1018.0,49.0,5.0,sem observação,sem chuva,14,1,5,0,0
4022,None_Existent,43.3,2.3,89.8,DARK,17.0,1015.0,100.0,2.0,sem observação,sem chuva,2,2,7,0,0
4023,Low,44.9,7.0,84.4,DARK,18.0,1015.0,100.0,1.0,sem observação,sem chuva,1,1,8,0,0
4024,Medium,33.4,19.4,76.7,LIGHT,15.0,1018.0,77.0,5.0,nuvens quebrados,sem chuva,13,3,1,0,0
4025,None_Existent,43.8,4.8,75.6,DARK,24.0,1020.0,33.0,4.0,nuvens dispersas,sem chuva,0,5,9,1,0
4026,None_Existent,41.3,0.0,87.7,DARK,13.0,1028.0,76.0,3.0,céu claro,sem chuva,2,5,2,1,0
4027,Medium,39.7,23.5,85.9,DARK,16.0,1018.0,87.0,1.0,céu claro,sem chuva,22,5,7,1,0
4028,None_Existent,44.0,2.1,87.4,DARK,12.0,1016.0,100.0,0.0,algumas nuvens,sem chuva,0,5,10,1,0
4029,None_Existent,39.7,4.6,88.7,DARK,17.0,1015.0,93.0,2.0,céu claro,sem chuva,22,2,8,0,0
4030,Very_High,43.8,49.5,86.3,LIGHT,21.0,1016.0,64.0,3.0,algumas nuvens,sem chuva,17,4,7,0,1
4031,Low,38.9,7.4,83.4,DARK,20.0,1022.0,73.0,3.0,céu claro,sem chuva,19,6,9,1,1
4032,Low,39.1,12.7,85.1,DARK,15.0,1018.0,77.0,2.0,céu pouco nublado,sem chuva,21,4,6,0,0
4033,None_Existent,46.4,3.2,76.4,DARK,20.0,1016.0,88.0,1.0,nuvens quebradas,sem chuva,20,0,9,0,0
4034,Medium,37.8,10.6,90.0,DARK,10.0,1030.0,87.0,2.0,céu claro,sem chuva,20,0,2,0,0
4035,Low,44.0,1.8,85.5,DARK,21.0,1016.0,29.0,3.0,céu claro,sem chuva,3,0,8,0,0
4036,None_Existent,41.9,7.5,78.1,DARK,17.0,1019.0,100.0,2.0,sem observação,sem chuva,23,4,8,0,0
4037,High,37.2,37.0,77.1,LIGHT,22.0,1018.0,72.0,2.0,céu pouco nublado,sem chuva,18,3,6,0,1
4038,None_Existent,42.0,0.0,75.6,LIGHT,9.0,1021.0,87.0,3.0,algumas nuvens,sem chuva,9,6,1,1,1
4039,Very_High,43.7,99.3,83.8,LIGHT,23.0,1017.0,88.0,2.0,céu pouco nublado,sem chuva,17,1,7,0,1
4040,None_Existent,42.1,1.0,87.0,DARK,17.0,1018.0,100.0,3.0,sem observação,sem chuva,0,0,8,0,0
4041,Low,47.8,8.6,72.9,DARK,13.0,1020.0,82.0,4.0,sem observação,sem chuva,23,5,6,1,0
4042,Medium,38.6,16.1,72.4,DARK,22.0,1016.0,56.0,2.0,sem observação,sem chuva,21,3,8,0,0
4043,Low,38.4,7.9,69.3,LIGHT,16.0,1021.0,87.0,2.0,nuvens dispersas,sem chuva,9,5,6,1,1
4044,Medium,38.9,11.3,72.6,LIGHT,15.0,1023.0,93.0,6.0,sem observação,sem chuva,14,0,12,0,0
4045,High,38.0,36.8,85.2,LIGHT,20.0,1022.0,68.0,7.0,céu pouco nublado,sem chuva,14,1,9,0,0
4046,Low,45.6,6.7,74.1,DARK,17.0,1018.0,100.0,2.0,nuvens quebradas,sem chuva,1,2,8,0,0
4047,Medium,37.8,22.2,84.6,LIGHT,19.0,1017.0,82.0,3.0,nuvens quebrados,sem chuva,9,1,8,0,1
4048,High,34.9,64.4,77.8,LIGHT,18.0,1013.0,72.0,4.0,céu pouco nublado,sem chuva,15,3,6,0,0
4049,Low,36.5,8.4,91.3,DARK,10.0,1023.0,50.0,4.0,céu claro,sem chuva,0,4,2,0,0
4050,High,40.6,75.5,92.5,LOW_LIGHT,20.0,1022.0,45.0,4.0,céu claro,sem chuva,18,3,2,0,1
4051,None_Existent,43.9,0.0,87.9,DARK,10.0,1021.0,93.0,0.0,céu claro,sem chuva,0,3,10,0,0
4052,High,44.2,101.5,80.1,LIGHT,20.0,1022.0,82.0,3.0,nuvens dispersas,sem chuva,17,4,9,0,1
4053,High,38.1,66.5,81.2,LIGHT,18.0,1022.0,77.0,4.0,céu pouco nublado,sem chuva,17,5,6,1,1
4054,Medium,43.1,15.5,83.4,LIGHT,15.0,1024.0,100.0,1.0,nuvens quebrados,sem chuva,9,4,11,0,1
4055,High,33.3,48.2,84.7,LIGHT,20.0,1019.0,45.0,5.0,sem observação,sem chuva,9,4,9,0,1
4056,Low,42.0,7.5,91.1,DARK,12.0,1029.0,100.0,1.0,nuvens quebradas,sem chuva,2,5,3,1,0
4057,Low,42.6,6.8,72.4,DARK,10.0,1021.0,100.0,1.0,céu claro,sem chuva,20,0,11,0,0
4058,Very_High,43.1,134.8,84.1,LIGHT,16.0,1020.0,72.0,2.0,sem observação,sem chuva,18,0,5,0,1
4059,None_Existent,40.9,0.0,93.1,DARK,19.0,1018.0,41.0,4.0,céu claro,sem chuva,4,1,9,0,0
4060,Low,34.7,9.9,88.4,DARK,19.0,1015.0,93.0,2.0,céu pouco nublado,sem chuva,22,5,7,1,0
4061,Low,40.0,3.0,83.3,DARK,17.0,1016.0,100.0,5.0,nublado,sem chuva,2,5,7,1,0
4062,None_Existent,37.5,2.7,64.9,DARK,14.0,1015.0,87.0,2.0,nuvens dispersas,sem chuva,23,1,6,0,0
4063,Medium,46.7,11.4,67.0,LIGHT,13.0,1006.0,100.0,9.0,sem observação,chuva leve,14,6,11,1,0
4064,None_Existent,47.5,0.0,82.3,DARK,18.0,1016.0,68.0,2.0,céu claro,sem chuva,0,6,8,1,0
4065,Low,44.9,4.7,82.0,LOW_LIGHT,5.0,1023.0,100.0,2.0,céu claro,sem chuva,7,1,11,0,1
4066,Medium,35.6,22.5,82.4,LIGHT,22.0,1018.0,50.0,3.0,sem observação,sem chuva,9,2,8,0,1
4067,None_Existent,39.6,1.5,65.5,DARK,15.0,1017.0,93.0,1.0,nuvens quebradas,sem chuva,5,4,6,0,0
4068,Medium,45.4,23.9,89.7,DARK,19.0,1005.0,88.0,2.0,sem observação,sem chuva,20,5,10,1,0
4069,None_Existent,44.8,0.0,66.2,DARK,11.0,1015.0,82.0,4.0,nuvens dispersas,sem chuva,3,3,6,0,0
4070,Medium,32.2,29.7,80.6,LIGHT,16.0,1001.0,87.0,4.0,nuvens quebradas,sem chuva,14,0,4,0,0
4071,Medium,40.0,13.2,84.5,DARK,9.0,1019.0,81.0,1.0,céu claro,sem chuva,6,3,10,0,0
4072,Medium,38.1,52.1,89.4,DARK,17.0,1019.0,67.0,6.0,céu claro,sem chuva,18,5,10,1,1
4073,Very_High,43.0,100.2,70.5,LIGHT,17.0,1017.0,68.0,1.0,sem observação,sem chuva,9,1,5,0,1
4074,Medium,39.4,31.5,86.1,LIGHT,22.0,1020.0,68.0,2.0,nuvens quebradas,sem chuva,14,6,9,1,0
4075,Medium,43.0,24.3,77.4,DARK,12.0,1023.0,81.0,3.0,algumas nuvens,sem chuva,19,0,1,0,1
4076,Very_High,41.4,90.2,86.5,LIGHT,19.0,1016.0,94.0,2.0,nuvens quebradas,sem chuva,17,3,7,0,1
4077,High,41.4,13.6,71.7,LIGHT,16.0,1019.0,93.0,0.0,sem observação,sem chuva,7,2,9,0,1
4078,Medium,43.3,10.9,81.7,LIGHT,13.0,1010.0,87.0,8.0,sem observação,chuva moderada,14,5,11,1,0
4079,High,33.4,57.6,81.9,LIGHT,20.0,1013.0,63.0,3.0,céu limpo,sem chuva,15,1,4,0,0
4080,Medium,42.4,28.9,85.6,LIGHT,18.0,1008.0,93.0,8.0,sem observação,chuva fraca,10,5,9,1,0
4081,Low,38.0,5.1,87.3,DARK,11.0,1019.0,100.0,0.0,sem observação,sem chuva,21,3,11,0,0
4082,None_Existent,45.3,0.0,81.1,DARK,22.0,1016.0,27.0,3.0,céu claro,sem chuva,1,0,8,0,0
4083,Low,42.8,4.9,94.1,DARK,18.0,1015.0,93.0,1.0,céu claro,sem chuva,21,2,8,0,0
4084,High,43.7,18.4,88.8,LIGHT,18.0,1016.0,100.0,1.0,sem observação,sem chuva,8,0,8,0,1
4085,Medium,34.5,31.4,93.8,LIGHT,22.0,1021.0,69.0,2.0,céu claro,sem chuva,10,1,9,0,0
4086,None_Existent,40.7,2.5,60.5,DARK,17.0,1017.0,100.0,4.0,nuvens dispersas,sem chuva,23,4,6,0,0
4087,Low,37.1,4.7,89.9,LIGHT,29.0,999.0,42.0,1.0,céu claro,sem chuva,8,1,8,0,1
4088,None_Existent,43.5,6.0,76.9,DARK,16.0,1014.0,100.0,4.0,sem observação,sem chuva,2,2,6,0,0
4089,None_Existent,37.9,3.1,82.7,DARK,10.0,1004.0,87.0,4.0,sem observação,chuva fraca,23,2,4,0,0
4090,Medium,35.7,29.9,64.5,LIGHT,17.0,1021.0,77.0,6.0,céu pouco nublado,sem chuva,19,3,5,0,1
4091,None_Existent,41.5,0.0,88.3,DARK,10.0,1027.0,76.0,4.0,céu claro,sem chuva,4,4,2,0,0
4092,Medium,49.0,3.9,66.4,DARK,14.0,1009.0,100.0,3.0,sem observação,chuva leve,22,5,11,1,0
4093,Low,41.3,3.3,84.3,DARK,4.0,1028.0,93.0,0.0,céu claro,sem chuva,5,0,2,0,0
4094,Medium,37.6,26.3,82.8,LIGHT,31.0,1017.0,43.0,2.0,sem observação,sem chuva,13,3,8,0,0
4095,None_Existent,42.1,0.0,75.0,DARK,11.0,1025.0,87.0,5.0,nuvens quebrados,sem chuva,5,0,1,0,0
4096,Low,51.1,1.3,69.4,DARK,12.0,1007.0,71.0,4.0,céu limpo,sem chuva,3,2,4,0,0
4097,Low,35.1,3.1,74.1,DARK,19.0,1015.0,93.0,4.0,sem observação,sem chuva,22,3,7,0,0
4098,High,44.6,43.2,75.3,LIGHT,16.0,1013.0,68.0,0.0,céu claro,sem chuva,8,4,9,0,1
4099,None_Existent,38.9,1.0,70.8,DARK,12.0,1014.0,100.0,1.0,céu limpo,sem chuva,2,4,4,0,0
4100,Medium,33.9,25.7,74.9,LIGHT,17.0,1016.0,87.0,0.0,céu pouco nublado,sem chuva,14,0,6,0,0
4101,Very_High,48.7,66.5,75.9,LOW_LIGHT,2.0,1029.0,86.0,1.0,céu claro,sem chuva,8,1,2,0,1
4102,Low,46.0,3.6,73.9,DARK,17.0,1018.0,100.0,2.0,nuvens quebradas,sem chuva,0,2,8,0,0
4103,Low,46.8,3.4,61.4,DARK,17.0,1015.0,93.0,3.0,céu pouco nublado,sem chuva,0,2,6,0,0
4104,High,39.3,129.8,89.7,LIGHT,22.0,1017.0,83.0,1.0,céu pouco nublado,sem chuva,16,0,9,0,0
4105,Medium,34.4,24.2,78.5,LIGHT,18.0,1022.0,59.0,4.0,céu pouco nublado,sem chuva,12,5,6,1,0
4106,None_Existent,40.3,1.9,67.0,DARK,14.0,1013.0,87.0,1.0,sem observação,sem chuva,4,2,5,0,0
4107,Low,35.1,18.1,100.1,DARK,14.0,1022.0,71.0,3.0,céu claro,sem chuva,20,3,2,0,0
4108,None_Existent,37.8,0.0,63.6,DARK,8.0,1014.0,87.0,1.0,sem observação,sem chuva,5,0,5,0,0
4109,None_Existent,37.0,9.9,91.7,LIGHT,33.0,1016.0,46.0,4.0,céu claro,sem chuva,15,5,8,1,0
4110,Low,36.5,6.4,69.9,DARK,12.0,1015.0,93.0,2.0,sem observação,chuva fraca,2,2,6,0,0
4111,None_Existent,35.8,3.1,90.7,DARK,8.0,1022.0,58.0,3.0,céu claro,sem chuva,5,4,2,0,0
4112,High,43.5,35.3,77.0,LIGHT,28.0,1018.0,54.0,4.0,sem observação,sem chuva,14,2,8,0,0
4113,None_Existent,39.4,0.0,87.6,DARK,8.0,1023.0,76.0,2.0,céu claro,sem chuva,21,2,2,0,0
4114,Medium,38.6,38.8,87.9,DARK,17.0,1016.0,93.0,1.0,nuvens quebradas,sem chuva,19,3,9,0,1
4115,Low,35.9,16.7,90.6,DARK,17.0,1013.0,77.0,3.0,céu pouco nublado,sem chuva,23,5,4,1,0
4116,None_Existent,39.9,0.0,68.2,DARK,11.0,1017.0,100.0,1.0,sem observação,sem chuva,5,2,5,0,0
4117,None_Existent,43.1,0.0,80.3,DARK,16.0,1014.0,82.0,3.0,céu claro,sem chuva,23,3,10,0,0
4118,Low,43.9,13.2,77.1,LIGHT,20.0,1018.0,40.0,6.0,sem observação,sem chuva,10,5,9,1,0
4119,None_Existent,40.7,1.1,80.1,DARK,16.0,1016.0,100.0,1.0,sem observação,sem chuva,0,2,9,0,0
4120,None_Existent,43.1,0.0,71.6,LIGHT,15.0,1011.0,100.0,1.0,sem observação,chuva forte,7,6,6,1,1
4121,None_Existent,39.6,2.9,89.6,DARK,10.0,1017.0,93.0,5.0,sem observação,chuva fraca,1,0,2,0,0
4122,None_Existent,41.5,0.0,88.8,DARK,10.0,1028.0,62.0,5.0,céu claro,sem chuva,2,0,2,0,0
4123,High,36.9,50.1,90.7,LIGHT,22.0,1016.0,73.0,5.0,algumas nuvens,sem chuva,16,1,7,0,0
4124,Medium,43.8,41.3,86.3,LIGHT,22.0,1016.0,77.0,5.0,algumas nuvens,sem chuva,15,1,7,0,0
4125,Low,39.8,9.0,92.6,DARK,16.0,1016.0,93.0,1.0,céu claro,sem chuva,22,5,9,1,0
4126,Medium,43.2,8.0,62.9,LIGHT,10.0,1015.0,82.0,2.0,céu pouco nublado,sem chuva,6,1,5,0,0
4127,High,40.9,36.6,88.8,LIGHT,15.0,1022.0,68.0,2.0,céu claro,sem chuva,9,0,10,0,1
4128,None_Existent,42.0,0.0,76.1,LIGHT,6.0,1032.0,100.0,1.0,sem observação,sem chuva,9,5,12,1,1
4129,Low,38.9,9.9,90.2,DARK,20.0,1012.0,82.0,0.0,céu claro,sem chuva,21,6,9,1,0
4130,None_Existent,42.5,3.3,89.6,DARK,15.0,1017.0,88.0,3.0,céu claro,sem chuva,3,4,8,0,0
4131,None_Existent,46.4,0.0,70.4,DARK,9.0,1017.0,87.0,3.0,algumas nuvens,sem chuva,21,2,11,0,0
4132,Medium,37.1,22.5,91.6,LIGHT,16.0,1028.0,72.0,3.0,nuvens dispersas,sem chuva,15,2,2,0,0
4133,Low,44.0,17.0,87.4,LIGHT,11.0,1011.0,57.0,9.0,algumas nuvens,sem chuva,11,6,10,1,0
4134,None_Existent,42.7,0.0,62.3,DARK,15.0,1015.0,93.0,5.0,nuvens quebradas,sem chuva,21,2,5,0,0
4135,Low,42.6,4.3,90.4,DARK,17.0,1014.0,100.0,0.0,sem observação,sem chuva,6,2,8,0,0
4136,None_Existent,44.8,2.0,78.6,DARK,20.0,1017.0,53.0,4.0,sem observação,sem chuva,23,2,9,0,0
4137,Medium,37.8,27.4,90.6,DARK,17.0,1017.0,82.0,3.0,céu claro,sem chuva,21,5,7,1,0
4138,None_Existent,39.6,3.4,87.7,DARK,17.0,1018.0,93.0,3.0,sem observação,sem chuva,2,0,7,0,0
4139,Low,38.8,5.0,63.6,LOW_LIGHT,14.0,1009.0,82.0,2.0,nuvens quebradas,sem chuva,20,3,6,0,0
4140,Medium,35.8,21.4,78.7,LIGHT,23.0,1016.0,88.0,3.0,nublado,sem chuva,17,6,7,1,1
4141,None_Existent,43.5,8.8,85.5,DARK,5.0,1030.0,93.0,0.0,céu claro,sem chuva,1,1,2,0,0
4142,None_Existent,36.2,2.0,71.1,DARK,11.0,1010.0,93.0,4.0,sem observação,aguaceiros fracos,2,3,4,0,0
4143,Medium,36.1,31.2,82.7,LIGHT,12.0,1000.0,76.0,6.0,sem observação,aguaceiros,14,1,4,0,0
4144,Low,47.8,8.1,82.3,DARK,14.0,1018.0,87.0,1.0,sem observação,sem chuva,3,1,8,0,0
4145,None_Existent,45.3,1.8,81.1,DARK,15.0,1018.0,100.0,1.0,céu claro,sem chuva,0,4,9,0,0
4146,Medium,38.4,15.5,95.2,DARK,13.0,1017.0,87.0,2.0,nuvens quebrados,sem chuva,19,6,2,1,1
4147,Low,47.8,1.6,72.4,DARK,7.0,1023.0,100.0,1.0,nuvens quebrados,sem chuva,2,1,1,0,0
4148,None_Existent,41.9,0.0,76.8,DARK,5.0,1024.0,93.0,3.0,céu claro,sem chuva,5,0,1,0,0
4149,None_Existent,35.0,6.9,85.9,DARK,16.0,1022.0,82.0,4.0,céu claro,sem chuva,22,3,8,0,0
4150,Medium,31.7,32.2,90.0,LIGHT,19.0,1030.0,42.0,4.0,céu claro,sem chuva,12,0,2,0,0
4151,High,32.4,84.8,96.0,LIGHT,17.0,1021.0,55.0,2.0,céu claro,sem chuva,16,5,2,1,0
4152,None_Existent,42.4,0.0,88.7,DARK,18.0,1014.0,68.0,1.0,céu claro,sem chuva,4,1,8,0,0
4153,None_Existent,40.2,3.1,67.7,LOW_LIGHT,16.0,1021.0,48.0,6.0,sem observação,sem chuva,6,6,5,1,0
4154,Medium,36.3,19.4,75.0,LIGHT,16.0,1018.0,63.0,4.0,céu pouco nublado,sem chuva,13,2,6,0,0
4155,Medium,40.3,47.4,86.5,LIGHT,14.0,1023.0,87.0,3.0,nuvens quebrados,sem chuva,13,5,11,1,0
4156,None_Existent,42.6,2.5,63.9,DARK,12.0,1020.0,87.0,3.0,sem observação,sem chuva,2,6,6,1,0
4157,None_Existent,44.1,0.0,80.3,DARK,20.0,1019.0,77.0,0.0,nuvens quebrados,sem chuva,1,0,7,0,0
4158,Low,36.8,18.4,84.4,LIGHT,21.0,1018.0,63.0,4.0,sem observação,sem chuva,13,6,6,1,0
4159,Medium,40.9,36.2,87.0,LIGHT,18.0,1016.0,60.0,1.0,céu claro,sem chuva,11,4,10,0,0
4160,None_Existent,45.2,0.0,83.9,LIGHT,16.0,1018.0,100.0,1.0,sem observação,sem chuva,8,5,9,1,1
4161,Medium,38.9,21.8,88.5,LIGHT,19.0,1016.0,88.0,3.0,nuvens quebrados,sem chuva,9,3,7,0,1
4162,Medium,34.8,64.3,80.7,LIGHT,8.0,1020.0,93.0,4.0,sem observação,chuva fraca,15,4,1,0,0
4163,None_Existent,46.6,0.0,84.6,DARK,16.0,1018.0,93.0,0.0,nuvens quebrados,sem chuva,3,6,8,1,0
4164,None_Existent,42.8,0.0,92.5,DARK,12.0,1021.0,93.0,2.0,céu claro,sem chuva,5,4,8,0,0
4165,High,41.6,79.7,80.9,LIGHT,24.0,1019.0,88.0,2.0,sem observação,sem chuva,17,4,8,0,1
4166,Low,40.3,10.0,84.4,DARK,22.0,1018.0,68.0,1.0,sem observação,sem chuva,22,5,9,1,0
4167,Low,34.4,14.3,89.6,LIGHT,25.0,1017.0,42.0,2.0,céu claro,sem chuva,12,4,8,0,0
4168,High,38.5,89.4,85.2,LIGHT,17.0,1017.0,100.0,0.0,sem observação,sem chuva,10,1,9,0,0
4169,Medium,39.4,31.1,89.1,LIGHT,22.0,1019.0,68.0,6.0,algumas nuvens,sem chuva,14,1,7,0,0
4170,High,38.9,73.1,73.2,LIGHT,16.0,1014.0,82.0,7.0,nuvens quebradas,sem chuva,16,3,5,0,0
4171,Low,51.5,7.5,66.2,DARK,16.0,1017.0,93.0,1.0,sem observação,sem chuva,5,3,8,0,0
4172,None_Existent,41.8,1.7,81.1,DARK,17.0,1017.0,88.0,3.0,céu claro,sem chuva,23,3,8,0,0
4173,None_Existent,37.3,0.9,84.7,DARK,19.0,1014.0,94.0,1.0,nuvens quebradas,sem chuva,0,3,7,0,0
4174,None_Existent,47.9,6.4,80.1,DARK,17.0,1018.0,87.0,3.0,sem observação,sem chuva,22,0,8,0,0
4175,Low,37.3,2.2,63.4,LIGHT,11.0,1022.0,87.0,2.0,sem observação,sem chuva,8,5,6,1,1
4176,High,41.1,58.8,80.0,LIGHT,14.0,1008.0,93.0,10.0,sem observação,chuva fraca,16,1,11,0,0
4177,None_Existent,45.8,0.0,68.7,DARK,12.0,1014.0,81.0,0.0,sem observação,sem chuva,3,6,5,1,0
4178,None_Existent,41.8,0.0,90.9,DARK,14.0,1017.0,87.0,0.0,céu claro,sem chuva,1,4,8,0,0
4179,Low,50.9,13.2,80.6,DARK,17.0,1020.0,100.0,2.0,nuvens quebradas,sem chuva,4,5,8,1,0
4180,Medium,34.1,24.9,99.9,LIGHT,14.0,1023.0,71.0,5.0,algumas nuvens,sem chuva,15,6,2,1,0
4181,High,43.1,37.1,79.9,DARK,13.0,1007.0,100.0,4.0,sem observação,chuva fraca,20,2,1,0,0
4182,High,38.0,48.5,81.3,LIGHT,19.0,1016.0,64.0,4.0,céu pouco nublado,sem chuva,18,4,4,0,1
4183,Medium,39.3,35.0,85.5,LIGHT,20.0,1020.0,100.0,3.0,sem observação,sem chuva,11,4,8,0,0
4184,High,34.3,133.1,75.1,LIGHT,23.0,1022.0,68.0,4.0,sem observação,sem chuva,17,5,5,1,1
4185,None_Existent,40.0,4.6,84.5,LIGHT,16.0,1018.0,100.0,0.0,sem observação,sem chuva,7,3,8,0,1
4186,Low,31.9,9.6,96.6,LIGHT,14.0,1030.0,58.0,4.0,céu claro,sem chuva,11,5,2,1,0
4187,Medium,42.5,20.1,71.4,DARK,20.0,1015.0,83.0,2.0,sem observação,sem chuva,0,5,7,1,0
4188,Medium,34.6,31.6,83.3,LIGHT,23.0,1014.0,68.0,4.0,sem observação,sem chuva,14,5,6,1,0
4189,Low,37.0,15.2,91.9,DARK,18.0,1013.0,100.0,4.0,sem observação,sem chuva,5,5,7,1,0
4190,Medium,37.4,29.0,89.3,LIGHT,27.0,1015.0,44.0,4.0,céu claro,sem chuva,19,5,8,1,1
4191,None_Existent,40.3,0.0,67.2,DARK,12.0,1017.0,76.0,2.0,sem observação,sem chuva,5,1,5,0,0
4192,Low,46.4,8.3,79.9,LOW_LIGHT,15.0,1019.0,100.0,0.0,céu pouco nublado,sem chuva,6,4,8,0,0
4193,Low,47.8,7.5,78.9,DARK,15.0,1010.0,100.0,5.0,sem observação,chuva de intensidade pesado,3,5,11,1,0
4194,Medium,37.2,31.4,82.7,LIGHT,23.0,1014.0,52.0,3.0,sem observação,sem chuva,14,5,5,1,0
4195,Medium,40.9,45.8,90.3,DARK,23.0,1012.0,61.0,1.0,céu claro,sem chuva,22,5,9,1,0
4196,None_Existent,39.4,1.0,70.8,DARK,12.0,1010.0,87.0,6.0,nuvens dispersas,sem chuva,23,5,1,1,0
4197,Low,40.4,10.8,83.8,LIGHT,20.0,1015.0,82.0,3.0,céu claro,sem chuva,13,3,9,0,0
4198,High,46.1,31.7,86.0,DARK,11.0,1002.0,71.0,9.0,nuvens quebrados,sem chuva,20,4,2,0,0
4199,None_Existent,42.2,0.0,87.1,LOW_LIGHT,17.0,1015.0,100.0,1.0,sem observação,sem chuva,6,4,7,0,0
4200,None_Existent,40.0,1.4,68.4,DARK,16.0,1016.0,100.0,2.0,nuvens quebradas,sem chuva,4,5,6,1,0
4201,Low,32.1,22.1,89.9,LIGHT,12.0,1022.0,93.0,5.0,tempo nublado,sem chuva,11,5,2,1,0
4202,Medium,43.7,9.5,64.1,LIGHT,27.0,1018.0,21.0,6.0,sem observação,sem chuva,13,0,5,0,0
4203,Low,38.6,3.4,91.3,LIGHT,23.0,1015.0,57.0,2.0,céu claro,sem chuva,7,4,8,0,1
4204,Very_High,45.6,70.0,72.0,LIGHT,11.0,1016.0,76.0,5.0,céu claro,sem chuva,8,4,11,0,1
4205,Medium,37.7,26.9,82.2,LIGHT,13.0,1018.0,66.0,4.0,nuvens dispersas,sem chuva,17,0,2,0,1
4206,None_Existent,41.6,1.9,84.6,DARK,18.0,1016.0,42.0,3.0,sem observação,sem chuva,3,6,9,1,0
4207,Low,34.1,8.5,78.8,LIGHT,17.0,1020.0,72.0,7.0,sem observação,sem chuva,19,5,6,1,1
4208,None_Existent,40.0,0.0,68.0,DARK,13.0,1017.0,93.0,0.0,sem observação,sem chuva,1,2,5,0,0
4209,High,35.0,41.9,78.8,LIGHT,18.0,1020.0,67.0,4.0,céu pouco nublado,sem chuva,15,0,5,0,0
4210,Very_High,43.5,98.0,82.8,LIGHT,21.0,1017.0,83.0,2.0,céu pouco nublado,sem chuva,17,4,8,0,1
4211,None_Existent,45.3,0.0,85.1,DARK,16.0,1021.0,93.0,0.0,céu claro,sem chuva,1,1,9,0,0
4212,Low,36.8,18.1,93.4,LIGHT,16.0,1015.0,93.0,2.0,nuvens dispersas,sem chuva,7,5,7,1,1
4213,Low,35.4,11.3,86.2,DARK,17.0,1018.0,55.0,3.0,céu limpo,sem chuva,22,4,4,0,0
4214,Medium,40.1,21.1,83.6,LIGHT,15.0,1021.0,82.0,0.0,sem observação,sem chuva,8,2,8,0,1
4215,High,37.1,68.7,90.7,LIGHT,24.0,998.0,59.0,2.0,céu claro,sem chuva,14,1,8,0,0
4216,None_Existent,44.6,1.6,91.2,DARK,13.0,1011.0,100.0,2.0,algumas nuvens,sem chuva,5,3,10,0,0
4217,Low,31.7,18.7,90.6,LIGHT,21.0,1029.0,37.0,3.0,céu claro,sem chuva,13,0,2,0,0
4218,Low,44.4,8.3,87.0,DARK,14.0,1007.0,67.0,1.0,céu claro,sem chuva,21,1,10,0,0
4219,Low,45.2,3.2,84.3,DARK,16.0,1018.0,100.0,4.0,nuvens quebradas,sem chuva,2,2,8,0,0
4220,Low,41.1,13.7,89.2,DARK,17.0,1013.0,68.0,2.0,céu claro,sem chuva,21,3,10,0,0
4221,Medium,38.1,59.5,86.4,LIGHT,18.0,1017.0,93.0,5.0,nuvens quebradas,sem chuva,14,6,4,1,0
4222,High,34.6,58.5,95.7,LIGHT,21.0,1014.0,94.0,6.0,nuvens quebradas,sem chuva,10,3,7,0,0
4223,None_Existent,41.6,0.0,88.1,DARK,4.0,1026.0,100.0,1.0,algumas nuvens,sem chuva,5,2,2,0,0
4224,Medium,39.7,35.8,88.7,LIGHT,22.0,1016.0,77.0,3.0,algumas nuvens,sem chuva,14,4,7,0,0
4225,Low,31.5,12.3,82.3,LIGHT,20.0,1019.0,93.0,3.0,nuvens dispersas,sem chuva,12,0,4,0,0
4226,Medium,37.2,26.6,86.1,LOW_LIGHT,19.0,1013.0,48.0,5.0,sem observação,sem chuva,20,5,6,1,0
4227,Medium,33.5,27.2,96.7,LIGHT,17.0,1015.0,93.0,2.0,nuvens quebradas,sem chuva,9,2,7,0,1
4228,Low,36.9,13.0,79.3,LIGHT,20.0,1019.0,100.0,2.0,sem observação,sem chuva,9,6,6,1,1
4229,Medium,34.7,33.7,82.6,LIGHT,22.0,1018.0,72.0,6.0,sem observação,sem chuva,18,6,5,1,1
4230,High,39.6,90.8,89.1,LIGHT,21.0,1018.0,68.0,9.0,nuvens quebrados,sem chuva,12,4,10,0,0
4231,Medium,43.4,46.2,81.0,LIGHT,29.0,1017.0,38.0,1.0,sem observação,sem chuva,12,3,8,0,0
4232,Very_High,44.5,82.3,76.3,LIGHT,13.0,1018.0,93.0,6.0,nuvens quebrados,sem chuva,9,3,1,0,1
4233,Medium,36.8,46.9,91.4,LIGHT,21.0,1015.0,88.0,3.0,nuvens dispersas,sem chuva,15,2,7,0,0
4234,High,41.1,104.9,84.0,LIGHT,16.0,1014.0,93.0,1.0,nublado,sem chuva,10,4,9,0,0
4235,None_Existent,49.2,0.0,82.4,DARK,24.0,1016.0,47.0,6.0,céu claro,sem chuva,5,5,8,1,0
4236,Very_High,48.9,35.0,62.3,LOW_LIGHT,1.0,1021.0,86.0,4.0,céu claro,sem chuva,8,4,1,0,1
4237,High,38.5,50.9,90.5,LIGHT,18.0,1018.0,93.0,4.0,sem observação,sem chuva,16,1,9,0,0
4238,None_Existent,44.5,0.0,85.0,DARK,10.0,1016.0,54.0,3.0,céu claro,sem chuva,4,0,10,0,0
4239,Low,36.9,10.5,76.3,DARK,21.0,1019.0,82.0,1.0,sem observação,sem chuva,0,6,9,1,0
4240,Very_High,39.3,79.4,85.9,LIGHT,20.0,1017.0,93.0,2.0,nuvens quebradas,sem chuva,15,3,9,0,0
4241,None_Existent,44.5,2.0,85.0,DARK,17.0,1015.0,93.0,2.0,tempo nublado,sem chuva,0,3,9,0,0
4242,Medium,43.8,53.7,86.3,LIGHT,21.0,1019.0,68.0,4.0,céu claro,sem chuva,16,5,8,1,0
4243,High,34.1,61.2,92.5,LIGHT,20.0,1016.0,82.0,8.0,algumas nuvens,sem chuva,17,1,8,0,1
4244,Medium,40.9,22.6,87.8,LIGHT,20.0,1019.0,64.0,4.0,algumas nuvens,sem chuva,12,5,10,1,0
4245,None_Existent,42.0,0.0,76.0,DARK,9.0,1023.0,93.0,0.0,nuvens dispersas,sem chuva,23,0,1,0,0
4246,None_Existent,45.8,4.3,86.9,DARK,16.0,1018.0,100.0,2.0,sem observação,sem chuva,23,4,9,0,0
4247,None_Existent,42.0,0.0,76.8,DARK,11.0,1010.0,93.0,1.0,algumas nuvens,sem chuva,5,6,11,1,0
4248,High,33.3,73.4,77.3,LIGHT,21.0,1016.0,68.0,8.0,sem observação,sem chuva,19,4,5,0,1
4249,Medium,41.8,10.2,85.9,LIGHT,10.0,1021.0,71.0,2.0,sem observação,chuva fraca,8,0,3,0,1
4250,Very_High,41.7,78.9,88.2,LIGHT,3.0,1030.0,81.0,1.0,sem observação,sem chuva,9,1,2,0,1
4251,None_Existent,45.7,6.2,87.9,LIGHT,14.0,1020.0,100.0,1.0,sem observação,sem chuva,8,6,9,1,1
4252,None_Existent,38.4,0.0,84.5,LIGHT,16.0,1015.0,68.0,4.0,céu claro,sem chuva,8,5,10,1,1
4253,Medium,41.8,46.5,88.6,LIGHT,21.0,1016.0,83.0,2.0,nuvens quebrados,sem chuva,13,0,8,0,0
4254,Low,45.8,5.4,87.0,DARK,11.0,1020.0,66.0,2.0,céu claro,sem chuva,4,6,10,1,0
4255,Low,40.8,20.5,90.8,DARK,16.0,1020.0,100.0,4.0,nuvens dispersas,sem chuva,2,6,8,1,0
4256,Low,38.9,10.1,84.0,DARK,16.0,1021.0,100.0,1.0,sem observação,sem chuva,23,2,9,0,0
4257,Low,40.5,14.3,83.9,DARK,19.0,1017.0,77.0,1.0,céu claro,sem chuva,20,4,7,0,0
4258,High,45.4,8.7,84.3,DARK,22.0,1015.0,77.0,3.0,sem observação,sem chuva,22,1,7,0,0
4259,Low,34.4,13.9,82.1,LIGHT,17.0,1013.0,67.0,4.0,céu pouco nublado,sem chuva,12,3,6,0,0
4260,Medium,36.1,18.1,79.1,DARK,13.0,1020.0,82.0,5.0,céu limpo,sem chuva,19,3,4,0,1
4261,None_Existent,42.0,0.0,75.6,DARK,10.0,1020.0,87.0,3.0,céu claro,sem chuva,7,6,1,1,1
4262,Low,37.6,11.5,94.1,LIGHT,10.0,1023.0,76.0,3.0,céu claro,sem chuva,12,3,1,0,0
4263,Low,43.2,3.6,81.6,DARK,16.0,1016.0,100.0,1.0,tempo nublado,sem chuva,21,0,9,0,0
4264,High,40.0,64.3,83.8,LIGHT,27.0,1018.0,28.0,4.0,sem observação,sem chuva,15,4,9,0,0
4265,Low,42.2,7.5,85.5,LIGHT,20.0,1021.0,77.0,3.0,nuvens quebradas,sem chuva,13,6,9,1,0
4266,Low,49.1,1.0,81.6,DARK,11.0,1017.0,100.0,5.0,sem observação,chuva fraca,0,0,2,0,0
4267,Very_High,43.2,64.0,77.2,DARK,12.0,1024.0,100.0,0.0,algumas nuvens,sem chuva,18,4,11,0,1
4268,None_Existent,38.8,0.0,70.0,LIGHT,9.0,1018.0,71.0,0.0,céu limpo,sem chuva,8,5,3,1,1
4269,Low,40.6,4.5,66.8,DARK,14.0,1021.0,93.0,5.0,sem observação,sem chuva,22,3,5,0,0
4270,None_Existent,44.0,0.0,85.5,LIGHT,28.0,1013.0,45.0,3.0,céu claro,sem chuva,13,6,9,1,0
4271,Low,37.8,7.9,87.2,LIGHT,22.0,1022.0,65.0,2.0,céu claro,sem chuva,12,0,9,0,0
4272,None_Existent,47.1,1.6,81.6,DARK,13.0,1020.0,100.0,1.0,sem observação,chuva fraca,3,3,9,0,0
4273,None_Existent,42.6,0.0,72.3,DARK,15.0,1013.0,72.0,3.0,sem observação,sem chuva,23,0,6,0,0
4274,Medium,36.5,22.3,69.6,LIGHT,19.0,1018.0,37.0,5.0,sem observação,sem chuva,10,1,5,0,0
4275,Medium,39.8,15.8,80.4,DARK,12.0,998.0,87.0,5.0,sem observação,chuva fraca,20,3,1,0,0
4276,High,44.7,26.7,83.2,DARK,14.0,1022.0,87.0,1.0,céu claro,sem chuva,21,2,10,0,0
4277,None_Existent,46.9,0.0,85.2,DARK,19.0,1022.0,42.0,1.0,céu claro,sem chuva,0,1,10,0,0
4278,Medium,38.1,21.3,85.3,LIGHT,21.0,1018.0,78.0,1.0,céu pouco nublado,sem chuva,10,5,8,1,0
4279,None_Existent,45.9,0.0,83.7,DARK,16.0,1020.0,88.0,2.0,céu claro,sem chuva,5,1,9,0,0
4280,None_Existent,46.9,0.0,83.2,DARK,13.0,1024.0,100.0,1.0,nuvens quebrados,sem chuva,6,5,11,1,0
4281,Very_High,41.5,62.3,77.8,LIGHT,12.0,1014.0,81.0,5.0,algumas nuvens,sem chuva,10,4,11,0,0
4282,None_Existent,40.1,0.0,84.2,DARK,20.0,1016.0,100.0,0.0,sem observação,sem chuva,23,6,8,1,0
4283,High,39.8,47.8,85.5,LIGHT,18.0,1008.0,93.0,8.0,sem observação,chuva moderada,14,5,9,1,0
4284,Medium,34.2,28.7,92.5,LIGHT,30.0,1016.0,28.0,3.0,céu claro,sem chuva,16,6,8,1,0
4285,Low,46.0,2.5,71.4,DARK,10.0,1010.0,100.0,3.0,nuvens quebradas,sem chuva,5,3,4,0,0
4286,Low,41.0,6.1,82.6,DARK,20.0,1013.0,69.0,1.0,céu claro,sem chuva,21,2,8,0,0
4287,Low,43.2,10.1,75.1,LIGHT,21.0,1019.0,64.0,2.0,sem observação,sem chuva,9,6,9,1,1
4288,Medium,34.2,33.8,80.3,LIGHT,17.0,1020.0,77.0,3.0,céu limpo,sem chuva,12,4,4,0,0
4289,High,38.9,70.3,73.4,LIGHT,22.0,1018.0,60.0,10.0,sem observação,sem chuva,16,4,5,0,0
4290,Medium,41.5,5.6,60.5,LIGHT,15.0,1020.0,51.0,4.0,sem observação,sem chuva,6,2,5,0,0
4291,None_Existent,38.2,3.5,81.7,DARK,7.0,1020.0,87.0,3.0,sem observação,sem chuva,0,2,1,0,0
4292,Medium,34.8,14.8,87.8,LIGHT,21.0,1017.0,83.0,3.0,nuvens dispersas,sem chuva,9,5,7,1,1
4293,Medium,38.4,8.9,64.1,LOW_LIGHT,18.0,1016.0,93.0,2.0,céu pouco nublado,sem chuva,20,0,6,0,0
4294,None_Existent,42.3,0.0,74.8,DARK,13.0,1016.0,87.0,10.0,sem observação,chuva fraca,6,3,11,0,0
4295,Medium,42.5,43.0,86.3,LIGHT,21.0,1018.0,64.0,7.0,algumas nuvens,sem chuva,16,1,7,0,0
4296,None_Existent,44.5,0.7,85.0,DARK,16.0,1018.0,100.0,0.0,sem observação,sem chuva,2,3,8,0,0
4297,Very_High,44.5,74.7,87.0,LIGHT,14.0,1022.0,100.0,0.0,sem observação,sem chuva,8,0,9,0,1
4298,High,53.9,5.9,76.3,DARK,13.0,1015.0,87.0,10.0,sem observação,chuva moderada,7,3,11,0,1
4299,Very_High,45.6,102.7,86.2,LOW_LIGHT,22.0,1017.0,43.0,3.0,céu claro,sem chuva,18,3,10,0,1
4300,Medium,37.4,32.0,88.2,LIGHT,16.0,1023.0,67.0,2.0,céu claro,sem chuva,15,1,11,0,0
4301,Low,40.6,19.3,80.4,LOW_LIGHT,18.0,1021.0,68.0,8.0,sem observação,sem chuva,19,1,9,0,1
4302,None_Existent,41.6,0.0,88.8,DARK,16.0,1020.0,39.0,6.0,céu claro,sem chuva,6,1,10,0,0
4303,None_Existent,41.1,0.0,89.1,DARK,7.0,1030.0,93.0,1.0,céu claro,sem chuva,22,0,2,0,0
4304,Medium,39.8,24.1,92.3,DARK,11.0,1022.0,71.0,2.0,céu claro,sem chuva,19,2,2,0,1
4305,None_Existent,42.7,0.0,79.3,DARK,19.0,1020.0,82.0,2.0,nuvens quebrados,sem chuva,0,0,7,0,0
4306,Medium,37.4,47.1,85.5,LIGHT,18.0,1017.0,82.0,4.0,algumas nuvens,sem chuva,15,1,10,0,0
4307,Medium,38.3,26.8,96.9,LIGHT,17.0,1021.0,52.0,2.0,céu claro,sem chuva,15,5,2,1,0
4308,Low,42.4,35.2,86.1,DARK,13.0,1011.0,58.0,2.0,céu claro,sem chuva,6,1,10,0,0
4309,Low,40.7,5.0,87.2,LIGHT,12.0,1022.0,93.0,6.0,nuvens quebrados,sem chuva,10,5,2,1,0
4310,Low,37.7,10.3,75.7,LIGHT,22.0,1021.0,49.0,4.0,sem observação,sem chuva,12,5,5,1,0
4311,None_Existent,42.1,0.0,75.4,DARK,13.0,1000.0,82.0,1.0,nuvens dispersas,sem chuva,5,1,11,0,0
4312,None_Existent,46.9,0.0,82.9,DARK,12.0,1021.0,100.0,1.0,sem observação,chuva fraca,6,5,9,1,0
4313,Low,38.3,15.3,78.7,LIGHT,14.0,1018.0,67.0,6.0,céu pouco nublado,sem chuva,13,4,5,0,0
4314,Medium,41.3,16.5,96.2,LIGHT,16.0,1028.0,77.0,5.0,nuvens quebrados,sem chuva,12,2,2,0,0
4315,None_Existent,42.8,5.8,76.8,DARK,17.0,1010.0,82.0,4.0,nuvens quebradas,sem chuva,1,5,9,1,0
4316,None_Existent,43.1,0.0,88.3,DARK,13.0,1016.0,93.0,0.0,céu claro,sem chuva,5,2,8,0,0
4317,Medium,41.4,28.7,89.4,LOW_LIGHT,13.0,1019.0,66.0,4.0,algumas nuvens,sem chuva,18,0,2,0,1
4318,High,40.8,42.4,81.8,LIGHT,18.0,1016.0,100.0,5.0,sem observação,sem chuva,9,0,7,0,1
4319,None_Existent,43.4,0.0,92.3,LIGHT,10.0,1017.0,93.0,0.0,céu claro,sem chuva,7,5,10,1,1
4320,Low,38.8,4.2,79.2,DARK,14.0,1019.0,100.0,4.0,sem observação,chuva fraca,0,6,4,1,0
4321,None_Existent,38.5,2.3,64.4,DARK,15.0,1012.0,100.0,5.0,sem observação,chuva fraca,22,3,5,0,0
4322,Low,48.2,1.3,67.9,DARK,16.0,1014.0,55.0,2.0,sem observação,sem chuva,4,1,5,0,0
4323,None_Existent,46.6,7.7,83.0,DARK,15.0,1013.0,87.0,5.0,nuvens quebrados,sem chuva,23,2,10,0,0
4324,None_Existent,44.6,0.0,80.8,DARK,13.0,1006.0,100.0,4.0,sem observação,chuva moderada,22,2,1,0,0
4325,Medium,45.4,3.6,69.8,LOW_LIGHT,14.0,1011.0,100.0,3.0,nuvens quebradas,sem chuva,6,2,5,0,0
4326,Low,38.3,8.5,64.6,DARK,16.0,1014.0,100.0,3.0,sem observação,sem chuva,4,2,6,0,0
4327,None_Existent,42.5,2.1,67.2,DARK,18.0,1017.0,100.0,1.0,nuvens dispersas,sem chuva,22,0,9,0,0
4328,None_Existent,46.2,0.0,80.5,DARK,13.0,1020.0,100.0,0.0,céu claro,sem chuva,2,5,8,1,0
4329,None_Existent,45.6,2.4,75.8,DARK,14.0,1011.0,76.0,6.0,nuvens quebrados,sem chuva,1,0,10,0,0
4330,Medium,40.6,14.4,84.4,LIGHT,25.0,1014.0,64.0,4.0,sem observação,sem chuva,18,6,9,1,1
4331,None_Existent,46.9,0.0,78.8,DARK,9.0,1013.0,100.0,2.0,nuvens dispersas,sem chuva,4,0,11,0,0
4332,High,44.0,28.2,72.3,LIGHT,20.0,1017.0,57.0,5.0,sem observação,sem chuva,8,3,8,0,1
4333,Very_High,44.3,75.3,72.2,LIGHT,15.0,1017.0,67.0,3.0,céu pouco nublado,sem chuva,18,2,6,0,1
4334,None_Existent,43.7,5.7,82.7,LIGHT,13.0,1010.0,100.0,0.0,sem observação,chuva moderada,11,6,11,1,0
4335,High,45.0,61.0,95.2,DARK,11.0,1025.0,100.0,0.0,nuvens dispersas,sem chuva,19,3,2,0,1
4336,Very_High,42.3,57.6,73.9,LIGHT,25.0,1014.0,27.0,2.0,sem observação,sem chuva,18,1,5,0,1
4337,None_Existent,39.7,0.0,84.7,LIGHT,21.0,1016.0,88.0,1.0,céu claro,sem chuva,7,5,8,1,1
4338,High,39.6,88.4,88.3,LIGHT,22.0,1016.0,64.0,6.0,céu claro,sem chuva,16,3,8,0,0
4339,Very_High,38.2,154.1,66.9,LIGHT,14.0,1019.0,71.0,3.0,nublado,sem chuva,9,0,5,0,1
4340,None_Existent,36.8,0.7,68.4,DARK,7.0,1031.0,100.0,0.0,nuvens dispersas,sem chuva,5,6,12,1,0
4341,Low,37.0,21.0,91.1,LIGHT,21.0,1020.0,77.0,2.0,céu claro,sem chuva,12,3,9,0,0
4342,High,41.9,54.2,86.6,LIGHT,26.0,1020.0,29.0,2.0,céu claro,sem chuva,17,1,10,0,1
4343,Low,44.3,9.9,72.7,DARK,19.0,1018.0,100.0,1.0,nuvens quebradas,sem chuva,0,5,8,1,0
4344,Low,37.2,10.2,85.8,LIGHT,24.0,1021.0,39.0,4.0,céu claro,sem chuva,13,0,10,0,0
4345,None_Existent,44.1,2.1,74.5,DARK,18.0,1019.0,64.0,1.0,sem observação,sem chuva,1,4,5,0,0
4346,Medium,34.6,13.2,66.8,LIGHT,15.0,1015.0,77.0,3.0,céu pouco nublado,sem chuva,19,2,5,0,1
4347,None_Existent,42.7,4.5,62.5,DARK,18.0,1021.0,72.0,1.0,sem observação,sem chuva,0,3,5,0,0
4348,Medium,34.9,43.0,79.7,LIGHT,19.0,1026.0,82.0,6.0,céu pouco nublado,sem chuva,17,5,4,1,1
4349,Medium,39.4,27.2,88.4,LIGHT,20.0,1021.0,73.0,1.0,sem observação,sem chuva,10,3,8,0,0
4350,Medium,35.3,10.8,87.1,LIGHT,25.0,1019.0,73.0,6.0,sem observação,sem chuva,13,6,7,1,0
4351,Medium,37.8,23.9,91.2,DARK,22.0,1016.0,83.0,1.0,céu claro,sem chuva,21,5,8,1,0
4352,Low,43.0,12.8,77.9,DARK,17.0,1015.0,82.0,1.0,sem observação,sem chuva,5,4,8,0,0
4353,Low,43.9,10.4,86.6,DARK,18.0,1015.0,88.0,2.0,sem observação,sem chuva,2,0,9,0,0
4354,Medium,38.3,24.7,83.8,LIGHT,19.0,1017.0,82.0,2.0,nuvens quebradas,sem chuva,13,3,9,0,0
4355,None_Existent,45.2,0.0,87.4,DARK,18.0,1012.0,77.0,2.0,sem observação,sem chuva,5,5,9,1,0
4356,Very_High,46.5,79.5,78.3,DARK,8.0,1018.0,93.0,2.0,nuvens quebrados,sem chuva,19,4,1,0,1
4357,Medium,34.8,18.8,89.4,LIGHT,12.0,1027.0,93.0,2.0,sem observação,chuva,13,3,2,0,0
4358,Very_High,43.1,126.0,81.6,LIGHT,14.0,1021.0,100.0,4.0,céu pouco nublado,sem chuva,9,3,9,0,1
4359,Medium,39.3,19.7,71.8,DARK,12.0,1011.0,77.0,4.0,céu claro,sem chuva,2,5,11,1,0
4360,None_Existent,40.6,0.0,78.3,DARK,9.0,1012.0,93.0,4.0,nuvens quebrados,sem chuva,1,4,11,0,0
4361,Medium,40.3,21.8,90.2,LIGHT,19.0,1017.0,55.0,4.0,céu claro,sem chuva,17,6,10,1,1
4362,Very_High,42.2,53.7,73.7,LIGHT,25.0,1017.0,68.0,7.0,sem observação,sem chuva,16,4,6,0,0
4363,Low,34.4,10.7,74.5,LOW_LIGHT,18.0,1017.0,88.0,2.0,céu pouco nublado,sem chuva,20,2,6,0,0
4364,None_Existent,36.0,2.3,88.2,DARK,12.0,1026.0,82.0,4.0,céu claro,sem chuva,21,3,2,0,0
4365,Very_High,43.1,76.2,77.9,LIGHT,12.0,1019.0,93.0,3.0,nuvens quebrados,sem chuva,9,1,1,0,1
4366,High,39.7,39.4,76.0,LIGHT,14.0,1019.0,82.0,5.0,céu pouco nublado,sem chuva,17,2,4,0,1
4367,Medium,48.2,5.4,85.2,LOW_LIGHT,15.0,1015.0,100.0,1.0,sem observação,sem chuva,6,2,7,0,0
4368,Low,35.3,4.3,85.1,LIGHT,21.0,1016.0,35.0,6.0,céu claro,sem chuva,12,0,10,0,0
4369,None_Existent,46.6,0.0,85.3,DARK,17.0,1012.0,93.0,2.0,algumas nuvens,sem chuva,4,1,8,0,0
4370,Medium,40.9,26.5,80.9,LIGHT,12.0,1020.0,100.0,4.0,sem observação,chuva moderada,14,1,1,0,0
4371,None_Existent,51.2,0.0,76.9,DARK,17.0,1017.0,100.0,4.0,sem observação,sem chuva,22,3,7,0,0
4372,Medium,41.1,27.6,84.3,LIGHT,24.0,1016.0,94.0,4.0,nuvens quebradas,sem chuva,18,5,8,1,1
4373,Low,42.5,4.4,62.5,DARK,13.0,1020.0,100.0,1.0,nuvens quebradas,sem chuva,1,3,5,0,0
4374,Medium,37.1,45.0,89.6,LIGHT,20.0,1011.0,72.0,5.0,nuvens dispersas,sem chuva,15,3,10,0,0
4375,Low,31.1,15.5,94.6,LIGHT,16.0,1022.0,77.0,7.0,nuvens quebradas,sem chuva,13,6,3,1,0
4376,None_Existent,41.8,0.0,88.0,DARK,5.0,1028.0,87.0,1.0,céu claro,sem chuva,3,0,2,0,0
4377,None_Existent,43.3,0.0,86.6,DARK,19.0,1017.0,93.0,3.0,tempo nublado,sem chuva,0,1,8,0,0
4378,None_Existent,47.2,1.7,73.2,LOW_LIGHT,18.0,1013.0,100.0,3.0,sem observação,sem chuva,6,3,7,0,0
4379,Very_High,41.2,73.7,71.8,LIGHT,20.0,1016.0,77.0,6.0,sem observação,sem chuva,17,1,5,0,1
4380,None_Existent,44.9,3.3,79.0,DARK,15.0,1018.0,93.0,1.0,sem observação,sem chuva,3,5,9,1,0
4381,High,39.6,42.4,87.8,LIGHT,16.0,1016.0,93.0,1.0,sem observação,sem chuva,9,1,10,0,1
4382,Medium,36.4,18.9,69.8,LIGHT,11.0,1018.0,87.0,2.0,nuvens quebrados,sem chuva,13,2,1,0,0
4383,None_Existent,45.5,1.5,71.3,LIGHT,13.0,1021.0,100.0,1.0,sem observação,sem chuva,8,5,9,1,1
4384,Medium,37.0,27.0,90.6,LIGHT,18.0,1016.0,88.0,1.0,sem observação,sem chuva,10,3,9,0,0
4385,Very_High,43.9,135.9,81.2,LIGHT,15.0,1013.0,100.0,2.0,nublado,sem chuva,8,4,9,0,1
4386,None_Existent,47.0,2.3,71.8,DARK,13.0,1011.0,87.0,6.0,nuvens dispersas,sem chuva,22,6,11,1,0
4387,None_Existent,43.2,0.0,81.6,DARK,18.0,1013.0,93.0,1.0,céu claro,sem chuva,3,4,9,0,0
4388,Low,37.6,14.4,89.5,DARK,16.0,1020.0,82.0,3.0,céu claro,sem chuva,21,4,8,0,0
4389,Low,40.9,10.4,90.3,DARK,17.0,1019.0,93.0,0.0,sem observação,sem chuva,19,5,9,1,1
4390,High,40.5,60.6,76.5,DARK,14.0,1023.0,100.0,2.0,sem observação,sem chuva,19,0,12,0,1
4391,High,47.3,11.3,77.4,DARK,12.0,1003.0,100.0,3.0,sem observação,chuva moderada,18,6,11,1,1
4392,Very_High,44.3,71.3,75.7,DARK,13.0,1013.0,82.0,4.0,nuvens quebrados,sem chuva,17,4,11,0,1
4393,None_Existent,38.2,2.1,69.2,DARK,9.0,1016.0,100.0,0.0,céu pouco nublado,sem chuva,6,1,4,0,0
4394,None_Existent,43.0,0.0,87.8,DARK,17.0,1017.0,100.0,5.0,sem observação,sem chuva,0,4,7,0,0
4395,Medium,34.6,13.5,75.8,LIGHT,27.0,1015.0,30.0,3.0,sem observação,sem chuva,13,1,5,0,0
4396,Low,46.0,5.5,78.2,LIGHT,13.0,1008.0,93.0,4.0,sem observação,chuva moderada,16,6,11,1,0
4397,Low,47.8,2.4,79.1,DARK,17.0,1016.0,100.0,1.0,céu pouco nublado,sem chuva,1,1,7,0,0
4398,None_Existent,42.0,0.0,76.0,DARK,9.0,1022.0,100.0,3.0,nuvens quebrados,sem chuva,4,1,1,0,0
4399,Low,49.5,1.1,63.6,DARK,16.0,1016.0,93.0,0.0,nuvens quebradas,sem chuva,2,3,6,0,0
4400,High,40.0,97.2,88.3,LIGHT,24.0,1013.0,78.0,2.0,sem observação,sem chuva,17,1,7,0,1
4401,None_Existent,42.9,0.0,88.3,DARK,21.0,1012.0,69.0,0.0,céu claro,sem chuva,2,6,9,1,0
4402,Very_High,45.6,88.6,61.7,LIGHT,17.0,1017.0,93.0,1.0,nuvens quebradas,sem chuva,8,3,6,0,1
4403,High,36.5,64.5,76.4,LIGHT,18.0,1015.0,68.0,4.0,céu pouco nublado,sem chuva,16,1,6,0,0
4404,None_Existent,45.1,1.0,84.5,DARK,15.0,1017.0,93.0,3.0,céu claro,sem chuva,4,4,8,0,0
4405,High,37.4,73.1,85.5,LIGHT,25.0,1016.0,47.0,5.0,céu claro,sem chuva,16,5,10,1,0
4406,High,41.4,28.8,82.0,LIGHT,13.0,1012.0,82.0,7.0,nuvens dispersas,sem chuva,10,5,11,1,0
4407,High,41.3,39.2,87.9,DARK,13.0,1027.0,87.0,2.0,nuvens dispersas,sem chuva,19,4,3,0,1
4408,High,40.0,35.4,83.3,LIGHT,17.0,1013.0,77.0,2.0,algumas nuvens,sem chuva,16,4,10,0,0
4409,Low,40.1,5.2,91.2,DARK,18.0,1018.0,72.0,4.0,sem observação,sem chuva,6,3,9,0,0
4410,High,40.9,69.1,95.9,LIGHT,8.0,1030.0,54.0,4.0,céu claro,sem chuva,10,1,2,0,0
4411,Medium,36.9,32.9,92.3,LIGHT,23.0,1015.0,69.0,2.0,algumas nuvens,sem chuva,18,2,8,0,1
4412,None_Existent,39.3,7.7,90.9,DARK,4.0,1021.0,87.0,3.0,céu claro,sem chuva,1,2,2,0,0
4413,High,36.3,36.9,65.9,LIGHT,21.0,1018.0,93.0,3.0,nublado,sem chuva,14,0,6,0,0
4414,Medium,43.8,16.4,86.5,LIGHT,19.0,1018.0,77.0,4.0,céu claro,sem chuva,19,5,8,1,1
4415,Low,40.0,18.9,88.8,LIGHT,15.0,1015.0,82.0,6.0,nuvens dispersas,sem chuva,13,6,10,1,0
4416,None_Existent,41.6,0.0,74.3,DARK,11.0,1014.0,100.0,2.0,sem observação,chuva fraca,5,2,5,0,0
4417,High,33.9,35.5,86.3,LIGHT,18.0,1019.0,93.0,5.0,sem observação,sem chuva,11,2,8,0,0
4418,Medium,37.9,32.8,83.2,LIGHT,29.0,1019.0,64.0,4.0,sem observação,sem chuva,14,2,9,0,0
4419,None_Existent,42.0,0.0,76.1,DARK,11.0,1014.0,93.0,5.0,nuvens dispersas,sem chuva,3,5,11,1,0
4420,Very_High,44.9,84.3,82.0,LIGHT,11.0,1012.0,93.0,1.0,algumas nuvens,sem chuva,8,2,11,0,1
4421,High,41.1,37.5,81.7,LIGHT,20.5,1016.0,72.5,2.0,nuvens quebrados,sem chuva,10,4,7,0,0
4422,Low,42.0,17.6,90.6,LIGHT,18.0,1016.0,52.0,2.0,céu claro,sem chuva,12,4,10,0,0
4423,High,33.7,52.2,65.2,LIGHT,17.0,1016.0,82.0,3.0,nuvens quebradas,sem chuva,10,2,6,0,0
4424,Medium,40.7,27.5,85.2,DARK,16.0,1011.0,93.0,5.0,nuvens quebrados,sem chuva,17,5,11,1,1
4425,None_Existent,42.8,5.0,86.2,DARK,10.0,1006.0,93.0,1.0,sem observação,chuva,0,2,10,0,0
4426,Medium,37.9,25.2,96.4,LIGHT,12.0,1029.0,50.0,2.0,céu claro,sem chuva,15,6,2,1,0
4427,Medium,36.2,34.2,71.6,LIGHT,14.0,1023.0,100.0,5.0,sem observação,sem chuva,16,0,12,0,0
4428,Very_High,46.5,97.2,63.2,LIGHT,12.0,1017.0,87.0,1.0,sem observação,sem chuva,7,2,5,0,1
4429,None_Existent,42.8,0.0,86.2,DARK,16.0,1022.0,93.0,0.0,céu claro,sem chuva,1,0,9,0,0
4430,Low,42.2,11.7,84.3,DARK,14.0,1021.0,93.0,3.0,sem observação,sem chuva,19,3,11,0,1
4431,Very_High,41.8,121.4,75.5,LIGHT,24.0,1022.0,34.0,5.0,sem observação,sem chuva,9,3,5,0,1
4432,None_Existent,40.4,0.0,86.0,DARK,14.0,1005.0,55.0,5.0,céu claro,sem chuva,1,2,10,0,0
4433,Medium,41.8,16.2,88.6,LIGHT,14.0,1017.0,100.0,2.0,sem observação,sem chuva,8,1,8,0,1
4434,Medium,33.6,25.3,92.7,LIGHT,11.0,1021.0,57.0,6.0,algumas nuvens,sem chuva,13,5,2,1,0
4435,Low,39.7,7.9,93.1,DARK,18.0,1013.0,100.0,4.0,sem observação,chuva fraca,4,4,8,0,0
4436,None_Existent,34.4,4.6,94.0,DARK,10.0,1026.0,100.0,1.0,nuvens quebradas,sem chuva,23,5,3,1,0
4437,Medium,33.9,24.1,93.4,LIGHT,22.0,1016.0,60.0,4.0,céu claro,sem chuva,13,2,8,0,0
4438,Low,33.2,13.2,81.4,LIGHT,16.0,1001.0,63.0,4.0,sem observação,chuva fraca,11,6,11,1,0
4439,None_Existent,43.0,2.5,80.0,DARK,16.0,1015.0,100.0,1.0,sem observação,sem chuva,5,1,9,0,0
4440,Medium,35.9,32.9,99.4,LIGHT,17.0,1026.0,42.0,2.0,céu claro,sem chuva,17,2,2,0,1
4441,High,39.5,124.8,72.1,LIGHT,13.0,1017.0,71.0,6.0,nuvens dispersas,sem chuva,9,4,5,0,1
4442,Low,47.2,9.4,76.1,DARK,17.0,1020.0,93.0,3.0,sem observação,sem chuva,23,3,8,0,0
4443,None_Existent,45.5,0.0,65.2,DARK,11.0,1013.0,87.0,3.0,sem observação,sem chuva,2,3,6,0,0
4444,Medium,37.1,29.5,90.1,LIGHT,20.0,1011.0,68.0,5.0,nuvens dispersas,sem chuva,14,3,10,0,0
4445,High,42.8,45.1,77.5,LIGHT,16.0,1024.0,42.0,8.0,céu claro,sem chuva,9,1,10,0,1
4446,Medium,39.2,12.9,90.1,LIGHT,16.0,1018.0,88.0,2.0,nuvens dispersas,sem chuva,10,6,8,1,0
4447,High,40.7,34.3,87.5,DARK,15.0,1007.0,82.0,12.0,nuvens quebrados,sem chuva,17,1,11,0,1
4448,Medium,37.7,48.7,91.3,LIGHT,33.0,1017.0,24.0,5.0,céu claro,sem chuva,12,0,8,0,0
4449,Medium,40.0,16.9,87.9,DARK,20.0,1020.0,49.0,1.0,céu claro,sem chuva,19,1,10,0,1
4450,None_Existent,38.1,2.3,64.2,DARK,13.0,1020.0,93.0,4.0,sem observação,sem chuva,2,4,5,0,0
4451,Low,39.4,5.6,85.3,DARK,12.0,1026.0,100.0,0.0,nuvens dispersas,sem chuva,21,4,11,0,0
4452,None_Existent,40.0,0.0,76.3,DARK,17.0,1015.0,100.0,3.0,sem observação,sem chuva,5,0,7,0,0
4453,None_Existent,40.9,2.2,81.2,DARK,18.0,1020.0,88.0,1.0,nuvens quebradas,sem chuva,20,6,9,1,0
4454,Very_High,46.5,150.3,73.0,LIGHT,12.0,1022.0,100.0,2.0,céu pouco nublado,sem chuva,8,4,9,0,1
4455,Medium,39.8,65.5,89.6,LIGHT,20.0,1016.0,82.0,3.0,algumas nuvens,sem chuva,12,2,8,0,0
4456,High,40.0,27.1,87.4,LIGHT,14.0,1020.0,87.0,0.0,céu claro,sem chuva,7,1,9,0,1
4457,None_Existent,40.0,0.0,68.3,DARK,16.0,1016.0,100.0,0.0,nuvens quebradas,sem chuva,3,3,6,0,0
4458,Medium,35.2,29.1,80.9,LIGHT,22.0,1014.0,60.0,3.0,céu claro,sem chuva,15,3,11,0,0
4459,Medium,40.0,10.1,81.7,DARK,17.0,1016.0,100.0,2.0,nuvens quebradas,sem chuva,2,2,7,0,0
4460,Medium,38.4,18.2,85.5,LIGHT,19.0,1021.0,82.0,5.0,sem observação,sem chuva,19,5,8,1,1
4461,None_Existent,47.0,0.0,83.0,DARK,4.0,1029.0,93.0,1.0,céu claro,sem chuva,4,0,2,0,0
4462,None_Existent,37.7,0.0,90.7,DARK,8.0,1029.0,100.0,1.0,algumas nuvens,sem chuva,21,1,2,0,0
4463,Medium,38.9,27.8,88.4,LIGHT,14.0,1009.0,93.0,4.0,tempo nublado,sem chuva,15,5,1,1,0
4464,None_Existent,43.8,7.3,86.3,DARK,19.0,1018.0,93.0,1.0,nuvens quebrados,sem chuva,3,1,7,0,0
4465,High,42.4,28.4,69.9,LIGHT,12.0,1022.0,100.0,2.0,sem observação,sem chuva,10,1,12,0,0
4466,Low,36.6,9.4,67.8,LIGHT,26.0,1019.0,24.0,5.0,sem observação,sem chuva,12,0,5,0,0
4467,None_Existent,42.8,3.2,85.7,DARK,15.0,1022.0,100.0,1.0,sem observação,sem chuva,5,0,9,0,0
4468,High,41.4,130.7,77.4,DARK,15.0,1030.0,93.0,2.0,céu claro,sem chuva,17,6,12,1,1
4469,Medium,41.9,8.5,65.3,LOW_LIGHT,11.0,1016.0,82.0,4.0,céu claro,sem chuva,7,4,11,0,1
4470,Medium,42.8,26.3,83.8,LOW_LIGHT,18.0,1008.0,72.0,2.0,nuvens dispersas,sem chuva,19,6,4,1,1
4471,None_Existent,42.1,0.0,75.9,DARK,10.0,985.0,100.0,0.0,nuvens quebrados,sem chuva,6,0,11,0,0
4472,Low,36.8,16.4,92.9,LIGHT,22.0,1016.0,78.0,5.0,algumas nuvens,sem chuva,13,3,7,0,0
4473,None_Existent,34.7,3.6,84.4,DARK,9.0,1027.0,87.0,2.0,algumas nuvens,sem chuva,1,4,2,0,0
4474,None_Existent,39.6,1.8,71.0,DARK,11.0,1013.0,81.0,7.0,nuvens dispersas,sem chuva,2,6,1,1,0
4475,None_Existent,37.4,0.0,93.0,DARK,8.0,1020.0,81.0,3.0,céu claro,sem chuva,5,6,2,1,0
4476,Low,51.1,1.3,79.3,DARK,12.0,1020.0,93.0,2.0,sem observação,chuva fraca,2,0,3,0,0
4477,High,39.8,34.2,91.5,LIGHT,28.0,1014.0,61.0,2.0,céu claro,sem chuva,11,3,8,0,0
4478,Low,43.9,13.3,78.6,LIGHT,16.0,1023.0,59.0,3.0,céu claro,sem chuva,13,1,11,0,0
4479,Medium,38.4,28.7,84.5,LIGHT,27.0,1015.0,44.0,5.0,céu claro,sem chuva,18,5,8,1,1
4480,None_Existent,42.4,0.0,76.2,DARK,16.0,1020.0,55.0,0.0,céu claro,sem chuva,22,2,10,0,0
4481,None_Existent,40.2,4.9,67.8,DARK,17.0,1021.0,100.0,2.0,nuvens dispersas,sem chuva,23,6,6,1,0
4482,None_Existent,47.0,0.0,75.2,DARK,15.0,1021.0,100.0,1.0,nuvens quebradas,sem chuva,0,3,9,0,0
4483,Very_High,48.1,84.4,60.4,LIGHT,10.0,1014.0,93.0,1.0,céu pouco nublado,sem chuva,7,4,6,0,1
4484,Medium,35.8,27.9,98.9,DARK,11.0,1026.0,76.0,3.0,algumas nuvens,sem chuva,19,6,2,1,1
4485,None_Existent,41.4,0.0,86.4,DARK,4.0,1030.0,93.0,1.0,céu claro,sem chuva,22,6,2,1,0
4486,None_Existent,38.6,4.6,84.5,DARK,17.0,1016.0,40.0,4.0,sem observação,sem chuva,2,6,9,1,0
4487,None_Existent,45.8,0.0,82.8,DARK,14.0,1018.0,93.0,1.0,nuvens dispersas,sem chuva,3,6,7,1,0
4488,None_Existent,38.9,2.5,77.1,DARK,15.0,1013.0,77.0,3.0,céu claro,sem chuva,23,4,11,0,0
4489,Low,34.4,23.8,103.9,LIGHT,14.0,1013.0,77.0,10.0,céu pouco nublado,sem chuva,11,1,3,0,0
4490,Medium,34.1,26.0,79.5,LIGHT,18.0,1025.0,37.0,5.0,sem observação,sem chuva,14,0,12,0,0
4491,Medium,36.0,12.5,86.5,LIGHT,15.0,1031.0,82.0,2.0,céu claro,sem chuva,13,6,12,1,0
4492,None_Existent,46.3,0.0,77.9,DARK,15.0,1021.0,82.0,2.0,céu claro,sem chuva,21,0,10,0,0
4493,None_Existent,40.0,0.0,77.2,DARK,18.0,1018.0,53.0,4.0,sem observação,sem chuva,4,4,5,0,0
4494,Low,35.3,13.8,87.9,DARK,7.0,1010.0,81.0,3.0,céu claro,sem chuva,23,5,10,1,0
4495,Medium,43.6,14.0,70.1,LIGHT,13.0,1011.0,76.0,8.0,sem observação,chuva moderada,13,3,11,0,0
4496,High,43.5,29.9,86.0,LIGHT,25.0,1012.0,44.0,5.0,algumas nuvens,sem chuva,16,4,9,0,0
4497,Low,32.9,18.5,75.3,DARK,14.0,1023.0,93.0,2.0,nuvens quebrados,sem chuva,20,0,12,0,0
4498,Medium,37.8,31.6,84.5,LIGHT,20.0,1016.0,73.0,2.0,nuvens dispersas,sem chuva,16,5,9,1,0
4499,Medium,39.9,7.1,64.6,LIGHT,11.0,1015.0,100.0,6.0,sem observação,chuva fraca,6,2,6,0,0
4500,None_Existent,39.3,2.7,70.9,DARK,11.0,1022.0,76.0,4.0,tempo nublado,sem chuva,3,2,11,0,0
4501,Medium,37.8,22.5,79.5,LIGHT,27.0,1015.0,20.0,5.0,sem observação,sem chuva,12,1,5,0,0
4502,None_Existent,41.7,0.0,87.3,DARK,17.0,1016.0,93.0,3.0,céu claro,sem chuva,2,2,8,0,0
4503,Medium,31.7,35.1,99.1,LIGHT,15.0,1030.0,82.0,4.0,algumas nuvens,sem chuva,16,3,2,0,0
4504,Medium,41.7,30.5,87.8,LIGHT,20.0,1021.0,64.0,6.0,céu claro,sem chuva,18,4,8,0,1
4505,None_Existent,43.2,0.0,90.0,DARK,21.0,1016.0,35.0,3.0,céu claro,sem chuva,6,6,8,1,0
4506,None_Existent,47.3,0.0,71.3,DARK,13.0,1010.0,82.0,1.0,céu limpo,sem chuva,2,0,4,0,0
4507,Medium,42.2,8.8,65.8,LIGHT,16.0,1014.0,26.0,4.0,sem observação,sem chuva,6,1,5,0,0
4508,Medium,34.8,60.6,87.6,DARK,16.0,1014.0,100.0,1.0,nuvens dispersas,sem chuva,0,0,6,0,0
4509,None_Existent,38.3,4.0,64.2,DARK,19.0,1020.0,63.0,1.0,sem observação,sem chuva,1,0,5,0,0
4510,Low,51.2,15.2,74.9,DARK,19.0,1017.0,82.0,3.0,sem observação,sem chuva,0,2,8,0,0
4511,High,37.8,48.9,65.3,LIGHT,22.0,1018.0,68.0,2.0,sem observação,sem chuva,15,4,6,0,0
4512,High,40.0,56.8,87.4,LIGHT,25.0,1024.0,38.0,3.0,céu claro,sem chuva,17,1,10,0,1
4513,High,39.2,139.1,73.2,LIGHT,19.0,1020.0,67.0,7.0,sem observação,sem chuva,15,0,6,0,0
4514,Low,40.7,21.2,77.2,DARK,17.0,1021.0,88.0,3.0,sem observação,sem chuva,23,5,8,1,0
4515,Medium,36.3,21.6,78.6,DARK,17.0,1020.0,82.0,4.0,sem observação,sem chuva,21,5,5,1,0
4516,None_Existent,51.0,2.1,69.7,DARK,10.0,1012.0,87.0,6.0,sem observação,sem chuva,22,3,11,0,0
4517,Medium,37.3,24.7,88.2,DARK,13.0,1019.0,82.0,2.0,algumas nuvens,sem chuva,17,0,11,0,1
4518,Medium,39.6,37.4,88.3,LIGHT,16.0,1017.0,100.0,1.0,sem observação,sem chuva,10,0,9,0,0
4519,Medium,38.4,21.9,87.1,DARK,11.0,1024.0,76.0,2.0,algumas nuvens,sem chuva,20,4,2,0,0
4520,None_Existent,43.7,2.4,77.8,LIGHT,18.0,1015.0,100.0,3.0,nublado,sem chuva,8,5,7,1,1
4521,None_Existent,48.0,0.0,70.4,DARK,4.0,1020.0,93.0,2.0,céu claro,sem chuva,4,5,1,1,0
4522,High,40.7,83.6,83.1,LIGHT,22.0,1014.0,100.0,5.0,sem observação,sem chuva,18,4,7,0,1
4523,None_Existent,38.7,0.0,71.3,DARK,10.0,1016.0,100.0,0.0,céu pouco nublado,sem chuva,5,1,4,0,0
4524,Low,40.5,3.8,60.5,DARK,12.0,1016.0,87.0,2.0,nuvens dispersas,sem chuva,0,1,5,0,0
4525,Low,38.8,9.7,87.9,LIGHT,15.0,1029.0,42.0,3.0,céu claro,sem chuva,14,1,2,0,0
4526,None_Existent,44.0,1.3,85.5,DARK,12.0,1019.0,93.0,0.0,céu claro,sem chuva,4,3,8,0,0
4527,None_Existent,42.3,0.0,75.4,DARK,7.0,1019.0,87.0,0.0,nuvens quebrados,sem chuva,23,4,1,0,0
4528,Low,42.7,12.1,81.4,DARK,21.0,1018.0,77.0,1.0,sem observação,sem chuva,22,4,9,0,0
4529,High,40.4,96.9,77.9,DARK,13.0,1003.0,82.0,1.0,sem observação,chuva moderada,18,1,11,0,1
4530,Medium,34.7,36.6,83.4,LIGHT,13.0,1024.0,62.0,3.0,algumas nuvens,sem chuva,16,0,1,0,0
4531,Medium,37.0,24.2,90.6,LIGHT,22.0,1022.0,22.0,6.0,céu claro,sem chuva,10,2,10,0,0
4532,Medium,36.0,52.1,68.3,LIGHT,6.0,1022.0,87.0,3.0,céu claro,sem chuva,10,3,1,0,0
4533,None_Existent,44.2,3.5,88.3,DARK,16.0,1021.0,38.0,3.0,céu claro,sem chuva,0,2,10,0,0
4534,None_Existent,47.0,0.0,81.7,DARK,7.0,1011.0,75.0,7.0,sem observação,chuva moderada,3,5,2,1,0
4535,Medium,36.8,47.7,91.5,LIGHT,22.0,1019.0,88.0,3.0,nuvens quebrados,sem chuva,16,0,7,0,0
4536,Medium,40.4,44.8,89.8,LIGHT,20.0,1022.0,32.0,7.0,céu claro,sem chuva,10,1,10,0,0
4537,None_Existent,40.4,0.0,66.8,DARK,14.0,1014.0,100.0,1.0,sem observação,sem chuva,5,2,5,0,0
4538,Medium,47.8,5.6,72.6,DARK,13.0,1022.0,100.0,1.0,sem observação,sem chuva,7,1,12,0,1
4539,None_Existent,42.3,1.7,84.3,DARK,11.0,1001.0,93.0,4.0,nuvens quebrados,sem chuva,4,0,11,0,0
4540,Medium,38.9,22.9,85.8,LIGHT,19.0,1022.0,88.0,2.0,nuvens quebradas,sem chuva,13,2,9,0,0
4541,None_Existent,37.7,0.0,64.8,DARK,12.0,1021.0,93.0,1.0,sem observação,sem chuva,1,6,6,1,0
4542,None_Existent,43.1,0.0,91.2,DARK,14.0,1022.0,100.0,1.0,sem observação,sem chuva,1,4,9,0,0
4543,High,36.9,52.3,90.5,LIGHT,22.0,1016.0,73.0,3.0,nuvens quebrados,sem chuva,17,0,8,0,1
4544,None_Existent,45.3,0.0,84.6,DARK,18.0,1016.0,93.0,4.0,tempo nublado,sem chuva,2,1,8,0,0
4545,Medium,31.5,24.4,95.8,LIGHT,13.0,1029.0,50.0,1.0,céu claro,sem chuva,14,0,2,0,0
4546,None_Existent,44.8,0.0,84.4,DARK,17.0,1016.0,100.0,2.0,sem observação,sem chuva,2,3,8,0,0
4547,Very_High,46.8,62.5,80.1,LIGHT,4.0,1029.0,70.0,5.0,céu claro,sem chuva,8,2,2,0,1
4548,High,42.6,63.0,79.3,LIGHT,13.0,1003.0,93.0,1.0,nuvens quebrados,sem chuva,10,0,11,0,0
4549,Low,45.9,7.7,72.7,DARK,16.0,1019.0,87.0,7.0,céu pouco nublado,sem chuva,20,0,9,0,0
4550,Medium,38.8,33.9,84.2,LIGHT,22.0,1018.0,77.0,3.0,nuvens quebradas,sem chuva,12,0,9,0,0
4551,None_Existent,39.2,0.0,90.9,DARK,8.0,1026.0,93.0,2.0,tempo nublado,sem chuva,4,3,2,0,0
4552,Very_High,41.2,174.8,76.3,LIGHT,15.0,1013.0,63.0,3.0,sem observação,sem chuva,10,3,6,0,0
4553,None_Existent,41.3,0.0,75.2,DARK,15.0,1018.0,71.0,2.0,céu limpo,sem chuva,5,5,4,1,0
4554,High,36.6,67.7,87.7,LIGHT,17.0,1014.0,93.0,8.0,nublado,sem chuva,17,1,5,0,1
4555,Medium,44.0,16.5,78.9,DARK,18.0,1017.0,88.0,2.0,sem observação,sem chuva,1,3,8,0,0
4556,Medium,52.5,3.1,61.2,DARK,11.0,1016.0,82.0,2.0,nuvens quebradas,sem chuva,2,1,5,0,0
4557,None_Existent,39.9,0.0,68.7,DARK,17.0,1015.0,88.0,1.0,nuvens quebradas,sem chuva,23,0,6,0,0
4558,Very_High,46.1,74.5,79.4,LIGHT,14.0,1021.0,53.0,5.0,céu claro,sem chuva,7,2,10,0,1
4559,High,36.8,52.0,92.2,LIGHT,22.0,1022.0,73.0,4.0,céu claro,sem chuva,16,5,9,1,0
4560,None_Existent,47.7,2.1,75.2,DARK,15.0,1017.0,100.0,1.0,sem observação,sem chuva,2,6,9,1,0
4561,Low,51.1,1.3,69.5,DARK,10.0,1022.0,93.0,2.0,sem observação,aguaceiros fracos,2,4,4,0,0
4562,None_Existent,45.3,1.5,77.4,DARK,14.0,1021.0,100.0,1.0,nuvens dispersas,sem chuva,3,5,9,1,0
4563,High,34.3,119.9,72.8,LIGHT,19.0,1017.0,82.0,4.0,nuvens dispersas,sem chuva,15,3,6,0,0
4564,Medium,38.9,13.9,90.9,DARK,15.0,1027.0,71.0,1.0,céu claro,sem chuva,20,0,2,0,0
4565,High,32.8,61.8,99.1,LIGHT,22.0,1026.0,30.0,7.0,céu claro,sem chuva,17,4,2,0,1
4566,High,37.0,37.5,93.0,LOW_LIGHT,13.0,1029.0,87.0,4.0,algumas nuvens,sem chuva,18,3,2,0,1
4567,None_Existent,43.8,0.0,86.3,LOW_LIGHT,17.0,1013.0,93.0,0.0,céu claro,sem chuva,6,3,8,0,0
4568,Medium,34.5,23.4,80.4,LIGHT,20.0,1015.0,88.0,3.0,céu pouco nublado,sem chuva,11,2,5,0,0
4569,Medium,42.1,23.2,89.5,LIGHT,33.0,1016.0,51.0,3.0,céu claro,sem chuva,16,4,8,0,0
4570,Very_High,40.4,129.1,78.1,LIGHT,20.0,1022.0,43.0,5.0,sem observação,sem chuva,9,2,5,0,1
4571,Medium,37.1,40.3,89.6,LIGHT,19.0,1015.0,73.0,3.0,algumas nuvens,sem chuva,14,3,9,0,0
4572,None_Existent,39.8,0.0,89.6,DARK,16.0,1018.0,87.0,0.0,céu claro,sem chuva,23,1,7,0,0
4573,Medium,43.1,29.5,84.7,DARK,10.0,1022.0,76.0,4.0,céu claro,sem chuva,19,3,1,0,1
4574,Low,44.0,5.5,79.6,DARK,16.0,1018.0,100.0,3.0,nuvens quebradas,sem chuva,3,2,8,0,0
4575,None_Existent,42.5,0.0,89.1,DARK,14.0,1020.0,93.0,2.0,céu claro,sem chuva,1,3,8,0,0
4576,Low,38.8,15.8,88.8,LIGHT,28.0,1015.0,65.0,2.0,céu claro,sem chuva,15,6,8,1,0
4577,None_Existent,39.2,5.6,79.9,DARK,16.0,1005.0,59.0,3.0,céu claro,sem chuva,20,5,11,1,0
4578,High,40.2,107.4,90.8,LIGHT,22.0,1017.0,64.0,8.0,sem observação,sem chuva,17,0,8,0,1
4579,None_Existent,39.3,0.0,78.5,LIGHT,16.0,1021.0,82.0,3.0,sem observação,sem chuva,9,0,6,0,1
4580,None_Existent,41.6,0.0,75.9,DARK,14.0,1011.0,100.0,4.0,nuvens quebradas,sem chuva,5,2,5,0,0
4581,Medium,34.4,39.4,74.6,LIGHT,19.0,1020.0,88.0,2.0,nuvens quebradas,sem chuva,10,0,7,0,0
4582,Medium,48.5,9.2,84.9,DARK,14.0,1002.0,93.0,12.0,sem observação,chuva moderada,22,5,10,1,0
4583,None_Existent,36.1,0.0,87.8,DARK,9.0,1010.0,100.0,2.0,céu claro,sem chuva,22,2,10,0,0
4584,Medium,33.2,34.9,88.1,LIGHT,20.0,1007.0,60.0,4.0,céu claro,sem chuva,15,5,11,1,0
4585,Medium,36.8,45.1,83.5,LIGHT,26.0,1015.0,65.0,4.0,sem observação,sem chuva,15,6,9,1,0
4586,Medium,35.9,19.9,90.6,LIGHT,24.0,1016.0,64.0,7.0,nuvens quebradas,sem chuva,14,5,7,1,0
4587,High,50.7,8.2,67.0,DARK,12.0,1000.0,93.0,3.0,sem observação,chuva fraca,7,1,11,0,1
4588,Low,40.9,12.3,82.1,LIGHT,12.0,1019.0,71.0,6.0,algumas nuvens,sem chuva,13,0,2,0,0
4589,None_Existent,44.0,0.0,81.4,DARK,16.0,1018.0,100.0,1.0,sem observação,sem chuva,3,6,9,1,0
4590,Medium,45.5,14.4,70.2,DARK,17.0,1013.0,87.0,4.0,sem observação,aguaceiros,23,5,6,1,0
4591,None_Existent,51.5,0.7,66.1,DARK,16.0,1020.0,100.0,1.0,céu pouco nublado,sem chuva,0,4,8,0,0
4592,Low,37.5,9.0,92.4,DARK,10.0,1026.0,87.0,2.0,nuvens quebradas,sem chuva,0,6,3,1,0
4593,Low,39.7,5.6,84.7,LIGHT,14.0,1018.0,100.0,0.0,sem observação,sem chuva,7,1,8,0,1
4594,High,43.8,41.9,85.4,LIGHT,28.0,1016.0,31.0,5.0,sem observação,sem chuva,17,6,9,1,1
4595,None_Existent,42.0,0.0,73.1,DARK,13.0,1019.0,93.0,3.0,sem observação,chuva fraca,0,1,4,0,0
4596,Medium,39.6,38.5,88.3,LOW_LIGHT,11.0,1002.0,81.0,3.0,algumas nuvens,sem chuva,17,1,10,0,1
4597,Medium,42.1,19.4,76.6,LIGHT,11.0,1023.0,93.0,2.0,sem observação,chuva leve,12,1,1,0,0
4598,Low,42.2,21.9,87.7,LIGHT,22.0,1020.0,64.0,4.0,nuvens dispersas,sem chuva,14,6,7,1,0
4599,Low,37.0,3.6,68.3,DARK,10.0,1030.0,100.0,1.0,sem observação,sem chuva,21,6,12,1,0
4600,Medium,40.1,18.4,76.8,LIGHT,20.0,1021.0,49.0,3.0,sem observação,sem chuva,11,5,5,1,0
4601,Low,42.8,5.0,69.0,DARK,17.0,1019.0,93.0,6.0,sem observação,sem chuva,22,6,5,1,0
4602,Very_High,42.8,92.8,83.1,LIGHT,24.0,1012.0,77.0,4.0,sem observação,sem chuva,17,2,7,0,1
4603,Low,37.9,7.6,66.2,DARK,16.0,1016.0,93.0,1.0,sem observação,sem chuva,3,1,7,0,0
4604,Low,43.2,3.8,79.1,LOW_LIGHT,9.0,1019.0,81.0,5.0,sem observação,sem chuva,7,2,11,0,1
4605,High,36.6,73.5,96.7,LIGHT,20.0,1029.0,49.0,2.0,céu claro,sem chuva,15,5,2,1,0
4606,Low,34.0,11.9,78.3,LIGHT,12.0,1025.0,82.0,4.0,nuvens quebrados,sem chuva,11,5,12,1,0
4607,Medium,40.0,37.9,83.8,LIGHT,19.0,1017.0,82.0,4.0,algumas nuvens,sem chuva,14,1,10,0,0
4608,High,42.6,42.5,69.9,LIGHT,12.0,1019.0,93.0,3.0,sem observação,chuva moderada,10,1,1,0,0
4609,Medium,33.9,27.6,79.6,LIGHT,20.0,1017.0,77.0,3.0,céu pouco nublado,sem chuva,15,2,6,0,0
4610,None_Existent,40.6,3.4,87.6,DARK,20.0,1016.0,100.0,1.0,sem observação,sem chuva,0,0,8,0,0
4611,Medium,42.8,6.8,75.9,LIGHT,17.0,1013.0,100.0,2.0,nuvens quebradas,sem chuva,6,0,7,0,0
4612,None_Existent,37.7,2.2,63.4,DARK,11.0,1016.0,100.0,2.0,sem observação,sem chuva,4,2,5,0,0
4613,Very_High,44.0,94.4,85.5,LOW_LIGHT,16.0,1014.0,93.0,1.0,sem observação,sem chuva,7,1,10,0,1
4614,Low,44.6,14.4,87.5,LIGHT,14.0,1012.0,87.0,4.0,sem observação,chuva fraca,10,6,11,1,0
4615,None_Existent,42.0,0.0,79.7,DARK,16.0,1013.0,100.0,0.0,nublado,sem chuva,5,4,9,0,0
4616,Medium,42.4,23.1,82.9,LIGHT,22.0,1020.0,53.0,4.0,céu claro,sem chuva,16,0,10,0,0
4617,None_Existent,41.7,0.0,74.4,DARK,10.0,1010.0,81.0,6.0,sem observação,chuva moderada,6,3,11,0,0
4618,Medium,36.2,42.9,75.2,LIGHT,17.0,1017.0,87.0,3.0,nuvens quebradas,sem chuva,10,0,6,0,0
4619,Medium,34.8,11.9,86.3,LIGHT,23.0,1018.0,83.0,4.0,nuvens dispersas,sem chuva,13,4,7,0,0
4620,Low,43.8,17.5,80.9,DARK,14.0,1017.0,87.0,0.0,céu claro,sem chuva,23,3,8,0,0
4621,Low,36.8,7.3,78.1,LIGHT,13.0,1015.0,82.0,3.0,sem observação,aguaceiros fracos,18,3,4,0,1
4622,Very_High,46.9,83.5,63.2,LIGHT,13.0,1017.0,76.0,4.0,sem observação,sem chuva,7,1,5,0,1
4623,High,39.9,120.7,75.2,LIGHT,18.0,1018.0,68.0,5.0,sem observação,sem chuva,9,0,5,0,1
4624,High,43.7,86.0,88.4,LIGHT,16.0,1028.0,51.0,2.0,céu claro,sem chuva,15,1,2,0,0
4625,Low,31.1,15.4,79.0,LIGHT,19.0,1014.0,43.0,1.0,céu limpo,sem chuva,10,6,4,1,0
4626,Low,46.6,9.0,87.6,DARK,13.0,1021.0,100.0,6.0,sem observação,sem chuva,3,2,8,0,0
4627,None_Existent,44.0,1.8,85.5,DARK,9.0,1016.0,87.0,0.0,céu claro,sem chuva,4,4,10,0,0
4628,None_Existent,45.2,0.0,80.8,DARK,11.0,1020.0,100.0,0.0,algumas nuvens,sem chuva,4,5,8,1,0
4629,Low,37.9,13.8,89.1,LOW_LIGHT,27.0,1016.0,73.0,1.0,céu claro,sem chuva,19,5,8,1,1
4630,None_Existent,40.4,2.3,88.3,DARK,15.0,1022.0,100.0,1.0,nuvens dispersas,sem chuva,0,0,9,0,0
4631,None_Existent,38.5,0.0,67.5,DARK,13.0,1014.0,82.0,1.0,sem observação,sem chuva,1,6,5,1,0
4632,Low,43.0,10.2,77.5,LIGHT,14.0,1024.0,71.0,4.0,algumas nuvens,sem chuva,13,1,11,0,0
4633,None_Existent,31.7,0.0,57.2,DARK,15.0,1013.0,93.0,7.0,sem observação,chuva fraca,0,2,5,0,0
4634,High,42.0,57.7,87.4,LIGHT,21.0,1020.0,64.0,3.0,céu claro,sem chuva,17,2,9,0,1
4635,Low,32.9,13.8,79.9,LIGHT,14.0,1025.0,82.0,5.0,nuvens dispersas,sem chuva,12,5,12,1,0
4636,Low,40.4,7.6,83.2,LIGHT,21.0,1019.0,60.0,3.0,céu claro,sem chuva,13,3,8,0,0
4637,Medium,38.3,32.4,79.2,LIGHT,20.0,1016.0,100.0,1.0,sem observação,sem chuva,10,1,7,0,0
4638,None_Existent,44.0,0.0,85.5,LOW_LIGHT,16.0,1018.0,100.0,1.0,sem observação,sem chuva,7,5,9,1,1
4639,Medium,38.3,31.5,92.8,LIGHT,28.0,1026.0,37.0,4.0,sem observação,sem chuva,12,3,9,0,0
4640,High,42.8,37.2,74.2,DARK,25.0,1018.0,68.0,3.0,sem observação,sem chuva,20,4,9,0,0
4641,Low,39.4,17.1,87.4,LIGHT,20.0,1016.0,77.0,3.0,algumas nuvens,sem chuva,14,5,9,1,0
4642,Medium,42.3,12.0,85.3,LIGHT,28.0,1016.0,30.0,4.0,céu claro,sem chuva,19,6,8,1,1
4643,Medium,33.5,25.1,75.9,LIGHT,23.0,1020.0,56.0,5.0,sem observação,sem chuva,14,5,5,1,0
4644,High,39.6,37.5,88.3,LIGHT,21.0,1020.0,64.0,3.0,céu claro,sem chuva,15,3,9,0,0
4645,Low,42.6,10.7,83.1,DARK,16.0,1021.0,93.0,2.0,sem observação,sem chuva,23,0,8,0,0
4646,None_Existent,38.3,1.4,75.0,DARK,10.0,985.0,100.0,0.0,nuvens quebrados,sem chuva,5,0,11,0,0
4647,Medium,37.4,27.7,80.4,LIGHT,26.0,1022.0,38.0,4.0,céu claro,sem chuva,12,0,9,0,0
4648,None_Existent,39.1,0.0,92.1,DARK,10.0,1016.0,87.0,4.0,sem observação,chuva fraca,5,1,3,0,0
4649,Low,37.7,5.3,90.3,LIGHT,12.0,1022.0,93.0,5.0,nuvens quebrados,sem chuva,9,5,2,1,1
4650,Medium,42.0,32.2,94.0,DARK,21.0,1016.0,78.0,0.0,algumas nuvens,sem chuva,22,5,8,1,0
4651,High,44.4,31.4,74.7,LIGHT,15.0,1019.0,100.0,1.0,sem observação,sem chuva,9,0,4,0,1
4652,None_Existent,42.3,0.0,75.8,DARK,7.0,1024.0,87.0,3.0,céu claro,sem chuva,2,1,11,0,0
4653,Medium,49.5,4.0,72.7,DARK,10.0,985.0,100.0,0.0,nuvens quebrados,sem chuva,7,0,11,0,1
4654,Low,44.1,5.3,73.1,LIGHT,23.0,1021.0,60.0,2.0,sem observação,sem chuva,9,5,9,1,1
4655,None_Existent,34.1,3.6,85.8,DARK,8.0,1026.0,100.0,1.0,sem observação,sem chuva,21,2,2,0,0
4656,Medium,36.5,52.2,76.8,LIGHT,25.0,1026.0,41.0,5.0,sem observação,sem chuva,11,3,9,0,0
4657,High,43.0,52.8,87.2,LIGHT,21.0,1016.0,82.0,4.0,algumas nuvens,sem chuva,18,3,7,0,1
4658,Medium,35.1,35.9,76.4,LIGHT,21.0,1013.0,52.0,4.0,sem observação,sem chuva,18,5,6,1,1
4659,Low,35.9,15.1,70.5,DARK,13.0,1016.0,71.0,3.0,nuvens dispersas,sem chuva,20,5,5,1,0
4660,Medium,38.3,14.3,79.5,LIGHT,29.0,1018.0,41.0,3.0,sem observação,sem chuva,13,5,6,1,0
4661,Low,40.2,2.9,75.9,DARK,19.0,1018.0,93.0,0.0,sem observação,sem chuva,0,0,9,0,0
4662,High,40.0,138.9,81.6,LIGHT,21.0,1021.0,77.0,6.0,sem observação,sem chuva,17,1,8,0,1
4663,High,42.9,36.1,68.8,DARK,10.0,1025.0,93.0,2.0,algumas nuvens,sem chuva,20,4,11,0,0
4664,Low,37.5,2.6,67.3,DARK,8.0,1020.0,100.0,0.0,sem observação,sem chuva,22,2,1,0,0
4665,None_Existent,43.1,0.0,84.0,DARK,9.0,1028.0,62.0,5.0,céu claro,sem chuva,7,6,2,1,1
4666,None_Existent,38.4,0.0,72.6,DARK,15.0,1019.0,87.0,2.0,sem observação,sem chuva,22,6,6,1,0
4667,High,41.5,49.7,80.0,LIGHT,15.0,1020.0,67.0,2.0,céu claro,sem chuva,17,4,1,0,1
4668,None_Existent,39.1,0.0,92.1,DARK,5.0,1021.0,86.0,0.0,céu claro,sem chuva,22,1,2,0,0
4669,None_Existent,39.8,0.0,82.3,DARK,17.0,1022.0,40.0,4.0,céu claro,sem chuva,22,0,10,0,0
4670,Very_High,43.8,70.7,78.2,LIGHT,10.0,1019.0,93.0,4.0,nuvens dispersas,sem chuva,8,4,11,0,1
4671,Medium,41.6,24.1,75.1,LIGHT,10.0,1024.0,76.0,4.0,algumas nuvens,sem chuva,11,1,11,0,0
4672,None_Existent,42.1,0.0,88.4,DARK,18.0,1018.0,100.0,2.0,nuvens quebrados,sem chuva,22,6,8,1,0
4673,Medium,41.2,49.6,88.8,DARK,18.0,1021.0,88.0,2.0,sem observação,sem chuva,19,3,9,0,1
4674,Medium,39.5,30.0,83.0,LIGHT,17.0,1023.0,82.0,3.0,sem observação,sem chuva,9,0,8,0,1
4675,None_Existent,42.0,0.0,76.6,DARK,4.0,1024.0,93.0,2.0,céu claro,sem chuva,6,0,1,0,0
4676,Low,39.1,18.9,86.4,DARK,11.0,1011.0,61.0,5.0,algumas nuvens,sem chuva,19,5,10,1,1
4677,Medium,40.1,13.9,77.0,DARK,19.0,1018.0,93.0,2.0,céu pouco nublado,sem chuva,21,4,8,0,0
4678,Medium,35.1,25.8,87.1,LIGHT,22.0,1015.0,88.0,4.0,nuvens quebradas,sem chuva,14,0,7,0,0
4679,High,37.5,82.7,76.2,LIGHT,16.0,1015.0,72.0,3.0,céu pouco nublado,sem chuva,11,0,5,0,0
4680,None_Existent,39.8,7.3,78.6,DARK,15.0,1018.0,87.0,5.0,nuvens dispersas,sem chuva,20,0,4,0,0
4681,Low,41.3,5.7,75.7,DARK,9.0,1023.0,87.0,3.0,céu claro,sem chuva,22,6,1,1,0
4682,Low,42.3,9.6,71.1,DARK,12.0,1015.0,87.0,5.0,sem observação,chuva fraca,3,2,6,0,0
4683,Medium,37.7,21.2,90.3,LIGHT,18.0,1023.0,83.0,1.0,sem observação,sem chuva,10,5,9,1,0
4684,Medium,40.9,24.6,84.3,DARK,15.0,1009.0,93.0,2.0,céu pouco nublado,sem chuva,19,5,9,1,1
4685,None_Existent,45.3,0.0,83.6,DARK,13.0,1020.0,93.0,2.0,nuvens dispersas,sem chuva,4,0,9,0,0
4686,Very_High,46.0,81.0,83.2,LIGHT,13.0,1011.0,76.0,8.0,algumas nuvens,sem chuva,8,3,11,0,1
4687,Low,38.9,2.8,64.8,LIGHT,15.0,1018.0,51.0,2.0,céu limpo,sem chuva,10,5,3,1,0
4688,Low,45.1,15.3,82.8,DARK,19.0,1021.0,100.0,3.0,sem observação,sem chuva,21,2,8,0,0
4689,Low,41.3,8.7,82.6,DARK,18.0,1022.0,100.0,2.0,céu claro,sem chuva,22,4,9,0,0
4690,Low,37.9,4.7,69.4,LOW_LIGHT,15.0,1020.0,87.0,7.0,céu pouco nublado,sem chuva,20,3,5,0,0
4691,None_Existent,36.5,0.0,69.4,DARK,15.0,1017.0,77.0,6.0,sem observação,sem chuva,22,1,6,0,0
4692,High,41.1,71.0,85.2,DARK,20.0,1012.0,82.0,3.0,sem observação,sem chuva,19,4,9,0,1
4693,Low,37.9,7.8,73.4,LIGHT,13.0,1024.0,87.0,5.0,nuvens quebrados,sem chuva,13,0,1,0,0
4694,None_Existent,43.8,0.0,86.3,LIGHT,15.0,1019.0,93.0,2.0,céu claro,sem chuva,6,3,8,0,0
4695,Medium,34.5,40.6,93.8,LIGHT,20.0,1022.0,73.0,3.0,céu claro,sem chuva,11,2,9,0,0
4696,Low,36.1,11.2,81.7,LIGHT,12.0,1019.0,93.0,4.0,nuvens quebrados,sem chuva,12,1,1,0,0
4697,Low,34.7,6.1,66.1,DARK,12.0,1017.0,76.0,2.0,nuvens dispersas,sem chuva,0,3,6,0,0
4698,Low,37.6,6.8,66.3,LIGHT,15.0,1014.0,67.0,5.0,sem observação,sem chuva,19,6,5,1,1
4699,None_Existent,35.8,2.9,62.3,DARK,15.0,1016.0,100.0,3.0,sem observação,sem chuva,2,1,6,0,0
4700,Medium,37.4,47.3,92.7,LIGHT,20.0,1016.0,88.0,3.0,nuvens quebrados,sem chuva,12,2,7,0,0
4701,None_Existent,44.3,0.0,86.7,DARK,13.0,1012.0,71.0,7.0,algumas nuvens,sem chuva,6,3,11,0,0
4702,Low,37.8,6.4,90.1,DARK,20.0,1016.0,94.0,1.0,céu claro,sem chuva,22,6,8,1,0
4703,Low,37.9,5.0,85.5,DARK,8.0,1026.0,71.0,4.0,céu claro,sem chuva,7,4,2,0,1
4704,Medium,39.1,24.8,81.6,LIGHT,12.0,1021.0,58.0,6.0,algumas nuvens,sem chuva,14,3,1,0,0
4705,Medium,40.4,32.0,87.4,LIGHT,18.0,1016.0,93.0,3.0,sem observação,sem chuva,16,0,9,0,0
4706,None_Existent,44.0,0.0,68.5,DARK,10.0,998.0,100.0,1.0,sem observação,chuva moderada,22,0,4,0,0
4707,None_Existent,37.7,5.9,60.2,LIGHT,17.0,1016.0,88.0,2.0,céu pouco nublado,sem chuva,10,6,9,1,0
4708,High,44.8,35.9,85.3,LIGHT,25.0,1014.0,47.0,5.0,céu claro,sem chuva,17,2,8,0,1
4709,None_Existent,38.1,7.6,89.9,DARK,18.0,1012.0,72.0,4.0,céu claro,sem chuva,20,3,10,0,0
4710,Low,42.0,3.3,65.5,DARK,11.0,1003.0,93.0,6.0,sem observação,chuva moderada,0,2,11,0,0
4711,Low,37.7,7.5,85.3,DARK,11.0,1017.0,93.0,3.0,sem observação,chuva fraca,20,3,4,0,0
4712,None_Existent,42.1,0.0,75.5,DARK,4.0,1024.0,93.0,1.0,nuvens dispersas,sem chuva,2,1,1,0,0
4713,High,38.1,73.4,87.0,LIGHT,24.0,1013.0,82.0,3.0,sem observação,sem chuva,17,1,7,0,1
4714,High,43.3,24.9,80.3,LIGHT,17.0,1014.0,100.0,1.0,sem observação,sem chuva,7,1,7,0,1
4715,None_Existent,36.9,1.4,68.2,DARK,9.0,1032.0,100.0,1.0,céu claro,sem chuva,1,6,12,1,0
4716,Low,45.9,9.0,72.7,LIGHT,15.0,1016.0,100.0,9.0,sem observação,sem chuva,8,6,9,1,1
4717,None_Existent,47.9,2.3,77.7,DARK,17.0,1021.0,93.0,2.0,sem observação,sem chuva,20,3,9,0,0
4718,None_Existent,42.9,0.0,87.0,DARK,16.0,1020.0,88.0,0.0,céu claro,sem chuva,3,1,9,0,0
4719,Low,37.2,8.0,93.4,DARK,6.0,1022.0,66.0,4.0,céu claro,sem chuva,7,5,2,1,1
4720,None_Existent,43.6,2.7,82.8,DARK,15.0,1015.0,82.0,3.0,céu claro,sem chuva,0,6,8,1,0
4721,High,32.6,97.7,80.0,LIGHT,17.0,1021.0,82.0,2.0,céu limpo,sem chuva,11,4,4,0,0
4722,None_Existent,35.3,0.6,70.3,DARK,13.0,1015.0,93.0,9.0,sem observação,sem chuva,0,2,5,0,0
4723,None_Existent,38.2,3.0,82.0,DARK,10.0,1024.0,100.0,2.0,algumas nuvens,sem chuva,23,1,12,0,0
4724,None_Existent,45.8,0.0,84.7,DARK,17.0,1015.0,93.0,1.0,sem observação,sem chuva,5,3,9,0,0
4725,Low,43.1,14.9,81.6,DARK,19.0,1020.0,100.0,4.0,sem observação,sem chuva,20,2,8,0,0
4726,Low,32.6,13.0,94.0,LIGHT,20.0,1014.0,88.0,5.0,nuvens quebradas,sem chuva,10,5,7,1,0
4727,Low,51.2,4.4,74.1,DARK,18.0,1023.0,72.0,2.0,sem observação,sem chuva,23,2,9,0,0
4728,Low,37.2,7.5,80.1,LIGHT,14.0,1021.0,93.0,4.0,nuvens quebrados,sem chuva,12,2,12,0,0
4729,Very_High,49.1,72.6,73.4,LOW_LIGHT,13.0,1003.0,100.0,4.0,sem observação,chuva leve,8,3,1,0,1
4730,Low,40.9,3.4,82.1,DARK,16.0,1014.0,93.0,1.0,nuvens quebradas,sem chuva,6,4,9,0,0
4731,High,42.0,47.9,73.6,LIGHT,15.0,1019.0,72.0,6.0,céu pouco nublado,sem chuva,14,2,4,0,0
4732,Low,34.7,12.9,94.1,LIGHT,13.0,1022.0,82.0,6.0,tempo nublado,sem chuva,12,5,2,1,0
4733,Low,40.0,7.2,87.9,DARK,16.0,1018.0,93.0,1.0,céu claro,sem chuva,23,4,8,0,0
4734,High,40.4,106.3,85.2,LIGHT,16.0,1016.0,100.0,1.0,sem observação,sem chuva,9,2,9,0,1
4735,Very_High,40.8,141.3,80.5,LIGHT,15.0,1022.0,87.0,3.0,céu pouco nublado,sem chuva,9,4,9,0,1
4736,None_Existent,42.4,0.0,71.6,DARK,18.0,1019.0,88.0,1.0,sem observação,sem chuva,22,3,6,0,0
4737,Medium,38.1,27.9,87.3,LIGHT,16.0,1025.0,88.0,2.0,nuvens quebrados,sem chuva,13,4,11,0,0
4738,None_Existent,40.7,0.0,77.9,LIGHT,19.0,1018.0,64.0,1.0,céu claro,sem chuva,8,6,10,1,1
4739,Very_High,44.7,104.7,85.7,LOW_LIGHT,13.0,1013.0,77.0,5.0,céu claro,sem chuva,7,4,10,0,1
4740,Medium,40.2,33.1,88.5,LIGHT,19.0,1018.0,82.0,2.0,algumas nuvens,sem chuva,11,6,8,1,0
4741,None_Existent,39.3,0.0,89.7,DARK,17.0,1015.0,100.0,2.0,sem observação,sem chuva,2,4,7,0,0
4742,Low,40.4,19.2,83.8,LIGHT,19.0,1016.0,88.0,3.0,nuvens quebrados,sem chuva,13,1,8,0,0
4743,None_Existent,39.3,0.9,69.2,DARK,9.0,1030.0,87.0,1.0,sem observação,sem chuva,0,5,4,1,0
4744,High,43.2,71.1,94.7,DARK,10.0,1020.0,70.0,2.0,céu claro,sem chuva,19,1,2,0,1
4745,None_Existent,40.2,0.0,67.9,DARK,16.0,1018.0,93.0,1.0,nuvens quebradas,sem chuva,4,0,6,0,0
4746,Low,37.6,23.3,92.5,LIGHT,19.0,1021.0,82.0,3.0,algumas nuvens,sem chuva,11,2,8,0,0
4747,Medium,37.1,35.8,89.6,LIGHT,21.0,1011.0,53.0,4.0,algumas nuvens,sem chuva,16,3,10,0,0
4748,High,42.9,83.4,81.5,LIGHT,20.0,1017.0,93.0,2.0,sem observação,sem chuva,17,0,9,0,1
4749,Medium,33.1,30.6,83.1,LIGHT,16.0,1019.0,93.0,2.0,sem observação,sem chuva,11,0,9,0,0
4750,None_Existent,39.3,4.2,90.8,DARK,18.0,1015.0,100.0,2.0,sem observação,sem chuva,21,0,7,0,0
4751,None_Existent,38.6,0.0,69.6,DARK,15.0,1029.0,82.0,2.0,nuvens quebrados,sem chuva,22,2,12,0,0
4752,None_Existent,44.7,1.3,80.6,DARK,12.0,1018.0,54.0,1.0,céu claro,sem chuva,4,3,10,0,0
4753,Medium,36.8,47.8,91.7,LIGHT,20.0,1016.0,68.0,8.0,céu claro,sem chuva,18,3,8,0,1
4754,None_Existent,40.9,2.0,72.7,DARK,15.0,1019.0,87.0,2.0,sem observação,sem chuva,22,6,4,1,0
4755,Medium,36.7,31.3,85.9,LIGHT,11.0,1008.0,76.0,4.0,sem observação,chuva moderada,11,2,11,0,0
4756,Very_High,44.9,106.4,71.3,LIGHT,19.0,1014.0,93.0,7.0,sem observação,sem chuva,7,3,7,0,1
4757,High,34.0,61.4,80.0,LIGHT,19.0,1022.0,68.0,4.0,céu pouco nublado,sem chuva,15,5,6,1,0
4758,High,40.5,38.6,84.9,LIGHT,31.0,1014.0,57.0,4.0,sem observação,sem chuva,16,3,7,0,0
4759,None_Existent,42.2,3.5,84.1,DARK,17.0,1016.0,100.0,3.0,sem observação,sem chuva,0,3,8,0,0
4760,Medium,35.8,14.7,80.9,LIGHT,20.0,1014.0,77.0,4.0,sem observação,sem chuva,11,5,6,1,0
4761,None_Existent,43.9,0.0,85.1,DARK,20.0,1017.0,64.0,3.0,céu claro,sem chuva,4,6,10,1,0
4762,Medium,44.9,5.3,67.1,LOW_LIGHT,7.0,1020.0,93.0,3.0,céu limpo,sem chuva,6,4,4,0,0
4763,Very_High,46.6,126.8,85.3,LIGHT,18.0,1021.0,39.0,4.0,céu claro,sem chuva,8,2,10,0,1
4764,None_Existent,43.6,0.0,88.7,DARK,16.0,1018.0,72.0,2.0,céu claro,sem chuva,6,6,10,1,0
4765,None_Existent,44.2,1.8,76.9,DARK,17.0,1023.0,68.0,2.0,sem observação,sem chuva,2,4,9,0,0
4766,Medium,38.0,21.4,94.2,LIGHT,17.0,1020.0,48.0,2.0,céu claro,sem chuva,10,3,10,0,0
4767,None_Existent,44.7,0.0,77.6,DARK,17.0,1016.0,100.0,0.0,sem observação,sem chuva,23,1,9,0,0
4768,Low,37.6,16.9,92.5,LOW_LIGHT,20.0,1016.0,88.0,2.0,nuvens dispersas,sem chuva,19,5,9,1,1
4769,None_Existent,38.7,6.5,80.0,LOW_LIGHT,16.0,1014.0,82.0,1.0,sem observação,sem chuva,20,0,6,0,0
4770,Medium,37.8,35.1,92.8,LIGHT,11.0,1019.0,66.0,4.0,céu claro,sem chuva,17,1,2,0,1
4771,Low,44.7,5.7,83.9,DARK,10.0,1012.0,93.0,0.0,nuvens dispersas,sem chuva,2,0,11,0,0
4772,None_Existent,38.1,7.4,91.4,DARK,20.0,1020.0,77.0,2.0,nuvens quebrados,sem chuva,20,6,7,1,0
4773,High,40.0,36.4,94.4,DARK,18.0,1022.0,59.0,2.0,céu claro,sem chuva,19,1,2,0,1
4774,Low,43.7,18.7,82.8,LIGHT,21.0,1017.0,100.0,1.0,nuvens quebradas,sem chuva,12,1,9,0,0
4775,High,37.4,83.8,81.8,LIGHT,20.0,1020.0,73.0,3.0,sem observação,sem chuva,10,1,8,0,0
4776,None_Existent,46.1,0.0,83.4,DARK,13.0,1022.0,100.0,0.0,sem observação,sem chuva,5,6,9,1,0
4777,Medium,36.2,44.7,84.1,LIGHT,13.0,1019.0,76.0,2.0,nuvens quebradas,sem chuva,9,5,4,1,1
4778,Low,36.2,7.1,83.9,LIGHT,14.0,1021.0,67.0,8.0,nuvens quebrados,sem chuva,14,5,2,1,0
4779,None_Existent,41.5,0.0,88.5,DARK,12.0,1020.0,100.0,2.0,sem observação,chuva moderada,0,0,3,0,0
4780,Medium,34.2,43.1,87.8,LIGHT,20.0,1016.0,69.0,1.0,algumas nuvens,sem chuva,14,0,9,0,0
4781,None_Existent,46.4,0.0,78.3,DARK,21.0,1017.0,39.0,4.0,sem observação,sem chuva,4,1,9,0,0
4782,High,43.8,98.6,86.3,LIGHT,21.0,1015.0,68.0,3.0,algumas nuvens,sem chuva,15,2,8,0,0
4783,None_Existent,42.1,0.0,75.6,DARK,12.0,1018.0,76.0,9.0,nuvens quebrados,sem chuva,4,2,1,0,0
4784,Low,38.8,8.7,83.8,DARK,20.0,1024.0,88.0,0.0,céu claro,sem chuva,21,3,9,0,0
4785,None_Existent,36.2,0.8,61.9,LIGHT,16.0,1012.0,100.0,3.0,sem observação,chuva fraca,9,6,6,1,1
4786,None_Existent,41.5,0.0,75.6,DARK,10.0,1012.0,76.0,1.0,céu limpo,sem chuva,4,6,3,1,0
4787,None_Existent,44.4,0.0,75.5,DARK,15.0,1021.0,67.0,2.0,céu claro,sem chuva,21,1,10,0,0
4788,Medium,39.6,21.5,82.7,LIGHT,12.0,1024.0,93.0,3.0,nuvens dispersas,sem chuva,11,4,11,0,0
4789,Low,32.4,12.4,93.9,LIGHT,20.0,1026.0,40.0,4.0,céu claro,sem chuva,13,4,2,0,0
4790,Very_High,45.5,139.3,73.3,LIGHT,17.0,1021.0,48.0,5.0,sem observação,sem chuva,8,2,5,0,1
4791,Low,40.3,3.6,67.6,DARK,12.0,1012.0,82.0,2.0,céu pouco nublado,sem chuva,0,4,6,0,0
4792,Medium,43.0,20.5,85.2,LIGHT,22.0,1020.0,68.0,3.0,sem observação,sem chuva,14,5,9,1,0
4793,Low,40.6,4.6,74.9,LIGHT,12.0,1020.0,87.0,3.0,nuvens quebradas,sem chuva,8,6,9,1,1
4794,High,37.5,134.4,90.4,LIGHT,20.0,1018.0,88.0,3.0,nuvens quebrados,sem chuva,17,6,8,1,1
4795,High,38.8,46.1,83.0,DARK,19.0,1021.0,93.0,3.0,nuvens dispersas,sem chuva,19,4,9,0,1
4796,Low,40.8,7.5,82.4,LIGHT,20.0,1005.0,52.0,6.0,céu claro,sem chuva,12,2,10,0,0
4797,Medium,38.6,14.2,80.8,DARK,21.0,1017.0,72.0,2.0,sem observação,sem chuva,22,1,8,0,0
4798,Medium,40.6,5.8,60.8,DARK,14.0,1019.0,100.0,2.0,céu pouco nublado,sem chuva,3,4,6,0,0
4799,Low,34.7,10.4,76.9,LIGHT,14.0,1004.0,87.0,5.0,nuvens quebradas,sem chuva,9,0,4,0,1
4800,None_Existent,41.4,2.4,84.7,DARK,13.0,1020.0,100.0,5.0,sem observação,chuva forte,22,6,3,1,0
4801,None_Existent,44.9,1.2,84.6,DARK,13.0,1008.0,87.0,8.0,sem observação,chuva fraca,2,6,10,1,0
4802,Low,44.1,12.6,88.7,LIGHT,19.0,1014.0,100.0,4.0,nuvens quebradas,sem chuva,7,6,8,1,1
4803,Low,49.1,10.7,85.4,LOW_LIGHT,16.0,1018.0,100.0,0.0,sem observação,sem chuva,6,5,8,1,0
4804,Medium,33.5,31.6,88.1,LIGHT,21.0,1021.0,68.0,3.0,sem observação,sem chuva,12,6,4,1,0
4805,Low,35.3,6.6,70.8,DARK,15.0,1015.0,87.0,3.0,nuvens dispersas,sem chuva,20,2,5,0,0
4806,Low,42.4,8.0,75.5,LIGHT,17.0,1014.0,82.0,2.0,algumas nuvens,sem chuva,12,4,10,0,0
4807,Low,51.4,2.0,69.7,DARK,10.0,1016.0,100.0,0.0,céu limpo,sem chuva,3,1,4,0,0
4808,None_Existent,40.2,1.3,67.0,DARK,13.0,1015.0,71.0,4.0,sem observação,sem chuva,21,6,5,1,0
4809,None_Existent,41.5,0.0,76.3,LIGHT,17.0,1014.0,82.0,1.0,céu limpo,sem chuva,8,6,4,1,1
4810,Medium,42.5,35.1,86.9,LIGHT,24.0,1008.0,36.0,3.0,céu claro,sem chuva,14,1,10,0,0
4811,Low,32.1,15.9,87.5,LIGHT,12.0,1030.0,71.0,2.0,nuvens quebrados,sem chuva,13,1,2,0,0
4812,Low,36.9,3.8,70.5,DARK,12.0,1001.0,100.0,1.0,nuvens dispersas,sem chuva,3,1,11,0,0
4813,Very_High,47.9,177.3,60.9,LIGHT,17.0,1016.0,88.0,3.0,sem observação,sem chuva,8,1,6,0,1
4814,None_Existent,43.5,2.6,75.9,DARK,16.0,1021.0,93.0,1.0,céu pouco nublado,sem chuva,22,1,9,0,0
4815,None_Existent,47.6,0.0,73.6,LOW_LIGHT,12.0,1010.0,82.0,5.0,céu claro,sem chuva,7,5,11,1,1
4816,None_Existent,43.1,0.0,88.5,LOW_LIGHT,10.0,997.0,87.0,4.0,sem observação,chuva moderada,7,1,10,0,1
4817,Medium,33.9,44.2,80.4,LIGHT,19.0,1013.0,88.0,3.0,nuvens dispersas,sem chuva,17,6,6,1,1
4818,Very_High,46.1,97.8,68.7,LIGHT,12.0,1013.0,93.0,4.0,nuvens quebradas,sem chuva,7,3,5,0,1
4819,None_Existent,39.1,0.0,69.0,DARK,13.0,1012.0,76.0,0.0,sem observação,chuva fraca,4,5,5,1,0
4820,High,41.9,57.2,86.6,LIGHT,23.0,1018.0,64.0,7.0,nuvens quebrados,sem chuva,16,4,10,0,0
4821,Low,37.9,15.0,91.1,DARK,17.0,1015.0,77.0,3.0,céu claro,sem chuva,21,5,8,1,0
4822,None_Existent,35.3,5.7,87.2,DARK,18.0,1016.0,93.0,2.0,nuvens quebradas,sem chuva,1,0,7,0,0
4823,Low,49.7,9.7,79.9,DARK,16.0,1019.0,100.0,7.0,sem observação,sem chuva,4,4,8,0,0
4824,Medium,39.4,37.8,80.4,LIGHT,17.0,1026.0,72.0,3.0,algumas nuvens,sem chuva,15,2,12,0,0
4825,Medium,37.7,29.6,89.4,LIGHT,25.0,1019.0,41.0,4.0,céu claro,sem chuva,15,0,10,0,0
4826,None_Existent,33.3,5.3,83.8,DARK,19.0,1013.0,88.0,14.0,sem observação,sem chuva,21,1,7,0,0
4827,None_Existent,39.7,3.0,69.0,DARK,15.0,1019.0,93.0,1.0,sem observação,sem chuva,1,4,6,0,0
4828,Medium,37.1,40.3,90.2,LIGHT,23.0,1016.0,53.0,6.0,céu claro,sem chuva,16,1,8,0,0
4829,Very_High,45.9,93.5,77.0,LIGHT,9.0,1020.0,81.0,5.0,sem observação,sem chuva,8,2,11,0,1
4830,None_Existent,40.0,0.0,88.8,DARK,13.0,1022.0,100.0,0.0,céu claro,sem chuva,3,6,9,1,0
4831,Low,49.7,3.7,73.3,DARK,15.0,1029.0,82.0,2.0,nuvens quebrados,sem chuva,21,2,12,0,0
4832,Medium,35.4,30.2,91.4,LIGHT,22.0,1015.0,77.0,3.0,nuvens dispersas,sem chuva,14,6,7,1,0
4833,Low,43.3,3.3,73.1,DARK,14.0,1013.0,76.0,6.0,sem observação,sem chuva,21,2,6,0,0
4834,Medium,33.2,42.3,90.4,LIGHT,22.0,1017.0,68.0,4.0,sem observação,sem chuva,11,3,7,0,0
4835,None_Existent,35.6,6.4,97.3,DARK,19.0,1017.0,88.0,1.0,céu pouco nublado,sem chuva,22,4,7,0,0
4836,Low,42.5,9.6,70.5,DARK,16.0,1019.0,100.0,8.0,sem observação,sem chuva,4,0,7,0,0
4837,High,42.9,110.5,82.0,LIGHT,20.0,1021.0,77.0,3.0,céu pouco nublado,sem chuva,17,3,9,0,1
4838,Medium,41.7,18.5,77.2,LIGHT,20.0,1016.0,100.0,1.0,sem observação,sem chuva,8,4,8,0,1
4839,Low,43.0,15.8,79.9,LOW_LIGHT,12.0,1022.0,100.0,1.0,sem observação,sem chuva,6,0,8,0,0
4840,None_Existent,41.9,0.0,86.6,DARK,17.0,1015.0,100.0,2.0,sem observação,sem chuva,1,3,9,0,0
4841,None_Existent,42.5,0.0,73.9,DARK,11.0,1023.0,93.0,2.0,nuvens quebrados,sem chuva,4,2,12,0,0
4842,Medium,34.7,27.4,98.7,LIGHT,9.0,1023.0,76.0,4.0,céu claro,sem chuva,11,2,2,0,0
4843,None_Existent,43.6,7.1,80.2,DARK,15.0,1012.0,93.0,3.0,nuvens quebradas,sem chuva,3,6,9,1,0
4844,Low,44.1,2.3,85.4,DARK,16.0,1020.0,63.0,2.0,céu claro,sem chuva,22,0,10,0,0
4845,Low,38.7,14.2,84.9,LIGHT,29.0,1015.0,35.0,3.0,sem observação,sem chuva,12,2,7,0,0
4846,Very_High,45.2,146.0,76.7,LIGHT,15.0,1016.0,100.0,1.0,sem observação,sem chuva,8,2,9,0,1
4847,Medium,38.3,24.8,80.3,LIGHT,14.0,1023.0,100.0,5.0,sem observação,chuva leve,15,0,12,0,0
4848,Low,38.1,9.9,80.4,DARK,11.0,1021.0,81.0,1.0,céu limpo,sem chuva,21,3,4,0,0
4849,None_Existent,39.0,1.1,72.2,DARK,7.0,1032.0,100.0,0.0,nuvens quebrados,sem chuva,6,6,12,1,0
4850,None_Existent,39.0,3.4,94.2,LIGHT,19.0,1015.0,88.0,1.0,nuvens quebradas,sem chuva,8,6,7,1,1
4851,Low,45.3,4.0,73.3,DARK,18.0,1018.0,100.0,0.0,nuvens quebradas,sem chuva,22,1,8,0,0
4852,Low,41.2,10.8,82.3,LIGHT,17.0,1018.0,100.0,1.0,nublado,sem chuva,10,5,8,1,0
4853,Low,48.7,0.9,76.8,DARK,12.0,1022.0,76.0,5.0,nuvens quebrados,sem chuva,6,2,11,0,0
4854,None_Existent,43.3,1.5,87.4,DARK,15.0,1020.0,100.0,0.0,sem observação,sem chuva,3,3,9,0,0
4855,High,32.1,53.3,80.9,LIGHT,18.0,1013.0,63.0,3.0,céu limpo,sem chuva,16,1,4,0,0
4856,None_Existent,38.5,1.8,74.4,DARK,14.0,1007.0,76.0,4.0,céu limpo,sem chuva,0,0,4,0,0
4857,Low,35.1,3.5,82.4,DARK,12.0,997.0,71.0,2.0,sem observação,chuva moderada,0,4,2,0,0
4858,High,33.2,142.1,99.4,LOW_LIGHT,18.0,1027.0,52.0,1.0,céu claro,sem chuva,18,6,2,1,1
4859,Medium,40.6,36.5,87.6,LIGHT,21.0,1016.0,77.0,3.0,algumas nuvens,sem chuva,15,4,7,0,0
4860,Low,36.2,3.4,62.4,DARK,19.0,1019.0,77.0,3.0,sem observação,sem chuva,0,5,6,1,0
4861,Medium,38.9,15.9,85.1,LOW_LIGHT,23.0,1016.0,53.0,3.0,sem observação,sem chuva,19,6,9,1,1
4862,Low,36.1,15.6,96.1,LIGHT,20.0,1019.0,77.0,2.0,nuvens quebrados,sem chuva,19,6,7,1,1
4863,Low,46.9,2.1,60.5,DARK,15.0,1013.0,100.0,6.0,sem observação,sem chuva,0,4,5,0,0
4864,Medium,38.5,27.0,89.5,LIGHT,23.0,1016.0,83.0,4.0,nuvens quebradas,sem chuva,15,5,7,1,0
4865,High,34.4,63.1,91.6,LIGHT,12.0,1005.0,87.0,1.0,algumas nuvens,sem chuva,16,2,10,0,0
4866,Medium,33.6,20.4,76.7,LIGHT,27.0,1018.0,44.0,1.0,sem observação,sem chuva,11,5,6,1,0
4867,Medium,37.7,38.2,91.3,LIGHT,11.0,1002.0,87.0,3.0,algumas nuvens,sem chuva,16,1,10,0,0
4868,Medium,39.7,39.1,88.7,LIGHT,22.0,1020.0,60.0,3.0,nuvens dispersas,sem chuva,15,6,7,1,0
4869,None_Existent,43.3,0.0,87.9,DARK,16.0,1012.0,100.0,1.0,sem observação,chuva fraca,2,1,10,0,0
4870,High,39.9,106.0,75.0,LIGHT,16.0,1020.0,59.0,5.0,sem observação,sem chuva,9,4,5,0,1
4871,Medium,31.9,23.6,77.0,LIGHT,19.0,1018.0,48.0,2.0,céu pouco nublado,sem chuva,12,5,3,1,0
4872,High,42.3,59.1,92.4,LOW_LIGHT,15.0,1024.0,72.0,1.0,céu claro,sem chuva,18,4,2,0,1
4873,Medium,46.5,9.4,69.4,DARK,19.0,1015.0,93.0,0.0,sem observação,sem chuva,21,0,8,0,0
4874,Medium,32.1,23.9,80.8,LIGHT,16.0,1023.0,87.0,7.0,nuvens quebrados,sem chuva,15,6,12,1,0
4875,Medium,34.5,21.8,83.3,DARK,15.0,1016.0,77.0,3.0,céu claro,sem chuva,20,3,11,0,0
4876,None_Existent,39.9,3.8,78.0,DARK,13.0,1019.0,87.0,4.0,algumas nuvens,sem chuva,20,3,1,0,0
4877,None_Existent,40.6,0.0,86.7,LIGHT,14.0,1020.0,93.0,3.0,nuvens quebradas,sem chuva,9,6,9,1,1
4878,None_Existent,42.1,3.4,88.4,LIGHT,20.0,1017.0,46.0,6.0,céu claro,sem chuva,8,5,8,1,1
4879,Medium,36.7,38.1,83.2,DARK,14.0,1023.0,100.0,4.0,sem observação,sem chuva,17,0,12,0,1
4880,Medium,40.4,26.1,91.9,LIGHT,19.0,1020.0,77.0,3.0,sem observação,sem chuva,14,6,9,1,0
4881,None_Existent,43.6,4.1,82.2,DARK,16.0,1017.0,100.0,2.0,sem observação,sem chuva,6,5,8,1,0
4882,Low,40.3,16.0,88.9,DARK,23.0,1016.0,78.0,1.0,céu claro,sem chuva,23,4,8,0,0
4883,Low,34.3,11.9,101.2,LIGHT,14.0,1022.0,54.0,4.0,céu claro,sem chuva,14,2,2,0,0
4884,Low,37.3,5.2,79.5,LIGHT,20.0,1015.0,82.0,3.0,céu pouco nublado,sem chuva,13,0,6,0,0
4885,None_Existent,42.7,0.0,83.8,DARK,5.0,1023.0,100.0,0.0,sem observação,sem chuva,3,1,11,0,0
4886,High,38.5,58.5,82.6,LIGHT,21.0,1015.0,100.0,1.0,sem observação,sem chuva,16,1,9,0,0
4887,Medium,46.5,8.2,62.9,DARK,10.0,1024.0,100.0,1.0,nuvens quebrados,sem chuva,7,0,1,0,1
4888,High,41.7,27.5,74.4,LIGHT,15.0,1027.0,39.0,5.0,céu claro,sem chuva,12,0,12,0,0
4889,Medium,40.0,21.0,87.4,LIGHT,29.0,1016.0,29.0,2.0,céu claro,sem chuva,15,5,8,1,0
4890,None_Existent,40.4,5.3,87.4,DARK,17.0,1019.0,93.0,4.0,nuvens quebrados,sem chuva,23,1,8,0,0
4891,Low,46.7,10.2,80.4,DARK,18.0,1013.0,82.0,1.0,céu claro,sem chuva,21,3,9,0,0
4892,Medium,41.0,40.4,85.9,LIGHT,23.0,1016.0,82.0,2.0,sem observação,sem chuva,14,1,9,0,0
4893,None_Existent,46.0,0.0,82.1,DARK,18.0,1023.0,93.0,1.0,sem observação,sem chuva,1,4,9,0,0
4894,None_Existent,41.3,0.0,90.0,DARK,11.0,1028.0,100.0,1.0,nuvens quebradas,sem chuva,4,5,3,1,0
4895,Medium,43.2,20.1,85.4,LIGHT,13.0,1017.0,100.0,9.0,sem observação,chuva leve,14,4,11,0,0
4896,High,33.9,80.3,75.8,LIGHT,14.0,1017.0,77.0,4.0,nuvens dispersas,sem chuva,10,2,6,0,0
4897,None_Existent,39.3,2.3,70.6,DARK,6.0,1023.0,87.0,2.0,céu claro,sem chuva,23,3,1,0,0
4898,None_Existent,41.0,0.0,74.4,LIGHT,17.0,1021.0,63.0,5.0,sem observação,sem chuva,19,6,6,1,1
4899,Medium,46.4,29.8,81.3,DARK,14.0,1016.0,93.0,0.0,tempo nublado,sem chuva,20,3,10,0,0
4900,Low,34.3,19.5,90.3,LIGHT,13.0,1026.0,76.0,2.0,algumas nuvens,sem chuva,13,2,2,0,0
4901,None_Existent,44.9,1.2,79.5,DARK,16.0,1020.0,48.0,3.0,céu claro,sem chuva,23,0,10,0,0
4902,None_Existent,41.9,0.0,87.0,DARK,16.0,1020.0,39.0,5.0,céu claro,sem chuva,3,1,10,0,0
4903,None_Existent,37.1,0.9,68.1,DARK,10.0,1030.0,100.0,2.0,sem observação,sem chuva,0,0,12,0,0
4904,None_Existent,46.2,1.4,74.6,DARK,17.0,1011.0,88.0,3.0,sem observação,sem chuva,22,4,9,0,0
4905,Low,41.2,3.1,84.3,DARK,10.0,1018.0,87.0,1.0,nuvens dispersas,sem chuva,21,1,1,0,0
4906,None_Existent,40.0,0.0,84.5,DARK,16.0,1016.0,100.0,0.0,sem observação,sem chuva,0,1,9,0,0
4907,None_Existent,43.9,0.0,87.5,DARK,13.0,1019.0,100.0,1.0,sem observação,sem chuva,1,2,10,0,0
4908,High,39.5,109.2,95.9,LIGHT,24.0,1014.0,73.0,2.0,sem observação,sem chuva,18,2,7,0,1
4909,Medium,40.7,24.4,73.8,LIGHT,29.0,1020.0,19.0,3.0,sem observação,sem chuva,17,6,5,1,1
4910,Medium,38.1,8.1,56.9,LIGHT,15.0,1014.0,100.0,2.0,sem observação,sem chuva,6,2,6,0,0
4911,High,34.2,70.4,77.9,LIGHT,21.0,1019.0,82.0,6.0,céu pouco nublado,sem chuva,15,6,6,1,0
4912,High,39.0,43.7,91.1,LIGHT,23.0,1021.0,68.0,5.0,sem observação,sem chuva,14,5,8,1,0
4913,Very_High,46.1,67.9,81.9,LOW_LIGHT,13.0,1020.0,100.0,1.0,sem observação,sem chuva,7,2,9,0,1
4914,Medium,34.2,37.7,74.5,LIGHT,21.0,1015.0,77.0,3.0,céu pouco nublado,sem chuva,17,0,6,0,1
4915,None_Existent,43.8,7.0,80.9,DARK,18.0,1024.0,93.0,0.0,céu claro,sem chuva,23,3,9,0,0
4916,High,43.6,93.0,88.7,LIGHT,20.0,1016.0,83.0,2.0,sem observação,sem chuva,15,2,8,0,0
4917,Medium,33.1,13.4,77.8,LIGHT,17.0,1014.0,72.0,5.0,céu limpo,sem chuva,12,0,4,0,0
4918,None_Existent,38.1,5.9,75.3,DARK,15.0,1013.0,100.0,8.0,sem observação,chuva moderada,23,1,5,0,0
4919,Low,48.5,2.1,70.6,DARK,18.0,1013.0,93.0,2.0,sem observação,sem chuva,4,5,7,1,0
4920,Low,43.4,14.2,78.7,DARK,17.0,1018.0,93.0,3.0,sem observação,sem chuva,22,5,8,1,0
4921,Medium,35.7,23.5,89.0,LIGHT,22.0,1018.0,82.0,2.0,sem observação,sem chuva,10,0,7,0,0
4922,Low,38.1,7.9,80.5,DARK,22.0,1024.0,43.0,4.0,sem observação,sem chuva,20,3,9,0,0
4923,None_Existent,40.1,0.0,68.0,DARK,13.0,1017.0,87.0,2.0,sem observação,sem chuva,5,1,6,0,0
4924,None_Existent,36.9,0.0,92.4,DARK,16.0,1014.0,100.0,7.0,sem observação,sem chuva,5,4,7,0,0
4925,Medium,38.1,12.2,80.8,LIGHT,18.0,1013.0,93.0,1.0,sem observação,sem chuva,6,3,7,0,0
4926,Low,37.1,12.1,90.2,LIGHT,20.0,1019.0,73.0,2.0,nuvens quebrados,sem chuva,9,0,7,0,1
4927,High,41.8,38.5,71.6,LIGHT,21.0,1018.0,77.0,3.0,céu pouco nublado,sem chuva,12,3,6,0,0
4928,Medium,39.8,22.5,89.6,DARK,23.0,1015.0,69.0,1.0,céu claro,sem chuva,22,3,8,0,0
4929,None_Existent,39.3,4.1,88.7,LOW_LIGHT,15.0,1019.0,100.0,8.0,sem observação,sem chuva,6,6,7,1,0
4930,High,31.4,184.8,100.5,LIGHT,19.0,1029.0,48.0,2.0,céu claro,sem chuva,17,5,2,1,1
4931,High,41.4,86.3,77.0,LIGHT,14.0,1017.0,82.0,3.0,céu pouco nublado,sem chuva,9,2,6,0,1
4932,Low,39.8,11.7,90.6,DARK,26.0,1014.0,48.0,2.0,céu claro,sem chuva,20,3,8,0,0
4933,Low,39.6,11.5,89.1,LIGHT,23.0,1022.0,27.0,7.0,céu claro,sem chuva,11,1,10,0,0
4934,None_Existent,36.9,1.7,86.5,DARK,17.0,1017.0,93.0,0.0,sem observação,sem chuva,3,0,9,0,0
4935,Medium,39.1,19.1,85.8,LIGHT,18.0,1018.0,100.0,1.0,nuvens quebradas,sem chuva,11,5,8,1,0
4936,None_Existent,42.5,0.0,87.4,DARK,19.0,1016.0,60.0,3.0,céu claro,sem chuva,3,5,8,1,0
4937,Medium,40.8,21.5,82.7,LIGHT,22.0,1019.0,33.0,2.0,céu claro,sem chuva,10,3,10,0,0
4938,Low,40.0,11.5,79.3,DARK,12.0,999.0,66.0,4.0,nuvens quebrados,sem chuva,22,3,1,0,0
4939,Very_High,44.1,76.6,87.3,LIGHT,19.0,1021.0,63.0,7.0,céu claro,sem chuva,18,3,8,0,1
4940,None_Existent,40.8,0.0,83.4,DARK,17.0,1018.0,100.0,0.0,sem observação,sem chuva,2,6,9,1,0
4941,High,42.1,49.0,87.8,LIGHT,21.0,1007.0,43.0,4.0,algumas nuvens,sem chuva,17,1,10,0,1
4942,Low,41.8,3.5,81.2,DARK,23.0,1020.0,38.0,5.0,sem observação,sem chuva,21,3,5,0,0
4943,Medium,41.6,44.6,88.8,DARK,22.0,1024.0,83.0,3.0,céu claro,sem chuva,19,3,9,0,1
4944,None_Existent,34.2,5.3,94.3,LIGHT,8.0,1030.0,70.0,2.0,céu claro,sem chuva,12,6,2,1,0
4945,Low,42.1,6.2,83.9,LIGHT,17.0,1015.0,100.0,1.0,sem observação,sem chuva,7,2,8,0,1
4946,Low,34.9,5.5,79.6,LOW_LIGHT,28.0,1012.0,35.0,4.0,céu claro,sem chuva,19,5,9,1,1
4947,Medium,38.8,16.9,88.9,LIGHT,14.0,1016.0,72.0,1.0,céu claro,sem chuva,11,0,11,0,0
4948,Medium,34.4,62.9,91.6,LIGHT,12.0,1004.0,87.0,2.0,sem observação,chuva moderada,15,2,10,0,0
4949,Very_High,47.4,98.5,74.7,LOW_LIGHT,6.0,1015.0,93.0,3.0,nuvens quebrados,sem chuva,8,2,1,0,1
4950,None_Existent,48.6,4.8,69.9,DARK,3.0,1020.0,93.0,1.0,céu claro,sem chuva,6,5,1,1,0
4951,High,38.1,41.9,85.4,DARK,14.0,1023.0,76.0,2.0,nuvens quebrados,sem chuva,17,1,12,0,1
4952,Very_High,41.9,75.6,80.5,LIGHT,1.0,1021.0,86.0,4.0,algumas nuvens,sem chuva,9,4,1,0,1
4953,Very_High,44.3,66.8,92.7,DARK,10.0,1028.0,87.0,1.0,céu claro,sem chuva,19,1,2,0,1
4954,Medium,37.2,31.1,95.9,LIGHT,13.0,1025.0,82.0,2.0,algumas nuvens,sem chuva,16,2,2,0,0
4955,High,37.0,240.7,74.8,LIGHT,20.0,1014.0,87.0,6.0,céu pouco nublado,sem chuva,18,2,5,0,1
4956,Very_High,42.7,72.0,70.7,LIGHT,12.0,1023.0,87.0,4.0,sem observação,chuva moderada,9,0,1,0,1
4957,High,39.7,44.3,76.7,LIGHT,12.0,1000.0,87.0,6.0,sem observação,aguaceiros fracos,16,2,4,0,0
4958,Low,34.1,6.1,76.3,LOW_LIGHT,21.0,1014.0,83.0,3.0,céu pouco nublado,sem chuva,20,5,7,1,0
4959,Medium,34.6,26.2,72.8,LIGHT,16.0,1018.0,67.0,4.0,nuvens dispersas,sem chuva,14,2,6,0,0
4960,None_Existent,34.8,8.3,84.8,DARK,18.0,1017.0,88.0,1.0,sem observação,sem chuva,21,6,7,1,0
4961,None_Existent,52.3,0.0,79.6,DARK,18.0,1017.0,31.0,2.0,céu claro,sem chuva,4,6,8,1,0
4962,Medium,42.9,23.0,85.6,LIGHT,21.0,1020.0,29.0,3.0,céu claro,sem chuva,13,0,10,0,0
4963,None_Existent,39.3,0.0,71.4,DARK,8.0,1031.0,100.0,0.0,sem observação,sem chuva,3,5,12,1,0
4964,Low,37.0,11.4,83.6,LIGHT,17.0,1016.0,55.0,5.0,sem observação,sem chuva,13,6,5,1,0
4965,None_Existent,41.3,10.9,77.9,DARK,17.0,1014.0,100.0,2.0,sem observação,sem chuva,23,1,9,0,0
4966,None_Existent,39.9,2.8,84.6,LOW_LIGHT,19.0,1012.0,88.0,1.0,sem observação,sem chuva,20,2,7,0,0
4967,None_Existent,34.4,0.0,92.2,DARK,6.0,1014.0,100.0,2.0,nuvens dispersas,sem chuva,5,3,11,0,0
4968,High,35.8,47.6,79.8,LIGHT,17.0,1015.0,93.0,5.0,sem observação,chuva fraca,15,1,5,0,0
4969,None_Existent,34.7,7.1,83.4,LIGHT,12.0,1016.0,58.0,5.0,céu claro,sem chuva,9,5,10,1,1
4970,Low,37.7,11.2,89.4,LIGHT,17.0,1016.0,82.0,5.0,nuvens quebrados,sem chuva,13,2,10,0,0
4971,None_Existent,42.3,0.0,75.4,DARK,5.0,1023.0,93.0,0.0,nuvens quebrados,sem chuva,5,1,1,0,0
4972,Medium,37.0,38.8,87.3,LIGHT,19.0,1022.0,88.0,2.0,nuvens dispersas,sem chuva,12,2,9,0,0
4973,Low,34.8,17.9,86.7,DARK,7.0,1012.0,100.0,1.0,algumas nuvens,sem chuva,1,3,11,0,0
4974,Medium,41.2,37.1,83.3,LIGHT,27.0,1019.0,50.0,4.0,sem observação,sem chuva,15,5,9,1,0
4975,Low,37.8,5.8,62.3,DARK,7.0,1015.0,100.0,1.0,sem observação,sem chuva,5,6,5,1,0
4976,Medium,32.1,42.7,83.1,LIGHT,14.0,1009.0,93.0,4.0,nuvens quebrados,sem chuva,16,5,1,1,0
4977,Medium,38.3,37.4,90.1,LIGHT,25.0,1015.0,51.0,4.0,céu claro,sem chuva,19,4,8,0,1
4978,High,40.0,17.9,87.4,LIGHT,15.0,1011.0,100.0,1.0,sem observação,sem chuva,7,1,9,0,1
4979,Low,32.6,13.8,89.7,LIGHT,15.0,1020.0,67.0,6.0,algumas nuvens,sem chuva,12,6,2,1,0
4980,None_Existent,42.4,0.0,74.8,DARK,13.0,1013.0,72.0,4.0,céu claro,sem chuva,3,3,11,0,0
4981,Very_High,39.7,69.1,75.5,LIGHT,19.0,1016.0,78.0,2.0,sem observação,sem chuva,10,1,6,0,0
4982,None_Existent,41.3,0.0,83.9,DARK,16.0,1016.0,100.0,1.0,sem observação,sem chuva,23,0,9,0,0
4983,High,47.1,53.8,79.9,LIGHT,19.0,1017.0,82.0,4.0,céu pouco nublado,sem chuva,17,6,9,1,1
4984,Medium,37.3,24.7,85.8,LIGHT,22.0,1020.0,68.0,4.0,céu claro,sem chuva,15,5,8,1,0
4985,Low,44.3,4.4,81.7,DARK,24.0,1016.0,73.0,1.0,sem observação,sem chuva,22,0,9,0,0
4986,None_Existent,39.8,3.5,92.3,DARK,16.0,1014.0,93.0,2.0,céu claro,sem chuva,22,6,8,1,0
4987,Low,45.4,8.8,81.4,DARK,16.0,1018.0,93.0,3.0,sem observação,sem chuva,23,0,8,0,0
4988,None_Existent,47.7,0.0,73.0,DARK,8.0,1019.0,87.0,3.0,nuvens quebrados,sem chuva,2,2,1,0,0
4989,Medium,36.2,31.0,93.3,LIGHT,26.0,1017.0,78.0,3.0,sem observação,sem chuva,13,5,8,1,0
4990,High,41.9,73.3,71.1,LIGHT,15.0,1017.0,100.0,11.0,sem observação,sem chuva,7,3,7,0,1
4991,High,38.6,43.7,90.7,LIGHT,23.0,1012.0,73.0,2.0,algumas nuvens,sem chuva,16,1,9,0,0
4992,Medium,33.6,28.1,81.9,LIGHT,21.0,1016.0,60.0,4.0,sem observação,sem chuva,13,6,5,1,0
4993,Very_High,39.2,99.7,76.6,LIGHT,17.0,1017.0,100.0,1.0,nuvens quebradas,sem chuva,8,4,7,0,1
4994,Medium,41.6,10.7,76.3,DARK,17.0,1023.0,53.0,4.0,sem observação,sem chuva,6,4,9,0,0
4995,High,36.8,55.2,81.2,LIGHT,19.0,1014.0,63.0,3.0,céu pouco nublado,sem chuva,14,1,4,0,0
4996,None_Existent,44.4,1.4,66.4,DARK,17.0,1017.0,93.0,0.0,céu pouco nublado,sem chuva,23,2,6,0,0
4997,Very_High,46.6,66.8,89.8,LIGHT,11.0,1030.0,51.0,5.0,céu claro,sem chuva,10,0,2,0,0
4998,High,40.4,42.4,87.8,LIGHT,21.0,1013.0,69.0,2.0,algumas nuvens,sem chuva,18,3,9,0,1
4999,None_Existent,47.8,0.0,71.1,DARK,13.0,1024.0,100.0,4.0,nuvens quebrados,sem chuva,6,6,12,1,0
5000,Medium,34.5,22.2,102.8,LIGHT,17.0,1023.0,37.0,4.0,céu claro,sem chuva,12,5,2,1,0
5001,High,34.1,58.1,75.3,LIGHT,24.0,1014.0,19.0,6.0,sem observação,sem chuva,11,1,5,0,0
5002,High,36.8,89.8,91.5,LIGHT,21.0,1016.0,68.0,3.0,algumas nuvens,sem chuva,14,2,8,0,0
5003,High,41.9,66.0,86.5,DARK,14.0,1026.0,100.0,2.0,algumas nuvens,sem chuva,19,4,11,0,1
5004,Medium,36.2,21.2,79.5,LIGHT,20.0,1018.0,88.0,7.0,céu pouco nublado,sem chuva,19,5,7,1,1
5005,Medium,43.4,5.9,62.8,LIGHT,11.0,1016.0,81.0,4.0,nuvens dispersas,sem chuva,6,4,5,0,0
5006,None_Existent,40.0,0.0,68.0,DARK,16.0,1019.0,100.0,7.0,sem observação,sem chuva,5,0,7,0,0
5007,Medium,40.5,37.6,88.3,LIGHT,20.0,1022.0,78.0,4.0,céu claro,sem chuva,15,5,9,1,0
5008,None_Existent,35.9,4.1,96.0,DARK,4.0,1021.0,87.0,2.0,céu claro,sem chuva,23,1,2,0,0
5009,Low,40.8,5.8,83.4,DARK,18.0,1022.0,82.0,2.0,céu claro,sem chuva,20,6,9,1,0
5010,None_Existent,45.1,4.5,77.1,DARK,9.0,1011.0,93.0,3.0,algumas nuvens,sem chuva,1,0,11,0,0
5011,None_Existent,39.8,2.8,80.0,DARK,12.0,1016.0,77.0,3.0,céu claro,sem chuva,3,4,11,0,0
5012,None_Existent,35.6,4.6,73.6,DARK,13.0,1029.0,93.0,0.0,nuvens quebrados,sem chuva,3,3,12,0,0
5013,High,42.9,24.3,81.2,DARK,13.0,1032.0,100.0,1.0,sem observação,sem chuva,21,4,12,0,0
5014,Medium,43.8,66.5,90.8,LIGHT,19.0,1022.0,77.0,4.0,céu pouco nublado,sem chuva,19,6,8,1,1
5015,None_Existent,42.8,1.8,88.6,DARK,15.0,1013.0,58.0,1.0,céu claro,sem chuva,21,0,10,0,0
5016,Very_High,47.2,94.8,84.1,LIGHT,11.0,1019.0,67.0,0.0,céu claro,sem chuva,8,3,10,0,1
5017,None_Existent,42.2,6.9,86.8,LIGHT,13.0,1013.0,87.0,5.0,nuvens quebrados,sem chuva,9,6,11,1,1
5018,Medium,40.0,18.1,81.5,LIGHT,10.0,1013.0,100.0,4.0,sem observação,chuva leve,12,5,1,1,0
5019,Low,33.6,12.0,90.2,LIGHT,23.0,1015.0,73.0,4.0,nuvens dispersas,sem chuva,13,3,7,0,0
5020,Low,40.8,8.9,89.9,LOW_LIGHT,14.0,1021.0,100.0,2.0,sem observação,sem chuva,6,2,8,0,0
5021,None_Existent,47.2,0.0,86.0,DARK,18.0,1018.0,38.0,7.0,céu claro,sem chuva,5,1,9,0,0
5022,Medium,37.5,43.2,84.6,LIGHT,15.0,1017.0,82.0,5.0,nuvens dispersas,sem chuva,15,3,1,0,0
5023,Very_High,40.6,54.8,69.6,LIGHT,20.0,1016.0,88.0,3.0,céu pouco nublado,sem chuva,11,1,6,0,0
5024,High,42.8,40.6,78.0,DARK,15.0,1028.0,77.0,2.0,nuvens quebrados,sem chuva,19,2,12,0,1
5025,None_Existent,42.8,0.0,85.7,DARK,16.0,1012.0,100.0,1.0,sem observação,sem chuva,3,2,9,0,0
5026,Medium,42.3,9.9,72.4,LIGHT,20.0,1013.0,77.0,2.0,sem observação,chuva moderada,19,6,8,1,1
5027,Low,41.2,12.5,76.8,LIGHT,18.0,1015.0,100.0,4.0,sem observação,sem chuva,9,6,8,1,1
5028,None_Existent,41.7,0.0,87.4,DARK,17.0,1018.0,100.0,4.0,nuvens quebrados,sem chuva,1,0,8,0,0
5029,High,40.7,81.6,84.2,LIGHT,20.0,1015.0,100.0,1.0,sem observação,sem chuva,17,1,9,0,1
5030,Medium,34.2,19.5,87.8,LIGHT,20.0,1013.0,82.0,1.0,nuvens quebrados,sem chuva,12,1,9,0,0
5031,None_Existent,45.2,3.8,84.8,DARK,20.0,1018.0,77.0,6.0,nuvens quebrados,sem chuva,22,4,10,0,0
5032,Medium,34.5,35.2,94.6,LIGHT,13.0,1026.0,87.0,1.0,nuvens quebrados,sem chuva,15,3,2,0,0
5033,None_Existent,37.8,0.9,64.7,DARK,11.0,1021.0,93.0,5.0,sem observação,sem chuva,2,0,6,0,0
5034,High,39.0,95.5,77.2,LIGHT,16.0,1012.0,67.0,4.0,céu pouco nublado,sem chuva,13,3,4,0,0
5035,Medium,40.2,49.9,87.6,LIGHT,19.0,1019.0,77.0,3.0,nuvens dispersas,sem chuva,10,0,8,0,0
5036,Low,40.9,11.8,74.1,LIGHT,21.0,1016.0,88.0,3.0,nuvens dispersas,sem chuva,19,5,8,1,1
5037,Medium,52.0,2.5,69.7,DARK,8.0,1031.0,100.0,0.0,sem observação,sem chuva,5,5,12,1,0
5038,Low,34.9,9.3,75.0,DARK,11.0,1024.0,87.0,0.0,sem observação,sem chuva,0,5,6,1,0
5039,Very_High,43.1,85.0,70.4,LIGHT,29.0,1016.0,28.0,5.0,sem observação,sem chuva,17,0,5,0,1
5040,Medium,39.4,19.0,71.8,LIGHT,30.0,1021.0,27.0,3.0,sem observação,sem chuva,14,3,5,0,0
5041,High,40.2,73.4,74.1,LIGHT,16.0,1013.0,100.0,3.0,nuvens quebradas,sem chuva,7,3,7,0,1
5042,Medium,33.6,45.4,77.6,LIGHT,28.0,1018.0,64.0,3.0,sem observação,sem chuva,15,2,9,0,0
5043,Low,41.3,5.6,86.4,DARK,21.0,1016.0,60.0,2.0,céu claro,sem chuva,23,6,8,1,0
5044,Medium,37.6,22.8,70.9,LIGHT,22.0,1019.0,23.0,5.0,sem observação,sem chuva,10,0,5,0,0
5045,None_Existent,41.6,0.0,76.1,DARK,15.0,1008.0,72.0,3.0,céu limpo,sem chuva,23,6,4,1,0
5046,None_Existent,37.2,3.6,86.3,DARK,13.0,1018.0,76.0,0.0,céu claro,sem chuva,23,3,10,0,0
5047,Medium,37.1,32.6,83.1,LIGHT,31.0,1020.0,37.0,5.0,sem observação,sem chuva,15,4,9,0,0
5048,Very_High,41.3,91.2,73.8,LIGHT,24.0,1018.0,69.0,5.0,sem observação,sem chuva,17,0,7,0,1
5049,Very_High,47.9,54.9,74.4,LIGHT,11.0,1024.0,93.0,1.0,sem observação,sem chuva,7,2,9,0,1
5050,Medium,41.5,16.1,75.6,LIGHT,16.0,1014.0,77.0,5.0,céu pouco nublado,sem chuva,15,0,4,0,0
5051,None_Existent,40.8,2.7,82.8,DARK,15.0,1016.0,100.0,0.0,nuvens quebrados,sem chuva,0,6,9,1,0
5052,Medium,39.9,12.9,83.6,DARK,9.0,1029.0,93.0,1.0,algumas nuvens,sem chuva,20,1,2,0,0
5053,Very_High,44.4,92.6,82.6,LIGHT,4.0,1024.0,100.0,0.0,sem observação,sem chuva,8,1,11,0,1
5054,Medium,34.1,27.6,83.0,LIGHT,25.0,1018.0,88.0,5.0,céu pouco nublado,sem chuva,14,5,7,1,0
5055,Medium,39.7,28.2,81.1,LIGHT,18.0,1014.0,72.0,4.0,céu pouco nublado,sem chuva,14,1,6,0,0
5056,Medium,34.5,23.8,90.0,LIGHT,22.0,1014.0,94.0,1.0,sem observação,sem chuva,12,1,7,0,0
5057,None_Existent,44.0,0.0,80.9,DARK,19.0,1016.0,88.0,2.0,nuvens dispersas,sem chuva,20,5,9,1,0
5058,High,39.8,14.7,89.1,LIGHT,27.0,1015.0,55.0,3.0,céu claro,sem chuva,8,4,8,0,1
5059,Low,35.7,7.1,90.0,DARK,17.0,1019.0,93.0,4.0,nuvens quebrados,sem chuva,22,1,8,0,0
5060,Very_High,45.1,75.4,76.3,DARK,10.0,1012.0,87.0,5.0,sem observação,chuva moderada,19,3,11,0,1
5061,Low,40.8,16.5,82.4,DARK,16.0,1020.0,87.0,3.0,céu claro,sem chuva,22,2,8,0,0
5062,None_Existent,48.1,0.8,84.2,DARK,14.0,1017.0,100.0,1.0,sem observação,sem chuva,5,6,9,1,0
5063,None_Existent,37.7,1.0,73.5,DARK,15.0,1020.0,77.0,2.0,nuvens quebradas,sem chuva,21,0,5,0,0
5064,High,36.3,74.7,75.2,LIGHT,15.0,1014.0,82.0,4.0,sem observação,sem chuva,10,1,6,0,0
5065,None_Existent,39.2,0.0,86.1,LOW_LIGHT,6.0,1015.0,81.0,5.0,algumas nuvens,sem chuva,8,5,2,1,1
5066,Medium,40.0,27.1,89.3,LIGHT,20.0,1021.0,73.0,5.0,algumas nuvens,sem chuva,13,2,8,0,0
5067,Low,33.8,14.9,92.5,LIGHT,22.0,1015.0,83.0,5.0,céu pouco nublado,sem chuva,12,5,7,1,0
5068,None_Existent,38.8,0.0,70.8,DARK,14.0,1018.0,82.0,4.0,nuvens quebradas,sem chuva,1,1,6,0,0
5069,Low,37.0,13.5,84.2,DARK,17.0,1018.0,52.0,4.0,céu limpo,sem chuva,21,4,4,0,0
5070,Medium,41.1,12.1,81.1,LOW_LIGHT,19.0,1018.0,93.0,5.0,céu pouco nublado,sem chuva,20,5,7,1,0
5071,Medium,40.8,23.0,87.2,LIGHT,24.0,1021.0,32.0,3.0,céu claro,sem chuva,14,0,10,0,0
5072,Low,34.1,16.5,91.7,LIGHT,9.0,1014.0,100.0,7.0,sem observação,chuva leve,11,5,1,1,0
5073,None_Existent,44.3,0.0,89.7,DARK,18.0,1015.0,93.0,0.0,nuvens quebrados,sem chuva,4,4,7,0,0
5074,Low,45.6,1.2,86.2,DARK,10.0,1018.0,71.0,1.0,céu claro,sem chuva,6,3,10,0,0
5075,None_Existent,38.9,0.0,93.0,DARK,11.0,1025.0,93.0,4.0,nuvens quebradas,sem chuva,2,6,3,1,0
5076,Medium,39.8,39.4,90.1,LIGHT,20.0,1019.0,72.0,3.0,nuvens quebrados,sem chuva,18,6,7,1,1
5077,Very_High,47.7,99.1,70.5,LIGHT,14.0,1018.0,87.0,3.0,sem observação,sem chuva,7,0,5,0,1
5078,None_Existent,40.2,0.0,67.2,DARK,15.0,1018.0,93.0,2.0,sem observação,sem chuva,1,0,5,0,0
5079,Low,45.7,17.3,81.3,LIGHT,14.0,1023.0,87.0,2.0,nuvens quebrados,sem chuva,14,5,11,1,0
5080,Medium,42.6,31.3,86.8,LIGHT,28.0,1019.0,37.0,6.0,sem observação,sem chuva,13,3,9,0,0
5081,Low,37.4,7.2,82.5,DARK,17.0,1015.0,100.0,10.0,sem observação,sem chuva,1,4,7,0,0
5082,High,39.4,90.1,88.6,LIGHT,20.0,1017.0,77.0,5.0,nuvens dispersas,sem chuva,10,1,8,0,0
5083,None_Existent,40.3,0.0,67.3,DARK,15.0,1014.0,30.0,5.0,sem observação,sem chuva,5,1,5,0,0
5084,Low,45.4,10.4,78.7,DARK,17.0,1015.0,100.0,2.0,sem observação,sem chuva,3,1,8,0,0
5085,None_Existent,40.8,3.9,87.2,LIGHT,14.0,1022.0,100.0,1.0,sem observação,sem chuva,8,5,9,1,1
5086,None_Existent,46.1,0.0,76.5,DARK,13.0,1025.0,100.0,1.0,sem observação,sem chuva,3,5,11,1,0
5087,None_Existent,39.4,2.4,80.1,LIGHT,15.0,1022.0,87.0,1.0,sem observação,chuva fraca,9,6,4,1,1
5088,None_Existent,44.5,4.1,82.6,DARK,11.0,1018.0,93.0,1.0,algumas nuvens,sem chuva,0,4,11,0,0
5089,None_Existent,44.9,8.4,77.1,DARK,20.0,1018.0,42.0,2.0,sem observação,sem chuva,1,5,9,1,0
5090,Medium,30.5,43.5,95.5,LIGHT,13.0,1020.0,82.0,7.0,tempo nublado,sem chuva,17,5,2,1,1
5091,High,46.8,41.3,85.3,DARK,9.0,1024.0,76.0,0.0,céu claro,sem chuva,1,5,2,1,0
5092,None_Existent,40.9,4.2,87.8,DARK,18.0,1018.0,77.0,3.0,céu claro,sem chuva,2,6,10,1,0
5093,Very_High,44.9,140.7,84.6,LIGHT,16.0,1022.0,100.0,1.0,sem observação,sem chuva,9,4,9,0,1
5094,Low,41.9,3.7,73.3,DARK,6.0,1020.0,93.0,0.0,céu claro,sem chuva,0,5,1,1,0
5095,Very_High,42.8,76.1,70.2,LIGHT,7.0,1023.0,93.0,3.0,nuvens quebrados,sem chuva,9,1,1,0,1
5096,None_Existent,47.3,3.7,84.7,DARK,15.0,1020.0,100.0,0.0,sem observação,sem chuva,2,3,9,0,0
5097,Low,39.9,3.7,77.2,DARK,14.0,1020.0,100.0,4.0,sem observação,sem chuva,22,5,4,1,0
5098,Low,46.4,4.5,75.8,DARK,16.0,1012.0,100.0,4.0,nuvens quebradas,sem chuva,5,2,7,0,0
5099,Low,52.1,4.9,73.3,DARK,19.0,1017.0,60.0,5.0,sem observação,sem chuva,0,3,9,0,0
5100,Low,41.6,5.1,76.1,DARK,5.0,1024.0,93.0,2.0,céu claro,sem chuva,4,0,1,0,0
5101,High,41.2,102.3,76.2,LIGHT,16.0,1018.0,63.0,5.0,sem observação,sem chuva,9,1,6,0,1
5102,High,47.9,47.2,65.9,LIGHT,11.0,1018.0,100.0,1.0,sem observação,sem chuva,7,1,4,0,1
5103,High,39.4,27.8,89.6,LIGHT,13.0,1025.0,51.0,4.0,céu claro,sem chuva,11,3,2,0,0
5104,None_Existent,40.8,0.0,86.0,LIGHT,14.0,1017.0,100.0,5.0,sem observação,chuvisco fraco,7,6,4,1,1
5105,High,38.8,67.0,79.3,LIGHT,15.0,1030.0,93.0,2.0,algumas nuvens,sem chuva,16,3,12,0,0
5106,Medium,40.8,54.4,83.4,DARK,12.0,1011.0,53.0,8.0,sem observação,chuva,18,5,10,1,1
5107,High,44.9,65.8,78.3,LIGHT,12.0,1006.0,81.0,0.0,nuvens dispersas,sem chuva,10,0,11,0,0
5108,Medium,36.8,43.8,92.0,LIGHT,21.0,1016.0,77.0,3.0,nuvens quebrados,sem chuva,11,4,7,0,0
5109,None_Existent,44.5,0.0,88.9,LIGHT,16.0,1014.0,82.0,2.0,céu claro,sem chuva,7,5,9,1,1
5110,None_Existent,36.2,6.8,81.1,DARK,17.0,1021.0,93.0,1.0,céu pouco nublado,sem chuva,20,2,9,0,0
5111,None_Existent,39.6,0.0,70.1,DARK,3.0,1020.0,93.0,1.0,céu claro,sem chuva,7,5,1,1,1
5112,None_Existent,41.8,0.0,73.6,DARK,17.0,1007.0,68.0,4.0,céu pouco nublado,sem chuva,20,6,4,1,0
5113,Medium,37.1,31.4,89.6,LIGHT,22.0,1018.0,57.0,3.0,céu claro,sem chuva,16,3,8,0,0
5114,High,44.2,44.9,90.3,DARK,10.0,1029.0,81.0,3.0,céu claro,sem chuva,19,0,2,0,1
5115,None_Existent,44.0,4.6,85.5,LIGHT,17.0,1014.0,77.0,2.0,céu claro,sem chuva,7,1,8,0,1
5116,Medium,35.5,22.5,91.2,LIGHT,21.0,1016.0,82.0,1.0,nuvens dispersas,sem chuva,11,6,7,1,0
5117,Medium,44.1,21.4,65.2,LOW_LIGHT,11.0,1001.0,82.0,4.0,sem observação,chuva fraca,19,2,4,0,1
5118,Very_High,44.7,33.8,75.8,LIGHT,17.0,1015.0,100.0,1.0,sem observação,sem chuva,7,0,7,0,1
5119,None_Existent,37.0,1.4,67.4,DARK,10.0,1020.0,93.0,3.0,céu claro,sem chuva,23,3,1,0,0
5120,High,38.6,33.5,85.5,LIGHT,21.0,1017.0,93.0,5.0,nuvens quebradas,sem chuva,14,0,7,0,0
5121,High,39.0,30.2,73.8,LIGHT,26.0,1021.0,41.0,3.0,sem observação,sem chuva,14,2,5,0,0
5122,Medium,40.3,10.0,86.5,DARK,12.0,1008.0,93.0,2.0,sem observação,chuva fraca,17,6,11,1,1
5123,None_Existent,42.5,0.0,89.6,DARK,16.0,1019.0,100.0,4.0,nuvens quebrados,sem chuva,0,2,8,0,0
5124,Medium,37.1,24.9,89.9,DARK,18.0,1021.0,88.0,2.0,algumas nuvens,sem chuva,19,3,9,0,1
5125,Low,33.8,9.5,84.0,LIGHT,17.0,1017.0,82.0,3.0,céu limpo,sem chuva,13,1,4,0,0
5126,None_Existent,38.9,0.0,71.1,DARK,16.0,1014.0,100.0,3.0,nuvens quebradas,sem chuva,20,6,4,1,0
5127,Low,41.3,6.6,82.6,DARK,16.0,1020.0,100.0,2.0,sem observação,sem chuva,20,5,9,1,0
5128,Very_High,43.0,121.8,73.9,LIGHT,17.0,1018.0,88.0,2.0,sem observação,sem chuva,8,4,6,0,1
5129,Very_High,45.1,119.6,62.2,LIGHT,14.0,1014.0,82.0,3.0,nublado,sem chuva,8,3,5,0,1
5130,High,36.5,42.2,74.3,LIGHT,24.0,1018.0,47.0,6.0,sem observação,sem chuva,16,1,5,0,0
5131,Medium,49.3,21.3,72.8,LIGHT,17.0,1018.0,100.0,5.0,sem observação,sem chuva,8,2,8,0,1
5132,Low,49.8,9.3,78.8,DARK,18.0,1017.0,77.0,1.0,sem observação,sem chuva,2,3,8,0,0
5133,None_Existent,38.1,0.0,64.2,DARK,13.0,1015.0,93.0,2.0,nuvens dispersas,sem chuva,22,2,5,0,0
5134,Medium,33.5,13.0,65.8,LIGHT,18.0,1014.0,77.0,3.0,céu pouco nublado,sem chuva,10,5,6,1,0
5135,None_Existent,40.3,1.5,86.5,DARK,11.0,1010.0,93.0,2.0,nuvens dispersas,sem chuva,21,6,11,1,0
5136,Medium,38.1,47.0,81.6,DARK,14.0,1017.0,87.0,1.0,nuvens dispersas,sem chuva,17,3,11,0,1
5137,None_Existent,47.8,0.0,86.3,DARK,14.0,1017.0,100.0,1.0,sem observação,sem chuva,6,5,9,1,0
5138,Medium,36.8,17.2,91.5,DARK,7.0,1020.0,81.0,1.0,céu claro,sem chuva,20,1,2,0,0
5139,Medium,36.5,36.1,74.3,LIGHT,25.0,1018.0,44.0,6.0,sem observação,sem chuva,15,1,5,0,0
5140,Low,38.5,17.5,86.4,LIGHT,17.0,1021.0,87.0,3.0,nuvens quebradas,sem chuva,11,6,9,1,0
5141,None_Existent,44.4,0.0,83.2,DARK,17.0,1016.0,100.0,3.0,sem observação,sem chuva,2,1,7,0,0
5142,Medium,37.9,20.6,75.4,LIGHT,15.0,1016.0,62.0,5.0,nuvens dispersas,sem chuva,14,5,5,1,0
5143,None_Existent,39.2,0.0,89.8,DARK,5.0,1021.0,87.0,0.0,céu claro,sem chuva,21,1,2,0,0
5144,Low,43.3,20.3,82.8,DARK,20.0,1020.0,94.0,1.0,nuvens quebrados,sem chuva,22,0,7,0,0
5145,None_Existent,38.8,0.8,71.0,DARK,12.0,1013.0,93.0,7.0,céu limpo,sem chuva,3,4,4,0,0
5146,None_Existent,41.5,0.0,86.1,LIGHT,5.0,1017.0,80.0,2.0,algumas nuvens,sem chuva,9,5,2,1,1
5147,Medium,42.2,16.8,69.9,LIGHT,14.0,1021.0,82.0,4.0,nuvens quebrados,sem chuva,11,0,11,0,0
5148,Very_High,44.7,68.0,64.6,LIGHT,11.0,1016.0,93.0,10.0,sem observação,chuva fraca,8,3,11,0,1
5149,None_Existent,44.8,3.5,83.4,DARK,16.0,1025.0,77.0,1.0,céu claro,sem chuva,22,1,10,0,0
5150,Low,44.0,11.9,75.5,DARK,16.0,1020.0,82.0,2.0,sem observação,sem chuva,2,6,5,1,0
5151,High,43.8,30.1,80.9,LIGHT,4.0,1030.0,81.0,1.0,céu claro,sem chuva,10,0,2,0,0
5152,None_Existent,45.9,0.0,86.5,DARK,14.0,1018.0,100.0,0.0,nuvens dispersas,sem chuva,4,6,7,1,0
5153,Very_High,44.9,121.3,84.6,LIGHT,13.0,1021.0,100.0,1.0,céu claro,sem chuva,8,2,9,0,1
5154,Low,47.9,1.4,71.7,DARK,11.0,1020.0,87.0,5.0,nuvens quebrados,sem chuva,23,1,1,0,0
5155,None_Existent,49.1,0.0,63.0,DARK,19.0,1019.0,37.0,7.0,sem observação,sem chuva,22,1,5,0,0
5156,Medium,39.2,15.2,84.9,DARK,12.0,1026.0,81.0,2.0,céu claro,sem chuva,20,3,2,0,0
5157,High,40.4,32.1,76.1,LIGHT,8.0,1015.0,93.0,4.0,sem observação,chuva fraca,10,2,1,0,0
5158,None_Existent,42.4,0.6,86.6,DARK,15.0,1019.0,100.0,0.0,sem observação,sem chuva,5,6,9,1,0
5159,Medium,37.6,48.4,92.5,LIGHT,19.0,1020.0,82.0,3.0,algumas nuvens,sem chuva,18,6,9,1,1
5160,Low,34.1,23.6,86.9,LIGHT,16.0,1001.0,77.0,2.0,sem observação,chuva fraca,14,6,11,1,0
5161,None_Existent,41.8,0.0,74.3,DARK,14.0,1010.0,93.0,6.0,nuvens quebradas,sem chuva,4,0,4,0,0
5162,None_Existent,43.7,19.6,84.8,DARK,18.0,1021.0,93.0,0.0,nuvens quebrados,sem chuva,1,4,9,0,0
5163,High,33.3,131.9,100.5,LIGHT,20.0,1027.0,40.0,2.0,céu claro,sem chuva,15,6,2,1,0
5164,Low,38.6,17.4,75.9,LIGHT,27.0,1016.0,36.0,4.0,sem observação,sem chuva,19,0,5,0,1
5165,None_Existent,44.0,7.8,80.9,LIGHT,16.0,1019.0,93.0,2.0,sem observação,sem chuva,13,6,9,1,0
5166,High,32.1,69.3,80.5,LIGHT,16.0,1021.0,76.0,3.0,céu pouco nublado,sem chuva,14,3,4,0,0
5167,None_Existent,35.9,0.0,84.9,LIGHT,3.0,1030.0,87.0,2.0,céu claro,sem chuva,11,6,2,1,0
5168,Medium,41.4,17.9,80.1,DARK,19.0,1017.0,88.0,1.0,sem observação,sem chuva,0,3,8,0,0
5169,None_Existent,38.5,0.0,98.2,DARK,9.0,1020.0,87.0,3.0,nuvens dispersas,sem chuva,7,6,2,1,1
5170,Medium,33.0,25.4,86.3,LIGHT,19.0,1014.0,88.0,4.0,nuvens quebradas,sem chuva,10,0,7,0,0
5171,None_Existent,39.4,0.0,88.8,DARK,18.0,1013.0,88.0,1.0,sem observação,sem chuva,21,2,7,0,0
5172,Medium,36.0,16.5,85.9,LIGHT,22.0,1019.0,77.0,5.0,céu pouco nublado,sem chuva,13,6,6,1,0
5173,None_Existent,44.0,3.3,87.0,DARK,16.0,1019.0,100.0,0.0,sem observação,sem chuva,0,4,8,0,0
5174,None_Existent,37.7,5.4,91.3,DARK,17.0,1017.0,93.0,3.0,sem observação,sem chuva,3,0,7,0,0
5175,Medium,38.8,16.9,81.2,DARK,19.0,1018.0,100.0,2.0,céu pouco nublado,sem chuva,23,4,8,0,0
5176,None_Existent,41.8,0.0,74.8,DARK,12.0,1011.0,82.0,1.0,céu limpo,sem chuva,5,0,4,0,0
5177,High,42.8,115.9,80.6,LIGHT,25.0,1017.0,44.0,5.0,sem observação,sem chuva,17,4,9,0,1
5178,None_Existent,42.9,0.0,71.4,DARK,16.0,1019.0,100.0,2.0,nuvens quebradas,sem chuva,3,0,7,0,0
5179,High,40.2,31.2,81.3,LOW_LIGHT,26.0,1017.0,54.0,3.0,sem observação,sem chuva,19,2,9,0,1
5180,Medium,39.3,20.1,73.3,LIGHT,18.0,1013.0,88.0,1.0,sem observação,sem chuva,8,0,8,0,1
5181,High,37.9,93.0,88.0,LIGHT,21.0,1013.0,77.0,3.0,nuvens dispersas,sem chuva,15,4,9,0,0
5182,Very_High,45.4,66.0,73.0,LIGHT,6.0,1023.0,93.0,4.0,sem observação,sem chuva,8,1,11,0,1
5183,Low,34.8,8.8,86.8,LIGHT,32.0,1017.0,49.0,2.0,céu claro,sem chuva,12,5,8,1,0
5184,Medium,34.7,28.8,90.1,LIGHT,16.0,1025.0,87.0,3.0,nuvens dispersas,sem chuva,14,4,11,0,0
5185,Low,43.7,6.5,88.1,DARK,14.0,1016.0,100.0,9.0,sem observação,sem chuva,6,6,9,1,0
5186,None_Existent,43.0,0.0,71.0,LOW_LIGHT,18.0,1015.0,82.0,6.0,sem observação,sem chuva,20,0,5,0,0
5187,Low,41.2,3.3,84.3,LOW_LIGHT,0.0,1029.0,100.0,2.0,céu claro,sem chuva,8,6,2,1,1
5188,None_Existent,41.6,2.3,78.6,DARK,19.0,1014.0,82.0,2.0,sem observação,sem chuva,22,6,9,1,0
5189,Medium,36.4,33.1,74.8,LIGHT,21.0,1018.0,77.0,3.0,sem observação,sem chuva,14,4,6,0,0
5190,Low,43.6,8.6,83.4,LIGHT,17.0,1008.0,100.0,7.0,sem observação,chuva fraca,8,5,9,1,1
5191,High,42.8,119.9,85.7,LIGHT,20.0,1017.0,82.0,3.0,nuvens quebrados,sem chuva,12,3,8,0,0
5192,None_Existent,41.5,0.0,76.1,DARK,11.0,1010.0,93.0,4.0,sem observação,chuva moderada,3,3,4,0,0
5193,None_Existent,39.0,0.0,70.6,DARK,11.0,1013.0,93.0,2.0,céu limpo,sem chuva,5,4,4,0,0
5194,None_Existent,41.3,0.0,85.2,DARK,16.0,1016.0,100.0,2.0,sem observação,sem chuva,2,1,9,0,0
5195,High,38.2,160.7,74.1,LIGHT,22.0,1009.0,56.0,5.0,céu pouco nublado,sem chuva,16,6,4,1,0
5196,Low,40.8,6.1,79.4,DARK,18.0,1020.0,93.0,3.0,nuvens quebradas,sem chuva,0,5,8,1,0
5197,Low,49.2,4.5,62.8,DARK,13.0,1019.0,100.0,2.0,nuvens dispersas,sem chuva,3,3,5,0,0
5198,Medium,43.8,31.3,88.5,LOW_LIGHT,20.0,1016.0,82.0,1.0,algumas nuvens,sem chuva,19,0,8,0,1
5199,Medium,37.9,17.3,89.8,LIGHT,14.0,1022.0,71.0,7.0,nuvens quebrados,sem chuva,13,5,2,1,0
5200,High,37.1,27.1,89.6,DARK,13.0,1028.0,93.0,0.0,nuvens quebradas,sem chuva,20,4,3,0,0
5201,None_Existent,43.8,0.0,92.0,DARK,18.0,1015.0,100.0,11.0,céu pouco nublado,sem chuva,23,0,7,0,0
5202,Medium,36.1,34.3,83.1,LIGHT,29.0,1017.0,83.0,3.0,céu pouco nublado,sem chuva,14,4,8,0,0
5203,Very_High,48.3,96.1,71.9,LIGHT,12.0,1031.0,93.0,0.0,sem observação,sem chuva,9,3,12,0,1
5204,Medium,39.9,9.8,60.5,DARK,22.0,1020.0,64.0,3.0,sem observação,sem chuva,21,2,5,0,0
5205,None_Existent,42.2,0.0,81.8,DARK,13.0,1022.0,100.0,4.0,sem observação,sem chuva,22,3,11,0,0
5206,Low,45.5,4.3,66.2,DARK,13.0,1009.0,71.0,12.0,nuvens quebrados,sem chuva,21,6,11,1,0
5207,Medium,34.3,26.5,75.0,LIGHT,13.0,1022.0,87.0,3.0,sem observação,sem chuva,11,1,12,0,0
5208,Very_High,47.4,101.4,62.0,LIGHT,18.0,1022.0,43.0,5.0,sem observação,sem chuva,7,3,5,0,1
5209,High,40.5,48.3,78.2,LIGHT,12.0,1016.0,93.0,9.0,sem observação,chuva moderada,11,3,11,0,0
5210,None_Existent,43.6,1.3,69.5,DARK,15.0,1023.0,93.0,1.0,sem observação,sem chuva,23,6,8,1,0
5211,Low,45.7,13.2,88.0,DARK,17.0,1020.0,100.0,0.0,sem observação,sem chuva,3,3,8,0,0
5212,Low,45.9,11.2,77.3,DARK,16.0,1017.0,100.0,9.0,sem observação,sem chuva,23,5,8,1,0
5213,Medium,32.1,46.9,104.0,LIGHT,14.0,1013.0,82.0,10.0,sem observação,chuva fraca,12,1,3,0,0
5214,High,40.6,34.0,71.1,LIGHT,21.0,1018.0,77.0,3.0,sem observação,sem chuva,9,4,6,0,1
5215,None_Existent,42.2,1.6,79.5,DARK,13.0,1021.0,100.0,1.0,nuvens quebradas,sem chuva,5,2,9,0,0
5216,Very_High,43.3,133.0,75.4,LIGHT,16.0,1018.0,93.0,1.0,sem observação,sem chuva,8,0,9,0,1
5217,Low,38.8,7.3,70.4,LOW_LIGHT,20.0,1019.0,77.0,1.0,sem observação,sem chuva,20,3,6,0,0
5218,Very_High,44.1,66.1,72.1,LIGHT,12.0,1020.0,93.0,5.0,nuvens quebrados,sem chuva,9,0,11,0,1
5219,None_Existent,41.5,0.0,88.0,DARK,5.0,1030.0,100.0,2.0,sem observação,sem chuva,2,1,2,0,0
5220,None_Existent,39.8,2.4,85.6,DARK,19.0,1014.0,88.0,1.0,céu claro,sem chuva,23,3,9,0,0
5221,Low,39.3,17.9,80.3,LIGHT,21.0,1019.0,68.0,6.0,sem observação,sem chuva,19,5,5,1,1
5222,Low,50.5,10.5,74.4,DARK,16.0,1019.0,100.0,2.0,sem observação,sem chuva,2,4,8,0,0
5223,None_Existent,41.5,0.0,75.6,DARK,10.0,1012.0,62.0,1.0,céu limpo,sem chuva,5,6,3,1,0
5224,None_Existent,44.0,0.9,85.5,DARK,14.0,1013.0,62.0,2.0,céu claro,sem chuva,1,1,10,0,0
5225,Medium,35.9,42.3,88.3,LIGHT,19.0,1015.0,100.0,9.0,sem observação,sem chuva,10,1,7,0,0
5226,Very_High,42.5,89.4,83.1,LIGHT,27.0,1013.0,57.0,3.0,sem observação,sem chuva,18,4,7,0,1
5227,Medium,38.2,11.1,73.6,LIGHT,14.0,1001.0,82.0,2.0,nuvens dispersas,sem chuva,13,1,11,0,0
5228,Medium,41.6,22.2,79.5,LIGHT,16.0,1011.0,93.0,5.0,nuvens quebrados,sem chuva,16,5,11,1,0
5229,Medium,37.6,22.1,84.9,LIGHT,20.0,1019.0,64.0,5.0,algumas nuvens,sem chuva,13,5,10,1,0
5230,Medium,30.9,23.0,96.3,DARK,9.0,1029.0,66.0,2.0,céu claro,sem chuva,19,6,2,1,1
5231,Low,34.1,7.9,87.8,DARK,18.0,1016.0,93.0,1.0,céu pouco nublado,sem chuva,22,5,7,1,0
5232,None_Existent,43.5,0.0,76.2,DARK,15.0,1019.0,93.0,2.0,céu pouco nublado,sem chuva,22,6,9,1,0
5233,Low,43.3,14.9,79.4,LIGHT,14.0,1020.0,100.0,3.0,céu pouco nublado,sem chuva,7,6,8,1,1
5234,Very_High,47.0,81.6,77.8,LIGHT,13.0,1015.0,72.0,3.0,algumas nuvens,sem chuva,8,3,11,0,1
5235,Medium,51.7,7.8,72.2,DARK,11.0,993.0,81.0,6.0,sem observação,chuva moderada,7,4,2,0,1
5236,None_Existent,40.4,9.9,83.2,DARK,16.0,1016.0,100.0,4.0,sem observação,sem chuva,5,5,7,1,0
5237,Low,41.9,3.9,84.5,DARK,14.0,1017.0,76.0,1.0,céu claro,sem chuva,20,6,10,1,0
5238,None_Existent,41.1,0.0,86.7,DARK,7.0,1030.0,87.0,0.0,céu claro,sem chuva,0,1,2,0,0
5239,None_Existent,39.5,0.0,88.4,DARK,12.0,1023.0,51.0,4.0,céu claro,sem chuva,22,3,2,0,0
5240,Medium,32.1,26.9,83.4,LIGHT,15.0,1002.0,82.0,2.0,algumas nuvens,sem chuva,16,0,11,0,0
5241,Medium,43.3,27.5,87.9,LIGHT,14.0,1016.0,50.0,9.0,algumas nuvens,sem chuva,11,5,10,1,0
5242,None_Existent,34.4,2.6,87.0,DARK,7.0,1023.0,87.0,1.0,algumas nuvens,sem chuva,1,3,2,0,0
5243,Low,42.6,2.4,87.0,LIGHT,16.0,1015.0,93.0,1.0,nuvens quebrados,sem chuva,8,2,8,0,1
5244,High,40.6,18.5,89.2,LIGHT,20.0,1013.0,73.0,1.0,céu claro,sem chuva,8,3,8,0,1
5245,Medium,37.1,34.0,87.2,DARK,15.0,1027.0,82.0,3.0,nuvens quebrados,sem chuva,17,2,12,0,1
5246,Medium,44.1,22.9,84.5,LIGHT,21.0,1022.0,68.0,2.0,nuvens quebradas,sem chuva,13,3,9,0,0
5247,High,42.6,71.2,76.0,LIGHT,12.0,1008.0,93.0,4.0,sem observação,chuva moderada,16,6,11,1,0
5248,None_Existent,45.2,7.7,78.1,DARK,19.0,1017.0,93.0,1.0,nuvens dispersas,sem chuva,21,0,9,0,0
5249,High,32.1,41.5,80.9,LIGHT,21.0,1016.0,82.0,6.0,sem observação,sem chuva,16,1,4,0,0
5250,None_Existent,44.1,0.0,84.5,DARK,22.0,1016.0,83.0,1.0,céu claro,sem chuva,1,5,8,1,0
5251,Low,45.1,10.4,88.9,LOW_LIGHT,14.0,1020.0,100.0,1.0,sem observação,sem chuva,7,6,9,1,1
5252,None_Existent,43.3,1.1,85.7,DARK,12.0,1011.0,62.0,2.0,céu claro,sem chuva,5,1,10,0,0
5253,None_Existent,37.9,3.8,64.6,DARK,12.0,1020.0,93.0,3.0,sem observação,sem chuva,3,4,5,0,0
5254,Low,35.5,8.1,73.9,DARK,18.0,1013.0,82.0,9.0,céu pouco nublado,sem chuva,21,5,4,1,0
5255,None_Existent,38.9,1.1,65.1,DARK,19.0,1019.0,82.0,1.0,sem observação,sem chuva,21,3,6,0,0
5256,None_Existent,43.8,0.0,80.9,DARK,16.0,1013.0,100.0,1.0,sem observação,sem chuva,0,2,9,0,0
5257,Medium,41.2,17.7,85.4,LIGHT,22.0,1017.0,41.0,5.0,sem observação,sem chuva,10,6,9,1,0
5258,Medium,36.5,32.6,74.8,DARK,8.0,1018.0,93.0,3.0,nuvens quebrados,sem chuva,20,4,1,0,0
5259,Medium,37.1,26.0,85.0,LIGHT,13.0,1023.0,66.0,5.0,nuvens dispersas,sem chuva,14,6,1,1,0
5260,Very_High,43.1,59.0,71.1,LIGHT,28.0,1018.0,44.0,3.0,sem observação,sem chuva,19,4,5,0,1
5261,High,34.4,122.1,74.4,LIGHT,22.0,1022.0,68.0,5.0,sem observação,sem chuva,15,5,5,1,0
5262,Medium,34.6,31.7,94.3,LIGHT,12.0,1020.0,66.0,3.0,céu claro,sem chuva,15,1,2,0,0
5263,Low,33.3,13.7,84.9,LIGHT,17.0,1017.0,93.0,5.0,sem observação,chuvisco fraco,12,6,4,1,0
5264,High,52.2,10.2,63.9,DARK,14.0,1022.0,93.0,6.0,sem observação,sem chuva,7,0,12,0,1
5265,Medium,36.6,24.3,87.8,LIGHT,12.0,1019.0,71.0,7.0,sem observação,chuva fraca,14,0,2,0,0
5266,None_Existent,44.7,2.1,85.1,DARK,19.0,1022.0,72.0,2.0,sem observação,sem chuva,21,2,9,0,0
5267,Low,42.5,9.6,84.7,LIGHT,18.0,1021.0,93.0,1.0,sem observação,sem chuva,9,5,8,1,1
5268,Medium,33.6,36.9,84.5,LIGHT,18.0,1024.0,42.0,2.0,céu claro,sem chuva,16,0,12,0,0
5269,None_Existent,42.2,1.2,84.7,LIGHT,17.0,1015.0,82.0,1.0,céu claro,sem chuva,9,6,8,1,1
5270,High,37.4,83.9,88.2,LOW_LIGHT,15.0,1025.0,93.0,3.0,algumas nuvens,sem chuva,17,4,11,0,1
5271,Medium,41.4,33.6,78.7,LOW_LIGHT,17.0,1021.0,72.0,5.0,sem observação,sem chuva,20,5,6,1,0
5272,Low,43.3,8.1,75.7,DARK,17.0,1015.0,93.0,2.0,nuvens quebradas,sem chuva,6,1,8,0,0
5273,Medium,43.8,28.4,82.8,LIGHT,25.0,1018.0,77.0,4.0,sem observação,sem chuva,13,5,8,1,0
5274,Low,37.3,23.3,90.8,LIGHT,17.0,1017.0,93.0,2.0,sem observação,sem chuva,13,0,9,0,0
5275,High,37.0,60.5,90.6,LIGHT,20.0,1016.0,88.0,3.0,algumas nuvens,sem chuva,14,2,8,0,0
5276,Medium,34.2,34.5,96.5,LIGHT,19.0,1027.0,40.0,2.0,céu claro,sem chuva,17,0,2,0,1
5277,None_Existent,42.6,0.0,72.1,DARK,10.0,1024.0,87.0,3.0,sem observação,sem chuva,1,5,6,1,0
5278,None_Existent,43.5,0.0,87.9,DARK,15.0,1020.0,42.0,5.0,céu claro,sem chuva,5,1,10,0,0
5279,None_Existent,44.2,2.5,68.6,DARK,14.0,1009.0,100.0,2.0,sem observação,chuva leve,23,5,11,1,0
5280,High,37.8,166.3,78.2,DARK,12.0,1032.0,87.0,1.0,céu claro,sem chuva,18,5,12,1,1
5281,Low,38.2,8.1,88.4,DARK,27.0,1012.0,37.0,3.0,céu claro,sem chuva,20,5,9,1,0
5282,High,38.2,58.1,88.4,LIGHT,17.0,1007.0,93.0,4.0,nuvens dispersas,sem chuva,17,0,10,0,1
5283,Low,46.4,2.0,77.9,DARK,17.0,1018.0,55.0,6.0,sem observação,sem chuva,6,4,9,0,0
5284,None_Existent,38.9,0.0,75.9,DARK,13.0,1021.0,100.0,3.0,sem observação,sem chuva,21,3,11,0,0
5285,High,44.7,46.2,85.7,LIGHT,18.0,1012.0,100.0,3.0,sem observação,sem chuva,7,0,9,0,1
5286,None_Existent,43.8,1.7,80.9,DARK,15.0,1020.0,100.0,0.0,sem observação,sem chuva,22,6,9,1,0
5287,Very_High,46.8,129.4,80.9,LIGHT,17.0,1017.0,100.0,1.0,sem observação,sem chuva,8,1,9,0,1
5288,Low,37.3,16.8,90.8,LIGHT,19.0,1013.0,88.0,1.0,céu claro,sem chuva,9,0,8,0,1
5289,High,43.3,44.6,85.7,LIGHT,26.0,1020.0,25.0,3.0,céu claro,sem chuva,17,2,10,0,1
5290,None_Existent,41.9,0.0,84.5,DARK,18.0,1005.0,82.0,7.0,nuvens quebrados,sem chuva,21,2,10,0,0
5291,None_Existent,41.8,0.0,77.1,DARK,13.0,1017.0,93.0,6.0,nuvens quebrados,sem chuva,6,3,1,0,0
5292,None_Existent,40.8,2.8,76.8,DARK,14.0,1020.0,93.0,3.0,céu pouco nublado,sem chuva,0,0,9,0,0
5293,Medium,40.8,19.3,73.6,LIGHT,17.0,1016.0,72.0,4.0,algumas nuvens,sem chuva,11,3,11,0,0
5294,Low,40.5,1.0,88.0,LIGHT,16.0,1020.0,87.0,3.0,céu claro,sem chuva,7,3,8,0,1
5295,Low,37.4,15.2,89.3,LIGHT,21.0,1015.0,77.0,3.0,algumas nuvens,sem chuva,13,2,9,0,0
5296,Medium,34.3,42.5,87.2,LIGHT,16.0,1006.0,100.0,4.0,sem observação,chuva leve,12,0,10,0,0
5297,Low,45.2,26.6,89.4,LIGHT,15.0,1020.0,100.0,1.0,sem observação,sem chuva,10,6,9,1,0
5298,High,45.3,87.1,81.1,LIGHT,28.0,1021.0,24.0,6.0,sem observação,sem chuva,14,6,5,1,0
5299,Low,32.9,7.7,71.7,DARK,15.0,1019.0,93.0,2.0,nuvens quebradas,sem chuva,20,4,5,0,0
5300,Low,34.6,9.7,92.4,LIGHT,27.0,1015.0,69.0,1.0,céu claro,sem chuva,18,6,8,1,1
5301,Very_High,39.7,117.0,82.8,LIGHT,13.0,1014.0,81.0,3.0,sem observação,chuva moderada,13,4,11,0,0
5302,None_Existent,42.4,3.9,86.1,LIGHT,16.0,1023.0,100.0,1.0,sem observação,sem chuva,9,5,9,1,1
5303,High,38.2,75.7,86.3,LIGHT,6.0,1022.0,81.0,3.0,céu claro,sem chuva,10,2,2,0,0
5304,Medium,31.3,23.0,85.9,LIGHT,22.0,1014.0,56.0,3.0,sem observação,sem chuva,12,5,5,1,0
5305,Low,40.9,15.6,78.0,DARK,16.0,1022.0,87.0,3.0,sem observação,sem chuva,22,4,9,0,0
5306,Medium,44.3,13.7,68.2,DARK,10.0,1010.0,87.0,7.0,algumas nuvens,sem chuva,2,3,11,0,0
5307,High,40.4,22.7,70.8,LIGHT,19.0,1015.0,100.0,0.0,sem observação,sem chuva,9,1,7,0,1
5308,Medium,33.7,52.8,79.4,LIGHT,20.0,1021.0,68.0,4.0,sem observação,sem chuva,19,5,5,1,1
5309,Low,45.5,0.7,77.5,DARK,15.0,1009.0,100.0,9.0,sem observação,chuva leve,6,6,11,1,0
5310,None_Existent,44.0,1.9,81.4,DARK,16.0,1014.0,82.0,3.0,céu claro,sem chuva,0,4,10,0,0
5311,None_Existent,38.3,0.0,63.9,DARK,13.0,1016.0,76.0,6.0,nuvens dispersas,sem chuva,22,3,5,0,0
5312,Very_High,46.8,71.2,75.6,LIGHT,29.0,1019.0,34.0,2.0,sem observação,sem chuva,17,4,5,0,1
5313,Low,44.0,9.3,79.3,LIGHT,22.0,1015.0,60.0,3.0,céu claro,sem chuva,14,3,11,0,0
5314,Low,38.6,15.8,84.0,LIGHT,15.0,1023.0,59.0,4.0,céu claro,sem chuva,12,1,12,0,0
5315,None_Existent,39.3,0.0,88.7,LIGHT,9.0,1020.0,87.0,2.0,nuvens quebrados,sem chuva,8,6,2,1,1
5316,None_Existent,42.8,4.2,81.3,DARK,16.0,1011.0,93.0,7.0,tempo nublado,sem chuva,23,5,11,1,0
5317,Medium,35.7,40.8,87.1,LIGHT,14.0,1027.0,82.0,3.0,sem observação,sem chuva,15,4,3,0,0
5318,None_Existent,37.3,1.1,78.4,DARK,18.0,1016.0,100.0,2.0,céu pouco nublado,sem chuva,0,6,7,1,0
5319,Low,39.8,10.8,91.2,LIGHT,19.0,1017.0,52.0,5.0,céu claro,sem chuva,8,5,10,1,1
5320,High,41.9,44.0,86.6,LIGHT,26.0,1019.0,45.0,5.0,céu claro,sem chuva,16,0,9,0,0
5321,High,36.7,72.4,94.7,DARK,13.0,1025.0,71.0,4.0,algumas nuvens,sem chuva,18,6,2,1,1
5322,Medium,40.1,21.8,83.3,LOW_LIGHT,20.0,1017.0,93.0,4.0,sem observação,sem chuva,19,1,8,0,1
5323,Very_High,44.0,87.8,83.9,LIGHT,27.0,1017.0,57.0,1.0,sem observação,sem chuva,18,2,9,0,1
5324,High,34.1,121.8,75.8,LIGHT,17.0,1018.0,55.0,7.0,nuvens dispersas,sem chuva,10,1,6,0,0
5325,Low,36.9,2.7,64.9,DARK,12.0,1024.0,100.0,0.0,sem observação,sem chuva,2,6,4,1,0
5326,Medium,38.1,26.8,91.1,LIGHT,20.0,1019.0,88.0,2.0,céu pouco nublado,sem chuva,19,4,8,0,1
5327,High,42.9,25.4,86.5,DARK,18.0,1022.0,88.0,2.0,céu claro,sem chuva,20,5,9,1,0
5328,Medium,40.2,35.5,88.8,LOW_LIGHT,17.0,1027.0,67.0,2.0,céu claro,sem chuva,18,0,2,0,1
5329,None_Existent,37.2,1.7,62.5,DARK,12.0,1017.0,82.0,1.0,nuvens dispersas,sem chuva,23,2,6,0,0
5330,None_Existent,39.4,0.0,88.2,DARK,17.0,1016.0,100.0,1.0,sem observação,sem chuva,2,4,7,0,0
5331,Medium,42.8,13.6,81.6,LIGHT,8.0,1019.0,70.0,4.0,algumas nuvens,sem chuva,11,5,2,1,0
5332,Medium,43.8,45.8,86.3,LIGHT,21.0,1017.0,73.0,2.0,tempo nublado,sem chuva,12,0,8,0,0
5333,High,39.8,40.4,82.8,LIGHT,24.0,1018.0,77.0,5.0,céu pouco nublado,sem chuva,16,5,8,1,0
5334,High,34.3,88.4,92.7,DARK,10.0,1022.0,66.0,6.0,nuvens dispersas,sem chuva,18,5,2,1,1
5335,None_Existent,35.7,2.8,62.3,DARK,10.0,1013.0,93.0,1.0,sem observação,sem chuva,3,4,6,0,0
5336,High,40.1,52.5,87.5,LIGHT,24.0,1016.0,83.0,4.0,nuvens quebradas,sem chuva,16,6,7,1,0
5337,Low,37.5,7.7,85.7,DARK,19.0,1020.0,77.0,1.0,céu claro,sem chuva,22,1,9,0,0
5338,Medium,40.3,23.3,75.5,LIGHT,21.0,1019.0,82.0,6.0,céu pouco nublado,sem chuva,14,6,6,1,0
5339,Low,36.1,9.6,66.0,DARK,18.0,1015.0,82.0,2.0,sem observação,chuva fraca,21,1,6,0,0
5340,Very_High,40.7,89.6,83.3,LIGHT,24.0,1015.0,73.0,5.0,sem observação,sem chuva,18,2,7,0,1
5341,Low,39.7,8.1,82.7,DARK,18.0,1017.0,93.0,3.0,sem observação,sem chuva,22,2,7,0,0
5342,High,39.2,47.4,76.8,LIGHT,15.0,1022.0,82.0,5.0,sem observação,sem chuva,9,1,9,0,1
5343,Medium,35.0,33.7,79.4,LIGHT,14.0,1031.0,87.0,2.0,tempo nublado,sem chuva,13,4,12,0,0
5344,High,41.7,58.9,80.1,LIGHT,18.0,1016.0,77.0,5.0,sem observação,sem chuva,18,1,4,0,1
5345,High,44.9,34.6,77.4,DARK,13.0,1003.0,93.0,0.0,algumas nuvens,sem chuva,18,0,11,0,1
5346,High,40.3,90.4,85.7,DARK,14.0,1021.0,82.0,2.0,nuvens quebrados,sem chuva,17,5,11,1,1
5347,Medium,37.1,17.2,71.1,LIGHT,15.0,1013.0,100.0,2.0,sem observação,chuva fraca,7,0,6,0,1
5348,None_Existent,42.0,0.0,87.8,DARK,16.0,1022.0,93.0,0.0,céu claro,sem chuva,2,0,9,0,0
5349,Medium,39.9,20.3,81.2,LIGHT,27.0,1020.0,45.0,3.0,sem observação,sem chuva,14,5,9,1,0
5350,Low,44.6,1.3,83.5,DARK,16.0,1013.0,93.0,3.0,céu pouco nublado,sem chuva,3,3,7,0,0
5351,None_Existent,41.8,0.0,80.5,DARK,18.0,1014.0,100.0,3.0,nuvens quebradas,sem chuva,1,3,7,0,0
5352,None_Existent,42.2,0.0,75.0,LIGHT,19.0,1016.0,49.0,4.0,sem observação,sem chuva,8,6,9,1,1
5353,High,46.9,33.7,87.4,LIGHT,22.0,1020.0,53.0,3.0,céu claro,sem chuva,17,0,10,0,1
5354,None_Existent,39.9,0.0,79.1,LIGHT,17.0,1001.0,77.0,2.0,nuvens dispersas,sem chuva,13,6,11,1,0
5355,None_Existent,41.8,0.0,73.8,DARK,8.0,1021.0,100.0,0.0,céu pouco nublado,sem chuva,4,3,4,0,0
5356,Medium,37.4,32.1,92.8,LIGHT,30.0,1014.0,48.0,4.0,céu claro,sem chuva,15,3,8,0,0
5357,Low,46.2,1.2,81.4,DARK,4.0,1029.0,93.0,1.0,céu claro,sem chuva,4,1,2,0,0
5358,Low,40.8,13.0,84.9,LIGHT,22.0,1013.0,77.0,2.0,nuvens quebrados,sem chuva,13,1,9,0,0
5359,Very_High,44.0,118.5,62.1,LIGHT,17.0,1020.0,93.0,7.0,nuvens quebradas,sem chuva,8,0,7,0,1
5360,Low,36.2,7.1,88.5,DARK,13.0,1027.0,76.0,0.0,céu claro,sem chuva,22,0,2,0,0
5361,High,34.7,75.2,81.6,LIGHT,18.0,1015.0,93.0,3.0,nuvens quebradas,sem chuva,16,6,4,1,0
5362,High,41.2,38.0,76.1,LIGHT,17.0,1019.0,67.0,3.0,céu pouco nublado,sem chuva,17,0,5,0,1
5363,Low,34.6,13.0,75.3,LIGHT,17.0,1016.0,77.0,3.0,céu pouco nublado,sem chuva,12,0,5,0,0
5364,Low,35.6,11.6,94.6,DARK,17.0,1016.0,88.0,5.0,sem observação,sem chuva,21,2,7,0,0
5365,Low,41.4,9.7,85.1,LIGHT,17.0,1017.0,82.0,4.0,nuvens quebrados,sem chuva,12,2,10,0,0
5366,Very_High,38.8,96.9,75.1,LIGHT,19.0,1007.0,56.0,5.0,céu claro,sem chuva,16,5,11,1,0
5367,Medium,39.2,17.0,87.2,LIGHT,10.0,1012.0,100.0,6.0,sem observação,chuva leve,13,2,1,0,0
5368,Medium,37.2,17.3,83.7,LIGHT,23.0,1020.0,57.0,3.0,céu claro,sem chuva,14,5,8,1,0
5369,Medium,37.8,24.3,88.4,LIGHT,14.0,1003.0,100.0,5.0,sem observação,chuva leve,11,3,1,0,0
5370,High,36.1,109.7,74.8,LIGHT,14.0,1013.0,82.0,8.0,sem observação,sem chuva,10,3,5,0,0
5371,High,37.5,59.6,80.8,LIGHT,32.0,1016.0,48.0,3.0,céu pouco nublado,sem chuva,16,3,8,0,0
5372,High,44.6,45.2,86.5,LIGHT,23.0,1017.0,43.0,2.0,céu claro,sem chuva,16,3,10,0,0
5373,High,41.3,30.5,85.0,LIGHT,19.0,1019.0,93.0,3.0,nuvens quebrados,sem chuva,8,1,7,0,1
5374,None_Existent,46.8,0.0,71.2,DARK,12.0,1018.0,100.0,2.0,sem observação,chuva fraca,5,0,4,0,0
5375,Medium,40.7,12.5,77.1,DARK,12.0,1020.0,100.0,0.0,céu pouco nublado,sem chuva,6,3,9,0,0
5376,None_Existent,41.6,0.0,87.1,DARK,3.0,1021.0,100.0,0.0,céu claro,sem chuva,5,1,2,0,0
5377,Medium,31.7,25.6,102.7,LIGHT,12.0,1026.0,47.0,1.0,céu claro,sem chuva,11,4,2,0,0
5378,Low,40.9,8.4,73.7,LIGHT,20.0,1016.0,93.0,3.0,nublado,sem chuva,19,6,7,1,1
5379,High,38.5,57.1,93.0,LIGHT,21.0,1015.0,100.0,3.0,sem observação,chuva fraca,13,3,7,0,0
5380,None_Existent,48.0,0.0,86.5,LIGHT,7.0,1011.0,75.0,6.0,céu claro,sem chuva,8,6,10,1,1
5381,High,46.9,39.4,65.5,LIGHT,10.0,1011.0,100.0,4.0,nuvens dispersas,sem chuva,7,3,4,0,1
5382,Very_High,41.3,106.4,71.9,LIGHT,17.0,1022.0,63.0,3.0,nuvens dispersas,sem chuva,16,4,6,0,0
5383,Medium,34.2,19.6,92.5,LIGHT,27.0,1013.0,42.0,2.0,céu claro,sem chuva,18,1,8,0,1
5384,Very_High,44.5,102.8,85.0,LIGHT,10.0,999.0,87.0,2.0,sem observação,chuva fraca,8,1,10,0,1
5385,Medium,40.0,34.2,84.5,LIGHT,21.0,1017.0,64.0,3.0,céu claro,sem chuva,18,3,8,0,1
5386,High,49.8,74.7,87.9,DARK,17.0,1008.0,93.0,2.0,nuvens quebrados,sem chuva,18,0,10,0,1
5387,None_Existent,47.2,4.5,87.4,DARK,14.0,1022.0,82.0,2.0,sem observação,sem chuva,0,2,9,0,0
5388,Medium,41.1,18.6,84.1,LIGHT,27.0,1017.0,24.0,4.0,sem observação,sem chuva,14,5,9,1,0
5389,None_Existent,38.9,1.9,90.3,DARK,15.0,1020.0,100.0,0.0,sem observação,sem chuva,3,6,9,1,0
5390,Very_High,40.0,88.2,70.9,LIGHT,12.0,1019.0,100.0,1.0,sem observação,chuva fraca,8,1,4,0,1
5391,Low,34.5,8.8,89.7,DARK,11.0,1021.0,81.0,0.0,céu claro,sem chuva,20,5,2,1,0
5392,High,37.5,100.2,84.3,DARK,14.0,1026.0,93.0,2.0,algumas nuvens,sem chuva,18,4,11,0,1
5393,Very_High,40.8,109.1,74.8,LIGHT,14.0,1018.0,100.0,4.0,sem observação,sem chuva,8,0,9,0,1
5394,Medium,40.7,18.3,85.2,LIGHT,13.0,1009.0,93.0,9.0,sem observação,chuva fraca,13,1,11,0,0
5395,None_Existent,40.0,0.0,88.8,DARK,15.0,1018.0,93.0,0.0,céu claro,sem chuva,0,5,8,1,0
5396,None_Existent,40.8,2.7,82.6,DARK,15.0,1017.0,72.0,1.0,céu claro,sem chuva,19,6,10,1,1
5397,None_Existent,43.3,1.9,79.5,LOW_LIGHT,13.0,1024.0,100.0,1.0,nuvens quebrados,sem chuva,7,5,11,1,1
5398,High,41.9,71.7,78.3,LIGHT,30.0,1016.0,39.0,5.0,sem observação,sem chuva,16,2,8,0,0
5399,None_Existent,39.6,3.8,65.8,DARK,16.0,1021.0,59.0,6.0,sem observação,sem chuva,5,6,5,1,0
5400,Low,45.3,6.1,72.4,DARK,18.0,1018.0,100.0,2.0,nuvens quebradas,sem chuva,23,1,8,0,0
5401,Medium,37.1,19.4,76.3,LIGHT,23.0,1014.0,69.0,4.0,sem observação,sem chuva,10,0,8,0,0
5402,None_Existent,39.9,0.0,65.8,DARK,17.0,1016.0,87.0,5.0,sem observação,sem chuva,22,0,5,0,0
5403,High,34.2,41.2,79.1,LIGHT,23.0,1017.0,82.0,7.0,sem observação,sem chuva,17,5,6,1,1
5404,Low,42.5,11.6,89.6,DARK,19.0,1015.0,100.0,2.0,nuvens quebradas,sem chuva,2,6,8,1,0
5405,High,35.4,67.0,78.1,LIGHT,15.0,1001.0,82.0,4.0,nuvens quebradas,sem chuva,15,0,4,0,0
5406,None_Existent,39.2,0.0,92.0,DARK,10.0,1018.0,93.0,4.0,nuvens quebradas,sem chuva,3,1,3,0,0
5407,Low,45.0,1.1,88.7,DARK,14.0,1011.0,93.0,3.0,nuvens dispersas,sem chuva,2,3,10,0,0
5408,Low,37.9,4.7,65.6,DARK,16.0,1016.0,100.0,0.0,sem observação,sem chuva,3,6,6,1,0
5409,None_Existent,36.2,3.8,87.2,LIGHT,15.0,1021.0,58.0,3.0,céu claro,sem chuva,13,5,1,1,0
5410,Low,34.5,14.7,76.2,LIGHT,17.0,1026.0,37.0,3.0,céu claro,sem chuva,13,0,12,0,0
5411,None_Existent,43.3,0.0,70.9,DARK,16.0,1019.0,93.0,1.0,nuvens quebradas,sem chuva,1,0,6,0,0
5412,Very_High,42.0,77.4,70.2,LIGHT,10.0,1017.0,100.0,1.0,nuvens quebradas,sem chuva,8,1,4,0,1
5413,Low,42.5,3.6,83.4,DARK,12.0,1016.0,93.0,1.0,sem observação,sem chuva,0,4,10,0,0
5414,None_Existent,37.8,1.4,86.8,DARK,8.0,1027.0,100.0,0.0,sem observação,sem chuva,5,4,3,0,0
5415,None_Existent,41.6,0.0,76.1,DARK,9.0,995.0,93.0,6.0,sem observação,chuva moderada,5,2,4,0,0
5416,Medium,41.7,10.3,78.1,LIGHT,13.0,1008.0,81.0,3.0,sem observação,chuva moderada,14,2,11,0,0
5417,None_Existent,39.1,5.0,90.8,LIGHT,7.0,1023.0,58.0,4.0,céu claro,sem chuva,8,5,2,1,1
5418,High,43.0,35.9,86.3,DARK,13.0,998.0,100.0,5.0,sem observação,chuva fraca,19,3,1,0,1
5419,Medium,37.1,35.5,90.1,LIGHT,24.0,1021.0,36.0,5.0,céu claro,sem chuva,11,0,10,0,0
5420,Medium,45.1,25.8,82.5,DARK,12.0,1011.0,87.0,2.0,sem observação,chuva moderada,4,1,11,0,0
5421,None_Existent,44.0,1.7,85.5,DARK,16.0,1019.0,100.0,0.0,sem observação,sem chuva,3,4,8,0,0
5422,None_Existent,42.9,1.1,87.9,DARK,11.0,1017.0,58.0,4.0,céu claro,sem chuva,2,0,10,0,0
5423,Low,45.1,2.4,65.8,LIGHT,15.0,1011.0,100.0,2.0,sem observação,chuva forte,6,6,6,1,0
5424,Low,43.1,9.1,87.3,DARK,15.0,1016.0,93.0,0.0,nuvens dispersas,sem chuva,23,5,9,1,0
5425,Low,41.2,2.4,83.8,DARK,18.0,1016.0,93.0,2.0,céu pouco nublado,sem chuva,23,0,7,0,0
5426,None_Existent,42.8,0.0,86.2,DARK,16.0,1011.0,93.0,1.0,sem observação,sem chuva,6,1,9,0,0
5427,Medium,32.1,17.8,75.7,LIGHT,19.0,1014.0,48.0,4.0,sem observação,sem chuva,19,5,5,1,1
5428,Low,33.6,6.7,77.4,DARK,16.0,1017.0,87.0,1.0,sem observação,sem chuva,21,4,6,0,0
5429,High,41.1,82.8,71.7,LIGHT,15.0,1015.0,77.0,7.0,nuvens quebradas,sem chuva,17,3,5,0,1
5430,Medium,34.2,30.1,85.2,LIGHT,18.0,1028.0,77.0,6.0,sem observação,sem chuva,13,5,4,1,0
5431,Medium,38.6,18.5,75.6,LIGHT,21.0,1016.0,77.0,2.0,sem observação,sem chuva,19,2,6,0,1
5432,None_Existent,36.7,4.8,69.4,DARK,15.0,1014.0,100.0,2.0,sem observação,chuva fraca,3,2,6,0,0
5433,None_Existent,45.5,0.0,80.2,DARK,15.0,1019.0,100.0,0.0,sem observação,sem chuva,4,4,8,0,0
5434,Low,38.6,12.5,97.7,LIGHT,12.0,1024.0,66.0,4.0,nuvens dispersas,sem chuva,12,6,1,1,0
5435,Low,41.5,16.2,93.8,DARK,16.0,1020.0,100.0,9.0,sem observação,sem chuva,5,3,8,0,0
5436,None_Existent,41.0,0.0,85.3,LOW_LIGHT,7.0,1028.0,93.0,1.0,sem observação,sem chuva,6,5,4,1,0
5437,Low,36.9,8.1,65.1,DARK,13.0,1017.0,67.0,8.0,nuvens quebrados,sem chuva,3,3,11,0,0
5438,Low,41.3,4.7,82.6,DARK,16.0,1013.0,82.0,3.0,céu claro,sem chuva,22,3,10,0,0
5439,None_Existent,46.3,0.7,87.9,LIGHT,12.0,1015.0,93.0,0.0,céu claro,sem chuva,7,6,8,1,1
5440,None_Existent,41.1,0.0,89.7,DARK,22.0,1012.0,60.0,1.0,céu claro,sem chuva,1,6,9,1,0
5441,High,34.6,33.7,80.0,LIGHT,23.0,1014.0,45.0,3.0,sem observação,sem chuva,17,5,5,1,1
5442,Very_High,43.2,124.1,82.3,LIGHT,21.0,1022.0,64.0,8.0,algumas nuvens,sem chuva,15,3,8,0,0
5443,Low,41.1,7.5,83.3,DARK,20.0,1016.0,94.0,0.0,algumas nuvens,sem chuva,0,6,8,1,0
5444,None_Existent,38.6,3.2,82.6,LIGHT,16.0,1023.0,87.0,7.0,nuvens quebrados,sem chuva,14,6,12,1,0
5445,None_Existent,47.3,2.3,73.5,DARK,21.0,1018.0,35.0,3.0,sem observação,sem chuva,0,4,9,0,0
5446,Low,36.5,4.8,70.5,DARK,12.0,1030.0,93.0,1.0,nuvens quebrados,sem chuva,1,4,12,0,0
5447,High,35.8,132.6,76.0,LIGHT,15.0,1015.0,87.0,3.0,nuvens quebradas,sem chuva,10,4,5,0,0
5448,None_Existent,41.9,0.0,87.0,DARK,14.0,1022.0,100.0,1.0,sem observação,sem chuva,6,0,9,0,0
5449,None_Existent,42.0,0.0,75.1,DARK,7.0,1018.0,93.0,2.0,sem observação,sem chuva,3,5,1,1,0
5450,Medium,38.5,18.8,91.1,LOW_LIGHT,18.0,1020.0,82.0,1.0,céu claro,sem chuva,19,2,9,0,1
5451,High,35.0,39.0,85.1,LIGHT,26.0,1014.0,64.0,2.0,nuvens dispersas,sem chuva,15,0,8,0,0
5452,None_Existent,41.9,0.0,75.8,DARK,10.0,1016.0,76.0,4.0,céu limpo,sem chuva,1,2,4,0,0
5453,Medium,40.1,21.9,78.5,LIGHT,12.0,1021.0,100.0,1.0,sem observação,sem chuva,7,1,8,0,1
5454,Low,43.8,8.7,78.4,LIGHT,24.0,1016.0,69.0,3.0,sem observação,sem chuva,13,6,9,1,0
5455,None_Existent,42.8,1.2,85.7,DARK,15.0,1025.0,59.0,3.0,céu claro,sem chuva,0,2,10,0,0
5456,Low,40.5,14.7,81.4,LIGHT,17.0,1013.0,93.0,2.0,sem observação,sem chuva,11,6,6,1,0
5457,Medium,38.4,21.2,87.0,LIGHT,14.0,1020.0,67.0,3.0,céu claro,sem chuva,14,5,1,1,0
5458,Low,46.3,1.1,71.7,DARK,15.0,1012.0,93.0,8.0,sem observação,chuva moderada,2,2,5,0,0
5459,High,39.3,55.8,83.8,LIGHT,19.0,1022.0,77.0,2.0,sem observação,sem chuva,10,2,8,0,0
5460,None_Existent,41.4,0.0,75.1,DARK,16.0,1018.0,55.0,1.0,céu limpo,sem chuva,3,5,4,1,0
5461,Medium,32.9,29.9,83.2,LIGHT,19.0,1027.0,77.0,7.0,sem observação,sem chuva,14,5,4,1,0
5462,Low,41.1,3.2,66.8,LOW_LIGHT,15.0,1013.0,67.0,5.0,sem observação,sem chuva,20,2,6,0,0
5463,High,39.8,94.7,72.8,LIGHT,14.0,1016.0,67.0,4.0,céu claro,sem chuva,10,4,11,0,0
5464,Low,45.2,3.5,64.5,DARK,18.0,1021.0,43.0,3.0,sem observação,sem chuva,5,3,5,0,0
5465,None_Existent,40.1,0.0,89.4,DARK,17.0,1015.0,100.0,3.0,sem observação,sem chuva,3,1,7,0,0
5466,Low,36.9,8.0,64.5,DARK,6.0,1020.0,100.0,0.0,sem observação,sem chuva,3,3,1,0,0
5467,High,39.5,49.6,79.0,LIGHT,29.0,1016.0,45.0,3.0,sem observação,sem chuva,14,0,9,0,0
5468,Medium,42.5,58.1,87.6,LIGHT,20.0,1018.0,88.0,3.0,nuvens quebrados,sem chuva,14,6,8,1,0
5469,None_Existent,42.1,0.7,73.1,DARK,18.0,1020.0,93.0,1.0,nublado,sem chuva,21,6,9,1,0
5470,None_Existent,41.8,2.2,68.8,DARK,14.0,1020.0,82.0,6.0,sem observação,sem chuva,21,5,6,1,0
5471,Low,37.3,17.3,93.8,DARK,10.0,1029.0,71.0,3.0,céu claro,sem chuva,6,5,2,1,0
5472,None_Existent,41.9,4.0,79.3,DARK,17.0,1016.0,100.0,1.0,nuvens dispersas,sem chuva,0,1,7,0,0
5473,Medium,38.1,21.9,92.0,LIGHT,19.0,1015.0,88.0,2.0,nuvens dispersas,sem chuva,10,2,9,0,0
5474,None_Existent,38.6,1.0,69.6,LIGHT,8.0,1011.0,93.0,1.0,algumas nuvens,sem chuva,8,6,11,1,1
5475,None_Existent,42.1,0.0,62.9,DARK,10.0,1023.0,93.0,3.0,sem observação,sem chuva,2,5,6,1,0
5476,None_Existent,42.8,0.0,82.1,DARK,16.0,1017.0,100.0,5.0,sem observação,sem chuva,5,0,7,0,0
5477,Medium,46.7,12.7,60.7,DARK,15.0,1017.0,93.0,1.0,sem observação,sem chuva,2,0,5,0,0
5478,Medium,38.8,32.5,84.7,DARK,17.0,1014.0,93.0,0.0,céu pouco nublado,sem chuva,22,6,6,1,0
5479,Very_High,43.0,91.4,70.6,LIGHT,16.0,1012.0,100.0,7.0,sem observação,sem chuva,18,3,5,0,1
5480,None_Existent,39.1,0.0,92.7,DARK,12.0,1028.0,76.0,1.0,céu claro,sem chuva,3,5,2,1,0
5481,Medium,38.6,23.7,80.8,DARK,10.0,1020.0,87.0,3.0,céu claro,sem chuva,19,5,1,1,1
5482,Low,42.9,1.2,69.5,DARK,11.0,1013.0,87.0,2.0,sem observação,aguaceiros fracos,2,4,6,0,0
5483,High,43.7,42.3,85.0,LIGHT,14.0,1009.0,93.0,10.0,sem observação,chuva fraca,15,1,11,0,0
5484,None_Existent,42.4,1.3,86.1,DARK,15.0,1017.0,100.0,0.0,sem observação,sem chuva,6,4,9,0,0
5485,Low,34.2,8.5,85.4,LOW_LIGHT,24.0,1013.0,69.0,3.0,sem observação,sem chuva,20,3,7,0,0
5486,Medium,41.4,50.4,87.3,LIGHT,19.0,1020.0,82.0,2.0,algumas nuvens,sem chuva,17,6,9,1,1
5487,Medium,40.5,50.4,84.7,LIGHT,18.0,1019.0,77.0,4.0,sem observação,sem chuva,18,5,9,1,1
5488,None_Existent,35.3,2.7,61.1,DARK,15.0,1017.0,100.0,2.0,nuvens quebradas,sem chuva,0,5,6,1,0
5489,Low,40.4,5.3,67.7,LIGHT,18.0,1021.0,63.0,1.0,sem observação,sem chuva,8,6,5,1,1
5490,Low,47.7,1.3,72.8,DARK,12.0,1005.0,93.0,3.0,nuvens quebrados,sem chuva,1,2,11,0,0
5491,High,40.3,92.4,85.5,LIGHT,19.0,1021.0,63.0,7.0,sem observação,sem chuva,18,1,9,0,1
5492,None_Existent,38.2,3.0,64.0,DARK,16.0,1020.0,59.0,2.0,sem observação,sem chuva,4,2,5,0,0
5493,Medium,36.1,31.8,84.2,LIGHT,20.0,1018.0,100.0,1.0,sem observação,sem chuva,11,0,9,0,0
5494,None_Existent,44.2,2.7,75.1,DARK,19.0,1017.0,68.0,4.0,sem observação,sem chuva,1,3,9,0,0
5495,High,41.7,57.4,85.8,LIGHT,7.0,1029.0,62.0,6.0,céu claro,sem chuva,10,2,2,0,0
5496,High,40.7,39.9,94.7,DARK,7.0,1012.0,79.0,0.0,nuvens dispersas,sem chuva,18,0,2,0,1
5497,None_Existent,44.3,4.5,87.8,DARK,15.0,1015.0,100.0,0.0,céu claro,sem chuva,4,2,8,0,0
5498,Medium,43.7,43.5,88.3,LIGHT,19.0,1016.0,77.0,3.0,céu claro,sem chuva,11,2,8,0,0
5499,High,37.1,42.7,89.5,LIGHT,29.0,1025.0,42.0,3.0,sem observação,sem chuva,14,3,9,0,0
5500,None_Existent,40.8,3.3,92.0,DARK,18.0,1016.0,100.0,3.0,sem observação,sem chuva,22,2,7,0,0
5501,None_Existent,40.0,0.0,79.6,DARK,7.0,1023.0,93.0,3.0,céu claro,sem chuva,5,1,11,0,0
5502,None_Existent,44.0,0.0,85.5,LIGHT,33.0,1014.0,23.0,5.0,céu claro,sem chuva,13,5,9,1,0
5503,None_Existent,43.0,0.0,71.5,DARK,10.0,1014.0,82.0,4.0,nuvens dispersas,sem chuva,5,3,6,0,0
5504,Low,37.2,6.0,66.7,DARK,13.0,1015.0,93.0,1.0,céu pouco nublado,sem chuva,23,3,4,0,0
5505,None_Existent,36.0,2.5,62.2,DARK,10.0,1019.0,93.0,1.0,sem observação,sem chuva,5,6,6,1,0
5506,Low,41.2,5.4,88.0,DARK,24.0,1016.0,73.0,3.0,céu claro,sem chuva,20,4,8,0,0
5507,Low,39.5,5.2,63.9,DARK,14.0,1021.0,82.0,4.0,sem observação,sem chuva,22,5,6,1,0
5508,Low,40.3,17.2,78.9,LIGHT,13.0,1010.0,62.0,3.0,algumas nuvens,sem chuva,13,0,10,0,0
5509,Very_High,45.0,47.0,80.6,LOW_LIGHT,15.0,1020.0,100.0,2.0,sem observação,sem chuva,7,3,9,0,1
5510,Medium,41.3,12.7,84.9,DARK,20.0,1019.0,52.0,2.0,céu claro,sem chuva,19,0,10,0,1
5511,None_Existent,45.4,5.5,80.7,DARK,11.0,1023.0,76.0,3.0,céu claro,sem chuva,22,1,11,0,0
5512,None_Existent,41.2,1.2,80.9,DARK,10.0,1010.0,100.0,2.0,algumas nuvens,sem chuva,23,6,11,1,0
5513,Medium,36.3,39.4,83.4,LIGHT,24.0,1019.0,47.0,5.0,sem observação,sem chuva,11,3,9,0,0
5514,High,42.1,33.5,76.1,DARK,12.0,1023.0,87.0,4.0,algumas nuvens,sem chuva,18,0,1,0,1
5515,Very_High,43.2,107.3,70.5,LIGHT,17.0,1022.0,63.0,3.0,nuvens dispersas,sem chuva,17,4,6,0,1
5516,Low,40.9,24.1,87.0,LIGHT,16.0,1014.0,77.0,4.0,nuvens dispersas,sem chuva,14,6,10,1,0
5517,Medium,42.1,21.5,83.9,LIGHT,13.0,1017.0,54.0,7.0,céu claro,sem chuva,10,5,10,1,0
5518,None_Existent,38.1,2.5,65.6,DARK,13.0,1014.0,82.0,5.0,sem observação,sem chuva,23,2,6,0,0
5519,Very_High,45.5,55.1,68.1,LOW_LIGHT,12.0,1017.0,93.0,7.0,nuvens quebrados,sem chuva,8,2,1,0,1
5520,High,39.5,38.4,85.4,LIGHT,13.0,999.0,100.0,7.0,sem observação,chuva fraca,16,3,1,0,0
5521,Medium,42.8,6.0,71.3,LOW_LIGHT,14.0,1016.0,93.0,5.0,nuvens quebradas,sem chuva,6,1,5,0,0
5522,High,41.7,110.9,87.4,LIGHT,20.0,1022.0,64.0,8.0,céu claro,sem chuva,16,3,8,0,0
5523,None_Existent,46.4,0.0,87.3,DARK,13.0,1014.0,82.0,4.0,céu claro,sem chuva,0,5,10,1,0
5524,None_Existent,44.0,0.0,87.4,LIGHT,11.0,1017.0,100.0,1.0,céu claro,sem chuva,7,5,8,1,1
5525,High,36.2,62.0,87.2,LIGHT,24.0,1017.0,83.0,4.0,céu pouco nublado,sem chuva,17,1,8,0,1
5526,None_Existent,46.2,0.0,82.8,DARK,14.0,1017.0,93.0,0.0,nuvens quebrados,sem chuva,2,5,7,1,0
5527,Medium,35.8,33.1,79.6,LIGHT,20.0,1023.0,72.0,5.0,sem observação,sem chuva,13,5,5,1,0
5528,Medium,42.3,20.2,85.5,LIGHT,18.0,1016.0,93.0,4.0,sem observação,sem chuva,11,6,8,1,0
5529,Medium,40.3,16.3,88.9,LIGHT,22.0,1017.0,73.0,3.0,algumas nuvens,sem chuva,14,5,7,1,0
5530,None_Existent,44.8,0.0,83.5,DARK,19.0,1018.0,82.0,2.0,tempo nublado,sem chuva,5,0,7,0,0
5531,None_Existent,37.4,1.4,62.1,LOW_LIGHT,25.0,1019.0,34.0,5.0,sem observação,sem chuva,20,3,5,0,0
5532,Very_High,44.5,74.1,85.0,LIGHT,10.0,1003.0,93.0,3.0,nuvens dispersas,sem chuva,9,2,10,0,1
5533,None_Existent,37.1,0.0,91.4,DARK,6.0,1013.0,100.0,1.0,nuvens dispersas,sem chuva,3,3,11,0,0
5534,None_Existent,46.1,0.0,79.4,DARK,12.0,1021.0,66.0,4.0,céu claro,sem chuva,2,6,10,1,0
5535,None_Existent,42.5,0.0,86.9,DARK,14.0,1017.0,100.0,0.0,sem observação,sem chuva,4,6,9,1,0
5536,None_Existent,42.4,1.5,81.2,DARK,19.0,1018.0,60.0,1.0,céu claro,sem chuva,22,1,9,0,0
5537,Low,38.1,12.9,89.9,LIGHT,21.0,1013.0,64.0,2.0,céu claro,sem chuva,13,0,8,0,0
5538,Low,40.4,22.3,85.8,LIGHT,18.0,1019.0,72.0,2.0,céu claro,sem chuva,11,3,8,0,0
5539,Medium,39.6,19.5,88.3,LIGHT,19.0,1015.0,82.0,3.0,céu claro,sem chuva,17,5,9,1,1
5540,None_Existent,37.6,0.0,74.9,DARK,8.0,1025.0,93.0,3.0,nuvens dispersas,sem chuva,0,5,12,1,0
5541,None_Existent,38.7,3.0,71.2,DARK,16.0,1013.0,45.0,2.0,céu limpo,sem chuva,3,6,4,1,0
5542,None_Existent,47.6,0.0,87.8,LOW_LIGHT,18.0,1018.0,68.0,3.0,céu claro,sem chuva,7,6,10,1,1
5543,Medium,40.4,21.8,85.5,LIGHT,16.0,1006.0,100.0,5.0,sem observação,chuva leve,14,0,10,0,0
5544,High,43.7,34.5,75.3,DARK,14.0,1013.0,77.0,3.0,céu claro,sem chuva,20,4,11,0,0
5545,Medium,32.2,26.6,76.6,LIGHT,14.0,1001.0,82.0,2.0,nuvens dispersas,sem chuva,12,1,11,0,0
5546,Medium,34.2,19.5,92.3,LIGHT,32.0,1013.0,41.0,4.0,céu claro,sem chuva,16,3,8,0,0
5547,None_Existent,42.7,0.0,83.7,LIGHT,15.0,1009.0,100.0,2.0,sem observação,chuva fraca,9,6,11,1,1
5548,None_Existent,46.8,0.0,83.6,DARK,18.0,1013.0,77.0,0.0,algumas nuvens,sem chuva,6,5,9,1,0
5549,None_Existent,41.7,4.5,91.7,DARK,15.0,1022.0,39.0,7.0,céu claro,sem chuva,5,1,10,0,0
5550,None_Existent,39.1,0.0,89.2,DARK,9.0,1030.0,81.0,1.0,céu claro,sem chuva,21,0,2,0,0
5551,Medium,34.5,15.9,86.8,LIGHT,19.0,1021.0,82.0,3.0,algumas nuvens,sem chuva,10,2,8,0,0
5552,None_Existent,37.7,0.9,64.7,DARK,13.0,1020.0,76.0,4.0,sem observação,sem chuva,5,5,5,1,0
5553,High,41.2,26.4,71.3,LIGHT,28.0,1018.0,23.0,6.0,sem observação,sem chuva,14,0,5,0,0
5554,High,41.7,61.8,81.6,LIGHT,20.0,1021.0,72.0,2.0,nuvens dispersas,sem chuva,16,2,9,0,0
5555,Very_High,40.5,134.8,89.4,LIGHT,20.0,1016.0,100.0,1.0,sem observação,chuva fraca,14,3,7,0,0
5556,Medium,34.9,36.1,89.1,LIGHT,21.0,1019.0,64.0,3.0,sem observação,sem chuva,18,6,4,1,1
5557,Medium,46.6,12.5,76.0,DARK,13.0,1019.0,93.0,2.0,céu pouco nublado,sem chuva,6,0,9,0,0
5558,None_Existent,42.3,0.0,74.6,DARK,6.0,1020.0,93.0,2.0,céu claro,sem chuva,3,5,1,1,0
5559,Medium,32.4,21.6,83.9,LIGHT,13.0,1026.0,82.0,6.0,algumas nuvens,sem chuva,11,2,12,0,0
5560,None_Existent,39.3,0.0,70.1,DARK,15.0,1019.0,87.0,1.0,sem observação,chuva fraca,23,6,4,1,0
5561,Low,40.6,19.4,77.9,LIGHT,20.0,1020.0,94.0,2.0,sem observação,chuva fraca,13,1,9,0,0
5562,High,31.8,45.2,80.7,LIGHT,23.0,1014.0,49.0,2.0,sem observação,sem chuva,16,5,5,1,0
5563,High,39.8,62.9,83.5,LIGHT,18.0,1017.0,100.0,2.0,sem observação,sem chuva,9,4,7,0,1
5564,Low,43.0,17.9,88.8,LIGHT,24.0,1014.0,42.0,3.0,céu claro,sem chuva,12,4,9,0,0
5565,Very_High,42.8,127.5,82.0,LIGHT,17.0,1014.0,72.0,2.0,céu claro,sem chuva,9,4,10,0,1
5566,Low,46.3,1.8,64.4,DARK,13.0,1018.0,93.0,5.0,sem observação,sem chuva,1,3,1,0,0
5567,Medium,35.2,17.3,82.0,LIGHT,21.0,1018.0,88.0,5.0,céu pouco nublado,sem chuva,13,0,4,0,0
5568,Low,42.3,4.7,63.6,DARK,14.0,1016.0,100.0,1.0,nuvens quebradas,sem chuva,3,3,6,0,0
5569,None_Existent,44.9,0.0,84.6,DARK,14.0,1012.0,100.0,0.0,céu claro,sem chuva,6,0,8,0,0
5570,None_Existent,36.5,1.3,69.3,DARK,14.0,1014.0,93.0,3.0,nuvens quebradas,sem chuva,2,3,5,0,0
5571,Medium,34.2,20.1,101.1,LIGHT,13.0,1023.0,71.0,5.0,nuvens dispersas,sem chuva,13,4,2,0,0
5572,None_Existent,42.7,5.8,85.9,DARK,16.0,1017.0,100.0,1.0,sem observação,sem chuva,21,2,9,0,0
5573,High,32.3,72.5,78.3,LIGHT,20.0,1017.0,82.0,3.0,sem observação,sem chuva,17,6,5,1,1
5574,Medium,34.3,23.1,73.7,LIGHT,17.0,1019.0,88.0,1.0,nuvens quebradas,sem chuva,9,4,6,0,1
5575,None_Existent,38.6,0.0,94.0,DARK,6.0,1015.0,100.0,0.0,sem observação,sem chuva,6,3,11,0,0
5576,Low,35.9,10.6,86.6,LIGHT,15.0,1021.0,67.0,8.0,nuvens quebrados,sem chuva,13,2,11,0,0
5577,Very_High,43.3,62.8,72.1,LIGHT,17.0,1018.0,82.0,4.0,nuvens quebradas,sem chuva,17,4,5,0,1
5578,None_Existent,40.7,1.9,83.8,DARK,14.0,1016.0,77.0,3.0,céu claro,sem chuva,21,3,11,0,0
5579,Low,41.9,19.6,77.2,LIGHT,20.0,1020.0,77.0,2.0,céu claro,sem chuva,13,6,9,1,0
5580,Medium,34.8,17.0,88.4,LIGHT,18.0,1020.0,100.0,1.0,céu claro,sem chuva,10,3,9,0,0
5581,None_Existent,40.4,1.5,83.2,LIGHT,11.0,1016.0,62.0,7.0,céu claro,sem chuva,8,5,10,1,1
5582,None_Existent,46.7,0.0,87.6,DARK,15.0,1015.0,100.0,1.0,céu claro,sem chuva,6,2,8,0,0
5583,None_Existent,35.8,4.4,71.0,LIGHT,14.0,1017.0,100.0,1.0,sem observação,sem chuva,6,6,6,1,0
5584,None_Existent,44.7,0.0,85.7,DARK,13.0,1015.0,93.0,0.0,sem observação,sem chuva,2,4,10,0,0
5585,Low,34.1,15.5,80.3,LIGHT,12.0,1011.0,100.0,7.0,sem observação,sem chuva,14,5,1,1,0
5586,Low,40.8,3.1,74.0,LIGHT,12.0,1012.0,87.0,1.0,algumas nuvens,sem chuva,10,6,11,1,0
5587,None_Existent,36.7,0.0,77.5,LIGHT,11.0,1023.0,66.0,5.0,nuvens dispersas,sem chuva,11,6,1,1,0
5588,None_Existent,41.6,9.1,88.8,DARK,15.0,1019.0,100.0,8.0,sem observação,sem chuva,3,6,7,1,0
5589,None_Existent,44.0,0.0,85.5,DARK,11.0,1011.0,76.0,3.0,céu claro,sem chuva,4,1,10,0,0
5590,Medium,41.9,23.4,76.1,LIGHT,24.0,1017.0,78.0,2.0,nuvens dispersas,sem chuva,13,0,9,0,0
5591,Low,35.3,12.8,76.0,LIGHT,19.0,1019.0,72.0,4.0,sem observação,sem chuva,19,6,6,1,1
5592,Low,41.9,17.7,86.5,DARK,16.0,1017.0,93.0,4.0,céu pouco nublado,sem chuva,2,5,7,1,0
5593,High,39.3,92.3,77.7,LIGHT,5.0,1021.0,100.0,2.0,sem observação,sem chuva,9,3,1,0,1
5594,High,42.8,54.2,85.7,LIGHT,19.0,1017.0,88.0,2.0,nuvens dispersas,sem chuva,17,4,9,0,1
5595,None_Existent,38.5,3.1,73.4,DARK,14.0,1018.0,93.0,5.0,sem observação,chuva fraca,21,0,4,0,0
5596,None_Existent,44.9,0.0,84.6,DARK,10.0,1004.0,71.0,1.0,céu claro,sem chuva,5,2,10,0,0
5597,Very_High,43.6,66.2,72.5,LIGHT,10.0,1022.0,93.0,2.0,nuvens quebrados,sem chuva,8,2,12,0,1
5598,Very_High,44.5,87.8,80.3,LIGHT,24.0,1017.0,41.0,5.0,sem observação,sem chuva,18,4,9,0,1
5599,High,38.9,66.3,77.5,LIGHT,16.0,1012.0,72.0,5.0,céu pouco nublado,sem chuva,14,3,4,0,0
5600,None_Existent,42.2,1.8,71.6,DARK,13.0,1002.0,100.0,2.0,sem observação,chuva fraca,23,0,11,0,0
5601,Low,34.6,13.8,87.4,LIGHT,27.0,1015.0,54.0,2.0,céu claro,sem chuva,17,6,8,1,1
5602,None_Existent,41.0,0.0,71.6,LIGHT,11.0,1014.0,71.0,1.0,sem observação,sem chuva,7,6,5,1,1
5603,Medium,38.3,18.8,83.5,LIGHT,12.0,1026.0,93.0,2.0,nuvens quebrados,sem chuva,14,3,2,0,0
5604,Very_High,42.3,100.3,69.9,LIGHT,14.0,1019.0,100.0,3.0,sem observação,sem chuva,8,0,4,0,1
5605,High,42.8,20.2,89.6,LIGHT,21.0,1019.0,88.0,3.0,nuvens quebrados,sem chuva,19,0,7,0,1
5606,Low,39.2,11.4,76.8,DARK,17.0,1021.0,93.0,0.0,tempo nublado,sem chuva,22,3,9,0,0
5607,None_Existent,38.1,1.5,63.4,DARK,13.0,1015.0,93.0,2.0,nuvens dispersas,sem chuva,23,2,5,0,0
5608,Very_High,42.8,92.1,71.3,LIGHT,22.0,1017.0,60.0,9.0,sem observação,sem chuva,17,4,5,0,1
5609,None_Existent,48.1,0.0,67.9,DARK,16.0,1016.0,100.0,0.0,nuvens quebradas,sem chuva,5,3,6,0,0
5610,Low,38.8,12.3,85.1,LIGHT,15.0,1016.0,100.0,2.0,sem observação,sem chuva,7,6,8,1,1
5611,High,42.8,83.5,81.5,LIGHT,28.0,1024.0,36.0,4.0,sem observação,sem chuva,17,3,9,0,1
5612,None_Existent,43.0,0.0,85.8,DARK,13.0,1022.0,93.0,2.0,céu claro,sem chuva,1,4,8,0,0
5613,Very_High,47.1,82.8,62.6,LIGHT,10.0,1013.0,93.0,1.0,sem observação,sem chuva,7,3,6,0,1
5614,High,33.6,116.1,81.5,DARK,9.0,1032.0,100.0,1.0,céu claro,sem chuva,21,5,12,1,0
5615,None_Existent,44.4,0.0,87.7,DARK,10.0,1019.0,87.0,3.0,nuvens quebradas,sem chuva,1,1,3,0,0
5616,Very_High,41.4,60.2,74.0,LIGHT,7.0,1024.0,87.0,4.0,nuvens dispersas,sem chuva,9,1,11,0,1
5617,Medium,37.1,28.2,90.2,LIGHT,22.0,1017.0,73.0,4.0,algumas nuvens,sem chuva,16,5,7,1,0
5618,None_Existent,43.1,0.0,79.0,DARK,15.0,1011.0,100.0,4.0,sem observação,chuva leve,5,5,11,1,0
5619,High,42.3,48.1,84.8,LIGHT,14.0,1017.0,100.0,1.0,sem observação,sem chuva,8,4,9,0,1
5620,None_Existent,37.4,0.0,92.5,DARK,12.0,1026.0,71.0,1.0,céu claro,sem chuva,0,1,2,0,0
5621,Medium,34.0,55.3,97.3,DARK,13.0,1021.0,71.0,0.0,céu claro,sem chuva,19,5,2,1,1
5622,Very_High,42.3,98.2,82.3,LOW_LIGHT,15.0,1011.0,58.0,2.0,céu claro,sem chuva,7,1,10,0,1
5623,Medium,38.8,17.5,72.4,LIGHT,15.0,1014.0,87.0,5.0,céu pouco nublado,sem chuva,13,2,5,0,0
5624,None_Existent,41.8,0.0,74.4,DARK,7.0,1018.0,93.0,4.0,tempo nublado,sem chuva,4,5,1,1,0
5625,None_Existent,43.6,0.0,90.9,DARK,17.0,1020.0,88.0,2.0,céu claro,sem chuva,23,6,10,1,0
5626,Low,45.0,5.0,71.3,LIGHT,18.0,1017.0,88.0,1.0,nublado,sem chuva,10,6,9,1,0
5627,None_Existent,43.1,0.0,90.8,LIGHT,22.0,1016.0,69.0,1.0,céu claro,sem chuva,8,6,8,1,1
5628,Low,40.0,17.2,91.1,LIGHT,14.0,1016.0,50.0,6.0,algumas nuvens,sem chuva,12,5,10,1,0
5629,High,34.8,60.1,76.3,DARK,8.0,1032.0,100.0,0.0,céu claro,sem chuva,22,5,12,1,0
5630,Medium,37.4,21.1,85.0,LIGHT,19.0,1015.0,88.0,3.0,sem observação,sem chuva,9,2,9,0,1
5631,Low,37.8,8.8,87.2,LIGHT,17.0,1015.0,100.0,1.0,sem observação,sem chuva,8,2,8,0,1
5632,Low,42.4,2.9,63.1,DARK,16.0,1016.0,93.0,4.0,nuvens dispersas,sem chuva,2,5,6,1,0
5633,None_Existent,41.5,0.0,75.9,LOW_LIGHT,12.0,1013.0,93.0,8.0,sem observação,chuva fraca,6,4,4,0,0
5634,Low,35.0,4.8,81.2,DARK,17.0,1015.0,100.0,0.0,sem observação,sem chuva,23,3,7,0,0
5635,Medium,46.8,10.0,69.6,DARK,11.0,1019.0,100.0,4.0,nuvens quebrados,sem chuva,7,1,1,0,1
5636,Medium,40.7,65.5,83.3,LIGHT,17.0,1016.0,100.0,2.0,sem observação,sem chuva,18,2,9,0,1
5637,Medium,33.9,28.4,89.2,LIGHT,19.0,1016.0,100.0,0.0,sem observação,sem chuva,11,0,7,0,0
5638,Low,43.5,17.9,87.0,LIGHT,17.0,1021.0,100.0,0.0,sem observação,sem chuva,8,3,8,0,1
5639,Low,35.4,26.0,98.1,DARK,18.0,1013.0,93.0,2.0,nuvens dispersas,sem chuva,23,2,7,0,0
5640,None_Existent,42.1,0.0,83.9,DARK,12.0,1020.0,100.0,2.0,nuvens dispersas,sem chuva,5,3,9,0,0
5641,None_Existent,47.4,0.0,70.2,DARK,13.0,1012.0,76.0,2.0,sem observação,sem chuva,2,5,5,1,0
5642,Low,37.5,9.8,68.0,DARK,14.0,1021.0,100.0,0.0,nublado,sem chuva,2,5,5,1,0
5643,Medium,33.6,23.4,89.8,LIGHT,11.0,1021.0,62.0,1.0,céu claro,sem chuva,12,1,2,0,0
5644,None_Existent,38.9,3.0,91.1,DARK,11.0,1024.0,93.0,3.0,nuvens quebradas,sem chuva,4,6,3,1,0
5645,High,42.3,32.0,71.0,LIGHT,14.0,1016.0,71.0,6.0,céu pouco nublado,sem chuva,19,4,5,0,1
5646,None_Existent,41.8,0.0,73.8,DARK,13.0,1011.0,71.0,2.0,céu limpo,sem chuva,3,0,4,0,0
5647,None_Existent,44.1,4.1,71.0,DARK,14.0,1029.0,93.0,1.0,nuvens quebrados,sem chuva,2,3,12,0,0
5648,Medium,35.1,37.7,78.4,LIGHT,15.0,1028.0,58.0,3.0,nuvens dispersas,sem chuva,16,4,4,0,0
5649,None_Existent,43.4,4.1,75.0,DARK,23.0,1021.0,47.0,5.0,sem observação,sem chuva,2,5,9,1,0
5650,None_Existent,42.0,0.0,82.9,LIGHT,17.0,1019.0,77.0,2.0,sem observação,sem chuva,9,6,6,1,1
5651,Low,43.6,5.2,82.7,DARK,13.0,1005.0,100.0,11.0,sem observação,chuva moderada,21,1,11,0,0
5652,Medium,44.0,14.8,90.6,DARK,20.0,1012.0,100.0,7.0,sem observação,chuva forte,23,3,8,0,0
5653,Low,36.9,11.8,91.0,LIGHT,12.0,1022.0,87.0,0.0,céu claro,sem chuva,7,4,8,0,1
5654,Low,33.9,23.0,112.0,LIGHT,16.0,1024.0,63.0,4.0,céu claro,sem chuva,13,3,2,0,0
5655,High,34.3,109.9,94.6,LIGHT,19.0,1018.0,88.0,3.0,nuvens quebrados,sem chuva,16,6,8,1,0
5656,None_Existent,48.1,0.0,86.3,DARK,20.0,1024.0,83.0,1.0,céu claro,sem chuva,1,3,9,0,0
5657,Medium,34.1,52.4,91.9,LIGHT,22.0,1017.0,83.0,2.0,sem observação,sem chuva,16,0,9,0,0
5658,Very_High,39.4,77.0,89.2,LIGHT,20.0,1015.0,94.0,1.0,sem observação,sem chuva,8,2,7,0,1
5659,Medium,33.7,44.4,77.7,LIGHT,30.0,1021.0,30.0,5.0,sem observação,sem chuva,15,3,5,0,0
5660,Low,39.2,12.6,87.1,LIGHT,19.0,1011.0,82.0,5.0,nuvens dispersas,sem chuva,13,3,10,0,0
5661,None_Existent,36.6,0.0,103.7,DARK,14.0,1028.0,67.0,4.0,céu claro,sem chuva,23,4,2,0,0
5662,None_Existent,43.4,0.0,83.2,DARK,14.0,1021.0,100.0,0.0,sem observação,sem chuva,5,5,9,1,0
5663,Medium,45.3,10.4,87.4,DARK,12.0,1014.0,100.0,1.0,sem observação,sem chuva,5,4,10,0,0
5664,Low,42.3,7.1,88.5,DARK,16.0,1016.0,93.0,3.0,tempo nublado,sem chuva,20,0,9,0,0
5665,None_Existent,34.2,1.5,92.5,LOW_LIGHT,6.0,1016.0,100.0,3.0,sem observação,sem chuva,7,3,11,0,1
5666,Very_High,43.2,76.7,76.6,DARK,11.0,1011.0,87.0,4.0,sem observação,chuva moderada,18,3,11,0,1
5667,Medium,39.0,20.6,81.8,DARK,21.0,1017.0,77.0,3.0,sem observação,sem chuva,20,2,8,0,0
5668,None_Existent,40.7,4.3,93.4,LIGHT,13.0,1015.0,93.0,1.0,céu claro,sem chuva,8,6,8,1,1
5669,None_Existent,41.1,7.1,94.0,LIGHT,14.0,1024.0,87.0,1.0,nuvens quebrados,sem chuva,10,5,11,1,0
5670,None_Existent,37.9,1.1,64.8,LIGHT,17.0,1021.0,39.0,6.0,sem observação,sem chuva,7,6,5,1,1
5671,Medium,37.1,30.9,90.7,LIGHT,23.0,1013.0,57.0,2.0,céu claro,sem chuva,19,2,8,0,1
5672,Very_High,45.8,119.8,65.2,LIGHT,22.0,1015.0,28.0,4.0,sem observação,sem chuva,8,1,5,0,1
5673,Medium,34.8,52.5,93.4,LIGHT,22.0,1014.0,60.0,5.0,céu claro,sem chuva,11,5,10,1,0
5674,High,41.5,143.3,81.4,LIGHT,18.0,1016.0,93.0,1.0,nuvens quebradas,sem chuva,17,3,9,0,1
5675,Medium,31.4,30.3,95.8,LIGHT,17.0,1030.0,42.0,5.0,céu claro,sem chuva,11,0,2,0,0
5676,High,40.0,54.6,88.8,DARK,12.0,1006.0,71.0,5.0,sem observação,chuva fraca,18,0,10,0,1
5677,Medium,42.5,22.8,73.9,LIGHT,23.0,1017.0,77.0,1.0,sem observação,sem chuva,9,4,8,0,1
5678,Medium,38.4,16.8,80.1,LIGHT,30.0,1018.0,42.0,4.0,sem observação,sem chuva,14,5,6,1,0
5679,Medium,35.2,37.2,81.7,DARK,10.0,1018.0,100.0,2.0,sem observação,sem chuva,19,2,1,0,1
5680,Medium,37.7,26.7,89.8,LIGHT,20.0,1023.0,73.0,2.0,céu claro,sem chuva,11,5,9,1,0
5681,Low,42.6,18.3,86.6,LIGHT,21.0,1020.0,93.0,3.0,sem observação,sem chuva,12,4,8,0,0
5682,Low,43.8,5.2,80.4,DARK,17.0,1015.0,100.0,3.0,sem observação,sem chuva,3,1,7,0,0
5683,Medium,37.6,23.8,93.1,LIGHT,22.0,1022.0,73.0,3.0,céu claro,sem chuva,12,2,9,0,0
5684,Medium,40.4,66.5,87.4,LIGHT,20.0,1018.0,68.0,8.0,nuvens quebrados,sem chuva,10,4,10,0,0
5685,Low,41.5,5.3,67.5,LIGHT,8.0,1021.0,87.0,2.0,céu claro,sem chuva,11,5,1,1,0
5686,Low,43.0,6.7,74.1,LIGHT,17.0,1018.0,100.0,2.0,sem observação,sem chuva,8,5,8,1,1
5687,None_Existent,38.0,6.2,73.7,LIGHT,14.0,1020.0,87.0,6.0,nuvens quebrados,sem chuva,13,2,12,0,0
5688,High,44.6,136.5,88.8,LIGHT,22.0,1018.0,68.0,8.0,nuvens quebrados,sem chuva,14,4,10,0,0
5689,Low,39.2,2.8,89.7,DARK,9.0,1023.0,81.0,3.0,céu claro,sem chuva,22,2,2,0,0
5690,High,43.8,78.4,77.9,DARK,12.0,1030.0,100.0,0.0,sem observação,sem chuva,19,3,12,0,1
5691,None_Existent,37.5,5.7,89.0,LOW_LIGHT,21.0,1013.0,88.0,2.0,sem observação,sem chuva,20,1,7,0,0
5692,Low,35.5,6.8,87.3,LIGHT,14.0,1019.0,87.0,2.0,algumas nuvens,sem chuva,12,3,11,0,0
5693,Medium,33.5,29.0,76.8,DARK,17.0,1018.0,59.0,5.0,sem observação,sem chuva,22,4,5,0,0
5694,Medium,35.0,14.5,74.0,LIGHT,13.0,1006.0,76.0,4.0,sem observação,chuvisco e chuva fraca,9,2,4,0,1
5695,Very_High,42.3,110.8,83.5,LIGHT,1.0,1030.0,80.0,5.0,sem observação,sem chuva,9,0,2,0,1
5696,None_Existent,44.2,0.0,90.1,DARK,19.0,1015.0,100.0,1.0,sem observação,sem chuva,4,0,8,0,0
5697,Medium,44.9,6.9,67.9,DARK,6.0,1023.0,93.0,2.0,nuvens quebrados,sem chuva,7,1,1,0,1
5698,Medium,35.6,46.5,80.5,LIGHT,19.0,1015.0,56.0,5.0,céu pouco nublado,sem chuva,14,4,4,0,0
5699,Low,44.0,12.9,85.8,DARK,14.0,1021.0,93.0,2.0,sem observação,sem chuva,2,1,8,0,0
5700,Low,36.4,16.1,85.1,LIGHT,11.0,1031.0,43.0,1.0,céu claro,sem chuva,13,0,2,0,0
5701,Very_High,44.4,108.0,75.9,DARK,15.0,1024.0,58.0,2.0,sem observação,sem chuva,18,0,12,0,1
5702,Medium,45.7,5.6,87.1,DARK,9.0,1024.0,62.0,5.0,céu claro,sem chuva,6,1,2,0,0
5703,Very_High,43.5,141.7,72.3,LIGHT,17.0,1022.0,67.0,3.0,nuvens dispersas,sem chuva,18,4,6,0,1
5704,None_Existent,39.4,0.0,89.1,DARK,21.0,1014.0,88.0,1.0,sem observação,sem chuva,1,3,7,0,0
5705,None_Existent,43.1,0.0,70.8,DARK,17.0,1015.0,82.0,5.0,sem observação,sem chuva,21,0,5,0,0
5706,Low,37.7,12.2,89.8,LIGHT,17.0,1017.0,82.0,1.0,céu claro,sem chuva,9,4,8,0,1
5707,None_Existent,42.8,3.0,84.4,DARK,5.0,1023.0,100.0,1.0,sem observação,sem chuva,5,1,11,0,0
5708,Medium,38.8,47.5,86.3,LIGHT,27.0,1017.0,50.0,5.0,céu pouco nublado,sem chuva,16,6,9,1,0
5709,Low,39.8,19.7,89.6,LIGHT,22.0,1016.0,64.0,3.0,céu claro,sem chuva,12,2,8,0,0
5710,Low,46.0,2.1,83.2,DARK,10.0,1002.0,93.0,9.0,sem observação,chuva moderada,6,0,11,0,0
5711,Medium,37.1,30.5,90.2,LIGHT,20.0,1020.0,88.0,4.0,nuvens quebrados,sem chuva,10,1,7,0,0
5712,Medium,38.5,22.4,86.8,DARK,18.0,1020.0,93.0,3.0,céu pouco nublado,sem chuva,1,5,8,1,0
5713,None_Existent,41.9,0.0,76.0,DARK,12.0,1030.0,93.0,1.0,nuvens quebrados,sem chuva,2,4,12,0,0
5714,Medium,43.0,12.5,77.1,DARK,22.0,1018.0,60.0,3.0,sem observação,sem chuva,20,5,9,1,0
5715,Medium,33.9,24.9,92.3,LIGHT,13.0,1008.0,76.0,6.0,nuvens dispersas,sem chuva,12,2,11,0,0
5716,Medium,39.1,30.6,87.3,LIGHT,26.0,1017.0,88.0,3.0,sem observação,sem chuva,14,5,8,1,0
5717,High,38.6,39.6,90.7,LIGHT,26.0,1016.0,45.0,4.0,céu claro,sem chuva,15,4,8,0,0
5718,Medium,37.1,17.5,83.1,LIGHT,22.0,1014.0,77.0,4.0,sem observação,sem chuva,13,5,6,1,0
5719,None_Existent,39.3,0.0,89.2,DARK,17.0,1014.0,100.0,2.0,nuvens quebradas,sem chuva,2,0,7,0,0
5720,Low,37.5,21.3,93.5,LIGHT,21.0,1015.0,88.0,3.0,nuvens quebrados,sem chuva,13,2,7,0,0
5721,Medium,33.0,25.0,90.4,LIGHT,17.0,1019.0,100.0,1.0,sem observação,sem chuva,9,2,8,0,1
5722,Low,44.9,18.1,88.8,DARK,17.0,1018.0,93.0,1.0,algumas nuvens,sem chuva,23,5,9,1,0
5723,None_Existent,41.2,0.0,86.9,DARK,15.0,1023.0,55.0,1.0,céu claro,sem chuva,22,1,2,0,0
5724,Medium,36.3,31.3,79.5,LIGHT,17.0,1014.0,72.0,4.0,céu pouco nublado,sem chuva,12,1,6,0,0
5725,High,40.8,64.3,84.4,DARK,10.0,1004.0,93.0,0.0,algumas nuvens,sem chuva,20,1,10,0,0
5726,High,37.4,51.6,76.9,LIGHT,14.0,1013.0,87.0,7.0,nuvens quebradas,sem chuva,11,3,5,0,0
5727,None_Existent,44.8,0.0,84.7,DARK,16.0,1012.0,93.0,0.0,algumas nuvens,sem chuva,4,1,9,0,0
5728,Medium,41.3,30.5,81.9,LIGHT,18.0,1019.0,88.0,3.0,céu claro,sem chuva,15,6,9,1,0
5729,None_Existent,37.3,1.4,66.3,DARK,13.0,1023.0,93.0,6.0,nuvens quebrados,sem chuva,2,6,12,1,0
5730,High,39.8,59.9,94.5,LIGHT,19.0,1016.0,94.0,2.0,sem observação,chuva fraca,18,3,7,0,1
5731,Medium,40.0,33.5,88.3,LIGHT,23.0,1018.0,61.0,3.0,céu claro,sem chuva,17,4,8,0,1
5732,Medium,37.2,29.4,76.8,LIGHT,26.0,1021.0,39.0,5.0,sem observação,sem chuva,15,2,5,0,0
5733,None_Existent,37.4,1.9,89.8,DARK,14.0,1018.0,82.0,1.0,céu claro,sem chuva,22,3,10,0,0
5734,Low,45.5,8.7,85.9,DARK,16.0,1017.0,100.0,3.0,sem observação,sem chuva,0,0,9,0,0
5735,Medium,37.3,17.9,82.6,DARK,21.0,1017.0,68.0,5.0,sem observação,sem chuva,20,1,8,0,0
5736,Medium,39.6,20.7,74.5,DARK,12.0,1030.0,100.0,2.0,sem observação,sem chuva,20,3,12,0,0
5737,None_Existent,41.5,0.0,88.8,DARK,10.0,1029.0,81.0,0.0,céu claro,sem chuva,0,0,2,0,0
5738,None_Existent,37.7,4.7,79.6,DARK,19.0,1013.0,93.0,1.0,sem observação,sem chuva,1,4,7,0,0
5739,High,33.1,56.8,77.1,LIGHT,23.0,1019.0,56.0,7.0,sem observação,sem chuva,16,5,5,1,0
5740,High,40.9,96.4,93.8,DARK,18.0,1026.0,55.0,4.0,céu claro,sem chuva,19,4,2,0,1
5741,Medium,36.4,17.8,72.9,LIGHT,15.0,1018.0,93.0,2.0,céu pouco nublado,sem chuva,7,4,6,0,1
5742,Medium,44.1,25.5,80.5,LIGHT,24.0,1024.0,53.0,3.0,sem observação,sem chuva,13,2,9,0,0
5743,Low,37.1,14.7,83.9,DARK,18.0,1015.0,77.0,2.0,sem observação,sem chuva,4,4,8,0,0
5744,Medium,34.5,27.0,85.4,LIGHT,20.0,1011.0,52.0,2.0,céu limpo,sem chuva,14,6,3,1,0
5745,High,34.2,162.3,90.3,LIGHT,22.0,1018.0,64.0,5.0,sem observação,sem chuva,16,0,8,0,0
5746,None_Existent,50.2,0.0,89.9,DARK,11.0,1017.0,100.0,0.0,céu claro,sem chuva,6,5,10,1,0
5747,High,40.8,55.7,87.2,LOW_LIGHT,20.0,1022.0,77.0,5.0,céu claro,sem chuva,18,5,9,1,1
5748,Medium,36.9,30.0,76.4,LIGHT,17.0,1014.0,59.0,4.0,céu limpo,sem chuva,11,0,4,0,0
5749,Low,33.9,8.3,70.3,LIGHT,18.0,1017.0,88.0,3.0,céu pouco nublado,sem chuva,19,3,6,0,1
5750,Medium,38.1,24.2,76.4,LIGHT,15.0,1012.0,87.0,7.0,nuvens quebradas,sem chuva,12,3,5,0,0
5751,High,45.7,41.1,86.1,LOW_LIGHT,17.0,1017.0,93.0,2.0,sem observação,sem chuva,19,4,9,0,1
5752,Low,44.0,0.8,80.6,DARK,13.0,1021.0,100.0,1.0,sem observação,sem chuva,3,2,9,0,0
5753,None_Existent,47.9,0.0,82.1,LIGHT,17.0,1018.0,39.0,4.0,sem observação,sem chuva,7,5,9,1,1
5754,None_Existent,48.1,4.6,90.5,DARK,18.0,1016.0,100.0,2.0,sem observação,sem chuva,3,3,7,0,0
5755,Very_High,42.7,147.1,76.9,LIGHT,14.0,1012.0,93.0,4.0,nuvens quebradas,sem chuva,8,2,5,0,1
5756,None_Existent,45.6,1.4,86.2,DARK,19.0,1018.0,38.0,3.0,céu claro,sem chuva,3,2,9,0,0
5757,Medium,46.8,14.1,80.8,DARK,7.0,1023.0,87.0,4.0,céu claro,sem chuva,4,5,2,1,0
5758,Low,34.4,9.3,77.6,LIGHT,17.0,1017.0,77.0,6.0,nuvens quebradas,sem chuva,12,4,5,0,0
5759,High,40.2,65.3,88.0,LIGHT,20.0,1021.0,56.0,5.0,algumas nuvens,sem chuva,10,3,8,0,0
5760,None_Existent,42.0,0.0,75.9,DARK,7.0,1024.0,100.0,3.0,nuvens dispersas,sem chuva,4,5,12,1,0
5761,High,37.1,67.8,89.6,LIGHT,19.0,1016.0,88.0,3.0,sem observação,sem chuva,16,2,8,0,0
5762,None_Existent,40.7,3.0,77.9,DARK,18.0,1021.0,93.0,3.0,algumas nuvens,sem chuva,21,2,9,0,0
5763,None_Existent,34.8,2.4,88.4,LIGHT,14.0,1018.0,87.0,1.0,céu claro,sem chuva,9,5,10,1,1
5764,None_Existent,42.4,2.5,81.2,DARK,16.0,1022.0,77.0,2.0,céu claro,sem chuva,20,2,10,0,0
5765,None_Existent,43.5,2.5,86.0,DARK,15.0,1018.0,100.0,1.0,nuvens quebrados,sem chuva,0,5,9,1,0
5766,Low,45.3,1.9,81.1,DARK,10.0,1000.0,93.0,8.0,sem observação,chuva moderada,23,0,10,0,0
5767,None_Existent,46.6,0.0,84.8,DARK,13.0,1011.0,82.0,4.0,nuvens dispersas,sem chuva,6,1,11,0,0
5768,Low,38.2,9.5,91.4,LIGHT,17.0,1014.0,100.0,4.0,sem observação,sem chuva,9,1,8,0,1
5769,High,40.0,102.8,84.5,LIGHT,21.0,1017.0,88.0,5.0,nuvens dispersas,sem chuva,13,4,8,0,0
5770,None_Existent,42.3,0.0,82.7,DARK,14.0,1020.0,100.0,0.0,sem observação,sem chuva,3,2,9,0,0
5771,None_Existent,38.9,0.0,93.0,DARK,11.0,1024.0,93.0,4.0,nuvens quebradas,sem chuva,5,6,3,1,0
5772,Low,42.0,5.8,83.1,LIGHT,17.0,1018.0,77.0,3.0,nuvens quebrados,sem chuva,8,6,7,1,1
5773,Low,40.9,4.1,87.0,DARK,16.0,1019.0,100.0,2.0,sem observação,sem chuva,22,3,8,0,0
5774,Very_High,44.0,44.5,85.5,LIGHT,15.0,1020.0,77.0,1.0,céu claro,sem chuva,7,2,9,0,1
5775,Medium,36.2,30.4,88.9,LIGHT,12.0,1021.0,58.0,1.0,céu claro,sem chuva,13,1,2,0,0
5776,Medium,38.7,20.1,84.6,LIGHT,24.0,1020.0,93.0,2.0,sem observação,sem chuva,13,4,8,0,0
5777,None_Existent,44.9,0.7,84.6,DARK,13.0,1019.0,51.0,1.0,céu claro,sem chuva,3,3,10,0,0
5778,High,32.9,54.9,98.6,LIGHT,13.0,1025.0,76.0,2.0,nuvens quebrados,sem chuva,17,3,2,0,1
5779,Medium,34.7,19.7,96.6,LIGHT,14.0,1022.0,62.0,3.0,sem observação,chuva fraca,14,0,3,0,0
5780,Medium,31.8,29.4,94.4,LIGHT,12.0,1017.0,87.0,7.0,sem observação,chuva leve,16,1,1,0,0
5781,None_Existent,38.0,3.9,91.6,DARK,19.0,1012.0,88.0,2.0,sem observação,chuva moderada,22,0,8,0,0
5782,Very_High,50.1,58.4,72.8,DARK,22.0,1014.0,88.0,4.0,sem observação,sem chuva,22,3,7,0,0
5783,None_Existent,41.9,0.0,74.1,DARK,11.0,1010.0,93.0,6.0,sem observação,aguaceiros fracos,0,3,4,0,0
5784,None_Existent,38.1,4.6,83.0,DARK,7.0,1029.0,93.0,0.0,sem observação,sem chuva,2,0,12,0,0
5785,Low,38.6,5.6,75.9,DARK,22.0,1017.0,77.0,2.0,céu pouco nublado,sem chuva,20,6,9,1,0
5786,Low,49.2,1.5,66.2,DARK,11.0,1015.0,76.0,7.0,nuvens dispersas,sem chuva,3,6,1,1,0
5787,Medium,46.1,17.2,83.8,DARK,15.0,1023.0,100.0,6.0,sem observação,sem chuva,1,0,8,0,0
5788,Low,40.2,10.6,82.1,DARK,19.0,1016.0,88.0,1.0,sem observação,sem chuva,3,2,8,0,0
5789,Low,38.2,10.8,88.9,LIGHT,17.0,1019.0,68.0,4.0,céu claro,sem chuva,10,5,10,1,0
5790,Medium,40.8,23.2,82.4,LIGHT,22.0,1019.0,64.0,3.0,céu claro,sem chuva,14,4,8,0,0
5791,Low,48.4,7.5,80.1,DARK,18.0,1012.0,100.0,3.0,céu pouco nublado,sem chuva,1,0,8,0,0
5792,None_Existent,42.0,0.0,74.1,DARK,13.0,1013.0,72.0,5.0,céu claro,sem chuva,5,3,11,0,0
5793,Medium,33.9,12.3,82.2,LOW_LIGHT,25.0,1014.0,60.0,2.0,sem observação,sem chuva,20,4,7,0,0
5794,None_Existent,37.9,7.9,81.8,DARK,22.0,1016.0,83.0,1.0,sem observação,sem chuva,23,0,9,0,0
5795,High,39.3,60.5,68.4,LIGHT,17.0,1012.0,100.0,7.0,sem observação,chuva moderada,16,1,6,0,0
5796,Very_High,44.5,157.0,68.0,LIGHT,18.0,1018.0,93.0,2.0,nuvens quebradas,sem chuva,9,0,6,0,1
5797,Medium,44.0,15.3,85.5,LIGHT,27.0,1015.0,35.0,6.0,céu claro,sem chuva,10,5,9,1,0
5798,High,38.4,40.3,74.2,LIGHT,22.0,1018.0,60.0,8.0,sem observação,sem chuva,15,4,5,0,0
5799,Low,46.8,1.1,84.8,DARK,7.0,1022.0,81.0,4.0,céu claro,sem chuva,4,3,2,0,0
5800,None_Existent,39.8,1.1,60.4,LOW_LIGHT,15.0,1020.0,77.0,6.0,sem observação,sem chuva,20,5,6,1,0
5801,Medium,44.2,7.7,64.0,LIGHT,9.0,1014.0,100.0,0.0,sem observação,sem chuva,6,4,6,0,0
5802,None_Existent,38.7,0.8,71.3,DARK,16.0,1018.0,52.0,3.0,céu limpo,sem chuva,2,5,4,1,0
5803,None_Existent,38.5,3.3,59.0,DARK,11.0,1017.0,76.0,3.0,nuvens dispersas,sem chuva,1,5,5,1,0
5804,Low,33.1,12.8,87.6,LIGHT,19.0,1015.0,64.0,3.0,céu claro,sem chuva,12,3,11,0,0
5805,High,42.0,30.3,87.4,LIGHT,24.0,1013.0,47.0,3.0,algumas nuvens,sem chuva,15,4,9,0,0
5806,None_Existent,40.2,2.1,67.5,DARK,18.0,1018.0,47.0,5.0,sem observação,sem chuva,5,4,5,0,0
5807,None_Existent,34.3,9.3,76.8,DARK,10.0,1021.0,93.0,0.0,céu limpo,sem chuva,23,3,4,0,0
5808,Medium,44.5,30.2,87.0,LOW_LIGHT,25.0,1019.0,44.0,4.0,céu claro,sem chuva,18,0,9,0,1
5809,None_Existent,46.1,7.7,85.5,DARK,17.0,1015.0,77.0,7.0,céu claro,sem chuva,2,4,10,0,0
5810,High,40.2,53.3,87.0,LIGHT,11.0,998.0,81.0,6.0,sem observação,chuva,17,4,2,0,1
5811,None_Existent,44.5,0.0,85.0,DARK,5.0,1013.0,80.0,0.0,céu claro,sem chuva,5,0,10,0,0
5812,Very_High,44.4,147.5,68.7,LIGHT,20.0,1016.0,82.0,3.0,céu pouco nublado,sem chuva,18,0,6,0,1
5813,Medium,36.0,37.1,90.5,LIGHT,23.0,1021.0,64.0,6.0,céu claro,sem chuva,15,2,9,0,0
5814,Medium,31.6,31.6,100.4,LIGHT,15.0,1029.0,72.0,2.0,algumas nuvens,sem chuva,17,2,2,0,1
5815,Low,44.7,10.7,89.7,DARK,15.0,1013.0,77.0,4.0,céu claro,sem chuva,21,4,11,0,0
5816,High,39.8,112.0,91.5,LIGHT,20.0,1021.0,64.0,6.0,algumas nuvens,sem chuva,12,3,8,0,0
5817,Low,41.4,4.5,87.3,DARK,22.0,1016.0,53.0,2.0,céu claro,sem chuva,21,6,8,1,0
5818,Very_High,44.0,84.3,86.9,LIGHT,20.0,1021.0,64.0,7.0,céu claro,sem chuva,17,3,8,0,1
5819,Low,43.9,9.3,83.4,LIGHT,14.0,1008.0,93.0,4.0,sem observação,chuva fraca,14,6,11,1,0
5820,Medium,36.1,25.9,89.0,LIGHT,11.0,1030.0,50.0,4.0,céu claro,sem chuva,11,1,2,0,0
5821,Low,39.3,6.9,84.4,DARK,20.0,1024.0,88.0,3.0,céu claro,sem chuva,20,3,9,0,0
5822,Very_High,43.7,138.9,78.7,LIGHT,21.0,1012.0,73.0,4.0,sem observação,sem chuva,17,4,9,0,1
5823,Low,36.6,5.9,72.5,LIGHT,15.0,1016.0,67.0,5.0,céu pouco nublado,sem chuva,19,5,5,1,1
5824,Low,40.0,7.4,81.2,LIGHT,16.0,1016.0,93.0,2.0,sem observação,sem chuva,6,5,7,1,0
5825,Low,38.1,4.3,65.9,DARK,12.0,1020.0,87.0,3.0,sem observação,sem chuva,1,6,6,1,0
5826,Medium,35.1,58.1,78.3,LIGHT,24.0,1015.0,44.0,5.0,céu limpo,sem chuva,15,5,4,1,0
5827,High,36.2,32.2,78.3,LIGHT,27.0,1015.0,31.0,3.0,sem observação,sem chuva,16,1,5,0,0
5828,None_Existent,40.0,0.0,77.8,DARK,12.0,1008.0,93.0,4.0,sem observação,aguaceiros fracos,21,2,4,0,0
5829,None_Existent,38.7,1.2,65.4,LIGHT,11.0,1020.0,93.0,0.0,sem observação,sem chuva,8,6,6,1,1
5830,High,42.3,43.0,82.3,LIGHT,20.0,1004.0,68.0,5.0,céu claro,sem chuva,17,2,10,0,1
5831,Medium,39.6,32.0,90.1,LIGHT,22.0,1011.0,43.0,5.0,céu claro,sem chuva,11,1,10,0,0
5832,Low,43.8,12.2,88.2,DARK,16.0,1019.0,100.0,7.0,sem observação,sem chuva,3,4,8,0,0
5833,Very_High,48.4,124.9,72.2,LIGHT,14.0,1025.0,87.0,2.0,sem observação,sem chuva,8,2,9,0,1
5834,High,35.9,87.7,75.4,LIGHT,19.0,1017.0,63.0,7.0,sem observação,sem chuva,15,1,6,0,0
5835,None_Existent,43.5,0.0,87.9,DARK,16.0,1016.0,100.0,1.0,nuvens quebrados,sem chuva,4,1,9,0,0
5836,Medium,46.5,5.3,63.3,DARK,10.0,1032.0,100.0,0.0,sem observação,sem chuva,1,5,12,1,0
5837,Low,42.4,15.0,84.3,DARK,20.0,1012.0,100.0,5.0,sem observação,chuva forte,0,4,8,0,0
5838,None_Existent,41.0,0.0,71.6,DARK,11.0,1013.0,87.0,1.0,sem observação,sem chuva,4,6,5,1,0
5839,Low,41.9,1.7,87.0,DARK,17.0,1004.0,88.0,10.0,sem observação,chuva moderada,4,3,10,0,0
5840,None_Existent,35.6,1.8,60.6,DARK,21.0,1020.0,56.0,1.0,sem observação,sem chuva,22,6,5,1,0
5841,None_Existent,46.2,0.0,71.9,DARK,12.0,996.0,93.0,6.0,sem observação,chuva moderada,20,0,4,0,0
5842,Low,37.4,15.2,89.8,DARK,17.0,1013.0,45.0,3.0,céu claro,sem chuva,19,0,10,0,1
5843,High,40.5,52.9,88.0,LIGHT,26.5,1014.0,54.0,2.0,céu claro,sem chuva,9,3,8,0,1
5844,Very_High,41.0,74.7,72.2,LIGHT,14.0,1006.0,93.0,13.0,sem observação,chuva moderada,15,3,6,0,0
5845,Low,37.5,16.7,85.7,LOW_LIGHT,19.0,1014.0,82.0,3.0,algumas nuvens,sem chuva,19,2,9,0,1
5846,Medium,45.9,4.6,80.6,DARK,5.0,1024.0,100.0,3.0,sem observação,sem chuva,3,4,2,0,0
5847,Medium,34.8,24.8,85.0,LIGHT,13.0,1018.0,93.0,9.0,sem observação,chuva fraca,13,4,11,0,0
5848,Medium,35.3,32.9,86.8,LIGHT,14.0,1021.0,93.0,2.0,sem observação,sem chuva,14,1,12,0,0
5849,None_Existent,42.0,0.0,74.0,DARK,13.0,1019.0,100.0,4.0,sem observação,chuva fraca,23,0,4,0,0
5850,High,39.1,60.7,84.9,LIGHT,13.0,1025.0,58.0,4.0,céu claro,sem chuva,10,3,2,0,0
5851,None_Existent,46.9,0.0,82.2,DARK,7.0,1012.0,75.0,5.0,algumas nuvens,sem chuva,4,5,2,1,0
5852,None_Existent,42.9,5.2,87.0,DARK,17.0,1015.0,93.0,1.0,sem observação,sem chuva,2,3,9,0,0
5853,Low,39.4,13.3,84.0,LIGHT,14.0,1018.0,82.0,5.0,nuvens dispersas,sem chuva,14,3,1,0,0
5854,Low,48.4,13.8,78.9,DARK,19.0,1017.0,77.0,1.0,sem observação,sem chuva,5,2,8,0,0
5855,None_Existent,49.4,2.3,76.4,DARK,21.0,1016.0,78.0,1.0,sem observação,sem chuva,0,1,9,0,0
5856,None_Existent,45.0,2.3,71.6,DARK,22.0,1018.0,33.0,3.0,sem observação,sem chuva,23,3,9,0,0
5857,High,38.8,125.1,94.7,DARK,17.0,1022.0,58.0,3.0,céu claro,sem chuva,19,3,2,0,1
5858,None_Existent,38.4,0.0,63.1,LIGHT,11.0,1015.0,82.0,1.0,sem observação,sem chuva,8,6,5,1,1
5859,Low,42.9,10.4,79.6,LIGHT,19.0,1021.0,73.0,4.0,algumas nuvens,sem chuva,12,2,8,0,0
5860,Medium,38.5,30.7,80.1,LIGHT,7.0,1021.0,93.0,4.0,sem observação,chuva fraca,14,4,1,0,0
5861,High,39.4,84.5,87.0,LIGHT,19.0,1022.0,64.0,2.0,sem observação,sem chuva,10,1,8,0,0
5862,None_Existent,37.8,1.5,65.4,DARK,17.0,1020.0,100.0,0.0,nuvens quebradas,sem chuva,0,0,7,0,0
5863,High,35.1,89.2,76.7,LIGHT,19.0,1021.0,67.0,3.0,sem observação,sem chuva,16,6,6,1,0
5864,None_Existent,41.7,0.0,87.8,DARK,15.0,1017.0,93.0,2.0,céu claro,sem chuva,5,0,8,0,0
5865,Medium,37.6,41.3,89.9,LIGHT,16.0,1014.0,72.0,3.0,algumas nuvens,sem chuva,17,6,10,1,1
5866,High,46.4,53.9,74.1,LIGHT,13.0,1003.0,100.0,5.0,sem observação,chuva leve,10,3,1,0,0
5867,None_Existent,41.9,1.1,86.6,LIGHT,8.0,1016.0,93.0,0.0,céu claro,sem chuva,7,4,10,0,1
5868,None_Existent,40.6,1.1,87.6,DARK,21.0,1019.0,94.0,2.0,nuvens quebrados,sem chuva,21,0,7,0,0
5869,High,41.3,48.3,71.9,LIGHT,13.0,1011.0,77.0,8.0,nuvens quebradas,sem chuva,9,3,6,0,1
5870,None_Existent,45.8,0.0,85.3,DARK,15.0,1019.0,100.0,5.0,sem observação,sem chuva,2,3,8,0,0
5871,None_Existent,38.4,1.9,83.9,DARK,20.0,1016.0,60.0,3.0,céu claro,sem chuva,2,5,10,1,0
5872,Low,34.7,9.7,93.6,DARK,15.0,1013.0,87.0,7.0,nuvens quebrados,sem chuva,19,2,10,0,1
5873,Low,47.9,1.7,72.4,DARK,9.0,1020.0,100.0,3.0,sem observação,chuva leve,6,1,1,0,0
5874,Medium,39.6,54.1,90.2,LIGHT,24.0,1015.0,64.0,3.0,algumas nuvens,sem chuva,17,2,8,0,1
5875,None_Existent,47.0,0.0,70.8,DARK,14.0,1017.0,87.0,5.0,nublado,sem chuva,4,1,5,0,0
5876,Low,42.1,6.3,87.0,DARK,23.0,1014.0,61.0,1.0,céu claro,sem chuva,23,3,8,0,0
5877,Very_High,44.4,148.7,79.5,LIGHT,17.0,1018.0,100.0,5.0,sem observação,chuva fraca,8,1,9,0,1
5878,High,41.7,32.2,87.4,LIGHT,21.0,1016.0,82.0,4.0,algumas nuvens,sem chuva,17,1,7,0,1
5879,Low,36.4,7.6,62.8,DARK,14.0,1017.0,76.0,1.0,céu pouco nublado,sem chuva,21,2,6,0,0
5880,None_Existent,35.2,13.1,86.4,LIGHT,18.0,1015.0,93.0,1.0,nuvens quebradas,sem chuva,6,6,7,1,0
5881,Medium,44.0,10.7,87.0,LIGHT,16.0,1013.0,72.0,2.0,céu claro,sem chuva,7,4,9,0,1
5882,Medium,33.3,21.6,79.1,LIGHT,24.0,1025.0,44.0,3.0,sem observação,sem chuva,12,2,9,0,0
5883,High,34.6,104.0,81.2,DARK,12.0,1030.0,100.0,1.0,sem observação,sem chuva,19,6,12,1,1
5884,Low,40.4,2.8,87.9,DARK,17.0,1020.0,93.0,1.0,céu claro,sem chuva,0,2,9,0,0
5885,Low,43.7,13.7,85.4,LOW_LIGHT,16.0,1020.0,100.0,9.0,sem observação,sem chuva,6,3,8,0,0
5886,Low,40.4,16.9,83.8,LIGHT,20.0,1005.0,64.0,8.0,céu claro,sem chuva,13,2,10,0,0
5887,Low,44.2,24.5,77.3,LIGHT,22.0,1025.0,36.0,3.0,céu claro,sem chuva,12,2,10,0,0
5888,Medium,37.2,34.6,88.1,DARK,13.0,1020.0,87.0,6.0,tempo nublado,sem chuva,18,5,2,1,1
5889,Low,41.9,6.8,84.5,DARK,18.0,1021.0,72.0,1.0,céu claro,sem chuva,19,0,10,0,1
5890,Low,42.3,5.2,72.0,DARK,8.0,1025.0,100.0,3.0,nuvens dispersas,sem chuva,23,4,11,0,0
5891,None_Existent,42.7,0.0,84.2,DARK,15.0,1014.0,87.0,6.0,nuvens quebrados,sem chuva,21,2,10,0,0
5892,None_Existent,41.4,0.0,86.9,DARK,0.0,1028.0,93.0,2.0,céu claro,sem chuva,5,6,2,1,0
5893,Medium,41.2,26.9,87.4,LIGHT,21.0,1017.0,68.0,4.0,céu claro,sem chuva,17,5,7,1,1
5894,Low,44.0,4.8,69.1,DARK,11.0,1013.0,87.0,6.0,nuvens quebrados,sem chuva,7,5,11,1,1
5895,Low,34.1,16.7,85.9,LIGHT,12.0,1022.0,93.0,4.0,sem observação,sem chuva,11,2,12,0,0
5896,Low,40.7,7.3,81.4,DARK,13.0,1024.0,100.0,6.0,nuvens quebrados,sem chuva,1,6,12,1,0
5897,Medium,35.5,13.4,76.3,LIGHT,17.0,1014.0,67.0,4.0,céu pouco nublado,sem chuva,19,1,6,0,1
5898,High,40.5,79.3,85.4,LIGHT,22.0,1015.0,73.0,2.0,céu pouco nublado,sem chuva,17,3,7,0,1
5899,Low,41.4,16.0,86.7,DARK,16.0,1016.0,100.0,4.0,sem observação,sem chuva,23,4,7,0,0
5900,None_Existent,39.9,7.1,102.0,DARK,10.0,1026.0,87.0,1.0,algumas nuvens,sem chuva,20,6,2,1,0
5901,Medium,35.1,21.4,85.8,DARK,18.0,1018.0,82.0,0.0,sem observação,chuva,18,6,10,1,1
5902,Medium,35.4,36.0,90.1,DARK,10.0,1007.0,93.0,2.0,algumas nuvens,sem chuva,19,2,10,0,1
5903,Low,42.4,10.6,75.5,LIGHT,19.0,1017.0,72.0,3.0,céu claro,sem chuva,13,5,9,1,0
5904,None_Existent,35.9,4.0,89.0,DARK,9.0,1007.0,87.0,11.0,sem observação,chuva,0,5,2,1,0
5905,None_Existent,51.1,0.0,69.2,DARK,14.0,1022.0,54.0,5.0,céu claro,sem chuva,2,1,12,0,0
5906,Medium,36.2,21.5,83.8,DARK,15.0,1016.0,100.0,1.0,céu pouco nublado,sem chuva,4,6,7,1,0
5907,High,35.1,45.4,75.0,LIGHT,13.0,1031.0,87.0,4.0,tempo nublado,sem chuva,11,4,12,0,0
5908,None_Existent,36.4,4.9,102.4,LIGHT,15.0,1023.0,72.0,7.0,nuvens quebradas,sem chuva,11,6,3,1,0
5909,None_Existent,39.0,0.8,69.7,DARK,14.0,1018.0,87.0,4.0,nublado,sem chuva,2,1,5,0,0
5910,None_Existent,42.8,0.0,86.2,DARK,10.0,1019.0,87.0,0.0,céu claro,sem chuva,4,3,10,0,0
5911,None_Existent,40.4,2.0,66.9,DARK,17.0,1019.0,40.0,6.0,sem observação,sem chuva,23,1,5,0,0
5912,Medium,39.8,44.8,84.5,LIGHT,20.0,1022.0,72.0,1.0,nuvens dispersas,sem chuva,11,4,9,0,0
5913,Medium,38.2,37.6,88.9,LIGHT,21.0,1015.0,60.0,4.0,céu claro,sem chuva,15,6,8,1,0
5914,None_Existent,41.3,0.0,82.6,DARK,17.0,1019.0,93.0,1.0,sem observação,sem chuva,20,1,9,0,0
5915,None_Existent,39.6,2.8,70.3,DARK,21.0,1017.0,64.0,3.0,sem observação,sem chuva,21,2,9,0,0
5916,None_Existent,43.7,11.5,72.6,DARK,8.0,1019.0,93.0,4.0,nuvens quebrados,sem chuva,3,2,1,0,0
5917,High,39.6,43.6,87.8,LIGHT,11.0,1003.0,87.0,3.0,nuvens dispersas,sem chuva,10,2,10,0,0
5918,Very_High,44.5,82.0,87.0,LIGHT,15.0,1021.0,100.0,2.0,sem observação,sem chuva,9,3,9,0,1
5919,Low,47.9,8.6,76.3,DARK,15.0,1023.0,72.0,5.0,sem observação,sem chuva,22,1,9,0,0
5920,None_Existent,46.8,0.0,71.8,DARK,9.0,1006.0,81.0,4.0,sem observação,aguaceiros,4,3,4,0,0
5921,None_Existent,37.8,1.3,65.3,DARK,12.0,1013.0,87.0,4.0,sem observação,sem chuva,1,3,6,0,0
5922,High,36.9,63.2,90.7,LIGHT,22.0,1016.0,73.0,2.0,nuvens quebrados,sem chuva,15,0,8,0,0
5923,High,38.1,99.6,78.6,LIGHT,17.0,1017.0,93.0,2.0,nuvens quebradas,sem chuva,10,2,6,0,0
5924,High,42.2,22.3,74.0,LIGHT,16.0,1018.0,87.0,5.0,céu pouco nublado,sem chuva,18,0,4,0,1
5925,High,43.1,61.3,80.6,DARK,15.0,1016.0,72.0,5.0,céu claro,sem chuva,19,2,11,0,1
5926,Low,34.6,15.0,88.9,LIGHT,18.0,1018.0,77.0,2.0,céu claro,sem chuva,9,4,8,0,1
5927,None_Existent,41.9,0.0,81.8,LIGHT,9.0,1017.0,76.0,1.0,céu claro,sem chuva,8,4,10,0,1
5928,None_Existent,40.3,0.0,66.4,DARK,16.0,1018.0,93.0,1.0,nuvens quebradas,sem chuva,2,0,6,0,0
5929,Medium,42.7,23.2,76.9,LIGHT,25.0,1017.0,69.0,1.0,sem observação,sem chuva,19,2,8,0,1
5930,Low,44.2,3.0,82.6,DARK,17.0,1018.0,93.0,5.0,sem observação,sem chuva,23,2,8,0,0
5931,None_Existent,41.0,0.0,90.9,DARK,10.0,1025.0,62.0,5.0,céu claro,sem chuva,4,1,2,0,0
5932,None_Existent,40.8,1.9,86.0,DARK,13.0,1007.0,93.0,5.0,sem observação,chuva moderada,0,2,11,0,0
5933,Medium,42.4,21.1,77.7,LIGHT,19.0,1019.0,93.0,2.0,nuvens quebradas,sem chuva,12,0,9,0,0
5934,Medium,36.2,24.9,83.5,LIGHT,24.0,1019.0,36.0,5.0,sem observação,sem chuva,12,4,9,0,0
5935,High,39.7,30.6,63.1,LIGHT,22.0,1015.0,64.0,7.0,sem observação,sem chuva,18,0,5,0,1
5936,High,42.2,80.2,72.8,LIGHT,24.0,1018.0,36.0,7.0,sem observação,sem chuva,9,1,9,0,1
5937,Low,41.2,2.8,84.8,DARK,1.0,1030.0,86.0,3.0,céu claro,sem chuva,5,0,2,0,0
5938,Medium,41.5,8.4,66.1,LIGHT,12.0,1019.0,100.0,2.0,nuvens quebradas,sem chuva,6,3,5,0,0
5939,High,41.1,64.9,88.7,LIGHT,24.0,1026.0,57.0,3.0,céu claro,sem chuva,10,3,9,0,0
5940,Very_High,42.3,73.8,78.9,LIGHT,27.0,1019.0,32.0,5.0,sem observação,sem chuva,14,4,9,0,0
5941,Low,36.4,13.2,84.3,LIGHT,14.0,1025.0,87.0,6.0,nuvens dispersas,sem chuva,13,5,12,1,0
5942,Very_High,44.3,93.7,90.5,LIGHT,6.0,1030.0,57.0,5.0,céu claro,sem chuva,9,1,2,0,1
5943,None_Existent,39.9,0.0,90.1,DARK,16.0,1016.0,100.0,2.0,nuvens quebradas,sem chuva,3,2,7,0,0
5944,High,41.3,68.3,85.1,LIGHT,20.0,1018.0,94.0,3.0,céu pouco nublado,sem chuva,18,4,8,0,1
5945,Medium,35.4,103.9,75.2,LIGHT,16.0,1017.0,63.0,2.0,céu pouco nublado,sem chuva,19,2,6,0,1
5946,None_Existent,40.8,3.0,74.3,LIGHT,7.0,1015.0,93.0,7.0,sem observação,chuva fraca,9,5,1,1,1
5947,High,44.3,78.6,77.5,LIGHT,22.0,1022.0,60.0,5.0,sem observação,sem chuva,18,2,9,0,1
5948,None_Existent,51.3,0.0,78.3,DARK,7.0,1013.0,81.0,4.0,algumas nuvens,sem chuva,6,5,2,1,0
5949,None_Existent,44.2,0.0,82.1,DARK,19.0,1019.0,82.0,1.0,nuvens quebrados,sem chuva,2,0,7,0,0
5950,Low,39.6,18.0,88.3,LIGHT,20.0,1024.0,40.0,7.0,céu claro,sem chuva,11,1,10,0,0
5951,Medium,42.6,11.2,77.4,DARK,9.0,1020.0,93.0,1.0,céu claro,sem chuva,20,5,1,1,0
5952,High,38.7,36.3,73.1,LIGHT,20.0,1020.0,72.0,5.0,nuvens dispersas,sem chuva,15,3,5,0,0
5953,High,43.4,27.7,79.4,LIGHT,25.0,1019.0,34.0,5.0,sem observação,sem chuva,13,4,9,0,0
5954,Low,45.1,1.7,84.7,LOW_LIGHT,13.0,1011.0,76.0,9.0,sem observação,chuva fraca,7,3,11,0,1
5955,Low,41.3,9.4,86.3,DARK,13.0,1002.0,100.0,10.0,sem observação,chuva moderada,17,6,11,1,1
5956,None_Existent,48.5,0.0,82.7,DARK,11.0,1020.0,100.0,0.0,céu claro,sem chuva,5,5,8,1,0
5957,High,41.6,34.2,74.6,LIGHT,13.0,1012.0,82.0,6.0,algumas nuvens,sem chuva,11,3,11,0,0
5958,None_Existent,42.3,6.5,87.5,DARK,11.0,1023.0,100.0,4.0,nuvens quebrados,sem chuva,1,5,2,1,0
5959,Medium,33.5,29.8,76.4,LIGHT,16.0,1016.0,77.0,3.0,céu pouco nublado,sem chuva,12,4,6,0,0
5960,High,37.6,72.4,78.0,LIGHT,13.0,1021.0,76.0,7.0,sem observação,chuva moderada,17,6,1,1,1
5961,Medium,34.6,34.6,67.9,LIGHT,15.0,1015.0,76.0,8.0,céu pouco nublado,sem chuva,19,3,5,0,1
5962,High,33.3,44.8,87.7,LIGHT,31.0,1019.0,35.0,4.0,sem observação,sem chuva,16,1,9,0,0
5963,None_Existent,43.8,0.0,80.9,DARK,18.0,1016.0,60.0,4.0,céu claro,sem chuva,3,5,10,1,0
5964,Medium,47.9,12.7,78.9,DARK,18.0,1018.0,100.0,2.0,nuvens quebradas,sem chuva,1,5,8,1,0
5965,None_Existent,47.2,0.0,70.3,DARK,13.0,1022.0,100.0,0.0,sem observação,sem chuva,1,1,12,0,0
5966,None_Existent,46.1,0.8,87.9,DARK,8.0,1005.0,100.0,1.0,algumas nuvens,sem chuva,4,2,10,0,0
5967,Medium,36.9,46.4,93.1,LIGHT,15.0,1029.0,54.0,1.0,céu claro,sem chuva,17,1,2,0,1
5968,High,36.2,162.1,76.9,DARK,13.0,1032.0,82.0,2.0,algumas nuvens,sem chuva,17,5,12,1,1
5969,None_Existent,41.4,0.0,89.1,DARK,6.0,1028.0,66.0,5.0,céu claro,sem chuva,5,2,2,0,0
5970,None_Existent,44.0,0.0,85.5,DARK,16.0,1019.0,88.0,3.0,céu claro,sem chuva,2,1,9,0,0
5971,Medium,36.5,15.8,96.7,LIGHT,18.0,1024.0,42.0,4.0,céu claro,sem chuva,13,3,2,0,0
5972,Medium,35.4,26.6,78.5,LIGHT,13.0,1018.0,93.0,10.0,sem observação,chuva moderada,12,2,1,0,0
5973,None_Existent,41.2,0.0,90.0,LIGHT,14.0,1019.0,87.0,6.0,sem observação,sem chuva,8,6,6,1,1
5974,None_Existent,41.0,0.0,71.9,DARK,11.0,1023.0,100.0,1.0,sem observação,sem chuva,4,6,4,1,0
5975,None_Existent,45.8,0.0,83.1,DARK,14.0,1020.0,82.0,5.0,sem observação,sem chuva,4,1,9,0,0
5976,High,42.2,28.3,68.9,LIGHT,15.0,1012.0,93.0,9.0,sem observação,chuva fraca,13,3,5,0,0
5977,None_Existent,45.6,0.0,87.7,DARK,15.0,1017.0,100.0,2.0,céu claro,sem chuva,4,0,8,0,0
5978,Medium,47.0,3.4,84.0,DARK,8.0,1028.0,58.0,5.0,céu claro,sem chuva,7,0,2,0,1
5979,None_Existent,39.9,4.4,85.4,LIGHT,23.0,1015.0,49.0,3.0,algumas nuvens,sem chuva,13,4,7,0,0
5980,High,34.9,39.2,86.4,LIGHT,23.0,1016.0,88.0,3.0,nuvens quebradas,sem chuva,16,0,7,0,0
5981,None_Existent,40.8,0.0,75.8,DARK,17.0,1016.0,93.0,3.0,sem observação,sem chuva,1,5,6,1,0
5982,None_Existent,37.3,0.0,88.3,DARK,7.0,1022.0,81.0,4.0,céu claro,sem chuva,5,3,2,0,0
5983,None_Existent,42.6,0.0,83.4,DARK,20.0,1014.0,100.0,1.0,sem observação,sem chuva,2,3,7,0,0
5984,Very_High,43.5,73.5,87.9,LIGHT,16.0,1021.0,77.0,3.0,sem observação,sem chuva,7,0,9,0,1
5985,High,39.6,50.9,87.8,LIGHT,14.0,1012.0,87.0,2.0,algumas nuvens,sem chuva,9,3,10,0,1
5986,None_Existent,43.3,6.0,85.7,DARK,16.0,1016.0,100.0,2.0,sem observação,sem chuva,1,1,9,0,0
5987,None_Existent,42.0,0.0,73.5,DARK,13.0,1012.0,87.0,1.0,sem observação,sem chuva,3,5,5,1,0
5988,None_Existent,37.4,2.9,65.5,DARK,15.0,1012.0,100.0,3.0,nuvens quebradas,sem chuva,5,6,9,1,0
5989,None_Existent,39.9,0.0,83.9,DARK,12.0,1020.0,100.0,3.0,céu pouco nublado,sem chuva,2,6,9,1,0
5990,None_Existent,41.5,0.0,75.6,DARK,12.0,1015.0,71.0,0.0,céu limpo,sem chuva,0,6,3,1,0
5991,None_Existent,38.5,5.7,73.4,DARK,8.0,1020.0,100.0,3.0,céu limpo,sem chuva,3,4,4,0,0
5992,None_Existent,39.2,0.0,91.4,DARK,7.0,1024.0,93.0,1.0,sem observação,sem chuva,1,4,2,0,0
5993,High,37.9,30.4,79.4,LIGHT,15.0,1023.0,72.0,5.0,algumas nuvens,sem chuva,15,1,11,0,0
5994,Medium,39.1,22.1,86.4,LIGHT,22.0,1012.0,46.0,5.0,céu pouco nublado,sem chuva,13,6,4,1,0
5995,High,39.5,44.0,90.5,LIGHT,14.0,1021.0,62.0,2.0,nuvens quebradas,sem chuva,15,0,3,0,0
5996,Very_High,46.0,115.6,72.5,LIGHT,10.0,1005.0,87.0,0.0,algumas nuvens,sem chuva,9,0,11,0,1
5997,Very_High,42.8,45.5,70.0,LOW_LIGHT,6.0,1023.0,93.0,2.0,sem observação,chuva moderada,8,1,1,0,1
5998,High,38.9,129.5,83.3,LIGHT,21.0,1022.0,72.0,2.0,sem observação,sem chuva,11,1,8,0,0
5999,None_Existent,34.5,2.1,85.9,DARK,8.0,1024.0,70.0,3.0,algumas nuvens,sem chuva,21,5,2,1,0
6000,None_Existent,44.8,0.0,89.5,DARK,19.0,1015.0,100.0,1.0,sem observação,sem chuva,2,0,8,0,0
6001,Very_High,45.0,173.1,72.7,LIGHT,17.0,1017.0,88.0,3.0,sem observação,sem chuva,8,0,9,0,1
6002,High,35.3,111.3,76.0,LIGHT,14.0,1019.0,72.0,2.0,nuvens dispersas,sem chuva,10,4,6,0,0
6003,Medium,36.1,18.5,82.9,DARK,13.0,1024.0,93.0,4.0,nuvens quebrados,sem chuva,0,6,12,1,0
6004,Very_High,48.4,160.3,74.2,LIGHT,14.0,1016.0,93.0,4.0,nuvens quebradas,sem chuva,8,1,5,0,1
6005,None_Existent,37.5,2.9,65.1,LOW_LIGHT,19.0,1016.0,82.0,2.0,sem observação,sem chuva,20,2,6,0,0
6006,High,42.4,38.3,81.3,LIGHT,24.0,1015.0,73.0,4.0,sem observação,sem chuva,18,1,7,0,1
6007,None_Existent,43.3,4.1,83.4,LIGHT,18.0,1013.0,73.0,3.0,algumas nuvens,sem chuva,8,5,9,1,1
6008,Low,42.4,7.1,86.6,LIGHT,14.0,1017.0,87.0,3.0,céu claro,sem chuva,7,4,8,0,1
6009,High,33.6,49.0,76.1,LIGHT,23.0,1015.0,82.0,4.0,sem observação,sem chuva,15,2,5,0,0
6010,None_Existent,50.3,1.9,72.1,DARK,17.0,1020.0,100.0,2.0,sem observação,sem chuva,22,3,8,0,0
6011,None_Existent,39.4,0.0,88.1,LIGHT,18.0,1014.0,100.0,3.0,sem observação,sem chuva,6,5,7,1,0
6012,None_Existent,41.8,0.0,74.3,DARK,15.0,1011.0,93.0,4.0,nuvens quebradas,sem chuva,2,0,4,0,0
6013,None_Existent,42.6,0.0,86.5,LIGHT,16.0,1020.0,82.0,1.0,céu claro,sem chuva,8,5,8,1,1
6014,Medium,40.9,37.2,92.0,LIGHT,27.0,1020.0,48.0,5.0,céu claro,sem chuva,15,0,9,0,0
6015,Low,43.7,6.0,84.8,DARK,15.0,1013.0,87.0,3.0,céu claro,sem chuva,3,4,10,0,0
6016,Low,37.3,6.8,63.8,DARK,15.0,1021.0,68.0,2.0,sem observação,sem chuva,1,6,5,1,0
6017,Medium,40.4,24.2,87.4,LIGHT,27.0,1020.0,54.0,2.0,céu claro,sem chuva,13,1,9,0,0
6018,None_Existent,42.5,3.0,87.4,DARK,25.0,1016.0,29.0,4.0,céu claro,sem chuva,2,0,8,0,0
6019,None_Existent,39.6,0.0,79.4,DARK,14.0,1020.0,82.0,3.0,nublado,sem chuva,22,0,5,0,0
6020,None_Existent,41.5,0.0,75.5,LOW_LIGHT,9.0,1006.0,71.0,3.0,sem observação,aguaceiros fracos,6,3,4,0,0
6021,Low,37.0,14.4,91.2,LIGHT,29.0,1015.0,62.0,1.0,céu claro,sem chuva,16,6,8,1,0
6022,Low,34.9,7.4,74.6,LOW_LIGHT,18.0,1017.0,82.0,3.0,sem observação,sem chuva,20,4,6,0,0
6023,None_Existent,36.6,3.9,77.0,DARK,14.0,1019.0,87.0,4.0,sem observação,sem chuva,1,1,5,0,0
6024,None_Existent,41.9,0.0,76.0,DARK,8.0,1024.0,93.0,4.0,nuvens dispersas,sem chuva,5,5,12,1,0
6025,High,38.7,56.7,84.6,LIGHT,28.0,1016.0,36.0,5.0,sem observação,sem chuva,16,6,9,1,0
6026,Medium,37.9,12.8,79.5,LIGHT,20.0,1023.0,78.0,2.0,céu claro,sem chuva,12,5,9,1,0
6027,Very_High,41.8,115.1,78.7,LIGHT,26.0,1015.0,45.0,3.0,sem observação,sem chuva,10,2,7,0,0
6028,None_Existent,37.7,4.1,90.0,LOW_LIGHT,11.0,1022.0,93.0,4.0,nuvens quebrados,sem chuva,8,5,2,1,1
6029,None_Existent,42.8,0.0,82.1,DARK,17.0,1017.0,93.0,2.0,sem observação,sem chuva,4,0,7,0,0
6030,Very_High,45.6,60.1,75.8,LIGHT,15.0,1022.0,100.0,2.0,sem observação,sem chuva,9,0,9,0,1
6031,Medium,37.5,36.2,82.2,DARK,12.0,1024.0,93.0,4.0,nuvens quebrados,sem chuva,21,5,12,1,0
6032,None_Existent,48.0,0.0,90.3,DARK,16.0,1012.0,100.0,0.0,sem observação,sem chuva,3,1,10,0,0
6033,Medium,35.3,16.2,75.1,DARK,17.0,1021.0,77.0,3.0,sem observação,sem chuva,21,5,5,1,0
6034,Very_High,42.0,85.8,74.4,LIGHT,13.0,1007.0,93.0,5.0,nuvens dispersas,sem chuva,17,2,4,0,1
6035,None_Existent,37.4,4.6,53.9,LIGHT,18.0,1016.0,77.0,3.0,céu pouco nublado,sem chuva,11,6,9,1,0
6036,High,46.8,34.1,80.7,DARK,17.0,1023.0,62.0,1.0,céu claro,sem chuva,20,1,2,0,0
6037,Low,43.1,2.8,82.1,DARK,12.0,1014.0,93.0,1.0,sem observação,sem chuva,6,4,10,0,0
6038,None_Existent,42.3,0.0,74.6,DARK,13.0,1024.0,100.0,5.0,nuvens quebrados,sem chuva,4,6,12,1,0
6039,High,35.1,100.0,80.6,LIGHT,23.0,1022.0,68.0,4.0,sem observação,sem chuva,16,5,5,1,0
6040,High,34.4,69.8,74.1,LIGHT,16.0,1014.0,82.0,5.0,nuvens dispersas,sem chuva,16,2,5,0,0
6041,Medium,43.4,14.2,86.2,LIGHT,13.0,1004.0,100.0,11.0,sem observação,chuva fraca,16,6,11,1,0
6042,Medium,37.3,34.2,92.7,LIGHT,19.0,1013.0,88.0,1.0,sem observação,sem chuva,11,1,9,0,0
6043,None_Existent,39.3,1.0,71.3,DARK,12.0,1024.0,93.0,0.0,nuvens dispersas,sem chuva,21,1,12,0,0
6044,None_Existent,45.5,0.0,87.6,DARK,14.0,1017.0,100.0,2.0,sem observação,sem chuva,3,0,9,0,0
6045,Low,41.7,3.5,87.8,LIGHT,21.0,1014.0,61.0,3.0,céu claro,sem chuva,6,4,8,0,0
6046,None_Existent,41.5,0.0,88.4,DARK,5.0,1023.0,100.0,4.0,sem observação,sem chuva,6,4,2,0,0
6047,Medium,34.5,38.9,86.8,LIGHT,21.0,1012.0,77.0,2.0,nuvens quebrados,sem chuva,17,0,9,0,1
6048,Medium,42.2,32.2,86.6,LIGHT,16.0,1008.0,100.0,2.0,sem observação,chuva fraca,17,5,9,1,1
6049,Medium,45.3,24.3,92.3,LIGHT,18.0,1022.0,77.0,2.0,nuvens dispersas,sem chuva,10,6,8,1,0
6050,High,40.9,44.8,77.9,LIGHT,20.0,1017.0,77.0,2.0,céu pouco nublado,sem chuva,18,2,6,0,1
6051,High,37.7,43.4,89.8,LIGHT,10.0,1001.0,87.0,2.0,algumas nuvens,sem chuva,11,1,10,0,0
6052,Low,35.0,7.6,71.4,DARK,13.0,1025.0,100.0,5.0,sem observação,sem chuva,0,6,4,1,0
6053,None_Existent,43.3,0.0,70.9,DARK,14.0,1019.0,87.0,4.0,nuvens dispersas,sem chuva,0,1,6,0,0
6054,None_Existent,42.4,5.2,86.6,DARK,17.0,1015.0,77.0,7.0,algumas nuvens,sem chuva,4,4,10,0,0
6055,High,33.2,36.7,85.8,LIGHT,23.0,1018.0,77.0,7.0,nuvens dispersas,sem chuva,15,5,8,1,0
6056,None_Existent,47.8,0.0,74.7,DARK,18.0,1015.0,82.0,6.0,sem observação,sem chuva,1,0,9,0,0
6057,None_Existent,34.8,2.0,65.9,DARK,16.0,1019.0,100.0,2.0,nuvens quebradas,sem chuva,23,6,6,1,0
6058,Low,46.5,2.5,72.0,DARK,8.0,1000.0,93.0,4.0,sem observação,chuva moderada,1,2,4,0,0
6059,None_Existent,44.6,9.1,74.2,DARK,20.0,1019.0,82.0,3.0,sem observação,sem chuva,23,1,9,0,0
6060,Very_High,46.8,136.4,81.1,LIGHT,15.0,1014.0,77.0,4.0,céu claro,sem chuva,8,4,10,0,1
6061,Medium,44.6,17.3,79.7,DARK,17.0,1022.0,82.0,4.0,sem observação,sem chuva,21,0,8,0,0
6062,None_Existent,38.1,1.2,76.8,DARK,11.0,1020.0,87.0,0.0,céu limpo,sem chuva,23,4,4,0,0
6063,None_Existent,38.3,2.6,80.3,DARK,10.0,997.0,87.0,5.0,sem observação,chuva moderada,2,4,2,0,0
6064,Low,36.6,19.7,97.3,LIGHT,21.0,1026.0,37.0,4.0,céu claro,sem chuva,14,4,2,0,0
6065,High,43.0,15.3,85.0,LIGHT,18.0,1016.0,93.0,3.0,nuvens quebrados,sem chuva,8,3,7,0,1
6066,None_Existent,37.0,0.6,67.1,DARK,13.0,1015.0,93.0,2.0,céu limpo,sem chuva,0,4,4,0,0
6067,High,39.0,168.4,92.9,DARK,11.0,1012.0,50.0,6.0,algumas nuvens,sem chuva,18,6,10,1,1
6068,High,42.6,82.3,77.8,LIGHT,29.0,1016.0,48.0,3.0,sem observação,sem chuva,15,0,9,0,0
6069,Low,43.6,9.4,76.9,DARK,19.0,1017.0,88.0,1.0,sem observação,sem chuva,4,2,8,0,0
6070,Low,33.2,4.8,64.5,DARK,13.0,1020.0,87.0,2.0,sem observação,sem chuva,0,6,6,1,0
6071,Medium,38.5,21.6,87.9,DARK,14.0,1020.0,71.0,4.0,céu claro,sem chuva,21,5,10,1,0
6072,None_Existent,49.3,0.0,85.6,DARK,17.0,1020.0,77.0,0.0,céu claro,sem chuva,1,0,10,0,0
6073,Low,41.4,14.8,88.9,DARK,17.0,1020.0,93.0,2.0,sem observação,sem chuva,0,4,8,0,0
6074,Medium,34.9,35.2,79.2,LIGHT,13.0,1000.0,71.0,4.0,sem observação,aguaceiros,16,1,4,0,0
6075,High,41.8,115.1,77.1,DARK,11.0,1032.0,93.0,0.0,céu claro,sem chuva,19,5,12,1,1
6076,Very_High,41.9,79.6,86.2,LIGHT,29.0,1019.0,39.0,6.0,sem observação,sem chuva,17,4,9,0,1
6077,High,36.2,52.1,86.6,LIGHT,25.0,1019.0,60.0,3.0,sem observação,sem chuva,10,2,9,0,0
6078,None_Existent,39.3,0.0,71.3,DARK,15.0,1013.0,77.0,4.0,céu claro,sem chuva,22,4,11,0,0
6079,Medium,44.7,18.7,77.9,LIGHT,13.0,1017.0,93.0,8.0,sem observação,chuva moderada,14,2,1,0,0
6080,Medium,36.9,15.8,86.7,LIGHT,19.0,1022.0,60.0,2.0,céu claro,sem chuva,9,4,8,0,1
6081,Medium,42.0,19.6,92.4,LIGHT,23.0,1018.0,93.0,2.0,nuvens dispersas,sem chuva,13,0,9,0,0
6082,None_Existent,40.7,2.0,85.2,DARK,10.0,1010.0,93.0,2.0,algumas nuvens,sem chuva,22,6,11,1,0
6083,Medium,44.0,23.3,85.5,LIGHT,22.0,1020.0,53.0,3.0,céu claro,sem chuva,15,0,10,0,0
6084,High,39.8,55.6,91.1,LIGHT,19.0,1017.0,82.0,6.0,céu claro,sem chuva,19,0,8,0,1
6085,Very_High,44.2,71.6,70.4,LIGHT,28.0,1019.0,53.0,2.0,sem observação,sem chuva,18,4,5,0,1
6086,None_Existent,41.4,1.9,74.3,DARK,15.0,1017.0,87.0,4.0,nuvens quebradas,sem chuva,20,6,5,1,0
6087,Medium,34.7,40.1,88.9,LIGHT,18.0,1017.0,93.0,2.0,sem observação,sem chuva,9,1,8,0,1
6088,Medium,32.2,30.1,81.7,LIGHT,16.0,1019.0,100.0,0.0,sem observação,sem chuva,10,0,4,0,0
6089,Medium,36.3,41.5,83.3,LIGHT,21.0,1019.0,40.0,5.0,sem observação,sem chuva,10,4,9,0,0
6090,None_Existent,37.5,3.7,85.7,LIGHT,14.0,1021.0,100.0,1.0,sem observação,sem chuva,8,2,8,0,1
6091,Medium,35.4,33.4,82.9,LIGHT,15.0,1012.0,72.0,5.0,sem observação,aguaceiros fracos,12,3,4,0,0
6092,Medium,40.2,21.9,88.5,LIGHT,30.0,1016.0,52.0,2.0,céu claro,sem chuva,17,5,8,1,1
6093,None_Existent,34.6,7.6,87.0,DARK,17.0,1016.0,100.0,5.0,sem observação,sem chuva,1,5,7,1,0
6094,Low,35.9,8.6,98.6,LIGHT,21.0,1016.0,83.0,2.0,nuvens quebradas,sem chuva,10,6,7,1,0
6095,Low,40.0,11.9,78.0,DARK,18.0,1019.0,100.0,3.0,céu pouco nublado,sem chuva,21,4,8,0,0
6096,None_Existent,44.5,0.0,88.7,DARK,17.0,1015.0,100.0,3.0,nuvens quebrados,sem chuva,5,4,7,0,0
6097,High,38.6,99.3,74.1,LIGHT,16.0,1017.0,72.0,3.0,céu pouco nublado,sem chuva,19,4,6,0,1
6098,None_Existent,47.1,2.5,80.3,DARK,15.0,1017.0,100.0,1.0,sem observação,sem chuva,4,3,9,0,0
6099,High,42.2,81.0,88.9,DARK,12.0,1029.0,87.0,3.0,céu pouco nublado,sem chuva,19,3,2,0,1
6100,None_Existent,39.1,5.8,70.4,DARK,11.0,1015.0,81.0,2.0,sem observação,sem chuva,23,6,5,1,0
6101,Medium,38.4,49.0,88.9,LIGHT,22.0,1018.0,56.0,2.0,céu claro,sem chuva,11,6,10,1,0
6102,None_Existent,48.9,5.1,74.2,DARK,16.0,1017.0,100.0,10.0,sem observação,sem chuva,0,6,9,1,0
6103,High,36.1,36.6,90.7,LIGHT,9.0,1023.0,93.0,5.0,nuvens quebrados,sem chuva,10,4,2,0,0
6104,Very_High,47.5,64.2,69.2,LIGHT,6.0,1021.0,87.0,1.0,céu claro,sem chuva,8,1,12,0,1
6105,None_Existent,42.4,0.0,88.7,DARK,14.0,1019.0,100.0,0.0,sem observação,sem chuva,5,3,9,0,0
6106,Very_High,44.8,44.9,81.4,LIGHT,21.0,1016.0,68.0,3.0,algumas nuvens,sem chuva,18,4,7,0,1
6107,Medium,42.4,23.5,86.6,LIGHT,22.0,1018.0,60.0,4.0,céu claro,sem chuva,18,4,8,0,1
6108,Medium,33.0,29.8,91.1,LIGHT,22.0,1015.0,93.0,2.0,sem observação,sem chuva,11,4,7,0,0
6109,None_Existent,45.1,0.0,85.3,DARK,13.0,1019.0,42.0,0.0,céu claro,sem chuva,2,3,10,0,0
6110,High,40.1,54.0,74.9,LIGHT,16.0,1012.0,100.0,7.0,sem observação,chuva fraca,15,3,5,0,0
6111,Low,46.1,10.3,77.1,DARK,14.0,1020.0,100.0,3.0,nuvens dispersas,sem chuva,2,1,9,0,0
6112,Low,42.9,17.2,80.4,LIGHT,27.0,1018.0,48.0,2.0,céu pouco nublado,sem chuva,13,6,9,1,0
6113,High,36.3,121.5,84.6,LIGHT,16.0,1016.0,51.0,4.0,sem observação,sem chuva,10,2,6,0,0
6114,High,40.3,23.8,83.7,LIGHT,17.0,1015.0,100.0,7.0,sem observação,sem chuva,9,4,7,0,1
6115,Low,34.5,6.3,86.8,DARK,23.0,1012.0,56.0,3.0,céu claro,sem chuva,20,4,9,0,0
6116,Low,41.7,8.1,89.3,DARK,17.0,1018.0,88.0,2.0,céu claro,sem chuva,22,4,8,0,0
6117,Medium,40.4,38.4,89.8,LIGHT,13.0,1008.0,62.0,2.0,nuvens quebrados,sem chuva,15,0,10,0,0
6118,Medium,45.3,19.0,84.6,DARK,19.0,1017.0,88.0,1.0,nuvens quebrados,sem chuva,21,0,8,0,0
6119,Medium,46.9,24.0,85.1,LIGHT,22.0,1019.0,82.0,3.0,sem observação,sem chuva,11,5,8,1,0
6120,Very_High,42.0,106.2,70.7,LIGHT,18.0,1012.0,93.0,4.0,nuvens quebradas,sem chuva,8,2,7,0,1
6121,Very_High,46.3,188.4,73.6,DARK,15.0,1000.0,87.0,0.0,sem observação,chuva fraca,17,6,11,1,1
6122,Low,40.4,13.4,83.8,DARK,18.0,1021.0,93.0,3.0,algumas nuvens,sem chuva,20,2,9,0,0
6123,None_Existent,41.2,1.9,87.3,DARK,10.0,1023.0,50.0,5.0,céu claro,sem chuva,1,4,2,0,0
6124,Low,40.8,12.9,78.4,DARK,17.0,1019.0,88.0,2.0,algumas nuvens,sem chuva,19,6,10,1,1
6125,High,36.5,57.8,74.9,LIGHT,23.0,1016.0,64.0,3.0,céu pouco nublado,sem chuva,15,1,6,0,0
6126,Low,44.0,8.8,80.9,DARK,17.0,1017.0,59.0,2.0,céu claro,sem chuva,18,6,10,1,1
6127,Medium,32.9,21.4,97.2,LIGHT,22.0,1015.0,94.0,5.0,nuvens dispersas,sem chuva,13,5,7,1,0
6128,Medium,34.2,56.9,92.5,LIGHT,19.0,1020.0,77.0,6.0,céu claro,sem chuva,17,2,8,0,1
6129,Medium,38.2,23.3,88.4,LIGHT,22.0,1016.0,31.0,5.0,céu claro,sem chuva,13,0,10,0,0
6130,None_Existent,41.9,0.0,73.2,DARK,7.0,1028.0,93.0,1.0,sem observação,sem chuva,5,5,4,1,0
6131,High,42.0,45.7,77.8,LIGHT,17.0,1016.0,100.0,2.0,sem observação,sem chuva,9,1,7,0,1
6132,Very_High,44.1,113.9,83.9,LIGHT,10.0,1025.0,71.0,3.0,céu claro,sem chuva,8,1,2,0,1
6133,Low,31.8,16.8,94.6,LIGHT,14.0,1021.0,71.0,7.0,tempo nublado,sem chuva,15,5,2,1,0
6134,High,44.5,56.1,88.9,LIGHT,22.0,1021.0,43.0,4.0,céu claro,sem chuva,10,0,10,0,0
6135,None_Existent,41.4,0.0,88.6,DARK,11.0,1020.0,76.0,2.0,sem observação,chuva fraca,5,0,3,0,0
6136,High,40.2,70.4,80.4,LIGHT,9.0,1028.0,100.0,3.0,sem observação,sem chuva,9,4,3,0,1
6137,None_Existent,36.9,11.2,92.4,DARK,17.0,1016.0,100.0,1.0,céu pouco nublado,sem chuva,1,6,7,1,0
6138,None_Existent,42.1,0.0,75.0,DARK,11.0,1018.0,71.0,9.0,nuvens quebrados,sem chuva,1,3,11,0,0
6139,High,39.3,46.0,91.0,DARK,12.0,1025.0,87.0,1.0,nuvens dispersas,sem chuva,18,3,2,0,1
6140,Medium,31.4,29.6,84.0,LIGHT,13.0,1003.0,100.0,6.0,sem observação,chuva fraca,12,3,1,0,0
6141,Low,34.7,6.6,74.2,DARK,10.0,1003.0,81.0,4.0,céu pouco nublado,sem chuva,21,2,4,0,0
6142,None_Existent,39.1,0.0,86.2,LIGHT,0.0,1029.0,87.0,1.0,nuvens quebrados,sem chuva,9,6,2,1,1
6143,High,37.2,88.6,96.4,LIGHT,25.0,1014.0,78.0,2.0,céu pouco nublado,sem chuva,16,2,7,0,0
6144,Low,42.8,3.9,90.2,DARK,13.0,1019.0,100.0,1.0,sem observação,sem chuva,6,0,10,0,0
6145,Low,37.4,14.3,93.8,LIGHT,15.0,1019.0,93.0,1.0,céu claro,sem chuva,9,3,8,0,1
6146,High,34.7,240.3,94.0,LOW_LIGHT,18.0,1029.0,52.0,0.0,céu claro,sem chuva,18,5,2,1,1
6147,None_Existent,44.0,0.0,81.4,DARK,13.0,1016.0,100.0,0.0,algumas nuvens,sem chuva,1,5,10,1,0
6148,None_Existent,37.8,1.7,87.8,DARK,20.0,1017.0,77.0,4.0,céu claro,sem chuva,23,4,10,0,0
6149,Low,46.9,1.3,71.8,DARK,10.0,1010.0,87.0,7.0,sem observação,chuva moderada,5,3,11,0,0
6150,Medium,40.0,38.5,83.5,LIGHT,31.0,1019.0,34.0,2.0,sem observação,sem chuva,15,1,9,0,0
6151,None_Existent,45.4,0.0,79.3,DARK,16.0,1017.0,100.0,1.0,sem observação,chuva fraca,5,0,9,0,0
6152,None_Existent,46.4,0.0,79.9,DARK,17.0,1014.0,72.0,0.0,céu claro,sem chuva,5,5,9,1,0
6153,None_Existent,35.7,3.5,85.2,DARK,20.0,1016.0,93.0,2.0,sem observação,sem chuva,0,2,7,0,0
6154,None_Existent,40.0,0.0,87.9,DARK,15.0,1019.0,100.0,0.0,céu claro,sem chuva,4,2,9,0,0
6155,Low,49.6,5.4,72.5,DARK,9.0,1020.0,93.0,2.0,algumas nuvens,sem chuva,6,6,1,1,0
6156,None_Existent,40.4,0.0,66.1,LIGHT,16.0,1017.0,93.0,1.0,céu pouco nublado,sem chuva,8,6,6,1,1
6157,Medium,38.0,35.5,79.2,LIGHT,15.0,1020.0,71.0,7.0,nuvens dispersas,sem chuva,16,2,11,0,0
6158,Low,48.2,3.6,77.6,DARK,18.0,1023.0,72.0,2.0,sem observação,sem chuva,0,4,9,0,0
6159,None_Existent,43.0,0.0,70.2,DARK,12.0,1016.0,76.0,6.0,nuvens quebradas,sem chuva,23,3,5,0,0
6160,None_Existent,43.3,0.0,70.4,LIGHT,15.0,1017.0,100.0,1.0,sem observação,sem chuva,7,6,6,1,1
6161,Medium,40.0,37.8,88.8,LIGHT,20.0,1018.0,64.0,3.0,céu claro,sem chuva,10,4,8,0,0
6162,Medium,38.0,25.2,79.1,LIGHT,20.0,1013.0,64.0,2.0,céu claro,sem chuva,15,4,11,0,0
6163,Low,43.8,15.9,91.1,DARK,19.0,1015.0,82.0,2.0,céu claro,sem chuva,21,1,8,0,0
6164,Medium,34.4,13.3,72.1,DARK,20.0,1018.0,72.0,0.0,sem observação,sem chuva,22,5,6,1,0
6165,Very_High,42.6,88.3,78.9,LIGHT,15.0,1025.0,51.0,4.0,céu claro,sem chuva,10,1,2,0,0
6166,Low,41.9,2.7,87.0,DARK,15.0,1020.0,82.0,2.0,céu claro,sem chuva,3,0,10,0,0
6167,None_Existent,37.8,0.0,90.7,DARK,18.0,1017.0,93.0,1.0,sem observação,sem chuva,0,4,7,0,0
6168,None_Existent,35.0,8.6,86.1,DARK,15.0,1014.0,87.0,6.0,nuvens quebrados,sem chuva,20,2,10,0,0
6169,Low,37.1,10.0,68.5,DARK,10.0,1016.0,87.0,1.0,sem observação,aguaceiros fracos,5,5,5,1,0
6170,High,37.7,64.8,89.4,LIGHT,23.0,1013.0,64.0,4.0,céu claro,sem chuva,12,5,10,1,0
6171,High,38.6,38.9,92.8,LIGHT,16.0,1015.0,100.0,2.0,nublado,sem chuva,8,2,7,0,1
6172,None_Existent,42.7,1.4,83.5,DARK,15.0,1022.0,87.0,2.0,céu claro,sem chuva,23,3,8,0,0
6173,None_Existent,47.1,0.0,85.4,DARK,17.0,1016.0,93.0,0.0,nuvens quebrados,sem chuva,2,4,7,0,0
6174,Low,51.2,1.2,78.4,DARK,7.0,1013.0,75.0,3.0,algumas nuvens,sem chuva,5,5,2,1,0
6175,None_Existent,36.8,6.8,92.1,DARK,17.0,1013.0,100.0,8.0,sem observação,sem chuva,4,4,7,0,0
6176,Low,47.4,1.3,79.8,DARK,7.0,1016.0,100.0,1.0,nuvens quebrados,sem chuva,5,2,1,0,0
6177,Low,44.7,4.7,82.6,DARK,18.0,1018.0,82.0,2.0,céu claro,sem chuva,21,4,8,0,0
6178,Medium,39.6,34.1,89.6,LIGHT,20.0,1021.0,64.0,5.0,algumas nuvens,sem chuva,14,2,8,0,0
6179,None_Existent,43.7,2.4,77.8,DARK,18.0,1019.0,88.0,1.0,sem observação,sem chuva,6,6,9,1,0
6180,None_Existent,43.0,5.0,86.6,LOW_LIGHT,16.0,1017.0,100.0,1.0,sem observação,sem chuva,6,4,7,0,0
6181,Medium,47.1,12.7,75.6,DARK,6.0,1021.0,93.0,0.0,céu claro,sem chuva,7,1,12,0,1
6182,None_Existent,38.3,2.6,75.0,DARK,10.0,1010.0,93.0,3.0,sem observação,chuva,0,3,11,0,0
6183,Low,36.1,5.1,68.4,DARK,17.0,1019.0,87.0,7.0,sem observação,sem chuva,21,6,5,1,0
6184,None_Existent,47.4,0.0,73.4,DARK,12.0,1018.0,100.0,5.0,sem observação,chuva fraca,5,3,1,0,0
6185,High,35.2,53.5,81.6,LIGHT,15.0,1016.0,67.0,5.0,nuvens dispersas,sem chuva,15,5,5,1,0
6186,Low,35.9,4.3,61.5,LOW_LIGHT,21.0,1017.0,82.0,2.0,sem observação,sem chuva,20,0,7,0,0
6187,None_Existent,38.4,1.4,83.7,DARK,20.0,1021.0,72.0,4.0,céu claro,sem chuva,20,0,9,0,0
6188,None_Existent,43.3,1.4,88.9,LIGHT,16.0,1018.0,100.0,1.0,sem observação,sem chuva,9,6,8,1,1
6189,None_Existent,40.0,1.0,88.3,LIGHT,14.0,1017.0,100.0,1.0,sem observação,sem chuva,8,5,9,1,1
6190,Low,38.3,19.0,81.5,DARK,20.0,1020.0,77.0,1.0,nuvens quebradas,sem chuva,19,6,9,1,1
6191,None_Existent,37.2,3.0,94.5,DARK,10.0,1028.0,76.0,0.0,céu claro,sem chuva,1,6,2,1,0
6192,Low,37.0,9.4,91.7,LIGHT,33.0,1016.0,49.0,3.0,céu claro,sem chuva,16,5,8,1,0
6193,Medium,36.7,53.6,79.8,LIGHT,10.0,1019.0,93.0,3.0,nuvens quebrados,sem chuva,12,2,1,0,0
6194,None_Existent,37.9,0.0,66.2,DARK,15.0,1017.0,100.0,1.0,sem observação,sem chuva,5,6,6,1,0
6195,High,42.5,37.0,87.4,LIGHT,23.0,1015.0,50.0,6.0,céu claro,sem chuva,18,4,8,0,1
6196,None_Existent,42.1,0.0,87.0,LIGHT,18.0,1016.0,93.0,5.0,tempo nublado,sem chuva,6,1,8,0,0
6197,Medium,32.4,22.7,72.8,LIGHT,10.0,1026.0,71.0,4.0,céu claro,sem chuva,12,0,1,0,0
6198,None_Existent,41.5,0.0,76.3,DARK,13.0,1007.0,93.0,4.0,céu limpo,sem chuva,1,0,4,0,0
6199,High,32.2,48.4,74.7,LIGHT,15.0,1017.0,77.0,6.0,nuvens dispersas,sem chuva,16,3,1,0,0
6200,High,40.5,67.3,87.8,LIGHT,25.0,1018.0,33.0,3.0,céu claro,sem chuva,14,3,10,0,0
6201,Low,37.6,5.2,88.8,DARK,18.0,1014.0,93.0,1.0,sem observação,sem chuva,1,2,7,0,0
6202,None_Existent,45.9,1.1,82.7,DARK,14.0,1017.0,93.0,0.0,céu claro,sem chuva,2,2,8,0,0
6203,Medium,35.1,47.0,82.7,LIGHT,18.0,1022.0,77.0,3.0,nuvens dispersas,sem chuva,12,5,6,1,0
6204,High,40.7,60.3,78.4,LIGHT,10.0,1022.0,93.0,2.0,céu limpo,sem chuva,8,3,4,0,1
6205,Low,35.7,8.0,65.6,DARK,16.0,1016.0,100.0,1.0,sem observação,sem chuva,2,6,6,1,0
6206,Medium,39.1,17.8,70.5,DARK,16.0,1015.0,87.0,5.0,sem observação,sem chuva,20,1,4,0,0
6207,High,42.0,43.1,74.0,LIGHT,13.0,1006.0,87.0,5.0,sem observação,chuva moderada,16,2,4,0,0
6208,None_Existent,40.0,0.0,67.2,DARK,14.0,1015.0,100.0,1.0,sem observação,sem chuva,3,1,6,0,0
6209,Medium,42.5,13.5,69.9,DARK,20.0,1017.0,88.0,2.0,sem observação,sem chuva,21,2,8,0,0
6210,None_Existent,39.2,2.9,92.1,DARK,12.0,1028.0,81.0,3.0,céu claro,sem chuva,1,5,2,1,0
6211,High,44.4,26.7,86.5,LIGHT,17.0,1015.0,93.0,2.0,sem observação,sem chuva,8,3,9,0,1
6212,Medium,41.7,17.2,83.1,DARK,12.0,1008.0,100.0,3.0,sem observação,sem chuva,20,5,1,1,0
6213,None_Existent,42.5,0.0,87.4,DARK,16.0,1018.0,100.0,4.0,sem observação,sem chuva,4,5,9,1,0
6214,Low,37.8,8.4,85.1,DARK,20.0,1014.0,77.0,1.0,céu claro,sem chuva,22,1,8,0,0
6215,None_Existent,54.5,0.0,73.5,DARK,15.0,1019.0,100.0,1.0,sem observação,sem chuva,2,4,8,0,0
6216,Medium,37.5,19.3,82.2,LIGHT,19.0,1013.0,88.0,1.0,céu pouco nublado,sem chuva,19,6,6,1,1
6217,Low,49.8,6.4,69.9,DARK,20.0,1016.0,82.0,2.0,sem observação,sem chuva,0,4,8,0,0
6218,None_Existent,44.7,2.0,84.1,DARK,17.0,1024.0,55.0,3.0,sem observação,sem chuva,5,3,9,0,0
6219,None_Existent,36.2,1.4,63.3,DARK,12.0,1020.0,93.0,1.0,céu limpo,sem chuva,21,4,4,0,0
6220,None_Existent,45.3,1.3,84.6,DARK,18.0,1017.0,100.0,4.0,tempo nublado,sem chuva,1,1,8,0,0
6221,Very_High,41.7,72.0,74.7,LIGHT,13.0,1007.0,87.0,6.0,nuvens quebradas,sem chuva,18,2,4,0,1
6222,Medium,33.2,19.4,76.9,DARK,18.0,1021.0,68.0,4.0,sem observação,sem chuva,20,5,5,1,0
6223,None_Existent,39.3,2.8,77.9,DARK,16.0,1016.0,100.0,1.0,sem observação,sem chuva,23,0,6,0,0
6224,None_Existent,42.1,0.0,75.5,DARK,7.0,1025.0,93.0,1.0,céu claro,sem chuva,23,0,1,0,0
6225,Low,37.4,7.5,75.6,LIGHT,20.0,1015.0,82.0,3.0,céu pouco nublado,sem chuva,12,0,6,0,0
6226,High,40.9,48.7,90.9,LOW_LIGHT,14.0,1025.0,82.0,1.0,céu claro,sem chuva,18,3,2,0,1
6227,None_Existent,42.8,2.2,70.4,LOW_LIGHT,19.0,1018.0,88.0,3.0,sem observação,sem chuva,20,6,6,1,0
6228,Medium,41.4,34.2,93.2,LOW_LIGHT,14.0,1022.0,62.0,3.0,céu claro,sem chuva,18,2,2,0,1
6229,None_Existent,37.8,0.0,86.6,DARK,13.0,1020.0,93.0,3.0,sem observação,aguaceiros fracos,23,6,3,1,0
6230,Medium,41.1,34.7,82.2,LIGHT,19.0,1021.0,77.0,6.0,céu pouco nublado,sem chuva,11,0,9,0,0
6231,Medium,44.4,26.4,83.8,LIGHT,22.0,1018.0,77.0,5.0,sem observação,sem chuva,18,5,8,1,1
6232,High,41.3,45.1,88.4,LIGHT,15.0,1020.0,100.0,1.0,céu claro,sem chuva,8,2,9,0,1
6233,None_Existent,45.7,1.0,86.1,DARK,15.0,1020.0,100.0,0.0,sem observação,sem chuva,0,0,10,0,0
6234,Very_High,43.2,84.9,73.4,LIGHT,11.0,1012.0,87.0,6.0,sem observação,chuva moderada,10,3,11,0,0
6235,Very_High,47.4,114.8,66.4,LIGHT,12.0,1017.0,76.0,3.0,sem observação,chuva fraca,8,4,6,0,1
6236,High,41.4,22.0,76.6,LIGHT,14.0,1006.0,67.0,4.0,nuvens quebradas,sem chuva,8,2,4,0,1
6237,Medium,38.5,28.6,85.5,LIGHT,20.0,1020.0,88.0,1.0,céu pouco nublado,sem chuva,11,3,8,0,0
6238,None_Existent,41.4,0.0,89.1,DARK,12.0,1024.0,81.0,2.0,céu claro,sem chuva,3,2,2,0,0
6239,Medium,39.0,32.4,90.1,LIGHT,21.0,1015.0,88.0,2.0,nuvens quebrados,sem chuva,14,2,7,0,0
6240,None_Existent,41.9,0.0,74.2,DARK,14.0,1019.0,93.0,2.0,sem observação,chuva fraca,0,0,4,0,0
6241,Medium,41.3,29.1,78.2,LIGHT,24.0,1014.0,73.0,2.0,sem observação,sem chuva,11,0,8,0,0
6242,Low,38.9,6.1,63.7,DARK,17.0,1017.0,88.0,6.0,sem observação,sem chuva,21,5,6,1,0
6243,Medium,45.5,6.7,72.5,LIGHT,16.0,1016.0,100.0,2.0,sem observação,sem chuva,6,1,7,0,0
6244,High,41.9,54.2,87.0,LIGHT,25.0,1012.0,44.0,5.0,algumas nuvens,sem chuva,17,4,9,0,1
6245,None_Existent,40.1,0.0,66.9,DARK,15.0,1013.0,100.0,6.0,sem observação,chuva fraca,23,3,5,0,0
6246,Medium,35.0,28.4,85.9,LIGHT,19.0,1022.0,52.0,3.0,sem observação,sem chuva,9,5,5,1,1
6247,None_Existent,44.9,0.0,82.0,DARK,5.0,1023.0,100.0,0.0,sem observação,sem chuva,4,1,11,0,0
6248,High,37.3,38.7,88.8,LIGHT,12.0,1017.0,71.0,7.0,nuvens dispersas,sem chuva,17,1,1,0,1
6249,None_Existent,41.6,0.0,87.0,DARK,6.0,1021.0,93.0,1.0,céu claro,sem chuva,1,1,2,0,0
6250,Low,45.1,1.2,82.5,DARK,12.0,1011.0,81.0,3.0,sem observação,chuva,0,1,11,0,0
6251,Medium,42.4,32.5,86.6,LIGHT,28.0,1016.0,42.0,5.0,céu claro,sem chuva,16,5,8,1,0
6252,None_Existent,44.0,0.6,69.3,DARK,10.0,1012.0,93.0,4.0,sem observação,chuva moderada,23,3,11,0,0
6253,Medium,41.6,25.2,88.4,LIGHT,27.0,1018.0,47.0,4.0,sem observação,sem chuva,13,2,8,0,0
6254,Low,45.4,9.8,83.3,DARK,23.0,1020.0,36.0,3.0,nuvens dispersas,sem chuva,1,5,9,1,0
6255,Medium,36.5,79.1,86.3,LIGHT,21.0,1015.0,93.0,3.0,nublado,sem chuva,11,2,7,0,0
6256,None_Existent,40.8,2.8,82.4,DARK,18.0,1014.0,68.0,4.0,céu claro,sem chuva,20,5,8,1,0
6257,Low,38.2,11.6,87.2,LIGHT,28.0,1013.0,69.0,3.0,sem observação,sem chuva,19,3,7,0,1
6258,Medium,45.1,8.6,72.4,DARK,14.0,1005.0,93.0,13.0,sem observação,chuva fraca,20,1,11,0,0
6259,None_Existent,44.7,3.0,85.2,DARK,20.0,1018.0,93.0,2.0,nuvens quebrados,sem chuva,2,1,7,0,0
6260,None_Existent,48.1,3.7,76.4,DARK,7.0,1022.0,93.0,0.0,céu claro,sem chuva,23,0,11,0,0
6261,Low,41.0,8.5,80.8,DARK,17.0,1021.0,88.0,3.0,nuvens dispersas,sem chuva,20,1,9,0,0
6262,Medium,40.4,27.5,87.4,LIGHT,16.0,1017.0,100.0,2.0,sem observação,sem chuva,11,0,9,0,0
6263,Low,34.9,14.2,91.7,LIGHT,20.0,1016.0,68.0,2.0,céu claro,sem chuva,11,6,8,1,0
6264,None_Existent,46.2,2.1,73.8,DARK,21.0,1024.0,63.0,1.0,sem observação,sem chuva,22,3,9,0,0
6265,Medium,33.0,26.8,86.9,LIGHT,16.0,1018.0,87.0,8.0,nuvens dispersas,sem chuva,19,0,4,0,1
6266,None_Existent,44.9,0.9,67.9,DARK,10.0,1020.0,93.0,1.0,tempo nublado,sem chuva,3,6,1,1,0
6267,None_Existent,47.6,1.2,86.9,DARK,17.0,1020.0,93.0,1.0,nuvens quebrados,sem chuva,3,4,9,0,0
6268,None_Existent,46.6,1.4,70.5,DARK,18.0,1018.0,93.0,1.0,sem observação,sem chuva,1,0,9,0,0
6269,Very_High,43.2,116.6,81.1,LIGHT,9.0,1020.0,76.0,2.0,sem observação,sem chuva,8,3,10,0,1
6270,High,45.8,37.6,74.3,DARK,23.0,1014.0,64.0,2.0,sem observação,sem chuva,21,2,7,0,0
6271,Low,51.6,2.2,79.1,DARK,5.0,1010.0,86.0,2.0,céu claro,sem chuva,5,6,10,1,0
6272,None_Existent,38.9,1.3,84.8,DARK,20.0,1018.0,88.0,1.0,sem observação,sem chuva,22,6,7,1,0
6273,None_Existent,38.3,0.8,64.3,LIGHT,7.0,1015.0,100.0,1.0,sem observação,sem chuva,6,6,5,1,0
6274,High,37.6,127.3,90.4,LIGHT,21.0,1021.0,77.0,3.0,céu claro,sem chuva,18,2,9,0,1
6275,Low,37.7,13.6,86.0,LIGHT,34.0,1016.0,23.0,4.0,céu claro,sem chuva,13,0,8,0,0
6276,Low,36.5,23.8,82.9,DARK,17.0,1020.0,77.0,3.0,sem observação,sem chuva,1,6,5,1,0
6277,Medium,36.7,34.5,73.6,LIGHT,12.0,1004.0,76.0,1.0,céu claro,sem chuva,16,0,11,0,0
6278,Medium,41.3,16.8,79.7,LIGHT,14.0,1017.0,100.0,1.0,sem observação,sem chuva,7,0,8,0,1
6279,None_Existent,36.9,0.0,68.2,DARK,5.0,1024.0,100.0,1.0,céu claro,sem chuva,2,0,1,0,0
6280,Low,45.3,1.4,81.0,LOW_LIGHT,11.0,1021.0,76.0,1.0,sem observação,chuva fraca,7,0,3,0,1
6281,None_Existent,39.4,4.4,89.1,LIGHT,18.0,1016.0,82.0,2.0,nuvens dispersas,sem chuva,7,5,7,1,1
6282,High,38.2,40.3,67.3,LIGHT,10.0,1023.0,93.0,1.0,nuvens quebrados,sem chuva,10,1,1,0,0
6283,Low,33.6,11.7,74.6,LIGHT,17.0,1013.0,93.0,2.0,sem observação,sem chuva,12,6,6,1,0
6284,None_Existent,45.1,0.0,85.3,DARK,14.0,1012.0,93.0,2.0,nuvens quebrados,sem chuva,0,3,10,0,0
6285,Low,46.2,4.9,66.5,DARK,19.0,1017.0,82.0,1.0,sem observação,sem chuva,21,0,7,0,0
6286,None_Existent,50.4,1.9,72.8,DARK,18.0,1012.0,88.0,3.0,sem observação,chuva fraca,0,0,8,0,0
6287,High,31.6,66.6,82.7,LIGHT,15.0,1023.0,87.0,6.0,nuvens quebrados,sem chuva,16,6,12,1,0
6288,Low,46.8,3.5,79.2,DARK,17.0,1017.0,100.0,5.0,sem observação,sem chuva,1,4,7,0,0
6289,None_Existent,42.0,0.0,82.5,DARK,18.0,1005.0,77.0,7.0,nuvens quebrados,sem chuva,22,2,10,0,0
6290,High,38.9,38.5,72.2,LIGHT,16.0,1015.0,68.0,5.0,nuvens dispersas,sem chuva,10,3,11,0,0
6291,Medium,40.4,24.6,93.3,LIGHT,23.0,1015.0,69.0,4.0,céu claro,sem chuva,11,5,9,1,0
6292,Medium,43.2,25.4,86.7,LIGHT,20.0,1019.0,93.0,2.0,nuvens quebradas,sem chuva,10,5,8,1,0
6293,High,42.3,48.0,82.7,LIGHT,19.0,1020.0,88.0,2.0,algumas nuvens,sem chuva,17,3,9,0,1
6294,None_Existent,41.4,4.4,85.1,DARK,19.0,1012.0,72.0,2.0,céu claro,sem chuva,0,5,9,1,0
6295,None_Existent,37.9,2.6,83.6,DARK,7.0,1017.0,93.0,0.0,algumas nuvens,sem chuva,3,2,1,0,0
6296,Low,32.8,10.8,84.8,LIGHT,12.0,1014.0,87.0,3.0,sem observação,chuva fraca,9,4,4,0,1
6297,None_Existent,38.1,1.4,63.1,DARK,12.0,1022.0,100.0,2.0,nuvens quebradas,sem chuva,5,5,5,1,0
6298,None_Existent,39.1,3.4,94.9,DARK,18.0,1015.0,100.0,11.0,céu pouco nublado,sem chuva,0,1,7,0,0
6299,None_Existent,54.2,1.6,72.8,DARK,13.0,1007.0,100.0,4.0,sem observação,chuva leve,23,2,1,0,0
6300,None_Existent,38.1,6.1,89.9,DARK,19.0,1012.0,82.0,0.0,céu claro,sem chuva,22,6,9,1,0
6301,Low,37.8,3.9,64.5,DARK,14.0,1020.0,67.0,3.0,sem observação,sem chuva,4,5,5,1,0
6302,High,42.0,54.0,74.1,LIGHT,17.0,1012.0,63.0,2.0,céu limpo,sem chuva,17,1,4,0,1
6303,Medium,39.5,24.5,93.8,LIGHT,20.0,1016.0,88.0,5.0,sem observação,sem chuva,12,6,8,1,0
6304,Low,41.7,0.7,80.6,DARK,11.0,1018.0,93.0,0.0,algumas nuvens,sem chuva,23,3,11,0,0
6305,High,38.0,37.6,76.0,LIGHT,15.0,1021.0,71.0,5.0,céu pouco nublado,sem chuva,16,3,4,0,0
6306,None_Existent,41.6,0.0,87.8,DARK,3.0,1026.0,100.0,2.0,algumas nuvens,sem chuva,6,2,2,0,0
6307,High,46.1,48.3,76.5,DARK,12.0,1013.0,81.0,3.0,nuvens dispersas,sem chuva,18,3,11,0,1
6308,Medium,32.2,31.2,82.2,LIGHT,14.0,1032.0,72.0,3.0,algumas nuvens,sem chuva,14,5,12,1,0
6309,Low,42.8,0.7,84.4,DARK,13.0,1025.0,100.0,1.0,sem observação,sem chuva,4,5,11,1,0
6310,Medium,39.6,22.9,71.0,LIGHT,12.0,1021.0,100.0,1.0,sem observação,sem chuva,16,1,12,0,0
6311,None_Existent,44.7,0.0,85.7,DARK,18.0,1023.0,100.0,2.0,sem observação,sem chuva,2,4,9,0,0
6312,None_Existent,41.3,1.2,86.0,DARK,16.0,1018.0,100.0,3.0,nuvens dispersas,sem chuva,3,3,8,0,0
6313,Very_High,47.4,43.4,75.3,LIGHT,17.0,1016.0,100.0,2.0,sem observação,sem chuva,7,1,7,0,1
6314,None_Existent,50.6,0.0,72.6,DARK,19.0,1024.0,64.0,3.0,sem observação,sem chuva,0,3,9,0,0
6315,Medium,36.8,44.7,90.4,LIGHT,20.0,1022.0,77.0,3.0,céu pouco nublado,sem chuva,11,6,8,1,0
6316,High,39.7,54.7,88.9,LIGHT,22.0,1019.0,88.0,2.0,nuvens quebradas,sem chuva,14,2,8,0,0
6317,Medium,35.9,37.1,88.5,LIGHT,28.0,1018.0,39.0,4.0,sem observação,sem chuva,16,5,9,1,0
6318,Medium,44.3,19.5,82.3,LOW_LIGHT,18.0,1014.0,100.0,5.0,nuvens quebradas,sem chuva,6,4,8,0,0
6319,Low,33.2,12.2,89.4,LIGHT,15.0,1031.0,87.0,2.0,céu claro,sem chuva,14,6,12,1,0
6320,High,45.5,45.0,84.0,LIGHT,21.0,1013.0,60.0,3.0,algumas nuvens,sem chuva,17,3,9,0,1
6321,Very_High,39.8,54.7,67.8,LIGHT,10.0,1026.0,93.0,3.0,nuvens dispersas,sem chuva,9,2,12,0,1
6322,High,47.8,13.7,85.9,DARK,18.0,1016.0,100.0,1.0,sem observação,sem chuva,21,0,7,0,0
6323,Low,34.5,14.5,86.8,LIGHT,27.0,1017.0,30.0,5.0,céu claro,sem chuva,9,0,8,0,1
6324,Medium,37.0,35.9,85.4,LIGHT,21.0,1018.0,68.0,4.0,sem observação,sem chuva,12,0,8,0,0
6325,None_Existent,43.4,1.2,82.2,DARK,18.0,1018.0,68.0,0.0,céu claro,sem chuva,23,1,9,0,0
6326,Low,43.4,22.7,82.2,DARK,14.0,1012.0,100.0,2.0,nuvens dispersas,sem chuva,1,3,10,0,0
6327,Medium,33.0,23.7,102.1,LIGHT,14.0,1030.0,47.0,4.0,céu claro,sem chuva,12,1,2,0,0
6328,Medium,41.6,19.4,83.6,LIGHT,11.0,996.0,66.0,7.0,nuvens quebrados,sem chuva,15,4,2,0,0
6329,Medium,33.2,22.9,76.5,LIGHT,19.0,1015.0,63.0,3.0,sem observação,sem chuva,15,0,5,0,0
6330,High,37.1,53.0,89.6,LIGHT,26.0,1022.0,57.0,2.0,céu claro,sem chuva,16,2,9,0,0
6331,Low,44.0,16.4,76.7,LIGHT,20.0,1017.0,100.0,1.0,sem observação,sem chuva,12,2,9,0,0
6332,Low,34.6,9.8,75.8,LIGHT,20.0,1015.0,88.0,4.0,nuvens dispersas,sem chuva,19,0,6,0,1
6333,Medium,40.7,23.7,77.9,LIGHT,18.0,1018.0,88.0,2.0,sem observação,sem chuva,13,4,9,0,0
6334,Medium,35.8,41.9,92.8,LIGHT,20.0,1015.0,82.0,3.0,nuvens quebrados,sem chuva,15,2,9,0,0
6335,Low,38.8,9.1,87.9,LIGHT,20.0,1018.0,64.0,2.0,sem observação,sem chuva,8,5,6,1,1
6336,High,36.2,94.7,87.8,LIGHT,16.0,1021.0,88.0,1.0,céu pouco nublado,sem chuva,10,3,9,0,0
6337,None_Existent,36.3,1.5,63.0,DARK,11.0,1016.0,76.0,2.0,nuvens dispersas,sem chuva,1,3,6,0,0
6338,Low,42.3,2.4,84.3,LOW_LIGHT,9.0,1019.0,93.0,4.0,nuvens dispersas,sem chuva,7,4,11,0,1
6339,None_Existent,36.7,2.3,77.9,DARK,6.0,1022.0,93.0,0.0,céu claro,sem chuva,22,3,1,0,0
6340,Medium,38.2,29.1,89.6,DARK,15.0,1014.0,82.0,1.0,algumas nuvens,sem chuva,18,6,10,1,1
6341,Low,52.1,1.4,69.4,DARK,7.0,1021.0,76.0,1.0,céu claro,sem chuva,6,1,12,0,0
6342,Medium,46.0,9.2,82.1,DARK,15.0,1020.0,100.0,2.0,sem observação,sem chuva,22,5,9,1,0
6343,Medium,41.6,25.6,73.6,LIGHT,12.0,1011.0,76.0,7.0,nuvens dispersas,sem chuva,16,3,11,0,0
6344,None_Existent,42.9,0.0,69.9,DARK,15.0,1013.0,100.0,5.0,nublado,sem chuva,4,4,5,0,0
6345,High,41.5,104.4,71.7,LIGHT,9.0,997.0,87.0,3.0,nuvens quebradas,sem chuva,9,1,4,0,1
6346,Medium,34.6,39.8,88.9,LIGHT,11.0,1004.0,93.0,4.0,sem observação,chuva fraca,12,2,10,0,0
6347,Medium,45.0,12.6,80.6,LIGHT,16.0,1013.0,93.0,3.0,sem observação,chuva moderada,7,2,9,0,1
6348,Medium,43.0,5.8,87.8,LIGHT,15.0,1016.0,100.0,2.0,nuvens quebradas,sem chuva,6,4,7,0,0
6349,Medium,34.4,18.0,92.4,LIGHT,11.0,1021.0,57.0,5.0,algumas nuvens,sem chuva,15,5,2,1,0
6350,None_Existent,42.1,0.0,75.1,DARK,2.0,1022.0,93.0,0.0,céu claro,sem chuva,4,4,1,0,0
6351,None_Existent,40.3,2.6,60.8,DARK,18.0,1020.0,100.0,4.0,céu pouco nublado,sem chuva,22,6,6,1,0
6352,Very_High,47.9,90.2,65.4,LIGHT,16.0,1021.0,48.0,2.0,sem observação,sem chuva,7,2,5,0,1
6353,None_Existent,36.2,4.5,92.0,DARK,19.0,1016.0,88.0,1.0,sem observação,sem chuva,21,3,7,0,0
6354,None_Existent,37.4,6.3,88.4,DARK,9.0,1031.0,100.0,1.0,céu claro,sem chuva,0,3,2,0,0
6355,None_Existent,35.2,2.8,84.6,LIGHT,15.0,1011.0,100.0,5.0,sem observação,chuva leve,9,5,11,1,1
6356,Medium,41.7,8.7,74.8,LIGHT,17.0,1014.0,100.0,7.0,sem observação,sem chuva,6,1,7,0,0
6357,None_Existent,48.9,0.0,84.4,DARK,17.0,1016.0,52.0,4.0,céu claro,sem chuva,4,5,10,1,0
6358,Medium,41.1,24.3,75.6,LIGHT,10.0,1016.0,87.0,3.0,algumas nuvens,sem chuva,10,0,11,0,0
6359,Medium,44.9,18.5,86.6,DARK,17.0,1019.0,93.0,3.0,céu claro,sem chuva,21,5,8,1,0
6360,Low,34.6,17.6,93.1,DARK,19.0,1013.0,88.0,0.0,algumas nuvens,sem chuva,20,1,9,0,0
6361,Low,43.4,3.8,80.8,LIGHT,13.0,1013.0,93.0,1.0,sem observação,sem chuva,8,0,8,0,1
6362,High,48.1,20.3,68.9,DARK,13.0,1023.0,76.0,3.0,algumas nuvens,sem chuva,19,1,11,0,1
6363,Low,47.1,3.8,85.1,DARK,19.0,1018.0,82.0,1.0,sem observação,sem chuva,2,6,9,1,0
6364,Medium,37.3,26.7,85.3,LIGHT,28.0,1017.0,20.0,4.0,sem observação,sem chuva,16,5,9,1,0
6365,Medium,38.3,22.2,76.3,LIGHT,15.0,1008.0,87.0,12.0,sem observação,chuva fraca,13,3,6,0,0
6366,Low,37.6,8.2,91.2,DARK,6.0,1030.0,93.0,0.0,sem observação,sem chuva,22,0,2,0,0
6367,High,38.7,81.5,85.5,LIGHT,26.0,1017.0,44.0,4.0,sem observação,sem chuva,16,4,9,0,0
6368,Medium,32.5,37.8,92.8,LIGHT,20.0,1022.0,42.0,3.0,céu claro,sem chuva,15,3,2,0,0
6369,Low,39.4,2.8,88.2,DARK,8.0,1029.0,57.0,2.0,céu claro,sem chuva,0,2,2,0,0
6370,Low,40.0,18.8,89.3,LIGHT,23.0,1017.0,53.0,4.0,céu claro,sem chuva,13,5,10,1,0
6371,Low,44.8,7.1,79.8,DARK,15.0,1021.0,93.0,2.0,sem observação,sem chuva,23,1,8,0,0
6372,High,37.1,44.6,90.1,LIGHT,28.0,1018.0,32.0,2.0,céu claro,sem chuva,17,1,9,0,1
6373,None_Existent,44.7,0.0,80.6,DARK,6.0,1010.0,81.0,6.0,céu claro,sem chuva,4,6,10,1,0
6374,High,38.3,90.7,77.4,LIGHT,16.0,1030.0,87.0,2.0,céu claro,sem chuva,16,6,12,1,0
6375,Low,35.2,12.5,88.5,LIGHT,12.0,1012.0,87.0,4.0,nuvens dispersas,sem chuva,12,6,11,1,0
6376,High,42.7,53.5,83.8,DARK,12.0,1010.0,81.0,2.0,nuvens dispersas,sem chuva,19,0,11,0,1
6377,Low,35.8,11.1,71.8,LIGHT,20.0,1015.0,72.0,3.0,sem observação,aguaceiros,19,1,6,0,1
6378,High,41.9,85.6,86.6,LIGHT,18.0,1019.0,82.0,3.0,céu claro,sem chuva,16,6,9,1,0
6379,Low,37.0,9.5,85.5,LIGHT,9.0,1032.0,87.0,0.0,algumas nuvens,sem chuva,10,6,12,1,0
6380,Medium,37.4,21.8,92.8,LIGHT,19.0,1017.0,72.0,4.0,céu claro,sem chuva,19,5,7,1,1
6381,None_Existent,39.2,0.0,91.9,DARK,8.0,1025.0,100.0,1.0,nuvens quebrados,sem chuva,22,3,2,0,0
6382,High,34.5,47.2,94.9,LIGHT,14.0,1027.0,87.0,2.0,sem observação,sem chuva,16,4,3,0,0
6383,Very_High,47.2,64.9,81.5,LIGHT,8.0,1023.0,100.0,4.0,nuvens quebrados,sem chuva,9,4,2,0,1
6384,Low,37.4,8.1,90.3,LIGHT,32.0,1017.0,55.0,3.0,céu claro,sem chuva,13,5,8,1,0
6385,None_Existent,47.1,0.0,71.7,DARK,9.0,1021.0,58.0,5.0,céu claro,sem chuva,3,1,12,0,0
6386,High,33.5,49.3,76.9,LIGHT,22.0,1018.0,77.0,3.0,sem observação,sem chuva,16,4,6,0,0
6387,Low,37.9,12.8,79.1,DARK,22.0,1016.0,43.0,3.0,sem observação,sem chuva,20,5,9,1,0
6388,Low,34.5,4.7,64.3,DARK,17.0,1017.0,82.0,0.0,sem observação,sem chuva,4,5,6,1,0
6389,None_Existent,40.7,1.7,73.2,LOW_LIGHT,8.0,995.0,93.0,2.0,sem observação,aguaceiros fracos,6,1,4,0,0
6390,High,43.0,32.0,86.3,DARK,17.0,1016.0,88.0,6.0,nuvens quebrados,sem chuva,21,1,8,0,0
6391,Low,46.9,7.0,78.1,DARK,13.0,1026.0,100.0,0.0,nuvens quebrados,sem chuva,0,5,11,1,0
6392,High,35.9,65.1,80.2,LIGHT,21.0,1018.0,72.0,4.0,céu pouco nublado,sem chuva,15,2,5,0,0
6393,Medium,44.5,6.6,70.6,LIGHT,10.0,1013.0,82.0,4.0,nuvens quebradas,sem chuva,6,3,6,0,0
6394,High,42.1,69.8,88.4,LIGHT,16.0,1018.0,93.0,3.0,sem observação,sem chuva,17,6,9,1,1
6395,Medium,41.0,7.3,85.0,DARK,6.0,1023.0,100.0,3.0,céu claro,sem chuva,5,5,2,1,0
6396,Very_High,47.6,188.5,81.5,LIGHT,11.0,993.0,71.0,6.0,sem observação,chuva moderada,9,4,2,0,1
6397,None_Existent,41.4,0.0,86.9,DARK,1.0,1028.0,93.0,2.0,céu claro,sem chuva,6,6,2,1,0
6398,None_Existent,42.7,0.0,87.0,DARK,16.0,1018.0,93.0,2.0,nuvens quebrados,sem chuva,2,3,8,0,0
6399,Low,44.8,9.7,75.1,DARK,19.0,1016.0,46.0,1.0,céu claro,sem chuva,1,6,8,1,0
6400,Medium,40.2,20.6,69.8,LIGHT,19.0,1011.0,88.0,9.0,sem observação,chuva fraca,13,1,6,0,0
6401,Low,41.0,3.2,61.4,LIGHT,13.0,1017.0,93.0,5.0,sem observação,sem chuva,6,0,5,0,0
6402,Very_High,46.5,95.8,65.0,LIGHT,14.0,1011.0,100.0,3.0,nuvens quebradas,sem chuva,7,2,5,0,1
6403,Low,39.4,11.0,90.7,LIGHT,15.0,1021.0,100.0,2.0,céu pouco nublado,sem chuva,8,6,8,1,1
6404,Medium,38.5,21.4,76.4,LIGHT,14.0,1023.0,76.0,6.0,algumas nuvens,sem chuva,16,1,11,0,0
6405,Low,38.1,12.7,95.1,LIGHT,22.0,1019.0,78.0,2.0,sem observação,sem chuva,11,6,7,1,0
6406,None_Existent,37.8,1.4,76.1,DARK,15.0,1008.0,72.0,3.0,céu limpo,sem chuva,22,6,4,1,0
6407,Medium,39.4,38.6,75.1,LIGHT,15.0,1020.0,72.0,2.0,céu claro,sem chuva,16,4,1,0,0
6408,None_Existent,41.1,0.0,75.8,DARK,10.0,1022.0,76.0,4.0,céu claro,sem chuva,23,1,11,0,0
6409,High,41.5,81.7,82.3,LIGHT,22.0,1014.0,82.0,1.0,céu pouco nublado,sem chuva,16,6,8,1,0
6410,None_Existent,38.4,1.8,72.0,DARK,14.0,1016.0,100.0,1.0,nuvens quebradas,sem chuva,4,3,6,0,0
6411,None_Existent,43.1,0.0,71.5,DARK,10.0,1020.0,93.0,5.0,sem observação,sem chuva,4,0,6,0,0
6412,None_Existent,38.2,0.0,74.2,DARK,13.0,1016.0,77.0,4.0,céu claro,sem chuva,23,3,11,0,0
6413,None_Existent,42.3,0.0,75.8,DARK,13.0,1009.0,93.0,3.0,sem observação,chuva leve,1,6,11,1,0
6414,Very_High,47.3,89.8,87.2,DARK,12.0,1022.0,100.0,4.0,sem observação,chuva,19,4,2,0,1
6415,None_Existent,43.7,1.9,83.8,DARK,7.0,1029.0,76.0,3.0,céu claro,sem chuva,23,1,2,0,0
6416,Very_High,45.1,65.9,86.6,LOW_LIGHT,15.0,1013.0,93.0,2.0,algumas nuvens,sem chuva,17,4,10,0,1
6417,None_Existent,39.8,4.6,80.6,DARK,13.0,1018.0,93.0,6.0,nuvens quebrados,sem chuva,23,2,1,0,0
6418,High,33.5,74.7,76.7,LIGHT,19.0,1018.0,63.0,7.0,sem observação,sem chuva,14,1,6,0,0
6419,None_Existent,43.5,4.0,88.3,LIGHT,14.0,1013.0,93.0,7.0,sem observação,chuva moderada,9,6,10,1,1
6420,Medium,33.6,17.2,77.7,LIGHT,22.0,1017.0,68.0,6.0,céu pouco nublado,sem chuva,13,0,5,0,0
6421,None_Existent,39.6,1.0,65.5,DARK,15.0,1018.0,100.0,2.0,nublado,sem chuva,2,4,6,0,0
6422,None_Existent,42.0,1.0,83.5,DARK,21.0,1014.0,73.0,2.0,céu claro,sem chuva,5,4,8,0,0
6423,None_Existent,39.8,8.9,78.6,DARK,14.0,1019.0,100.0,3.0,sem observação,chuvisco fraco,23,5,4,1,0
6424,None_Existent,39.6,3.4,87.2,DARK,18.0,1014.0,93.0,1.0,céu pouco nublado,sem chuva,22,6,7,1,0
6425,None_Existent,43.6,0.0,81.0,DARK,19.0,1013.0,78.0,1.0,céu claro,sem chuva,22,2,8,0,0
6426,None_Existent,41.5,0.0,88.5,DARK,12.0,1020.0,93.0,3.0,sem observação,chuva fraca,1,0,3,0,0
6427,Low,38.1,9.1,86.9,LIGHT,15.0,1030.0,48.0,4.0,céu claro,sem chuva,13,1,2,0,0
6428,Low,33.3,12.2,71.1,LIGHT,22.0,1018.0,41.0,4.0,sem observação,sem chuva,12,1,5,0,0
6429,Low,40.8,1.0,85.3,DARK,16.0,1020.0,88.0,7.0,nuvens quebradas,sem chuva,0,1,9,0,0
6430,None_Existent,34.5,5.2,93.0,DARK,10.0,1031.0,100.0,0.0,céu claro,sem chuva,23,2,2,0,0
6431,Low,38.3,5.3,64.2,DARK,17.0,1015.0,59.0,3.0,sem observação,sem chuva,23,1,5,0,0
6432,Low,35.2,5.0,72.9,DARK,18.0,1003.0,59.0,4.0,céu claro,sem chuva,0,6,11,1,0
6433,Very_High,39.6,56.6,87.8,DARK,20.0,1022.0,82.0,4.0,céu claro,sem chuva,19,5,9,1,1
6434,Medium,35.6,31.8,75.3,LIGHT,18.0,1021.0,72.0,4.0,sem observação,sem chuva,18,6,6,1,1
6435,High,34.0,66.0,91.4,LIGHT,21.0,1021.0,82.0,5.0,céu pouco nublado,sem chuva,17,5,8,1,1
6436,Medium,34.5,38.1,68.2,LIGHT,21.0,1022.0,73.0,3.0,céu pouco nublado,sem chuva,15,6,8,1,0
6437,Medium,38.8,35.3,83.1,LOW_LIGHT,19.0,1016.0,88.0,3.0,algumas nuvens,sem chuva,18,5,9,1,1
6438,None_Existent,38.4,6.4,83.2,DARK,16.0,1025.0,63.0,1.0,céu claro,sem chuva,23,1,10,0,0
6439,Medium,38.2,53.9,74.3,LIGHT,21.0,1016.0,82.0,4.0,céu pouco nublado,sem chuva,18,1,6,0,1
6440,High,41.2,113.5,85.1,LIGHT,20.0,1022.0,64.0,3.0,sem observação,sem chuva,11,2,8,0,0
6441,Very_High,44.0,66.6,83.7,LIGHT,22.0,1018.0,82.0,2.0,sem observação,sem chuva,18,4,8,0,1
6442,None_Existent,39.3,2.5,71.7,DARK,8.0,1029.0,76.0,1.0,sem observação,sem chuva,3,0,12,0,0
6443,None_Existent,44.3,3.6,81.3,DARK,17.0,1018.0,82.0,5.0,céu claro,sem chuva,21,1,7,0,0
6444,Medium,37.1,19.0,72.1,LIGHT,15.0,1024.0,87.0,5.0,nuvens quebrados,sem chuva,15,5,12,1,0
6445,Medium,46.1,11.5,79.4,LIGHT,21.0,1012.0,68.0,5.0,céu claro,sem chuva,13,3,10,0,0
6446,High,41.5,34.5,75.4,LIGHT,12.0,1026.0,71.0,2.0,nuvens dispersas,sem chuva,9,4,4,0,1
6447,None_Existent,44.3,0.0,70.5,DARK,18.0,1017.0,93.0,1.0,sem observação,sem chuva,22,0,9,0,0
6448,None_Existent,43.0,0.0,81.8,DARK,15.0,1018.0,93.0,3.0,céu claro,sem chuva,4,3,8,0,0
6449,None_Existent,51.2,0.0,68.0,DARK,14.0,1018.0,87.0,5.0,nublado,sem chuva,3,1,5,0,0
6450,Low,44.8,8.6,77.5,DARK,15.0,1019.0,100.0,1.0,sem observação,sem chuva,6,4,8,0,0
6451,None_Existent,39.2,0.0,92.3,DARK,7.0,1030.0,93.0,0.0,céu claro,sem chuva,21,0,2,0,0
6452,Low,39.8,2.8,81.5,DARK,18.0,1016.0,73.0,1.0,céu claro,sem chuva,0,5,8,1,0
6453,High,32.1,219.6,97.5,LIGHT,13.0,1024.0,71.0,5.0,algumas nuvens,sem chuva,17,6,2,1,1
6454,None_Existent,45.3,0.0,83.6,DARK,16.0,1018.0,100.0,7.0,sem observação,chuva moderada,5,1,9,0,0
6455,None_Existent,40.1,0.0,68.1,DARK,16.0,1016.0,100.0,2.0,nuvens quebradas,sem chuva,3,5,6,1,0
6456,Very_High,44.5,101.6,85.0,LIGHT,17.0,1014.0,77.0,3.0,algumas nuvens,sem chuva,14,4,10,0,0
6457,None_Existent,41.8,1.2,91.8,DARK,20.0,1016.0,94.0,1.0,sem observação,sem chuva,1,0,8,0,0
6458,Medium,34.2,49.6,79.5,LIGHT,23.0,1020.0,64.0,4.0,sem observação,sem chuva,14,6,4,1,0
6459,Medium,40.4,29.4,85.3,LIGHT,28.0,1017.0,25.0,3.0,sem observação,sem chuva,15,5,9,1,0
6460,None_Existent,41.9,0.0,75.3,DARK,13.0,1019.0,100.0,2.0,sem observação,chuva fraca,1,0,4,0,0
6461,Very_High,48.2,83.8,60.7,LIGHT,11.0,1016.0,76.0,4.0,nuvens dispersas,sem chuva,7,4,5,0,1
6462,Very_High,44.5,82.4,85.0,LIGHT,24.0,1012.0,44.0,6.0,algumas nuvens,sem chuva,18,4,9,0,1
6463,None_Existent,48.2,1.1,70.1,DARK,15.0,1018.0,100.0,3.0,sem observação,sem chuva,0,3,9,0,0
6464,Medium,36.1,29.9,81.8,LIGHT,22.0,1020.0,68.0,5.0,sem observação,sem chuva,15,5,9,1,0
6465,None_Existent,44.9,1.3,84.6,DARK,14.0,1017.0,100.0,0.0,algumas nuvens,sem chuva,1,0,9,0,0
6466,Medium,39.8,5.8,60.5,LIGHT,9.0,1017.0,81.0,1.0,sem observação,sem chuva,6,2,6,0,0
6467,None_Existent,41.5,0.0,76.1,DARK,14.0,1019.0,87.0,3.0,nublado,sem chuva,23,6,5,1,0
6468,Low,45.1,3.2,86.6,DARK,17.0,1022.0,29.0,6.0,céu claro,sem chuva,2,1,10,0,0
6469,None_Existent,39.4,0.0,88.8,DARK,19.0,1015.0,100.0,1.0,sem observação,sem chuva,2,2,7,0,0
6470,High,38.4,33.5,85.7,LIGHT,15.0,1027.0,58.0,7.0,nuvens dispersas,sem chuva,10,2,2,0,0
6471,Low,32.7,16.3,66.2,DARK,15.0,1029.0,82.0,1.0,nuvens quebrados,sem chuva,0,3,12,0,0
6472,High,44.1,71.7,85.4,DARK,18.0,1023.0,59.0,4.0,céu claro,sem chuva,18,2,10,0,1
6473,Very_High,38.5,81.0,85.1,LIGHT,23.0,1013.0,82.0,2.0,sem observação,sem chuva,18,1,7,0,1
6474,None_Existent,42.6,0.0,88.4,LIGHT,16.0,1023.0,88.0,1.0,sem observação,sem chuva,9,6,9,1,1
6475,High,41.9,60.2,86.6,DARK,24.0,1023.0,73.0,2.0,céu claro,sem chuva,19,2,9,0,1
6476,Medium,36.2,36.4,88.7,DARK,11.0,1024.0,71.0,5.0,algumas nuvens,sem chuva,19,6,1,1,1
6477,None_Existent,35.2,6.1,86.1,DARK,16.0,1016.0,93.0,1.0,nuvens quebradas,sem chuva,5,5,7,1,0
6478,None_Existent,42.5,0.0,73.9,DARK,11.0,1022.0,93.0,0.0,nuvens quebrados,sem chuva,6,2,12,0,0
6479,Low,39.4,5.4,81.8,DARK,20.0,1014.0,68.0,0.0,céu claro,sem chuva,22,0,8,0,0
6480,None_Existent,45.4,2.0,89.2,DARK,13.0,1016.0,93.0,1.0,céu claro,sem chuva,3,2,8,0,0
6481,None_Existent,41.5,0.0,76.3,LOW_LIGHT,14.0,1013.0,66.0,1.0,céu limpo,sem chuva,6,6,4,1,0
6482,Low,38.5,11.2,88.4,LIGHT,26.0,1021.0,54.0,2.0,céu claro,sem chuva,12,1,9,0,0
6483,Low,39.0,8.1,69.8,DARK,10.0,1016.0,87.0,3.0,sem observação,sem chuva,1,6,5,1,0
6484,None_Existent,42.8,0.0,86.2,DARK,15.0,1020.0,100.0,0.0,sem observação,sem chuva,1,0,10,0,0
6485,High,33.8,47.8,75.8,LIGHT,15.0,1019.0,67.0,2.0,nuvens dispersas,sem chuva,11,4,6,0,0
6486,Low,41.3,9.9,81.9,DARK,16.0,1018.0,100.0,3.0,sem observação,sem chuva,2,5,9,1,0
6487,Medium,38.9,28.2,78.3,LIGHT,13.0,1007.0,87.0,6.0,sem observação,chuva fraca,12,2,4,0,0
6488,High,39.6,45.0,88.3,LIGHT,22.0,1011.0,60.0,5.0,algumas nuvens,sem chuva,15,3,10,0,0
6489,None_Existent,41.5,0.0,88.9,DARK,9.0,1027.0,71.0,5.0,céu claro,sem chuva,5,6,2,1,0
6490,Low,38.1,11.5,89.9,LIGHT,15.0,1021.0,47.0,2.0,céu claro,sem chuva,10,6,10,1,0
6491,Very_High,46.6,97.8,63.4,LIGHT,17.0,1019.0,55.0,5.0,sem observação,sem chuva,7,0,5,0,1
6492,None_Existent,47.2,0.0,80.7,DARK,10.0,996.0,87.0,4.0,sem observação,chuva moderada,3,4,2,0,0
6493,Very_High,39.8,69.7,79.7,LIGHT,22.0,1013.0,83.0,5.0,sem observação,sem chuva,8,4,7,0,1
6494,High,42.6,108.7,83.3,LIGHT,20.0,1020.0,83.0,2.0,nuvens quebradas,sem chuva,17,1,9,0,1
6495,None_Existent,39.1,0.0,90.6,DARK,9.0,1021.0,93.0,3.0,céu claro,sem chuva,22,0,2,0,0
6496,High,36.4,79.6,89.8,LIGHT,23.0,1021.0,83.0,4.0,sem observação,sem chuva,14,2,8,0,0
6497,Medium,34.9,51.2,80.0,LIGHT,12.0,1022.0,82.0,0.0,céu pouco nublado,sem chuva,9,3,4,0,1
6498,Low,45.1,3.4,90.9,DARK,12.0,1005.0,93.0,5.0,sem observação,chuva leve,19,6,11,1,1
6499,None_Existent,47.1,4.8,77.5,DARK,17.0,1019.0,93.0,1.0,nuvens quebradas,sem chuva,2,0,9,0,0
6500,Medium,37.4,24.4,89.8,LIGHT,20.0,1016.0,77.0,3.0,nuvens dispersas,sem chuva,15,5,9,1,0
6501,Very_High,40.1,86.8,82.6,LIGHT,13.0,1026.0,58.0,6.0,nuvens dispersas,sem chuva,9,2,2,0,1
6502,Low,41.5,9.8,86.4,LIGHT,27.0,1019.0,45.0,3.0,sem observação,sem chuva,13,5,9,1,0
6503,Very_High,41.3,65.5,79.5,LIGHT,12.0,1031.0,93.0,3.0,tempo nublado,sem chuva,10,4,12,0,0
6504,High,41.1,48.4,85.0,LIGHT,29.0,1013.0,65.0,4.0,sem observação,sem chuva,18,3,7,0,1
6505,High,38.7,86.0,90.8,LIGHT,20.0,1022.0,73.0,4.0,nuvens dispersas,sem chuva,17,6,8,1,1
6506,None_Existent,43.2,5.3,89.9,DARK,13.0,1020.0,100.0,2.0,nuvens dispersas,sem chuva,3,0,9,0,0
6507,Low,40.9,8.9,87.8,LIGHT,20.0,1019.0,64.0,2.0,céu claro,sem chuva,10,6,10,1,0
6508,Low,44.6,1.2,73.9,DARK,21.0,1016.0,93.0,1.0,sem observação,sem chuva,23,1,7,0,0
6509,Medium,36.9,13.8,75.5,DARK,9.0,1024.0,87.0,0.0,céu claro,sem chuva,20,0,11,0,0
6510,Medium,38.1,35.7,89.9,LIGHT,19.0,1016.0,72.0,3.0,céu claro,sem chuva,15,5,9,1,0
6511,Low,39.9,19.5,84.7,LIGHT,28.0,1018.0,34.0,5.0,céu claro,sem chuva,12,5,8,1,0
6512,Low,40.1,5.3,77.5,DARK,14.0,1023.0,93.0,6.0,sem observação,sem chuva,2,0,12,0,0
6513,None_Existent,39.2,0.0,88.8,DARK,11.0,1027.0,76.0,4.0,céu claro,sem chuva,23,3,2,0,0
6514,None_Existent,44.7,1.8,80.6,DARK,16.0,1022.0,37.0,4.0,céu claro,sem chuva,23,0,10,0,0
6515,Medium,46.2,13.4,81.0,DARK,18.0,1021.0,82.0,3.0,sem observação,sem chuva,20,0,8,0,0
6516,Medium,38.9,25.9,86.4,DARK,16.0,1017.0,93.0,1.0,sem observação,sem chuva,4,3,8,0,0
6517,Low,43.5,9.6,86.5,LIGHT,19.0,1018.0,68.0,3.0,céu claro,sem chuva,11,5,8,1,0
6518,None_Existent,44.0,1.2,80.9,DARK,16.0,1011.0,93.0,0.0,sem observação,sem chuva,22,0,10,0,0
6519,None_Existent,37.0,0.0,92.3,DARK,17.0,1016.0,100.0,1.0,céu pouco nublado,sem chuva,2,1,7,0,0
6520,None_Existent,44.2,1.6,81.5,LIGHT,31.0,1014.0,28.0,5.0,céu claro,sem chuva,12,5,9,1,0
6521,Medium,33.8,29.8,71.7,LIGHT,18.0,1015.0,59.0,3.0,sem observação,sem chuva,14,0,5,0,0
6522,Low,45.4,7.5,73.4,DARK,13.0,1022.0,100.0,2.0,sem observação,sem chuva,23,3,11,0,0
6523,Low,49.9,8.1,81.6,DARK,16.0,1017.0,100.0,2.0,sem observação,sem chuva,5,5,8,1,0
6524,High,37.4,55.3,76.3,LIGHT,18.0,1015.0,63.0,3.0,sem observação,sem chuva,16,0,5,0,0
6525,Medium,38.4,40.5,75.3,LIGHT,12.0,1011.0,87.0,7.0,nuvens dispersas,sem chuva,15,3,11,0,0
6526,Medium,34.4,15.8,77.7,LIGHT,22.0,1014.0,72.0,4.0,sem observação,sem chuva,12,5,6,1,0
6527,None_Existent,37.2,6.9,83.0,DARK,16.0,1019.0,100.0,1.0,sem observação,sem chuva,0,6,7,1,0
6528,Medium,47.0,4.1,76.2,DARK,6.0,1023.0,93.0,4.0,sem observação,sem chuva,7,1,11,0,1
6529,Medium,36.1,18.9,84.4,LIGHT,16.0,1018.0,72.0,4.0,nuvens dispersas,sem chuva,12,2,6,0,0
6530,Low,38.1,12.2,73.1,LIGHT,16.0,1021.0,88.0,2.0,sem observação,sem chuva,12,6,9,1,0
6531,Low,40.8,6.5,83.6,LIGHT,18.0,1018.0,55.0,0.0,céu limpo,sem chuva,8,5,4,1,1
6532,Low,42.3,7.7,83.7,LOW_LIGHT,17.0,1016.0,100.0,1.0,sem observação,sem chuva,6,1,7,0,0
6533,High,42.4,66.2,86.1,LIGHT,19.0,1012.0,72.0,5.0,nuvens dispersas,sem chuva,17,3,10,0,1
6534,Very_High,43.3,116.5,85.2,DARK,21.0,1018.0,82.0,7.0,nuvens quebrados,sem chuva,18,4,10,0,1
6535,Low,36.6,4.5,63.8,DARK,17.0,1010.0,77.0,4.0,sem observação,chuva fraca,21,4,5,0,0
6536,None_Existent,41.6,0.0,76.1,DARK,8.0,997.0,93.0,7.0,sem observação,chuva moderada,3,2,4,0,0
6537,Medium,37.9,25.3,80.2,LIGHT,16.0,1021.0,63.0,3.0,nuvens dispersas,sem chuva,13,4,6,0,0
6538,Low,41.8,10.4,88.4,LIGHT,31.0,1017.0,27.0,6.0,céu claro,sem chuva,12,6,8,1,0
6539,Medium,43.6,7.8,64.4,LIGHT,13.0,1011.0,100.0,4.0,sem observação,chuva moderada,6,1,6,0,0
6540,None_Existent,40.5,0.9,66.3,DARK,14.0,1018.0,87.0,4.0,nuvens dispersas,sem chuva,2,1,6,0,0
6541,None_Existent,39.3,5.0,90.2,DARK,13.0,1017.0,87.0,2.0,sem observação,chuva fraca,20,6,2,1,0
6542,Medium,32.6,34.9,88.8,LIGHT,30.0,1014.0,65.0,2.0,sem observação,sem chuva,12,3,7,0,0
6543,None_Existent,34.8,2.2,73.3,DARK,10.0,1025.0,81.0,3.0,nuvens dispersas,sem chuva,21,6,1,1,0
6544,Medium,35.3,22.8,80.6,LIGHT,17.0,1016.0,100.0,2.0,nuvens quebradas,sem chuva,8,6,7,1,1
6545,Medium,38.4,22.8,88.9,DARK,23.0,1012.0,54.0,0.0,céu claro,sem chuva,21,5,9,1,0
6546,None_Existent,35.2,4.6,74.1,LIGHT,17.0,1001.0,63.0,5.0,sem observação,chuva fraca,10,6,11,1,0
6547,Low,35.2,5.4,70.6,DARK,15.0,1014.0,76.0,1.0,sem observação,sem chuva,23,5,5,1,0
6548,Medium,39.8,28.2,86.8,LIGHT,21.0,1023.0,82.0,2.0,nuvens quebradas,sem chuva,13,4,9,0,0
6549,Very_High,43.4,62.8,84.7,LIGHT,25.0,1019.0,88.0,2.0,céu pouco nublado,sem chuva,16,4,8,0,0
6550,High,40.9,51.5,82.6,LIGHT,29.0,1017.0,47.0,5.0,sem observação,sem chuva,15,2,8,0,0
6551,None_Existent,41.4,0.0,85.4,DARK,11.0,997.0,87.0,4.0,sem observação,chuva moderada,1,4,2,0,0
6552,High,34.1,72.2,92.5,LIGHT,22.0,1018.0,68.0,6.0,algumas nuvens,sem chuva,15,1,7,0,0
6553,Low,41.7,4.5,62.4,DARK,20.0,1015.0,63.0,2.0,sem observação,sem chuva,22,0,5,0,0
6554,Medium,40.0,16.7,88.8,LIGHT,23.0,1009.0,31.0,2.0,céu claro,sem chuva,13,1,10,0,0
6555,High,33.5,62.1,78.5,LIGHT,19.0,1016.0,88.0,4.0,nuvens quebradas,sem chuva,11,2,6,0,0
6556,Medium,34.9,39.0,74.5,LIGHT,23.0,1015.0,77.0,5.0,céu pouco nublado,sem chuva,14,2,5,0,0
6557,High,38.8,47.3,89.6,LIGHT,21.0,1016.0,77.0,4.0,céu claro,sem chuva,17,3,7,0,1
6558,High,32.3,101.2,80.4,LIGHT,24.0,1015.0,41.0,4.0,céu limpo,sem chuva,16,5,4,1,0
6559,None_Existent,47.5,5.3,68.0,DARK,21.0,1017.0,60.0,1.0,sem observação,sem chuva,22,2,9,0,0
6560,Low,38.2,3.9,69.2,LOW_LIGHT,15.0,1015.0,77.0,2.0,sem observação,sem chuva,20,0,5,0,0
6561,None_Existent,45.2,0.0,82.7,DARK,16.0,1014.0,82.0,3.0,céu claro,sem chuva,2,4,10,0,0
6562,Medium,40.0,26.9,87.4,LIGHT,21.0,1015.0,82.0,4.0,nuvens dispersas,sem chuva,14,2,9,0,0
6563,None_Existent,46.8,0.0,86.6,DARK,15.0,1015.0,100.0,1.0,nublado,sem chuva,3,4,9,0,0
6564,Very_High,45.6,127.0,86.2,LIGHT,11.0,1017.0,51.0,4.0,céu claro,sem chuva,8,0,10,0,1
6565,Low,41.3,0.8,82.5,DARK,17.0,1015.0,93.0,1.0,sem observação,sem chuva,6,3,9,0,0
6566,Low,44.9,4.6,83.5,DARK,15.0,1019.0,93.0,1.0,céu claro,sem chuva,22,4,9,0,0
6567,Very_High,42.7,65.3,82.5,LIGHT,28.0,1019.0,60.0,4.0,sem observação,sem chuva,18,4,9,0,1
6568,Very_High,42.5,52.9,87.1,LIGHT,18.0,1015.0,93.0,1.0,tempo nublado,sem chuva,8,4,7,0,1
6569,Low,41.7,14.4,80.1,LIGHT,17.0,1011.0,82.0,5.0,nuvens quebrados,sem chuva,15,5,11,1,0
6570,Low,35.9,19.1,88.5,LIGHT,24.0,1016.0,69.0,3.0,céu pouco nublado,sem chuva,13,2,7,0,0
6571,Low,41.9,0.9,87.4,DARK,25.0,1016.0,36.0,3.0,céu claro,sem chuva,6,0,8,0,0
6572,Medium,37.4,22.2,89.8,LIGHT,22.0,1019.0,73.0,3.0,sem observação,sem chuva,12,5,9,1,0
6573,Medium,37.7,46.1,89.8,LIGHT,22.0,1012.0,61.0,3.0,algumas nuvens,sem chuva,16,0,8,0,0
6574,Low,38.3,3.5,65.6,DARK,9.0,1012.0,100.0,2.0,sem observação,sem chuva,5,3,6,0,0
6575,Medium,52.3,4.3,69.5,DARK,12.0,1030.0,87.0,4.0,nuvens quebrados,sem chuva,7,4,12,0,1
6576,High,41.7,61.7,62.0,LIGHT,14.0,1007.0,93.0,11.0,sem observação,chuva moderada,14,3,6,0,0
6577,None_Existent,42.4,0.0,81.8,DARK,17.0,1019.0,100.0,1.0,sem observação,sem chuva,1,6,9,1,0
6578,None_Existent,42.2,0.0,68.6,DARK,14.0,1019.0,82.0,5.0,céu pouco nublado,sem chuva,22,0,6,0,0
6579,None_Existent,48.1,0.7,86.5,DARK,17.0,1012.0,93.0,0.0,nuvens quebrados,sem chuva,2,1,9,0,0
6580,Very_High,44.5,113.3,65.1,LIGHT,12.0,996.0,93.0,6.0,sem observação,aguaceiros fracos,8,2,4,0,1
6581,Medium,34.4,29.5,77.8,LIGHT,29.0,1018.0,50.0,4.0,sem observação,sem chuva,16,5,6,1,0
6582,Low,32.7,12.4,88.8,LIGHT,14.0,1023.0,45.0,4.0,céu claro,sem chuva,11,5,2,1,0
6583,Low,36.7,10.2,83.3,LIGHT,19.0,1015.0,63.0,3.0,céu claro,sem chuva,12,4,11,0,0
6584,None_Existent,36.5,0.0,101.0,DARK,19.0,1013.0,88.0,3.0,sem observação,sem chuva,21,1,7,0,0
6585,None_Existent,46.6,0.0,72.6,DARK,9.0,996.0,71.0,3.0,nuvens dispersas,sem chuva,3,1,4,0,0
6586,Low,42.6,12.1,85.3,LIGHT,16.0,1021.0,100.0,1.0,sem observação,sem chuva,7,5,8,1,1
6587,Very_High,44.4,185.9,77.0,LIGHT,22.0,1012.0,94.0,8.0,sem observação,chuva fraca,17,3,8,0,1
6588,Low,41.6,1.5,88.1,DARK,5.0,1027.0,100.0,0.0,algumas nuvens,sem chuva,4,2,2,0,0
6589,Very_High,45.8,104.8,65.8,LIGHT,10.0,1022.0,100.0,3.0,sem observação,sem chuva,9,2,12,0,1
6590,None_Existent,37.5,8.0,85.6,DARK,8.0,1018.0,93.0,1.0,algumas nuvens,sem chuva,0,2,1,0,0
6591,High,44.2,22.5,87.8,LOW_LIGHT,14.0,1017.0,100.0,1.0,sem observação,sem chuva,7,4,9,0,1
6592,Medium,37.4,29.6,85.0,LIGHT,17.0,1018.0,88.0,2.0,sem observação,sem chuva,12,4,9,0,0
6593,High,36.0,52.4,75.1,LIGHT,18.0,1020.0,63.0,7.0,sem observação,sem chuva,17,5,6,1,1
6594,Medium,44.5,38.2,85.4,DARK,19.0,1016.0,56.0,3.0,céu claro,sem chuva,21,5,10,1,0
6595,Medium,46.3,10.4,80.9,DARK,20.0,1012.0,100.0,8.0,sem observação,chuva moderada,22,3,8,0,0
6596,Low,39.8,6.8,83.3,DARK,22.0,1017.0,56.0,3.0,sem observação,sem chuva,20,4,9,0,0
6597,Low,46.2,7.2,74.5,DARK,17.0,1021.0,82.0,5.0,sem observação,sem chuva,22,1,8,0,0
6598,None_Existent,44.2,0.0,81.5,DARK,16.0,1011.0,100.0,0.0,sem observação,sem chuva,23,0,10,0,0
6599,None_Existent,51.7,1.1,64.5,DARK,15.0,1010.0,93.0,3.0,nuvens quebradas,sem chuva,21,5,9,1,0
6600,Low,43.2,5.0,72.3,DARK,9.0,1023.0,93.0,4.0,nuvens quebrados,sem chuva,4,2,12,0,0
6601,Medium,41.8,18.1,65.8,DARK,13.0,1020.0,93.0,1.0,sem observação,chuva forte,1,5,6,1,0
6602,None_Existent,37.1,0.0,93.9,DARK,7.0,1029.0,61.0,5.0,céu claro,sem chuva,1,2,2,0,0
6603,Low,46.8,1.2,72.6,DARK,14.0,1013.0,76.0,1.0,céu limpo,sem chuva,5,6,4,1,0
6604,None_Existent,38.0,1.4,73.8,LIGHT,13.0,1013.0,82.0,2.0,sem observação,sem chuva,8,5,5,1,1
6605,Low,40.7,11.1,80.8,DARK,19.0,1020.0,82.0,6.0,céu pouco nublado,sem chuva,19,0,9,0,1
6606,Medium,47.8,24.5,86.1,LIGHT,12.0,1010.0,71.0,6.0,sem observação,chuva fraca,11,3,4,0,0
6607,Low,35.0,12.0,96.0,LIGHT,15.0,1027.0,82.0,3.0,céu limpo,sem chuva,13,4,3,0,0
6608,Medium,35.8,26.0,89.0,LIGHT,25.0,1015.0,77.0,4.0,sem observação,sem chuva,13,4,7,0,0
6609,None_Existent,43.9,2.1,82.5,DARK,14.0,1018.0,100.0,0.0,sem observação,sem chuva,6,3,8,0,0
6610,Medium,38.1,23.1,68.2,LIGHT,16.0,1014.0,93.0,2.0,sem observação,chuva fraca,8,0,6,0,1
6611,None_Existent,40.9,4.3,90.3,DARK,18.0,1014.0,72.0,0.0,céu claro,sem chuva,2,1,8,0,0
6612,None_Existent,45.8,9.8,87.0,DARK,14.0,1016.0,93.0,0.0,céu claro,sem chuva,4,4,8,0,0
6613,Very_High,44.4,63.1,64.6,LIGHT,14.0,1011.0,100.0,4.0,sem observação,chuva fraca,7,1,6,0,1
6614,High,38.9,67.8,83.5,LIGHT,20.0,1016.0,93.0,0.0,sem observação,sem chuva,18,0,9,0,1
6615,Medium,36.8,23.2,91.5,LIGHT,23.0,1019.0,69.0,4.0,nuvens dispersas,sem chuva,12,0,7,0,0
6616,None_Existent,38.4,2.6,83.2,LIGHT,11.0,1019.0,100.0,1.0,céu claro,sem chuva,8,3,8,0,1
6617,None_Existent,42.3,0.0,74.8,DARK,13.0,1013.0,72.0,5.0,céu claro,sem chuva,6,3,11,0,0
6618,Low,35.7,11.5,89.1,DARK,17.0,1019.0,77.0,1.0,sem observação,chuva fraca,20,6,4,1,0
6619,Low,40.6,22.9,91.9,LOW_LIGHT,29.0,1013.0,48.0,2.0,céu claro,sem chuva,19,3,8,0,1
6620,Medium,44.6,18.5,75.3,DARK,17.0,1017.0,100.0,0.0,sem observação,sem chuva,21,2,8,0,0
6621,None_Existent,40.0,2.6,77.3,DARK,9.0,1029.0,87.0,2.0,sem observação,chuva fraca,1,5,4,1,0
6622,Medium,43.8,13.3,71.4,DARK,6.0,1024.0,93.0,1.0,sem observação,sem chuva,3,1,1,0,0
6623,None_Existent,45.8,0.0,84.7,DARK,17.0,1012.0,93.0,0.0,nuvens dispersas,sem chuva,3,1,9,0,0
6624,Low,37.9,13.6,89.6,LIGHT,21.0,1019.0,60.0,3.0,algumas nuvens,sem chuva,12,6,7,1,0
6625,High,33.0,95.0,90.6,LIGHT,23.0,1018.0,83.0,2.0,céu pouco nublado,sem chuva,15,0,9,0,0
6626,Low,35.7,5.5,85.2,LIGHT,16.0,1016.0,93.0,1.0,nublado,sem chuva,6,5,7,1,0
6627,Medium,35.8,47.4,89.4,DARK,13.0,1021.0,93.0,0.0,nuvens quebrados,sem chuva,19,5,11,1,1
6628,Medium,38.1,44.8,95.1,DARK,10.0,1029.0,61.0,3.0,céu claro,sem chuva,18,6,2,1,1
6629,None_Existent,41.5,0.0,85.3,DARK,11.0,995.0,62.0,7.0,nuvens quebrados,sem chuva,4,4,2,0,0
6630,None_Existent,44.0,2.3,71.0,DARK,13.0,1014.0,72.0,5.0,céu claro,sem chuva,1,3,11,0,0
6631,Medium,34.6,13.6,79.3,LIGHT,17.0,1015.0,67.0,3.0,sem observação,sem chuva,13,0,5,0,0
6632,None_Existent,45.5,2.0,64.2,DARK,17.0,1021.0,40.0,4.0,sem observação,sem chuva,4,3,5,0,0
6633,Medium,35.9,45.2,89.9,LIGHT,22.0,1017.0,100.0,2.0,nuvens quebradas,sem chuva,14,2,9,0,0
6634,High,42.0,57.7,87.4,LIGHT,21.0,1017.0,77.0,4.0,céu claro,sem chuva,14,3,8,0,0
6635,Low,47.8,12.6,87.6,DARK,15.0,1021.0,93.0,2.0,sem observação,sem chuva,1,1,8,0,0
6636,Medium,40.8,28.7,84.9,LIGHT,25.0,1023.0,34.0,4.0,céu claro,sem chuva,15,1,10,0,0
6637,Low,46.7,3.3,62.3,DARK,11.0,1016.0,76.0,2.0,nuvens dispersas,sem chuva,2,3,6,0,0
6638,Medium,41.6,25.1,93.7,LIGHT,21.0,1014.0,82.0,5.0,céu pouco nublado,sem chuva,18,6,7,1,1
6639,Medium,42.0,15.5,89.3,LIGHT,22.0,1018.0,93.0,1.0,nuvens quebradas,sem chuva,13,5,8,1,0
6640,Low,45.1,8.3,84.7,LOW_LIGHT,17.0,1017.0,100.0,0.0,sem observação,sem chuva,6,0,7,0,0
6641,Low,39.5,6.1,70.8,DARK,9.0,1019.0,100.0,0.0,sem observação,sem chuva,21,2,1,0,0
6642,Low,33.8,11.7,65.6,LIGHT,19.0,1018.0,77.0,3.0,sem observação,sem chuva,19,2,5,0,1
6643,Medium,36.1,54.9,87.2,LIGHT,19.0,1016.0,93.0,1.0,sem observação,sem chuva,18,1,9,0,1
6644,Low,44.0,12.3,85.5,LIGHT,31.0,1017.0,24.0,3.0,céu claro,sem chuva,14,6,8,1,0
6645,None_Existent,38.0,4.4,62.9,DARK,21.0,1015.0,56.0,2.0,sem observação,sem chuva,21,0,5,0,0
6646,Medium,40.4,28.3,83.2,LIGHT,12.0,1012.0,58.0,2.0,algumas nuvens,sem chuva,11,0,10,0,0
6647,Medium,38.6,27.6,75.1,LIGHT,13.0,1012.0,72.0,7.0,nuvens quebradas,sem chuva,14,3,4,0,0
6648,None_Existent,43.3,0.0,70.5,LIGHT,9.0,1016.0,87.0,1.0,sem observação,chuva fraca,6,5,5,1,0
6649,None_Existent,45.3,4.6,76.0,DARK,4.0,1023.0,93.0,1.0,céu claro,sem chuva,1,4,1,0,0
6650,Medium,38.3,34.9,79.1,LIGHT,17.0,1018.0,82.0,3.0,sem observação,sem chuva,9,0,8,0,1
6651,None_Existent,43.1,0.0,78.5,DARK,14.0,1020.0,93.0,2.0,sem observação,sem chuva,23,5,9,1,0
6652,Very_High,46.9,125.3,62.7,LIGHT,22.0,1019.0,31.0,5.0,sem observação,sem chuva,8,4,5,0,1
6653,Low,40.6,6.3,70.8,DARK,9.0,1013.0,93.0,2.0,nuvens quebrados,sem chuva,4,4,11,0,0
6654,Low,40.0,14.6,89.7,LOW_LIGHT,18.0,1020.0,68.0,7.0,céu claro,sem chuva,19,2,8,0,1
6655,None_Existent,40.2,3.3,94.4,LIGHT,17.0,1013.0,100.0,6.0,sem observação,sem chuva,7,1,8,0,1
6656,None_Existent,35.0,1.3,76.1,DARK,11.0,1020.0,100.0,2.0,sem observação,sem chuva,2,4,11,0,0
6657,Very_High,44.0,90.6,85.5,LIGHT,23.0,1017.0,43.0,2.0,céu claro,sem chuva,17,3,10,0,1
6658,Low,47.0,1.6,83.1,DARK,4.0,1021.0,87.0,3.0,céu claro,sem chuva,3,2,2,0,0
6659,None_Existent,46.2,1.2,85.7,DARK,14.0,1020.0,100.0,0.0,sem observação,sem chuva,4,2,9,0,0
6660,High,44.5,20.4,86.5,LIGHT,25.0,1016.0,73.0,3.0,céu claro,sem chuva,18,4,8,0,1
6661,None_Existent,47.9,0.0,71.1,DARK,10.0,1006.0,93.0,3.0,sem observação,trovoada com chuva leve,6,2,11,0,0
6662,Medium,49.2,14.5,71.3,LIGHT,17.0,1013.0,88.0,2.0,sem observação,sem chuva,7,0,8,0,1
6663,High,41.8,63.4,86.0,LIGHT,29.0,1015.0,45.0,3.0,sem observação,sem chuva,17,0,9,0,1
6664,None_Existent,45.9,0.6,86.5,LIGHT,12.0,1016.0,100.0,0.0,céu claro,sem chuva,6,2,8,0,0
6665,None_Existent,37.5,1.1,67.3,DARK,8.0,1025.0,93.0,3.0,nuvens dispersas,sem chuva,1,5,12,1,0
6666,High,43.4,37.4,82.8,LIGHT,31.0,1019.0,37.0,4.0,sem observação,sem chuva,17,1,9,0,1
6667,High,39.8,40.4,66.9,LIGHT,9.0,1020.0,93.0,2.0,céu limpo,sem chuva,7,4,4,0,1
6668,Very_High,47.5,64.2,62.5,LIGHT,15.0,1015.0,93.0,2.0,sem observação,sem chuva,7,1,6,0,1
6669,High,36.6,41.7,89.8,LIGHT,26.0,1016.0,88.0,3.0,céu pouco nublado,sem chuva,17,5,8,1,1
6670,None_Existent,40.8,1.3,66.7,LOW_LIGHT,15.0,1013.0,72.0,5.0,céu pouco nublado,sem chuva,20,3,6,0,0
6671,Medium,43.6,21.6,84.9,LIGHT,23.0,1014.0,73.0,1.0,céu pouco nublado,sem chuva,13,6,8,1,0
6672,High,37.0,68.6,91.2,LIGHT,21.0,1016.0,73.0,4.0,algumas nuvens,sem chuva,13,2,8,0,0
6673,None_Existent,46.1,0.0,89.3,LOW_LIGHT,8.0,1020.0,87.0,2.0,céu claro,sem chuva,7,6,10,1,1
6674,Low,35.7,10.2,60.5,DARK,11.0,1016.0,87.0,3.0,sem observação,sem chuva,0,6,5,1,0
6675,None_Existent,37.9,4.5,94.0,DARK,17.0,1017.0,100.0,5.0,sem observação,sem chuva,23,3,7,0,0
6676,Very_High,42.6,74.3,75.9,LIGHT,11.0,1001.0,81.0,5.0,nuvens quebradas,sem chuva,18,2,4,0,1
6677,Low,38.0,14.2,76.6,LIGHT,18.0,1012.0,37.0,1.0,céu limpo,sem chuva,11,6,3,1,0
6678,High,44.3,29.0,74.5,LIGHT,17.0,1014.0,100.0,11.0,sem observação,sem chuva,7,2,7,0,1
6679,None_Existent,37.5,1.3,64.8,DARK,13.0,1012.0,77.0,3.0,sem observação,sem chuva,3,1,6,0,0
6680,High,46.1,61.0,78.8,DARK,12.0,1014.0,81.0,4.0,sem observação,chuva moderada,19,3,11,0,1
6681,Medium,38.0,26.0,88.3,LIGHT,14.0,1024.0,87.0,2.0,nuvens quebrados,sem chuva,11,5,11,1,0
6682,None_Existent,47.7,0.0,72.4,DARK,12.0,1030.0,87.0,1.0,nuvens quebrados,sem chuva,6,4,12,0,0
6683,High,44.8,21.4,82.8,LIGHT,16.0,1012.0,100.0,0.0,sem observação,sem chuva,8,1,9,0,1
6684,None_Existent,39.6,0.0,87.2,DARK,18.0,1014.0,100.0,1.0,nuvens quebradas,sem chuva,0,0,7,0,0
6685,Medium,41.7,7.5,90.5,DARK,11.0,1029.0,71.0,3.0,céu claro,sem chuva,5,5,2,1,0
6686,Low,34.6,13.6,85.0,LIGHT,14.0,1004.0,82.0,2.0,nuvens quebradas,sem chuva,8,0,4,0,1
6687,Low,38.3,3.0,63.3,DARK,19.0,1015.0,55.0,2.0,sem observação,sem chuva,22,1,5,0,0
6688,Medium,37.9,24.2,86.3,LIGHT,23.0,1022.0,73.0,4.0,céu claro,sem chuva,13,4,9,0,0
6689,None_Existent,37.2,2.3,86.7,LIGHT,1.0,1030.0,100.0,1.0,céu claro,sem chuva,10,6,2,1,0
6690,None_Existent,42.1,0.0,83.9,DARK,17.0,1019.0,77.0,0.0,céu claro,sem chuva,23,0,9,0,0
6691,None_Existent,41.3,0.0,86.4,DARK,18.0,1017.0,37.0,3.0,céu claro,sem chuva,2,6,8,1,0
6692,None_Existent,44.5,4.5,80.9,DARK,17.0,1015.0,82.0,0.0,céu claro,sem chuva,23,4,8,0,0
6693,Medium,41.7,39.2,76.4,LIGHT,23.0,1015.0,29.0,4.0,céu claro,sem chuva,14,0,10,0,0
6694,High,39.0,27.1,73.5,LIGHT,25.0,1017.0,53.0,3.0,sem observação,sem chuva,18,5,6,1,1
6695,Low,41.7,2.6,72.3,DARK,8.0,1021.0,100.0,0.0,céu pouco nublado,sem chuva,5,3,4,0,0
6696,Very_High,47.2,123.8,63.4,LIGHT,17.0,1015.0,100.0,0.0,sem observação,sem chuva,8,1,7,0,1
6697,None_Existent,45.9,1.9,73.5,DARK,13.0,1014.0,93.0,0.0,sem observação,sem chuva,21,4,10,0,0
6698,Low,47.5,14.6,82.9,DARK,15.0,1016.0,100.0,5.0,sem observação,sem chuva,2,6,8,1,0
6699,Low,41.3,9.1,81.9,DARK,16.0,1014.0,82.0,2.0,céu claro,sem chuva,21,6,8,1,0
6700,Low,44.2,4.9,82.1,DARK,20.0,1019.0,94.0,1.0,nuvens quebrados,sem chuva,23,0,7,0,0
6701,Medium,38.1,51.9,89.4,LIGHT,19.0,1018.0,82.0,2.0,céu claro,sem chuva,18,6,9,1,1
6702,High,34.6,44.7,72.7,LIGHT,29.0,1020.0,32.0,5.0,sem observação,sem chuva,12,4,5,0,0
6703,None_Existent,45.3,1.5,85.1,DARK,15.0,1020.0,100.0,1.0,sem observação,sem chuva,1,3,9,0,0
6704,Medium,40.0,26.7,88.8,LIGHT,28.0,1020.0,39.0,2.0,céu claro,sem chuva,15,1,9,0,0
6705,None_Existent,40.7,0.0,82.1,DARK,13.0,1026.0,100.0,3.0,nuvens quebrados,sem chuva,22,4,11,0,0
6706,Medium,37.3,32.4,92.7,LIGHT,34.0,1016.0,23.0,2.0,céu claro,sem chuva,14,0,8,0,0
6707,None_Existent,36.6,0.0,66.3,DARK,10.0,1019.0,87.0,0.0,céu limpo,sem chuva,1,5,3,1,0
6708,None_Existent,37.1,4.1,90.7,LIGHT,16.0,1015.0,83.0,1.0,céu claro,sem chuva,9,2,8,0,1
6709,None_Existent,45.3,0.0,76.6,LIGHT,28.0,1016.0,55.0,2.0,céu claro,sem chuva,9,6,8,1,1
6710,None_Existent,38.3,5.5,81.6,DARK,11.0,1021.0,87.0,5.0,nuvens quebrados,sem chuva,23,5,1,1,0
6711,Low,40.9,13.6,90.4,LIGHT,18.0,1022.0,88.0,2.0,nuvens dispersas,sem chuva,12,3,9,0,0
6712,Low,42.8,24.1,81.6,LIGHT,22.0,1017.0,40.0,6.0,céu claro,sem chuva,11,0,10,0,0
6713,Medium,40.3,81.5,81.2,LIGHT,17.0,1018.0,93.0,1.0,nuvens quebradas,sem chuva,11,3,9,0,0
6714,Low,44.6,2.0,83.2,DARK,15.0,1022.0,100.0,2.0,tempo nublado,sem chuva,5,4,11,0,0
6715,Medium,31.5,23.9,98.3,LIGHT,14.0,1022.0,62.0,3.0,sem observação,chuva fraca,12,0,3,0,0
6716,High,36.8,126.9,73.8,LIGHT,17.0,1020.0,63.0,5.0,sem observação,sem chuva,10,4,5,0,0
6717,None_Existent,42.9,0.0,71.8,DARK,18.0,1017.0,93.0,2.0,céu pouco nublado,sem chuva,22,2,6,0,0
6718,Low,40.4,4.5,85.5,DARK,16.0,1020.0,100.0,2.0,sem observação,sem chuva,22,1,9,0,0
6719,Low,46.8,10.5,85.2,DARK,13.0,1022.0,100.0,7.0,sem observação,sem chuva,3,0,8,0,0
6720,None_Existent,43.0,0.0,82.2,DARK,22.0,1023.0,78.0,3.0,céu claro,sem chuva,20,2,9,0,0
6721,Low,42.8,5.9,86.0,DARK,22.0,1017.0,68.0,2.0,sem observação,sem chuva,2,1,9,0,0
6722,Low,39.4,11.5,82.4,DARK,17.0,1023.0,88.0,2.0,céu claro,sem chuva,21,5,9,1,0
6723,None_Existent,35.9,5.0,70.3,LIGHT,14.0,1021.0,76.0,3.0,sem observação,sem chuva,7,5,5,1,1
6724,None_Existent,41.9,0.0,75.1,DARK,9.0,1023.0,54.0,6.0,céu claro,sem chuva,0,1,12,0,0
6725,None_Existent,39.6,0.0,65.5,DARK,15.0,1021.0,87.0,5.0,céu pouco nublado,sem chuva,21,3,5,0,0
6726,None_Existent,44.8,1.4,80.9,DARK,12.0,1011.0,87.0,1.0,sem observação,chuva moderada,21,0,11,0,0
6727,High,39.8,91.7,71.2,LIGHT,15.0,1017.0,67.0,7.0,céu pouco nublado,sem chuva,15,4,5,0,0
6728,None_Existent,41.4,10.1,87.4,DARK,19.0,1019.0,68.0,1.0,céu claro,sem chuva,21,1,9,0,0
6729,High,37.3,47.9,82.4,LIGHT,16.0,1022.0,63.0,3.0,céu pouco nublado,sem chuva,11,5,6,1,0
6730,Medium,40.7,35.6,85.2,DARK,15.0,1023.0,77.0,1.0,céu claro,sem chuva,17,1,11,0,1
6731,None_Existent,44.6,10.7,85.9,DARK,18.0,1016.0,100.0,1.0,sem observação,sem chuva,1,3,7,0,0
6732,Very_High,44.9,148.6,78.3,LIGHT,12.0,1011.0,93.0,7.0,sem observação,chuva fraca,9,1,11,0,1
6733,None_Existent,41.6,0.0,74.3,DARK,12.0,1014.0,100.0,1.0,sem observação,sem chuva,3,2,5,0,0
6734,None_Existent,34.4,3.1,68.6,LOW_LIGHT,16.0,1019.0,82.0,3.0,sem observação,sem chuva,20,2,5,0,0
6735,None_Existent,37.8,0.0,80.1,DARK,17.0,1017.0,77.0,2.0,céu claro,sem chuva,20,3,8,0,0
6736,None_Existent,43.1,4.0,82.1,DARK,17.0,1018.0,93.0,1.0,céu claro,sem chuva,21,3,9,0,0
6737,None_Existent,47.4,1.1,84.1,DARK,15.0,1010.0,100.0,4.0,sem observação,chuva moderada,6,5,11,1,0
6738,High,34.2,175.4,74.8,LIGHT,19.0,1016.0,88.0,5.0,céu pouco nublado,sem chuva,16,3,6,0,0
6739,None_Existent,41.0,0.0,90.9,DARK,11.0,1025.0,87.0,2.0,nuvens quebradas,sem chuva,1,6,3,1,0
6740,None_Existent,45.1,0.0,84.5,DARK,16.0,1012.0,100.0,1.0,sem observação,sem chuva,4,1,10,0,0
6741,Medium,35.5,38.4,80.7,LIGHT,23.0,1020.0,60.0,4.0,sem observação,sem chuva,13,6,5,1,0
6742,Medium,43.1,24.6,77.7,DARK,13.0,1008.0,100.0,3.0,sem observação,chuva leve,18,5,1,1,1
6743,Low,46.2,1.4,82.0,DARK,9.0,1029.0,71.0,4.0,céu claro,sem chuva,1,0,2,0,0
6744,High,41.0,85.9,83.3,LIGHT,20.0,1020.0,88.0,3.0,nuvens quebradas,sem chuva,16,1,9,0,0
6745,Low,37.5,12.2,88.3,LIGHT,17.0,1019.0,93.0,1.0,sem observação,sem chuva,9,5,9,1,1
6746,Low,44.7,10.7,69.4,DARK,3.0,1022.0,100.0,1.0,céu claro,sem chuva,3,4,1,0,0
6747,None_Existent,45.2,0.0,75.5,DARK,10.0,1011.0,81.0,7.0,sem observação,sem chuva,22,2,11,0,0
6748,Low,38.6,4.8,73.2,LIGHT,16.0,1012.0,100.0,3.0,sem observação,chuva fraca,10,6,6,1,0
6749,None_Existent,39.1,0.7,71.3,DARK,7.0,1024.0,93.0,3.0,nuvens dispersas,sem chuva,6,5,12,1,0
6750,Very_High,42.4,70.5,88.3,LIGHT,13.0,1021.0,93.0,0.0,céu claro,sem chuva,9,2,9,0,1
6751,Medium,44.2,37.6,78.6,LIGHT,25.0,1018.0,77.0,4.0,céu pouco nublado,sem chuva,14,5,8,1,0
6752,Low,36.9,6.0,66.3,LIGHT,14.0,1008.0,77.0,4.0,nuvens quebradas,sem chuva,19,3,6,0,1
6753,None_Existent,43.4,0.0,83.7,DARK,17.0,1014.0,100.0,1.0,sem observação,sem chuva,4,2,8,0,0
6754,Medium,44.2,37.6,88.1,LIGHT,19.0,1017.0,77.0,2.0,sem observação,sem chuva,11,6,9,1,0
6755,Low,37.9,6.7,66.2,DARK,18.0,1018.0,82.0,2.0,sem observação,sem chuva,2,5,6,1,0
6756,None_Existent,36.6,3.5,78.9,DARK,16.0,1014.0,93.0,6.0,nuvens quebradas,sem chuva,20,1,5,0,0
6757,None_Existent,35.2,6.9,88.1,LIGHT,31.0,1017.0,49.0,3.0,céu claro,sem chuva,14,5,8,1,0
6758,Medium,34.4,27.7,80.2,DARK,17.0,1017.0,72.0,6.0,sem observação,sem chuva,21,4,5,0,0
6759,Medium,41.0,19.6,89.7,DARK,18.0,1020.0,88.0,5.0,sem observação,sem chuva,20,3,8,0,0
6760,Low,50.2,9.8,76.4,DARK,14.0,1017.0,93.0,7.0,sem observação,sem chuva,5,0,8,0,0
6761,None_Existent,42.3,1.7,75.8,DARK,19.0,1021.0,45.0,0.0,céu claro,sem chuva,20,2,10,0,0
6762,Low,40.9,9.5,87.8,DARK,16.0,1015.0,87.0,1.0,céu claro,sem chuva,23,5,8,1,0
6763,Very_High,46.1,131.0,68.5,LIGHT,23.0,1022.0,46.0,4.0,sem observação,sem chuva,8,3,5,0,1
6764,High,39.2,93.7,87.6,LIGHT,20.0,1017.0,72.0,7.0,sem observação,sem chuva,18,0,8,0,1
6765,None_Existent,39.0,0.0,92.4,DARK,13.0,1019.0,93.0,8.0,nuvens quebrados,sem chuva,4,6,2,1,0
6766,None_Existent,39.8,2.9,78.6,DARK,8.0,1029.0,93.0,1.0,sem observação,sem chuva,3,5,4,1,0
6767,None_Existent,43.9,0.0,68.7,DARK,13.0,1009.0,93.0,3.0,tempo nublado,sem chuva,21,5,1,1,0
6768,Low,36.1,14.2,85.3,DARK,18.0,1015.0,100.0,2.0,sem observação,sem chuva,19,1,9,0,1
6769,Medium,39.2,25.6,81.1,LIGHT,20.0,1023.0,69.0,1.0,céu claro,sem chuva,11,0,9,0,0
6770,None_Existent,39.2,3.5,86.7,LIGHT,12.0,1016.0,93.0,0.0,sem observação,sem chuva,7,4,8,0,1
6771,High,37.7,41.2,94.3,LIGHT,19.0,1030.0,48.0,3.0,céu claro,sem chuva,13,5,2,1,0
6772,Medium,38.2,22.8,88.4,LOW_LIGHT,20.0,1017.0,82.0,2.0,céu claro,sem chuva,19,3,9,0,1
6773,Medium,40.4,14.3,84.8,LIGHT,21.0,1018.0,88.0,4.0,nuvens quebradas,sem chuva,13,0,6,0,0
6774,None_Existent,38.4,0.9,84.5,DARK,16.0,1019.0,100.0,1.0,sem observação,sem chuva,23,3,8,0,0
6775,None_Existent,45.1,3.3,86.6,DARK,14.0,1020.0,100.0,2.0,sem observação,sem chuva,3,3,9,0,0
6776,None_Existent,40.6,5.7,86.4,LIGHT,7.0,1018.0,70.0,2.0,céu limpo,sem chuva,7,5,3,1,1
6777,Medium,31.7,27.6,94.9,LIGHT,8.0,1031.0,66.0,2.0,céu claro,sem chuva,11,0,2,0,0
6778,None_Existent,31.7,0.0,57.6,DARK,15.0,1013.0,93.0,7.0,sem observação,chuva fraca,22,1,5,0,0
6779,High,44.0,34.1,80.4,LOW_LIGHT,20.0,1017.0,88.0,6.0,céu pouco nublado,sem chuva,19,2,8,0,1
6780,Low,38.7,11.4,79.9,DARK,14.0,1015.0,100.0,3.0,sem observação,chuva fraca,4,1,6,0,0
6781,Low,37.6,11.9,83.2,LIGHT,24.0,1018.0,78.0,4.0,céu pouco nublado,sem chuva,12,5,7,1,0
6782,High,37.8,66.7,70.4,LIGHT,28.0,1020.0,23.0,6.0,sem observação,sem chuva,15,6,5,1,0
6783,Low,43.7,16.7,81.5,DARK,18.0,1021.0,100.0,6.0,sem observação,sem chuva,23,2,8,0,0
6784,High,40.7,106.0,81.6,LIGHT,21.0,1021.0,77.0,2.0,céu pouco nublado,sem chuva,16,4,9,0,0
6785,High,47.2,35.0,76.0,DARK,19.0,1016.0,88.0,2.0,céu pouco nublado,sem chuva,21,0,7,0,0
6786,None_Existent,47.5,0.0,86.4,DARK,14.0,1017.0,87.0,2.0,céu claro,sem chuva,6,4,8,0,0
6787,None_Existent,42.4,0.0,74.0,DARK,13.0,1022.0,100.0,0.0,sem observação,sem chuva,0,1,12,0,0
6788,None_Existent,43.9,6.1,82.1,DARK,20.0,1019.0,93.0,1.0,sem observação,sem chuva,1,6,9,1,0
6789,High,34.6,57.8,84.1,LIGHT,19.0,1027.0,72.0,6.0,céu pouco nublado,sem chuva,15,5,4,1,0
6790,Medium,37.7,46.8,91.3,LIGHT,22.0,1013.0,73.0,3.0,algumas nuvens,sem chuva,15,1,9,0,0
6791,None_Existent,41.8,1.3,81.1,DARK,19.0,1012.0,88.0,0.0,céu claro,sem chuva,21,0,9,0,0
6792,None_Existent,44.7,3.7,80.6,DARK,13.0,1017.0,93.0,0.0,tempo nublado,sem chuva,22,3,10,0,0
6793,None_Existent,42.0,0.0,75.0,DARK,8.0,1025.0,87.0,1.0,nuvens quebrados,sem chuva,0,0,1,0,0
6794,Low,34.3,4.8,59.3,DARK,15.0,1014.0,100.0,3.0,sem observação,sem chuva,5,2,6,0,0
6795,Very_High,48.1,87.9,76.2,LIGHT,11.0,1025.0,66.0,6.0,céu claro,sem chuva,8,3,2,0,1
6796,None_Existent,32.5,0.0,63.1,DARK,16.0,1014.0,93.0,6.0,nuvens quebradas,sem chuva,21,1,5,0,0
6797,None_Existent,44.9,2.3,84.7,DARK,16.0,1019.0,100.0,1.0,sem observação,sem chuva,1,3,8,0,0
6798,Very_High,40.5,74.2,78.0,DARK,8.0,1018.0,93.0,3.0,nuvens dispersas,sem chuva,18,4,1,0,1
6799,None_Existent,34.2,3.5,81.6,DARK,19.0,1017.0,88.0,2.0,sem observação,sem chuva,23,3,7,0,0
6800,High,41.0,51.5,80.5,LIGHT,10.0,1008.0,81.0,3.0,sem observação,chuva moderada,10,2,11,0,0
6801,Very_High,42.7,155.9,86.4,LIGHT,16.0,1016.0,100.0,1.0,sem observação,sem chuva,9,1,9,0,1
6802,None_Existent,42.2,3.3,88.0,DARK,14.0,1019.0,100.0,10.0,sem observação,chuva fraca,21,6,3,1,0
6803,High,41.1,44.7,73.8,LIGHT,14.0,1024.0,100.0,6.0,sem observação,sem chuva,10,0,12,0,0
6804,Low,35.4,8.6,94.2,DARK,11.0,1020.0,81.0,1.0,nuvens dispersas,sem chuva,20,0,3,0,0
6805,Low,43.3,14.2,80.9,DARK,18.0,1020.0,100.0,2.0,nuvens quebradas,sem chuva,23,4,8,0,0
6806,Low,34.4,7.3,63.9,DARK,15.0,1021.0,100.0,1.0,nublado,sem chuva,22,4,5,0,0
6807,High,37.1,42.3,90.1,LIGHT,23.0,1019.0,44.0,3.0,céu claro,sem chuva,16,0,10,0,0
6808,Low,41.2,3.7,86.9,LIGHT,9.0,1030.0,71.0,4.0,céu claro,sem chuva,9,5,2,1,1
6809,Medium,38.9,51.9,76.9,LIGHT,17.0,1020.0,63.0,6.0,sem observação,sem chuva,18,5,6,1,1
6810,None_Existent,39.6,0.0,89.1,DARK,15.0,1020.0,39.0,4.0,céu claro,sem chuva,4,1,10,0,0
6811,None_Existent,41.6,0.0,85.5,DARK,8.0,1018.0,81.0,1.0,algumas nuvens,sem chuva,1,2,1,0,0
6812,Medium,41.7,32.9,78.1,DARK,15.0,1021.0,72.0,4.0,sem observação,sem chuva,21,5,6,1,0
